$MeshFormat
2.2 0 8
$EndMeshFormat
$Comments
-------------------------------------------------------
NumNodes
Id x y z
-------------------------------------------------------
$EndComments
$Nodes
7905
   1 0 0 0
   2 0 0.1238504 0
   3 0 0.3150108 0
   4 0 0.3404108 0
   5 0.015 0.3404108 0
   6 0.015 0.3150108 0
   7 0.0229375 0.3150108 0
   8 0.0242569961853029 0.1238504 0
   9 0.0280669961853027 0.1238504 0
  10 0.0280669961853027 0 0
  11 0.022 0 0
  12 0.075 0.3404108 0
  13 0.075 0.45 0
  14 0.075 0.5 0
  15 0 0.5 0
  16 0 0.45 0
  17 0 0.001 0
  18 0 0.002055129071080431 0
  19 0 0.003167285545458475 0
  20 0 0.004338285458490286 0
  21 0 0.005569840073397286 0
  22 0 0.006863531784011029 0
  23 0 0.008220788554869938 0
  24 0 0.009642857117149179 0
  25 0 0.01113077520273168 0
  26 0 0.01268534316583214 0
  27 0 0.01430709541010563 0
  28 0 0.01599627210676008 0
  29 0 0.01775279175304816 0
  30 0 0.01957622517742811 0
  31 0 0.02146577164414332 0
  32 0 0.02342023774229616 0
  33 0 0.02543801975902457 0
  34 0 0.02751709022972173 0
  35 0 0.02965498932746333 0
  36 0 0.03184882169680008 0
  37 0 0.03409525925274848 0
  38 0 0.03639055035437553 0
  39 0 0.03873053562548519 0
  40 0 0.04111067053580652 0
  41 0 0.04352605467954471 0
  42 0 0.04597146750041547 0
  43 0 0.04844141002074941 0
  44 0 0.05093015194516255 0
  45 0 0.05343178333522054 0
  46 0 0.05594026989888121 0
  47 0 0.05844951081493582 0
  48 0 0.06095339792457011 0
  49 0 0.0634458750741697 0
  50 0 0.06592099638816408 0
  51 0 0.06837298228832508 0
  52 0 0.07079627215449559 0
  53 0 0.07318557263707164 0
  54 0 0.0755359007776997 0
  55 0 0.07784262126419489 0
  56 0 0.08010147733036309 0
  57 0 0.08230861500263434 0
  58 0 0.08446060058481974 0
  59 0 0.08655443145223543 0
  60 0 0.08858754039035051 0
  61 0 0.09055779385584611 0
  62 0 0.09246348465590565 0
  63 0 0.09430331963264101 0
  64 0 0.09607640300325367 0
  65 0 0.09778221604361491 0
  66 0 0.09942059381532128 0
  67 0 0.1009916996266781 0
  68 0 0.1024959978897929 0
  69 0 0.103934225992644 0
  70 0 0.105307365750319 0
  71 0 0.1066166149371619 0
  72 0 0.1078633593346243 0
  73 0 0.1090491456610896 0
  74 0 0.1101756556822941 0
  75 0 0.1112446817361863 0
  76 0 0.112258103845657 0
  77 0 0.1132178685376069 0
  78 0 0.1141259694379521 0
  79 0 0.1149844296697366 0
  80 0 0.1157952860455391 0
  81 0 0.1165605750156594 0
  82 0 0.1172823203097624 0
  83 0 0.1179625221912884 0
  84 0 0.1186031482304358 0
  85 0 0.1192061254923049 0
  86 0 0.1197733340312603 0
  87 0 0.1203066015801458 0
  88 0 0.1208076993231132 0
  89 0 0.1212783386430109 0
  90 0 0.1217201687380609 0
  91 0 0.12213477500753 0
  92 0 0.1225236781119362 0
  93 0 0.1228883336197198 0
  94 0 0.123230132159018 0
  95 0 0.1235504 0
  96 0 0.1241504 0
  97 0 0.1244697116531163 0
  98 0 0.1248095098982743 0
  99 0 0.1251710319178145 0
 100 0 0.1255555791660358 0
 101 0 0.1259645192754675 0
 102 0 0.1263992878052168 0
 103 0 0.1268613897911694 0
 104 0 0.1273524010529217 0
 105 0 0.1278739692071309 0
 106 0 0.1284278143315138 0
 107 0 0.1290157292180458 0
 108 0 0.1296395791480965 0
 109 0 0.1303013011163567 0
 110 0 0.1310029024245899 0
 111 0 0.1317464585606168 0
 112 0 0.1325341102726834 0
 113 0 0.1333680597446853 0
 114 0 0.1342505657738536 0
 115 0 0.1351839378497481 0
 116 0 0.1361705290320459 0
 117 0 0.1372127275250443 0
 118 0 0.1383129468493763 0
 119 0 0.1394736145166118 0
 120 0 0.1406971591206114 0
 121 0 0.1419859957711778 0
 122 0 0.1433425098111492 0
 123 0 0.1447690387780284 0
 124 0 0.1462678525959088 0
 125 0 0.1478411320131356 0
 126 0 0.1494909453360128 0
 127 0 0.1512192235489577 0
 128 0 0.1530277339566699 0
 129 0 0.1549180525337197 0
 130 0 0.1568915352208352 0
 131 0 0.1589492884641175 0
 132 0 0.1610921393521597 0
 133 0 0.1633206057649792 0
 134 0 0.1656348670058324 0
 135 0 0.1680347354401082 0
 136 0 0.1705196297120632 0
 137 0 0.1730885501474508 0
 138 0 0.1757400569753148 0
 139 0 0.1784722520126087 0
 140 0 0.1812827644483242 0
 141 0 0.1841687413372876 0
 142 0 0.1871268433661051 0
 143 0 0.190153246384023 0
 144 0 0.1932436490997349 0
 145 0 0.1963932872324687 0
 146 0 0.1995969542741429 0
 147 0 0.2028490288722835 0
 148 0 0.2061435086850403 0
 149 0 0.2094740503953018 0
 150 0 0.2128340154065375 0
 151 0 0.2162165205850076 0
 152 0 0.21961449326786 0
 153 0 0.2230207296306437 0
 154 0 0.2264279554064859 0
 155 0 0.2298288878772436 0
 156 0 0.2332162980176785 0
 157 0 0.236583071668965 0
 158 0 0.2399222686478465 0
 159 0 0.243227178761092 0
 160 0 0.2464913737886272 0
 161 0 0.2497087546185207 0
 162 0 0.2528735928575216 0
 163 0 0.2559805663959891 0
 164 0 0.2590247885693256 0
 165 0 0.2620018307229969 0
 166 0 0.2649077381487463 0
 167 0 0.267739039510237 0
 168 0 0.2704927500124925 0
 169 0 0.2731663686875736 0
 170 0 0.2757578702665104 0
 171 0 0.2782656921832398 0
 172 0 0.2806887173099065 0
 173 0 0.2830262530550237 0
 174 0 0.2852780074680768 0
 175 0 0.2874440629882395 0
 176 0 0.2895248484534113 0
 177 0 0.2915211099514962 0
 178 0 0.2934338810515225 0
 179 0 0.2952644529005924 0
 180 0 0.2970143446163556 0
 181 0 0.2986852743460384 0
 182 0 0.300279131304088 0
 183 0 0.3017979490429172 0
 184 0 0.3032438801564142 0
 185 0 0.304619172564872 0
 186 0 0.3059261474835143 0
 187 0 0.3071671791352945 0
 188 0 0.3083446762323582 0
 189 0 0.3094610652194795 0
 190 0 0.3105187752467816 0
 191 0 0.3115202248178554 0
 192 0 0.3124678100426485 0
 193 0 0.3133638944118003 0
 194 0 0.3142108 0
 195 0 0.3158108 0
 196 0 0.3166903743424041 0
 197 0 0.3176506746935282 0
 198 0 0.3186911096095278 0
 199 0 0.31980905242127 0
 200 0 0.3209996194991223 0
 201 0 0.322255555534273 0
 202 0 0.3235672582775097 0
 203 0 0.3249229646207036 0
 204 0 0.326309103413539 0
 205 0 0.3277108 0
 206 0 0.329112496586461 0
 207 0 0.3304986353792964 0
 208 0 0.3318543417224903 0
 209 0 0.3331660444657269 0
 210 0 0.3344219805008777 0
 211 0 0.3356125475787299 0
 212 0 0.3367304903904721 0
 213 0 0.3377709253064718 0
 214 0 0.3387312256575959 0
 215 0 0.3396108 0
 216 0.002088372457539715 0.3404108 0
 217 0.00390265828031873 0.3404108 0
 218 0.005481370931804321 0.3404108 0
 219 0.00685802315363009 0.3404108 0
 220 0.00806183837045534 0.3404108 0
 221 0.009118371041667028 0.3404108 0
 222 0.01005004912868325 0.3404108 0
 223 0.01087665019329558 0.3404108 0
 224 0.01161572123361435 0.3404108 0
 225 0.0122829511698492 0.3404108 0
 226 0.01289250388701252 0.3404108 0
 227 0.01345731890434052 0.3404108 0
 228 0.01398938605400987 0.3404108 0
 229 0.0145 0.3404108 0
 230 0.015 0.3396108 0
 231 0.015 0.3387312256575959 0
 232 0.015 0.3377709253064718 0
 233 0.015 0.3367304903904721 0
 234 0.015 0.33561254757873 0
 235 0.015 0.3344219805008777 0
 236 0.015 0.3331660444657269 0
 237 0.015 0.3318543417224903 0
 238 0.015 0.3304986353792964 0
 239 0.015 0.329112496586461 0
 240 0.015 0.3277108 0
 241 0.015 0.326309103413539 0
 242 0.015 0.3249229646207036 0
 243 0.015 0.3235672582775097 0
 244 0.015 0.3222555555342731 0
 245 0.015 0.3209996194991223 0
 246 0.015 0.31980905242127 0
 247 0.015 0.3186911096095278 0
 248 0.015 0.3176506746935282 0
 249 0.015 0.3166903743424041 0
 250 0.015 0.3158108 0
 251 0.0154 0.3150108 0
 252 0.01594206757465844 0.3150108 0
 253 0.01664312879432969 0.3150108 0
 254 0.01749699826274122 0.3150108 0
 255 0.01846411785310813 0.3150108 0
 256 0.01947338214689186 0.3150108 0
 257 0.02044050173725879 0.3150108 0
 258 0.02129437120567031 0.3150108 0
 259 0.02199543242534156 0.3150108 0
 260 0.0225375 0.3150108 0
 261 0.0245069961853029 0.1238504 0
 262 0.02478941785715207 0.1238504 0
 263 0.02510188322273613 0.1238504 0
 264 0.02543971418783412 0.1238504 0
 265 0.02579599173218176 0.1238504 0
 266 0.0261619961853028 0.1238504 0
 267 0.02652800063842384 0.1238504 0
 268 0.02688427818277148 0.1238504 0
 269 0.02722210914786947 0.1238504 0
 270 0.02753457451345354 0.1238504 0
 271 0.0278169961853027 0.1238504 0
 272 0.0280669961853027 0.1235504 0
 273 0.0280669961853027 0.123230132159018 0
 274 0.0280669961853027 0.1228883336197199 0
 275 0.0280669961853027 0.1225236781119363 0
 276 0.0280669961853027 0.1221347750075301 0
 277 0.0280669961853027 0.121720168738061 0
 278 0.0280669961853027 0.121278338643011 0
 279 0.0280669961853027 0.1208076993231133 0
 280 0.0280669961853027 0.1203066015801459 0
 281 0.0280669961853027 0.1197733340312604 0
 282 0.0280669961853027 0.119206125492305 0
 283 0.0280669961853027 0.118603148230436 0
 284 0.0280669961853027 0.1179625221912886 0
 285 0.0280669961853027 0.1172823203097626 0
 286 0.0280669961853027 0.1165605750156597 0
 287 0.0280669961853027 0.1157952860455394 0
 288 0.0280669961853027 0.1149844296697368 0
 289 0.0280669961853027 0.1141259694379524 0
 290 0.0280669961853027 0.1132178685376072 0
 291 0.0280669961853027 0.1122581038456573 0
 292 0.0280669961853027 0.1112446817361866 0
 293 0.0280669961853027 0.1101756556822945 0
 294 0.0280669961853027 0.10904914566109 0
 295 0.0280669961853027 0.1078633593346247 0
 296 0.0280669961853027 0.1066166149371623 0
 297 0.0280669961853027 0.1053073657503194 0
 298 0.0280669961853027 0.1039342259926445 0
 299 0.0280669961853027 0.1024959978897934 0
 300 0.0280669961853027 0.1009916996266786 0
 301 0.0280669961853027 0.09942059381532183 0
 302 0.0280669961853027 0.09778221604361548 0
 303 0.0280669961853027 0.09607640300325425 0
 304 0.0280669961853027 0.09430331963264162 0
 305 0.0280669961853027 0.09246348465590626 0
 306 0.0280669961853027 0.09055779385584675 0
 307 0.0280669961853027 0.08858754039035115 0
 308 0.0280669961853027 0.08655443145223611 0
 309 0.0280669961853027 0.08446060058482042 0
 310 0.0280669961853027 0.08230861500263503 0
 311 0.0280669961853027 0.08010147733036378 0
 312 0.0280669961853027 0.0778426212641956 0
 313 0.0280669961853027 0.07553590077770039 0
 314 0.0280669961853027 0.07318557263707233 0
 315 0.0280669961853027 0.07079627215449627 0
 316 0.0280669961853027 0.06837298228832578 0
 317 0.0280669961853027 0.06592099638816477 0
 318 0.0280669961853027 0.06344587507417036 0
 319 0.0280669961853027 0.06095339792457079 0
 320 0.0280669961853027 0.05844951081493645 0
 321 0.0280669961853027 0.05594026989888187 0
 322 0.0280669961853027 0.05343178333522118 0
 323 0.0280669961853027 0.05093015194516314 0
 324 0.0280669961853027 0.04844141002075001 0
 325 0.0280669961853027 0.04597146750041601 0
 326 0.0280669961853027 0.04352605467954526 0
 327 0.0280669961853027 0.04111067053580705 0
 328 0.0280669961853027 0.03873053562548569 0
 329 0.0280669961853027 0.03639055035437597 0
 330 0.0280669961853027 0.03409525925274892 0
 331 0.0280669961853027 0.03184882169680051 0
 332 0.0280669961853027 0.02965498932746376 0
 333 0.0280669961853027 0.02751709022972207 0
 334 0.0280669961853027 0.02543801975902491 0
 335 0.0280669961853027 0.02342023774229647 0
 336 0.0280669961853027 0.0214657716441436 0
 337 0.0280669961853027 0.01957622517742838 0
 338 0.0280669961853027 0.01775279175304841 0
 339 0.0280669961853027 0.01599627210676029 0
 340 0.0280669961853027 0.01430709541010579 0
 341 0.0280669961853027 0.01268534316583231 0
 342 0.0280669961853027 0.01113077520273183 0
 343 0.0280669961853027 0.009642857117149311 0
 344 0.0280669961853027 0.00822078855487007 0
 345 0.0280669961853027 0.006863531784011111 0
 346 0.0280669961853027 0.005569840073397314 0
 347 0.0280669961853027 0.004338285458490346 0
 348 0.0280669961853027 0.003167285545458513 0
 349 0.0280669961853027 0.00205512907108046 0
 350 0.0280669961853027 0.001000000000000002 0
 351 0.02772994084167477 0 0
 352 0.02739288549804684 0 0
 353 0.02705583015441892 0 0
 354 0.02671877481079099 0 0
 355 0.02638171946716306 0 0
 356 0.02604466412353514 0 0
 357 0.02570760877990721 0 0
 358 0.02537055343627928 0 0
 359 0.02503349809265135 0 0
 360 0.02469644274902342 0 0
 361 0.02435938740539549 0 0
 362 0.02402233206176756 0 0
 363 0.02368527671813964 0 0
 364 0.02334822137451171 0 0
 365 0.02301116603088378 0 0
 366 0.02267411068725585 0 0
 367 0.02233705534362793 0 0
 368 0.02165 0 0
 369 0.02129255462702732 0 0
 370 0.02092006012645585 0 0
 371 0.0205245926111798 0 0
 372 0.02009773950077114 0 0
 373 0.0196304205649112 0 0
 374 0.01911269476424375 0 0
 375 0.01853354877967296 0 0
 376 0.01788066273159665 0 0
 377 0.01714014810533886 0 0
 378 0.01629625230780185 0 0
 379 0.01533102357052065 0 0
 380 0.01422392907077237 0 0
 381 0.01295141814722381 0 0
 382 0.01148642131862459 0 0
 383 0.009797774448424132 0 0
 384 0.007849555805857306 0 0
 385 0.005600321921134864 0 0
 386 0.003002225979472413 0 0
 387 0.001 0.1238504 0
 388 0.002085140267458738 0.1238504 0
 389 0.003249921136645103 0.1238504 0
 390 0.004485669670816132 0.1238504 0
 391 0.005780570043140427 0.1238504 0
 392 0.00711996031540814 0.1238504 0
 393 0.008486902446474896 0.1238504 0
 394 0.009862990609257331 0.1238504 0
 395 0.01122932189574799 0.1238504 0
 396 0.01256752350320611 0.1238504 0
 397 0.01386071971306118 0.1238504 0
 398 0.01509433346077405 0.1238504 0
 399 0.0162566477880055 0.1238504 0
 400 0.01733909365459859 0.1238504 0
 401 0.01833627220090603 0.1238504 0
 402 0.01924575280154915 0.1238504 0
 403 0.02006770814118371 0.1238504 0
 404 0.02080445339581219 0.1238504 0
 405 0.02145995108040409 0.1238504 0
 406 0.02203933052247042 0.1238504 0
 407 0.0225484555776116 0.1238504 0
 408 0.02299355946916926 0.1238504 0
 409 0.02338095351414863 0.1238504 0
 410 0.02371680776783552 0.1238504 0
 411 0.0240069961853029 0.1238504 0
 412 0.002384763421913977 0.3150108 0
 413 0.004401053738594695 0.3150108 0
 414 0.006107763920414957 0.3150108 0
 415 0.007554744542632384 0.3150108 0
 416 0.008784259849740567 0.3150108 0
 417 0.009832222233896225 0.3150108 0
 418 0.01072924118478013 0.3150108 0
 419 0.01150151734922435 0.3150108 0
 420 0.01217160781481491 0.3150108 0
 421 0.01275908497031479 0.3150108 0
 422 0.01328110818728241 0.3150108 0
 423 0.01375292502089197 0.3150108 0
 424 0.0141883165693183 0.3150108 0
 425 0.0146 0.3150108 0
 426 0.0229375 0.3142108 0
 427 0.0229375 0.3133636089681113 0
 428 0.0229375 0.312466918769099 0
 429 0.0229375 0.3115183698036572 0
 430 0.0229375 0.3105155584251626 0
 431 0.0229375 0.3094560457098603 0
 432 0.0229375 0.3083373676833357 0
 433 0.02331745866386378 0.3072221552437383 0
 434 0.02373177734479038 0.3060487109443262 0
 435 0.02416826337364879 0.3048124836972432 0
 436 0.02462772564929742 0.3035111825178008 0
 437 0.02511095611058374 0.3021425644559008 0
 438 0.02512915658201178 0.3006182174053826 0
 439 0.02514405424535678 0.2990172572946964 0
 440 0.0251596777534015 0.2973382951253057 0
 441 0.02517604526531918 0.2955793794427214 0
 442 0.02519317334877571 0.2937387298219463 0
 443 0.02530361144947104 0.2918432961921404 0
 444 0.02641925970882981 0.2901728844087172 0
 445 0.02758254043490797 0.2884311545973994 0
 446 0.0280669961853027 0.286397016358771 0
 447 0.0280669961853027 0.2841289290687801 0
 448 0.0280669961853027 0.2817736682044262 0
 449 0.0280669961853027 0.2793314844155133 0
 450 0.0280669961853027 0.2768030356903279 0
 451 0.0280669961853027 0.2741894122446721 0
 452 0.0280669961853027 0.2714921583951493 0
 453 0.0280669961853027 0.2687132907492638 0
 454 0.0280669961853027 0.2658553120553242 0
 455 0.0280669961853027 0.2629212200862981 0
 456 0.0280669961853027 0.2599145109852646 0
 457 0.0280669961853027 0.2568391765766961 0
 458 0.0280669961853027 0.2536996952472865 0
 459 0.0280669961853027 0.2505010161211315 0
 460 0.0280669961853027 0.2472485363942926 0
 461 0.0280669961853027 0.2439480718495031 0
 462 0.0280669961853027 0.2406058207382692 0
 463 0.0280669961853027 0.2372283213891995 0
 464 0.0280669961853027 0.2338224040716944 0
 465 0.0280669961853027 0.2303951378063656 0
 466 0.0280669961853027 0.2269537729609448 0
 467 0.0280669961853027 0.2235056805965367 0
 468 0.0280669961853027 0.2200582896281917 0
 469 0.0280669961853027 0.2166190229313383 0
 470 0.0280669961853027 0.2131952335584569 0
 471 0.0280669961853027 0.2097941422269321 0
 472 0.0280669961853027 0.2064227771994621 0
 473 0.0280669961853027 0.2030879176045974 0
 474 0.0280669961853027 0.1997960411403841 0
 475 0.0280669961853027 0.1965532769735097 0
 476 0.0280669961853027 0.1933653644956526 0
 477 0.0280669961853027 0.1902376184344524 0
 478 0.0280669961853027 0.1871749006454671 0
 479 0.0280669961853027 0.1841815987403896 0
 480 0.0280669961853027 0.1812616115419286 0
 481 0.0280669961853027 0.1784183412026197 0
 482 0.0280669961853027 0.1756546916879789 0
 483 0.0280669961853027 0.1729730732072394 0
 484 0.0280669961853027 0.1703754120796845 0
 485 0.0280669961853027 0.1678631654523755 0
 486 0.0280669961853027 0.1654373402358761 0
 487 0.0280669961853027 0.1630985155974648 0
 488 0.0280669961853027 0.1608468683445854 0
 489 0.0280669961853027 0.1586822005426331 0
 490 0.0280669961853027 0.1566039687379105 0
 491 0.0280669961853027 0.1546113141958444 0
 492 0.0280669961853027 0.1527030936133779 0
 493 0.0280669961853027 0.1508779098200107 0
 494 0.0280669961853027 0.1491341420416108 0
 495 0.02779560670562308 0.1475056926091957 0
 496 0.02738510993208795 0.1459731713213307 0
 497 0.02699414797146512 0.1445135800016716 0
 498 0.02662214312176666 0.1431247618961303 0
 499 0.02626849452085501 0.1418044737860596 0
 500 0.02593258384631329 0.1405504072677701 0
 501 0.0256137805459363 0.1393602082796956 0
 502 0.02531144659543815 0.1382314948645022 0
 503 0.02502494078784536 0.1371618731828221 0
 504 0.02475362256556727 0.1361489518196502 0
 505 0.02449685541139144 0.1351903544440601 0
 506 0.024256996185304 0.1342833378660189 0
 507 0.02425699618530391 0.133396163763658 0
 508 0.02425699618530382 0.1325580493045502 0
 509 0.02425699618530373 0.1317666967887414 0
 510 0.02425699618530366 0.1310198671818916 0
 511 0.02425699618530358 0.1303153849394667 0
 512 0.02425699618530351 0.1296511418140837 0
 513 0.02425699618530345 0.1290250997475564 0
 514 0.02425699618530338 0.1284352929450395 0
 515 0.02425699618530332 0.1278798292236996 0
 516 0.02425699618530327 0.1273568907228055 0
 517 0.02425699618530322 0.1268647340562345 0
 518 0.02425699618530317 0.1264016899823117 0
 519 0.02425699618530313 0.1259661626597842 0
 520 0.02425699618530308 0.1255566285526912 0
 521 0.02425699618530304 0.1251716350410148 0
 522 0.024256996185303 0.1248097987883596 0
 523 0.02425699618530297 0.1244698039125503 0
 524 0.02425699618530293 0.1241504 0
 525 0.0155 0.3404108 0
 526 0.016093461547557 0.3404108 0
 527 0.01679648315107035 0.3404108 0
 528 0.01762737054520571 0.3404108 0
 529 0.01860670487820576 0.3404108 0
 530 0.01975730332427907 0.3404108 0
 531 0.0211040220805408 0.3404108 0
 532 0.02267334200653787 0.3404108 0
 533 0.02449267091215919 0.3404108 0
 534 0.02658929767535547 0.3404108 0
 535 0.02898894723902838 0.3404108 0
 536 0.03171391799148864 0.3404108 0
 537 0.03478083899922105 0.3404108 0
 538 0.03819816523310116 0.3404108 0
 539 0.04196362817663754 0.3404108 0
 540 0.04606196027669412 0.3404108 0
 541 0.05046328648225316 0.3404108 0
 542 0.05512258961273972 0.3404108 0
 543 0.05998057774945998 0.3404108 0
 544 0.06496610051821829 0.3404108 0
 545 0.07000000000000001 0.3404108 0
 546 0.075 0.3412108 0
 547 0.07500000000000001 0.3420161775617562 0
 548 0.075 0.3428323463947379 0
 549 0.075 0.3436647927468236 0
 550 0.075 0.3445191122825971 0
 551 0.075 0.3454010476971374 0
 552 0.075 0.3463165273181403 0
 553 0.07500000000000001 0.347271704955854 0
 554 0.075 0.3482730012686971 0
 555 0.075 0.3493271469226179 0
 556 0.075 0.3504412278343087 0
 557 0.075 0.3516227328023998 0
 558 0.075 0.3528796038468049 0
 559 0.075 0.3542202895946002 0
 560 0.075 0.3556538020712913 0
 561 0.075 0.3571897772792179 0
 562 0.075 0.3588385399703005 0
 563 0.07500000000000001 0.3606111730485299 0
 564 0.075 0.362519592068718 0
 565 0.075 0.3645766253322866 0
 566 0.075 0.3667961001184979 0
 567 0.075 0.369192935630763 0
 568 0.075 0.3717832432828154 0
 569 0.075 0.3745844349988631 0
 570 0.075 0.3776153402557113 0
 571 0.075 0.3808963326536047 0
 572 0.075 0.384449466866595 0
 573 0.075 0.3882986268930052 0
 574 0.075 0.3924696866025248 0
 575 0.075 0.3969906836591245 0
 576 0.075 0.401892007988894 0
 577 0.075 0.4072066060596712 0
 578 0.075 0.4129702023456248 0
 579 0.075 0.4192215394654619 0
 580 0.075 0.4260026386084584 0
 581 0.075 0.4333590819988847 0
 582 0.075 0.4413403192975384 0
 583 0.075 0.4583333333333333 0
 584 0.075 0.4666666666666667 0
 585 0.075 0.475 0
 586 0.075 0.4833333333333333 0
 587 0.075 0.4916666666666667 0
 588 0.07297297297297298 0.5 0
 589 0.07094594594594594 0.5 0
 590 0.06891891891891891 0.5 0
 591 0.06689189189189189 0.5 0
 592 0.06486486486486487 0.5 0
 593 0.06283783783783783 0.5 0
 594 0.0608108108108108 0.5 0
 595 0.05878378378378378 0.5 0
 596 0.05675675675675676 0.5 0
 597 0.05472972972972973 0.5 0
 598 0.0527027027027027 0.5 0
 599 0.05067567567567567 0.5 0
 600 0.04864864864864865 0.5 0
 601 0.04662162162162162 0.5 0
 602 0.04459459459459459 0.5 0
 603 0.04256756756756756 0.5 0
 604 0.04054054054054054 0.5 0
 605 0.03851351351351351 0.5 0
 606 0.03648648648648648 0.5 0
 607 0.03445945945945945 0.5 0
 608 0.03243243243243243 0.5 0
 609 0.0304054054054054 0.5 0
 610 0.02837837837837837 0.5 0
 611 0.02635135135135135 0.5 0
 612 0.02432432432432432 0.5 0
 613 0.0222972972972973 0.5 0
 614 0.02027027027027026 0.5 0
 615 0.01824324324324324 0.5 0
 616 0.01621621621621621 0.5 0
 617 0.01418918918918918 0.5 0
 618 0.01216216216216216 0.5 0
 619 0.01013513513513513 0.5 0
 620 0.008108108108108091 0.5 0
 621 0.006081081081081077 0.5 0
 622 0.004054054054054054 0.5 0
 623 0.002027027027027023 0.5 0
 624 0 0.4916666666666667 0
 625 0 0.4833333333333334 0
 626 0 0.475 0
 627 0 0.4666666666666667 0
 628 0 0.4583333333333333 0
 629 0 0.4413403192975384 0
 630 0 0.4333590819988847 0
 631 0 0.4260026386084584 0
 632 0 0.4192215394654619 0
 633 0 0.4129702023456249 0
 634 0 0.4072066060596712 0
 635 0 0.4018920079888941 0
 636 0 0.3969906836591246 0
 637 0 0.3924696866025248 0
 638 0 0.3882986268930053 0
 639 0 0.3844494668665951 0
 640 0 0.3808963326536048 0
 641 0 0.3776153402557114 0
 642 0 0.3745844349988632 0
 643 0 0.3717832432828154 0
 644 0 0.369192935630763 0
 645 0 0.3667961001184979 0
 646 0 0.3645766253322867 0
 647 0 0.362519592068718 0
 648 0 0.36061117304853 0
 649 0 0.3588385399703005 0
 650 0 0.3571897772792179 0
 651 0 0.3556538020712914 0
 652 0 0.3542202895946003 0
 653 0 0.3528796038468049 0
 654 0 0.3516227328023998 0
 655 0 0.3504412278343088 0
 656 0 0.3493271469226179 0
 657 0 0.3482730012686971 0
 658 0 0.347271704955854 0
 659 0 0.3463165273181403 0
 660 0 0.3454010476971374 0
 661 0 0.3445191122825971 0
 662 0 0.3436647927468235 0
 663 0 0.3428323463947379 0
 664 0 0.3420161775617562 0
 665 0 0.3412108 0
 666 0.002027027027027027 0.45 0
 667 0.004054054054054054 0.45 0
 668 0.006081081081081081 0.45 0
 669 0.008108108108108109 0.45 0
 670 0.01013513513513514 0.45 0
 671 0.01216216216216216 0.45 0
 672 0.01418918918918919 0.45 0
 673 0.01621621621621622 0.45 0
 674 0.01824324324324324 0.45 0
 675 0.02027027027027027 0.45 0
 676 0.0222972972972973 0.45 0
 677 0.02432432432432433 0.45 0
 678 0.02635135135135135 0.4500000000000001 0
 679 0.02837837837837838 0.45 0
 680 0.03040540540540541 0.45 0
 681 0.03243243243243243 0.45 0
 682 0.03445945945945946 0.4500000000000001 0
 683 0.03648648648648649 0.45 0
 684 0.03851351351351352 0.45 0
 685 0.04054054054054054 0.45 0
 686 0.04256756756756757 0.45 0
 687 0.0445945945945946 0.4500000000000001 0
 688 0.04662162162162162 0.45 0
 689 0.04864864864864865 0.45 0
 690 0.05067567567567568 0.45 0
 691 0.05270270270270271 0.4500000000000001 0
 692 0.05472972972972973 0.45 0
 693 0.05675675675675676 0.45 0
 694 0.05878378378378379 0.45 0
 695 0.06081081081081081 0.45 0
 696 0.06283783783783783 0.45 0
 697 0.06486486486486487 0.45 0
 698 0.0668918918918919 0.45 0
 699 0.06891891891891892 0.45 0
 700 0.07094594594594594 0.45 0
 701 0.07297297297297298 0.45 0
 702 0.002980082690886897 0.001011054076880182 0
 703 0.002943796353786903 0.002069179327510794 0
 704 0.002903535943876863 0.003180739721588033 0
 705 0.002863985948359369 0.004349839883989954 0
 706 0.002826896567265473 0.005579259972776542 0
 707 0.002792554296814451 0.006871014451013876 0
 708 0.002760603235412595 0.008226658413413756 0
 709 0.002730474376532176 0.009647436172855505 0
 710 0.002701588920215846 0.01113433862397925 0
 711 0.002673440243935356 0.01268811195135269 0
 712 0.002645616284432623 0.01430924266591727 0
 713 0.002617795982296061 0.01599793256501509 0
 714 0.002589736603830511 0.0177540705843992 0
 715 0.002561259532476799 0.01957720500529617 0
 716 0.002532237491317475 0.02146651778601523 0
 717 0.002502584032882925 0.02342080204208038 0
 718 0.002472245258616183 0.02543844340209172 0
 719 0.00244119343188091 0.02751740585744148 0
 720 0.002409422092209485 0.02965522267650641 0
 721 0.002376942312895502 0.031848992910827 0
 722 0.002343779804885116 0.0340953839577718 0
 723 0.002309972632185327 0.036390640552398 0
 724 0.00227556935904413 0.03873060043939189 0
 725 0.002240627494791745 0.04111071682705629 0
 726 0.002205212138769069 0.04352608755490408 0
 727 0.002169394756330359 0.04597149072186209 0
 728 0.002133252038881859 0.04844142633186248 0
 729 0.002096864817623363 0.05093016332677273 0
 730 0.00206031701325606 0.05343179120234406 0
 731 0.002023694613350147 0.05594027524990183 0
 732 0.001987084676023926 0.0584495143426807 0
 733 0.001950574363602585 0.06095340009748405 0
 734 0.001914250013345654 0.06344587619434913 0
 735 0.001878196254430008 0.06592099663167005 0
 736 0.001842495181345816 0.06837298173201353 0
 737 0.001807225593887176 0.07079627079261634 0
 738 0.001772462313154121 0.07318557039009843 0
 739 0.001738275581600054 0.07553589749525105 0
 740 0.001704730553313244 0.07784261672347052 0
 741 0.001671886878578548 0.08010147123122403 0
 742 0.001639798384469753 0.0823086069602704 0
 743 0.00160851285091473 0.08446059012084489 0
 744 0.001578071879471487 0.08655441798499919 0
 745 0.001548510850055317 0.08858752322522083 0
 746 0.001519858959142317 0.09055777217617549 0
 747 0.001492139331600499 0.09246345751530756 0
 748 0.001465369197296095 0.09430328594905173 0
 749 0.001439560122993729 0.09607636155501609 0
 750 0.001414718289786633 0.09778216546748317 0
 751 0.001390844806299309 0.09942053260585193 0
 752 0.001367936048113496 0.1009916261359546 0
 753 0.001345984014173618 0.1024959103258511 0
 754 0.001324976691217333 0.1039341224143501 0
 755 0.001304898417445509 0.1053072440558155 0
 756 0.001285730236607717 0.1066164728423356 0
 757 0.001267450233371478 0.1078631943373164 0
 758 0.001250033840219924 0.1090489549858631 0
 759 0.0012334541051375 0.110175436199338 0
 760 0.001217681907928209 0.1112444298461222 0
 761 0.001202686111052054 0.1122578153192992 0
 762 0.00118843362818826 0.1132175382956621 0
 763 0.001174889390105646 0.1141255912496564 0
 764 0.001162016182582504 0.114983995740727 0
 765 0.001149774324897604 0.1157947864528959 0
 766 0.00113812115002974 0.1165599969309733 0
 767 0.001127010240551068 0.1172816469287355 0
 768 0.001116390371668765 0.1179617312623849 0
 769 0.00110620412609704 0.1186022100534367 0
 770 0.001096386199083644 0.1192050002634892 0
 771 0.001086861554490543 0.1197719685003345 0
 772 0.001077543909155857 0.1203049252685115 0
 773 0.00106833564294017 0.1208056212421194 0
 774 0.001059131325927355 0.1212757468867157 0
 775 0.001049828799462553 0.1217169380080127 0
 776 0.001040354267354955 0.1221307917036932 0
 777 0.001030711176717666 0.1225188998363547 0
 778 0.001021066893541871 0.1228829106179895 0
 779 0.001011897325769294 0.1232246336309177 0
 780 0.001004222344227871 0.1235462115701893 0
 781 0.005575445407712565 0.001014514468694495 0
 782 0.005528046661315399 0.002075692957199459 0
 783 0.005470342086352793 0.003189169639412902 0
 784 0.005409221503381864 0.004359044180500433 0
 785 0.005348292041448548 0.005588371184967438 0
 786 0.005289177811032804 0.006879482910032393 0
 787 0.005232358887878927 0.008234197266933639 0
 788 0.005177702572443041 0.009653942793975891 0
 789 0.005124787417212294 0.01113982503974231 0
 790 0.005073091171372354 0.01269265372514327 0
 791 0.005022092782365213 0.01431294524784114 0
 792 0.004971322495478619 0.01600091081889987 0
 793 0.004920382129214936 0.01775643713917748 0
 794 0.004868949210446461 0.01957906409896071 0
 795 0.004816773089852658 0.02146796237869758 0
 796 0.004763667646175952 0.0234219128306105 0
 797 0.004709503058536637 0.02543928893152671 0
 798 0.004654197879192761 0.02751804326031662 0
 799 0.004597711934099005 0.02965569875791418 0
 800 0.004540040197515468 0.03184934539998924 0
 801 0.004481207595496848 0.03409564280542417 0
 802 0.004421264610088121 0.03639082919091002 0
 803 0.004360283532756421 0.03873073695014385 0
 804 0.00429835522274628 0.04111081498156811 0
 805 0.004235586246832256 0.04352615771387609 0
 806 0.004172096301698107 0.04597154058986207 0
 807 0.004108015844216851 0.04844146157501563 0
 808 0.004043483876073353 0.05093018806684919 0
 809 0.003978645846912607 0.05343180840367354 0
 810 0.003913651654668691 0.05594028701631722 0
 811 0.003848653733198674 0.05844952214089041 0
 812 0.003783805226264606 0.06095340492155371 0
 813 0.003719258253477332 0.06344587868380477 0
 814 0.003655162278327084 0.06592099715348779 0
 815 0.003591662591041426 0.06837298043465578 0
 816 0.003528898919969786 0.07079626763844367 0
 817 0.003467004184682827 0.07318556517098983 0
 818 0.003406103402291572 0.07553588983510708 0
 819 0.003346312755864623 0.07784260607044131 0
 820 0.00328773883056817 0.08010145684195055 0
 821 0.003230478019506102 0.08230858787811193 0
 822 0.003174616097472958 0.08446056514992585 0
 823 0.003120227957157473 0.08655438566188699 0
 824 0.003067377498959652 0.08858748179007002 0
 825 0.003016117662662904 0.09055771954517605 0
 826 0.002966490586876399 0.0924633912561774 0
 827 0.002918527880508455 0.09430320326105575 0
 828 0.002872250989585714 0.09607625925451305 0
 829 0.002827671642444635 0.09778203997927581 0
 830 0.002784792356572551 0.09942037995963951 0
 831 0.002743606990962741 0.1009914419660089 0
 832 0.002704101328522612 0.1024956898707346 0
 833 0.002666253673577942 0.1039338605121844 0
 834 0.002630035449639783 0.1053069351294102 0
 835 0.002595411782238108 0.1066161108675205 0
 836 0.002562342050809983 0.1078627727871641 0
 837 0.002530780392543478 0.109048466743191 0
 838 0.002500676140039737 0.1101748734299603 0
 839 0.002471974174099815 0.1112437838258497 0
 840 0.002444615173424939 0.1122570762088456 0
 841 0.002418535745275948 0.1132166948598903 0
 842 0.002393668426238591 0.1141246305219772 0
 843 0.002369941551842609 0.1149829026417797 0
 844 0.002347279010498021 0.1157935433880049 0
 845 0.002325599925088551 0.1165585834182255 0
 846 0.002304818350639932 0.1172800393561216 0
 847 0.002284843147402911 0.1179599029477857 0
 848 0.002265578297310954 0.1186001318953979 0
 849 0.002246924093687042 0.1192026424293295 0
 850 0.002228779868939405 0.1197693037913604 0
 851 0.002211049256355842 0.1203019349858818 0
 852 0.002193649436380696 0.1208023044463781 0
 853 0.002176526422229069 0.1212721337058588 0
 854 0.002159679222069924 0.1217131068068163 0
 855 0.002143196714845877 0.1221268881003412 0
 856 0.002127312400106015 0.1225151523343417 0
 857 0.002112484178901386 0.1228796326123579 0
 858 0.002099510074758571 0.123222194106284 0
 859 0.002089699372244012 0.1235449447888221 0
 860 0.007825081233264728 0.001016768529355055 0
 861 0.007774857566328668 0.002080110900057348 0
 862 0.007710662522790438 0.003195232203759585 0
 863 0.007639714739325943 0.004366091835657035 0
 864 0.007566309093815148 0.005595782517037448 0
 865 0.007492839365621838 0.006886762745198115 0
 866 0.007420473522671231 0.008241001388660595 0
 867 0.007349610814904383 0.009660065964186249 0
 868 0.007280192371664666 0.0111451729560535 0
 869 0.007211909665200664 0.01269721190209176 0
 870 0.007144340787926013 0.01431675141865103 0
 871 0.0070770359877912 0.01600403321944463 0
 872 0.007009568239992106 0.0177589587352149 0
 873 0.006941560462263743 0.0195810718413572 0
 874 0.006872697751046312 0.02146954033669752 0
 875 0.006802730501187694 0.02342313815353729 0
 876 0.006731472357174231 0.02544022979456229 0
 877 0.006658795536667287 0.02751875815464788 0
 878 0.006584625074637885 0.02965623665423347 0
 879 0.006508932867225371 0.03184974644371548 0
 880 0.006431731965270943 0.03409593929928451 0
 881 0.006353071307772604 0.03639104669394885 0
 882 0.006273030939642684 0.03873089537810341 0
 883 0.006191717684380209 0.04111092963605524 0
 884 0.006109261211741006 0.04352624019949265 0
 885 0.006025810433725938 0.04597159960144644 0
 886 0.005941530167618176 0.04844150355290329 0
 887 0.005856598015464008 0.05093021772805643 0
 888 0.005771201421743206 0.05343182916246516 0
 889 0.005685534883276822 0.05594030130996245 0
 890 0.005599797296636192 0.05844953167655703 0
 891 0.005514189438129495 0.06095341085910434 0
 892 0.005428911579415099 0.06344588176735545 0
 893 0.005344161247844049 0.06592099780243448 0
 894 0.005260131144632528 0.0683729788027635 0
 895 0.005177007235998849 0.07079626364770511 0
 896 0.005094967032538785 0.07318555852539198 0
 897 0.005014178070668219 0.07553588001822642 0
 898 0.00493479660715921 0.07784259232992094 0
 899 0.004856966534032675 0.08010143816336522 0
 900 0.004780818516632128 0.082308562950459 0
 901 0.004706469352962859 0.08446053232493231 0
 902 0.004634021547623431 0.08655434290942786 0
 903 0.004563563089190623 0.08858742665216988 0
 904 0.004495167415986234 0.09055764909122066 0
 905 0.004428893551997844 0.09246330204200326 0
 906 0.004364786392507396 0.09430309129441226 0
 907 0.004302877117804783 0.09607611996892797 0
 908 0.004243183713200955 0.09778186821754527 0
 909 0.004185711574256135 0.09942016996700874 0
 910 0.004130454177410409 0.100991187391666 0
 911 0.004077393797663757 0.1024953837746369 0
 912 0.004026502256205872 0.1039334953726726 0
 913 0.003977741681654674 0.1053065028457898 0
 914 0.003931065268761569 0.1066156027510811 0
 915 0.003886418018332961 0.107862179534244 0
 916 0.003843737442305374 0.1090477783851565 0
 917 0.003802954219326633 0.1101740792576395 0
 918 0.003763992790025747 0.1112428722903829 0
 919 0.00372677188875962 0.1122560348075819 0
 920 0.003691205021470768 0.1132155100255881 0
 921 0.003657200918894998 0.1141232875471549 0
 922 0.003624664022216197 0.1149813856888294 0
 923 0.003593495095669734 0.1157918356607736 0
 924 0.00356359210827976 0.1165566676026313 0
 925 0.00353485158452393 0.1172778984745754 0
 926 0.003507170689315145 0.1179575218097401 0
 927 0.003480450382819731 0.118597499353491 0
 928 0.003454600051798031 0.1191997546487329 0
 929 0.003429544096642597 0.1197661686815393 0
 930 0.00340523103778663 0.1202985777937903 0
 931 0.003381645831307288 0.1207987742299251 0
 932 0.003358826308011919 0.1212685099633492 0
 933 0.003336885061693109 0.1217095049138632 0
 934 0.00331603883545735 0.1221234614023632 0
 935 0.003296648673680132 0.1225120877747226 0
 936 0.003279276161126358 0.1228771356426603 0
 937 0.00326476476726844 0.1232204572597085 0
 938 0.003254362774255307 0.1235440925226708 0
 939 0.009774732317720265 0.001018319450132193 0
 940 0.00972518973803518 0.002083194842619137 0
 941 0.009659949433421263 0.00319955156635549 0
 942 0.009585913653682637 0.004371238805474887 0
 943 0.009507458619892115 0.005601342933641622 0
 944 0.009427271109759239 0.006892375733350735 0
 945 0.009346891216171641 0.008246387235393339 0
 946 0.009267082827874692 0.009665032026540454 0
 947 0.009188095983643762 0.01114960598542409 0
 948 0.009109856062680652 0.01270106352794923 0
 949 0.009032099927238493 0.01432002161504378 0
 950 0.008954471894924904 0.01600675474029558 0
 951 0.008876588957528377 0.01776118402862336 0
 952 0.00879808281527359 0.01958286293371634 0
 953 0.008718624985962499 0.02147096157109928 0
 954 0.008637940067219114 0.02342425136920738 0
 955 0.008555811101936229 0.02544109143574815 0
 956 0.008472079968553762 0.02751941781130024 0
 957 0.008386644846194896 0.0296567366037427 0
 958 0.008299456117933575 0.03185012184726021 0
 959 0.008210511569344258 0.03409621878905394 0
 960 0.00811985138839783 0.03639125315993386 0
 961 0.008027553242905029 0.03873104682249218 0
 962 0.007933727568909322 0.04111104000957955 0
 963 0.007838513120161499 0.04352632016879249 0
 964 0.007742072783213374 0.04597165722147743 0
 965 0.007644589640708158 0.04844154483551018 0
 966 0.007546263257358581 0.05093024710883213 0
 967 0.007447306163150313 0.05343184987440619 0
 968 0.007347940513125081 0.05594031567556496 0
 969 0.007248394910086211 0.05844954133086241 0
 970 0.007148901384534752 0.06095341691569461 0
 971 0.007049692533686792 0.06344588493797407 0
 972 0.006950998827911346 0.06592099847924772 0
 973 0.006853046097741879 0.06837297711055865 0
 974 0.006756053217552822 0.07079625947173999 0
 975 0.006660230002872565 0.07318555151927629 0
 976 0.006565775337389472 0.07553586959517281 0
 977 0.006472875543106316 0.07784257763998281 0
 978 0.006381703003264823 0.08010141805885425 0
 979 0.006292415042854703 0.08230853594159569 0
 980 0.006205153066195 0.08446049652787349 0
 981 0.006120041945551799 0.08655429598908325 0
 982 0.006037189649436427 0.08858736576258204 0
 983 0.005956687094430107 0.09055757081665343 0
 984 0.005878608200471004 0.09246320234215445 0
 985 0.005803010126781669 0.09430296545723195 0
 986 0.005729933664233056 0.09607596257428773 0
 987 0.005659403759977223 0.09778167311439671 0
 988 0.005591430151519924 0.09941993026567508 0
 989 0.005526008089712618 0.1009908954715851 0
 990 0.005463119132943402 0.1024950313063632 0
 991 0.005402731997574128 0.1039330733514964 0
 992 0.005344803452009214 0.1053060016332723 0
 993 0.005289279243598159 0.1066150121205337 0
 994 0.005236095049219441 0.107861488717107 0
 995 0.005185177442705713 0.1090469761177447 0
 996 0.005136444876482849 0.1101731538321347 0
 997 0.005089808682324103 0.1112418116204682 0
 998 0.005045174108252722 0.1122548265277676 0
 999 0.00500244142616884 0.1132141416538891 0
1000 0.004961507167711385 0.1141217467527605 0
1001 0.004922265573056643 0.1149796607185851 0
1002 0.004884610366367731 0.1157899159886046 0
1003 0.004848436998762383 0.1165545448712772 0
1004 0.004813645520526542 0.1172755677948781 0
1005 0.00478014425490811 0.1179549834642557 0
1006 0.004747854444926092 0.1185947609138807 0
1007 0.004716716036987765 0.1191968334576555 0
1008 0.00468669476550947 0.1197630945702148 0
1009 0.004657790739739352 0.1202953958092933 0
1010 0.004630048851938145 0.1207955470339352 0
1011 0.004603571584326736 0.1212653194303443 0
1012 0.00457853526228096 0.1217064522767099 0
1013 0.004555211568337423 0.1221206650142987 0
1014 0.00453399731826116 0.1225096770961478 0
1015 0.004515457355004143 0.1228752393130013 0
1016 0.004500388560359867 0.1232191819561462 0
1017 0.00448991903786041 0.123543487569134 0
1018 0.01146521394535671 0.001019384629650013 0
1019 0.01141809100121262 0.002085329245916139 0
1020 0.01135477981579389 0.00320256983897416 0
1021 0.0112816501422322 0.004374877715370366 0
1022 0.01120288940948716 0.005605327061900518 0
1023 0.01112120833134454 0.006896455660120718 0
1024 0.01103829041524403 0.008250359697169108 0
1025 0.01095509554208644 0.009668747537732393 0
1026 0.01087207666531085 0.0111529678074768 0
1027 0.01078934098629851 0.01270402117929762 0
1028 0.01070677204870719 0.01432256159879162 0
1029 0.0106241217695989 0.01600889056946646 0
1030 0.01054107817748181 0.01776294696575222 0
1031 0.01045731339601686 0.01958429423557734 0
1032 0.01037251591963841 0.02147210652792618 0
1033 0.01028641085061041 0.02342515508679775 0
1034 0.01019877129680488 0.02544179611854018 0
1035 0.01010942356609225 0.02751996122989425 0
1036 0.01001824820788817 0.02965715143059066 0
1037 0.009925178414564037 0.03185043558437145 0
1038 0.009830196846386093 0.03409645406687178 0
1039 0.009733331595450001 0.03639142824219546 0
1040 0.009634651749913781 0.03873117620060759 0
1041 0.009534262842055276 0.04111113500926573 0
1042 0.009432302344820996 0.04352638952146648 0
1043 0.009328935304006514 0.04597170757442369 0
1044 0.009224350145245752 0.048441581189667 0
1045 0.009118754666830617 0.05093027318271866 0
1046 0.009012372214789113 0.05343186839850859 0
1047 0.008905438031545955 0.05594032862457939 0
1048 0.008798195770069383 0.0584495501023382 0
1049 0.008690894169774761 0.06095342246359154 0
1050 0.008583783896251081 0.06344588786886995 0
1051 0.008477114552897166 0.06592099911781275 0
1052 0.008371131877631645 0.06837297553968059 0
1053 0.008266075141433266 0.07079625555151092 0
1054 0.008162174767063473 0.07318554488804717 0
1055 0.008059650186100064 0.07553585965509776 0
1056 0.007958707950294245 0.07784256352894971 0
1057 0.007859540109721251 0.08010139861043432 0
1058 0.007762322865413472 0.08230850963463927 0
1059 0.007667215498644271 0.08446046142760449 0
1060 0.007574359573095119 0.0865542496819577 0
1061 0.00748387840025569 0.08858730528771769 0
1062 0.007395876752950751 0.09055749259722574 0
1063 0.007310440807341391 0.09246310212069667 0
1064 0.007227638290488799 0.09430283823916834 0
1065 0.007147518808966433 0.09607580258417012 0
1066 0.007070114334224739 0.09778147376912248 0
1067 0.006995439822432298 0.09941968416840104 0
1068 0.006923493950027346 0.1009905944291365 0
1069 0.006854259950676595 0.1024946663717879 0
1070 0.006787706544080071 0.103932634892234 0
1071 0.006723788951464341 0.1053054794245174 0
1072 0.006662449996323309 0.106614395463138 0
1073 0.006603621292083979 0.1078607665801836 0
1074 0.006547224521470468 0.1090461373083092 0
1075 0.006493172816342226 0.110172187197763 0
1076 0.00644137225266848 0.1112407062958829 0
1077 0.006391723483667306 0.1122535722418948 0
1078 0.006344123544783936 0.1132127291191955 0
1079 0.006298467875855081 0.114120168162078 0
1080 0.006254652616248807 0.1149779103742905 0
1081 0.00621257723520567 0.1157879910830454 0
1082 0.006172147559673878 0.1165524464242827 0
1083 0.00613327925500143 0.1172733017337758 0
1084 0.006095901802526137 0.1179525618056254 0
1085 0.006059963009567119 0.1185922029780985 0
1086 0.006025434094163153 0.1191941670224842 0
1087 0.005992315427241002 0.1197603568531378 0
1088 0.00596064311180438 0.1202926341604392 0
1089 0.005930496759437392 0.1207928192132944 0
1090 0.00590200912022361 0.1212626933111076 0
1091 0.005875378671149665 0.1217040047205456 0
1092 0.005850886925138471 0.1221184794490351 0
1093 0.005828923189295047 0.1225078389294314 0
1094 0.005810021001503243 0.122873827678299 0
1095 0.005794913049269323 0.1232182553567426 0
1096 0.005784616344477506 0.123543059681908 0
1097 0.01293218581383414 0.001020111014748741 0
1098 0.01288838973919824 0.002086786409152131 0
1099 0.01282870350438684 0.003204635066779746 0
1100 0.01275889796147443 0.00437737633327066 0
1101 0.01268285244562227 0.005608075534732585 0
1102 0.01260315979827534 0.006899286145029608 0
1103 0.01252150762840559 0.008253133146916078 0
1104 0.01243893237220445 0.009671359176957474 0
1105 0.01235599931592777 0.01115534730268113 0
1106 0.01227293741291499 0.01270612924012361 0
1107 0.01218974389937389 0.01432438450331122 0
1108 0.01210626633064888 0.01601043388348441 0
1109 0.01202226618160803 0.01776422942759958 0
1110 0.01193746681705399 0.0195853424324857 0
1111 0.01185158827097979 0.02147295066537719 0
1112 0.01176437119948323 0.02342582590006609 0
1113 0.01167559227593105 0.02544232281470075 0
1114 0.01158507308875421 0.02752037027012366 0
1115 0.01149268430191195 0.02965746594428686 0
1116 0.01139834649994454 0.03185067522414396 0
1117 0.01130202881254308 0.0340966351473448 0
1118 0.01120374612733929 0.03639156404298294 0
1119 0.01110355546691426 0.03873127734791679 0
1120 0.01100155192480406 0.04111120987850047 0
1121 0.01089786442103874 0.04352644462460502 0
1122 0.01079265143990331 0.04597174791147692 0
1123 0.01068609684488732 0.04844161055432006 0
1124 0.01057840582038095 0.05093029441940889 0
1125 0.01046980096122311 0.05343188361256428 0
1126 0.0103605185161215 0.05594033934951793 0
1127 0.01025080478448632 0.0584495574294633 0
1128 0.01014091266626092 0.06095342713923579 0
1129 0.01003109836767984 0.0634458903642364 0
1130 0.009921618270830223 0.0659209996756947 0
1131 0.009812725979827516 0.06837297420154199 0
1132 0.00970466956042236 0.07079625216761651 0
1133 0.009597688992083808 0.07318553911264906 0
1134 0.009492013852170852 0.07553585092814623 0
1135 0.009387861250376557 0.0778425510454618 0
1136 0.00928543402869325 0.08010138127852573 0
1137 0.009184919237765852 0.08230848602332851 0
1138 0.009086486895190834 0.084460429705812 0
1139 0.008990289025374534 0.08655420755063767 0
1140 0.008896458974479333 0.08858724990772338 0
1141 0.008805110988156707 0.09055742051627375 0
1142 0.008716340034763851 0.09246300920358146 0
1143 0.008630221853050075 0.09430271960610076 0
1144 0.008546813201402988 0.09607565256268072 0
1145 0.008466152285962416 0.09778128586529282 0
1146 0.008388259347365392 0.09941945106319167 0
1147 0.00831313739033966 0.1009903080052356 0
1148 0.008240773046252297 0.1024943177757231 0
1149 0.008171137565200165 0.1039322146355651 0
1150 0.008104187940345732 0.105304977526925 0
1151 0.008039868172110606 0.106613801639367 0
1152 0.00797811068300922 0.1078600704723288 0
1153 0.007918837895240071 0.1090453287650086 0
1154 0.007861963982941226 0.1101712566024561 0
1155 0.007807396809741582 0.1112396449470962 0
1156 0.007755040060276923 0.1122523727888764 0
1157 0.007704795571734591 0.1132113860552165 0
1158 0.007656565867931399 0.1141186783743426 0
1159 0.007610256893558537 0.1149762737429255 0
1160 0.007565780940262387 0.1157862111120305 0
1161 0.007523059750728649 0.1165505308754989 0
1162 0.007482027785422513 0.1172712632238807 0
1163 0.007442635644783124 0.1179504183174807 0
1164 0.007404853664916257 0.1185899782373188 0
1165 0.007368675755599594 0.1191918906973239 0
1166 0.007334123634450894 0.1197580645510094 0
1167 0.007301251739617571 0.1202903672102348 0
1168 0.007270153286613405 0.1207906242257604 0
1169 0.007240968189888558 0.1212606214786001 0
1170 0.007213893925267619 0.1217021107243556 0
1171 0.007189200918255013 0.1221168196543379 0
1172 0.007167254807929516 0.122506468231572 0
1173 0.007148549171173302 0.1228727938899182 0
1174 0.007133754473650901 0.1232175893648621 0
1175 0.00712379324069571 0.1235427587065762 0
1176 0.01420668611051075 0.001020601350005566 0
1177 0.01416667274901763 0.002087762823030462 0
1178 0.01411156682077896 0.003206010502550883 0
1179 0.01404653072137106 0.004379031972384296 0
1180 0.01397508511448847 0.005609889387993278 0
1181 0.01389963266364434 0.006901148629693664 0
1182 0.0138217860654939 0.008254954797582498 0
1183 0.01374258374849551 0.00967307337579348 0
1184 0.01366264043921636 0.0111569097669434 0
1185 0.01358225909861212 0.01270751546623286 0
1186 0.01350151844393321 0.01432558610135635 0
1187 0.01342034323513097 0.01601145454619649 0
1188 0.0133385608430253 0.01776508108335121 0
1189 0.01325594600524831 0.01958604192869143 0
1190 0.01317225516314816 0.02147351714308972 0
1191 0.01308725173018131 0.02342627887714186 0
1192 0.01300072371042637 0.02544268090339451 0
1193 0.01291249510307273 0.02752065041072666 0
1194 0.01282243245306008 0.0296576830270191 0
1195 0.0127304477568499 0.03185084198296279 0
1196 0.01263649874059859 0.03409676223026277 0
1197 0.01254058732706509 0.03639166018626016 0
1198 0.0124427569204937 0.0387313496020984 0
1199 0.0123430889742926 0.04111126385099158 0
1200 0.01224169917218536 0.04352648471626284 0
1201 0.01213873344595539 0.04597177753394283 0
1202 0.01203436397247439 0.04844163232128546 0
1203 0.01192878523431297 0.05093031030937063 0
1204 0.01182221018822665 0.05343189510331758 0
1205 0.0117148665619787 0.0559403475262756 0
1206 0.01160699328681107 0.05844956306920864 0
1207 0.0114988370685778 0.0609534307741749 0
1208 0.01139064910121619 0.06344589232704698 0
1209 0.01128268192978069 0.06592100012891501 0
1210 0.01117518647476963 0.06837297315298121 0
1211 0.01106840923369161 0.07079624947318372 0
1212 0.01096258967855828 0.07318553446757987 0
1213 0.01085795786937836 0.07553584384727327 0
1214 0.01075473230311931 0.07784254083298958 0
1215 0.01065311801551919 0.0801013669877426 0
1216 0.01055330494947189 0.08230846640684961 0
1217 0.01045546659899918 0.08446040315729969 0
1218 0.01035975893228154 0.08655417203948708 0
1219 0.01026631959133094 0.08858720290891244 0
1220 0.01017526736001885 0.09055735893842612 0
1221 0.01008670188693584 0.09246292931923074 0
1222 0.01000070364545454 0.09430261698911516 0
1223 0.009917334111031975 0.09607552203873293 0
1224 0.009836636135637709 0.09778112148205552 0
1225 0.00975863450150734 0.09941924608750613 0
1226 0.009683336641065552 0.1009900549547328 0
1227 0.009610733516303052 0.1024940084921715 0
1228 0.009540800658154247 0.1039318404064899 0
1229 0.009473499373223275 0.105304529260743 0
1230 0.009408778130155853 0.10661327009741 0
1231 0.009346574139822388 0.1078594465587548 0
1232 0.009286815141449445 0.1090446038727984 0
1233 0.009229421400687972 0.1101704230105495 0
1234 0.009174307915772397 0.1112386962602389 0
1235 0.009121386815459256 0.1122513044078799 0
1236 0.009070569918927084 0.1132101956610161 0
1237 0.0090217714153352 0.1141173664045736 0
1238 0.00897491061180365 0.1149748438351474 0
1239 0.008929914696174301 0.1157846704841286 0
1240 0.008886721468377339 0.1165488906125317 0
1241 0.008845282014933807 0.1172695384432479 0
1242 0.008805563337999504 0.117948628191895 0
1243 0.008767551005410427 0.1185881458677518 0
1244 0.008731251962470139 0.1191900428441465 0
1245 0.008696697740582571 0.1197562312469848 0
1246 0.008663948414840209 0.1202885812871766 0
1247 0.008633097809601722 0.1207889207780329 0
1248 0.008604280643990063 0.1212590372485764 0
1249 0.008577682578568852 0.1217006833117178 0
1250 0.008553554524828137 0.1221155863043566 0
1251 0.008532233210679918 0.1225054637277738 0
1252 0.008514171054743145 0.1228720467449941 0
1253 0.008499980305473344 0.1232171150502607 0
1254 0.008490500072245969 0.1235425480492263 0
1255 0.01531571982822875 0.001020927242402759 0
1256 0.01527967837394298 0.002088398552154223 0
1257 0.01522964618968195 0.003206889178839522 0
1258 0.01517019022339959 0.004380070718909714 0
1259 0.01510445558584962 0.005611008201105283 0
1260 0.01503462134463578 0.006902279695994652 0
1261 0.01496218425685752 0.008256046041934476 0
1262 0.01488814248187014 0.009674088602961019 0
1263 0.01481312124386785 0.01115782693300842 0
1264 0.01473746482990545 0.01270832408860295 0
1265 0.01466130846070044 0.0143262844558755 0
1266 0.01458463698348501 0.01601204704313165 0
1267 0.014507333616962 0.01776557602956321 0
1268 0.01442922014593967 0.01958644975443663 0
1269 0.01435008926829959 0.02147384908785193 0
1270 0.01426972969269312 0.02342654608054473 0
1271 0.01418794470999724 0.02544289382580852 0
1272 0.01410456511200789 0.02752081850505875 0
1273 0.0140194574161285 0.02965781459088298 0
1274 0.01393252835546288 0.03185094413299801 0
1275 0.013843726523968 0.03409684095385052 0
1276 0.01375304195095955 0.03639172043798007 0
1277 0.01366050424511146 0.03873139542216891 0
1278 0.01356617980969346 0.04111129849038452 0
1279 0.01347016850609048 0.04352651075868869 0
1280 0.01337260003278928 0.04597179700872416 0
1281 0.0132736301998211 0.04844164680384128 0
1282 0.01317343721146935 0.05093032100791787 0
1283 0.01307221802102465 0.05343190293152633 0
1284 0.01297018479064985 0.05594035316244144 0
1285 0.01286756147041958 0.05844956700282761 0
1286 0.01276458050234865 0.0609534333410183 0
1287 0.01266147965329041 0.06344589373377463 0
1288 0.01255849898255909 0.06592100046812084 0
1289 0.01245587795404219 0.06837297240934705 0
1290 0.01235385270681082 0.07079624752115689 0
1291 0.0122526535013169 0.07318553106078068 0
1292 0.01215250236045647 0.07553583859965607 0
1293 0.01205361092502501 0.07784253319170591 0
1294 0.0119561785420131 0.08010135619768019 0
1295 0.01186039060149755 0.08230845146700112 0
1296 0.01176641713408746 0.08446038276944362 0
1297 0.01167441167612133 0.08655414455016702 0
1298 0.01158451040449746 0.08858716624636796 0
1299 0.01149683153744832 0.09055731054695258 0
1300 0.01141147499233936 0.09246286609440939 0
1301 0.01132852228713483 0.09430253521841925 0
1302 0.01124803666921929 0.09607541735313807 0
1303 0.01117006345426871 0.0977809888253874 0
1304 0.01109463055923772 0.09941907971123984 0
1305 0.01102174921727308 0.1009898484466635 0
1306 0.01095141486805175 0.1024937548476006 0
1307 0.01088360822371702 0.1039315321500731 0
1308 0.01081829651682822 0.1053041586256693 0
1309 0.01075543494084812 0.1066128292659249 0
1310 0.01069496829399229 0.1078589279641079 0
1311 0.01063683283250754 0.1090440005575815 0
1312 0.01058095832920051 0.1101697290304102 0
1313 0.01052727031802029 0.1112379071156442 0
1314 0.01047569248771126 0.1122504174807012 0
1315 0.01042614917018512 0.1132092106280552 0
1316 0.01037856785632918 0.1141162855976297 0
1317 0.0103328816677067 0.11497367251764 0
1318 0.0102890317207346 0.1157834170182137 0
1319 0.01024696934291096 0.1165475664982937 0
1320 0.01020665813919185 0.1172681582225555 0
1321 0.01016807595946255 0.1179472092228302 0
1322 0.01013121688255926 0.1185867079893641 0
1323 0.01009609340554895 0.1191886079631577 0
1324 0.01006273910756183 0.1197548228848512 0
1325 0.01003121214776282 0.1202872241237922 0
1326 0.01000160006571558 0.1207876402124503 0
1327 0.009974026497277702 0.1212578589608933 0
1328 0.009948660631349669 0.1216996327448366 0
1329 0.009925730564560861 0.1221146878783196 0
1330 0.009905542254178284 0.1225047394397176 0
1331 0.009888506699325483 0.1228715135809069 0
1332 0.009875179657577254 0.1232167803257205 0
1333 0.009866321411520228 0.1235424013789589 0
1334 0.01628280421715514 0.001021138393472607 0
1335 0.01625075824826179 0.002088792520886992 0
1336 0.01620599129346879 0.003207410248049372 0
1337 0.0161524970059833 0.00438065968182252 0
1338 0.01609304637556993 0.005611614437467381 0
1339 0.01602958455515604 0.006902865822420017 0
1340 0.0159634751907574 0.00825658809371119 0
1341 0.01589565542623722 0.009674573897148195 0
1342 0.01582673931081811 0.01115825111333885 0
1343 0.01575709206122971 0.01270868827110025 0
1344 0.01568688791648087 0.01432659291891843 0
1345 0.01561615818766754 0.01601230557661361 0
1346 0.01554483245347995 0.0177657908739436 0
1347 0.01547277391933433 0.01958662698840801 0
1348 0.01539980914311328 0.02147399431943736 0
1349 0.01532575216504697 0.0234266643237662 0
1350 0.01525042322093827 0.02544298947995454 0
1351 0.01517366244792686 0.02752089538414643 0
1352 0.01509533918845487 0.02965787597344164 0
1353 0.01501535761371001 0.0318509928169527 0
1354 0.01493365941741095 0.03409687930988214 0
1355 0.014850224290113 0.03639175045916768 0
1356 0.01476506880049689 0.03873141876973605 0
1357 0.01467824419940312 0.04111131653588367 0
1358 0.0145898335514698 0.04352652462298053 0
1359 0.01449994849134219 0.04597180759779775 0
1360 0.01440872581176551 0.04844165484133223 0
1361 0.01431632401832945 0.05093032706414564 0
1362 0.01422291992981878 0.05343190744873122 0
1363 0.01412870536742008 0.05594035647606527 0
1364 0.01403388395215747 0.05844956935862675 0
1365 0.01393866801827294 0.06095343490793546 0
1366 0.01384327564597626 0.06344589461247455 0
1367 0.01374792781732261 0.06592100069508545 0
1368 0.01365284570218236 0.0683729719563734 0
1369 0.01355824808537767 0.07079624629000135 0
1370 0.01346434894926837 0.07318552887263498 0
1371 0.01337135522898913 0.07553583517906905 0
1372 0.01327946475859168 0.07784252814456025 0
1373 0.0131888644263321 0.08010134898288294 0
1374 0.01309972855574579 0.08230844136170573 0
1375 0.01301221752649338 0.0844603688278884 0
1376 0.01292647664525754 0.08655412555662126 0
1377 0.0128426352725501 0.08858714066322035 0
1378 0.01276080620631549 0.0905572764596755 0
1379 0.01268108531822967 0.09246282115597552 0
1380 0.01260355143390561 0.09430247659673439 0
1381 0.01252826644450482 0.09607534168616007 0
1382 0.01245527563496928 0.09778089218978096 0
1383 0.01238460821373309 0.09941895761158079 0
1384 0.01231627803049895 0.1009896958331997 0
1385 0.01225028447225395 0.1024935661711629 0
1386 0.01218661353242458 0.1039313014625865 0
1387 0.01212523905270102 0.1053038797334718 0
1388 0.01206612414000963 0.1066124959404071 0
1389 0.01200922276071989 0.107858534209834 0
1390 0.01195448150914555 0.1090435409321045 0
1391 0.01190184153729913 0.1101691990029102 0
1392 0.01185124061852857 0.111237303444179 0
1393 0.01180261530144527 0.1122497385815043 0
1394 0.01175590309611698 0.113208456906319 0
1395 0.01171104462627831 0.1141154597087856 0
1396 0.0116679856835481 0.1149727795319943 0
1397 0.01162667913535259 0.1157824644698968 0
1398 0.01158708666837191 0.1165465643109448 0
1399 0.01154918039242788 0.1172671185174008 0
1400 0.01151294438244745 0.117946146027784 0
1401 0.01147837629431862 0.1185856368783633 0
1402 0.01144548925080721 0.1191875456612435 0
1403 0.01141431425560512 0.119753786874934 0
1404 0.01138490346083006 0.1202862322840464 0
1405 0.01135733469571541 0.1207867104967927 0
1406 0.01133171777952323 0.1212570091056037 0
1407 0.01130820331863498 0.1216988799366216 0
1408 0.01128699497312181 0.122114048245371 0
1409 0.01126836665302313 0.122504227118297 0
1410 0.01125268692228102 0.12287113895586 0
1411 0.01124045435980921 0.1232165468332797 0
1412 0.01123235041695753 0.1235422999760967 0
1413 0.01712845554831928 0.001021269215273293 0
1414 0.01710032277033531 0.002089014247257922 0
1415 0.01706080974462446 0.003207673179951121 0
1416 0.0170133632033262 0.004380920741268442 0
1417 0.01696039272796819 0.005611844265301568 0
1418 0.01690361369771537 0.006903049690316536 0
1419 0.01684425437130703 0.008256723243168862 0
1420 0.01678318371700168 0.00967466546232271 0
1421 0.01672099422261101 0.0111583081451625 0
1422 0.01665806019564548 0.01270872067923612 0
1423 0.0165945832345769 0.01432660956557504 0
1424 0.01653063088831208 0.01601231338770144 0
1425 0.01646617106024876 0.01776579467383275 0
1426 0.01640110280854565 0.01958662975281864 0
1427 0.01633528334526641 0.02147399760477493 0
1428 0.01626855084477521 0.02342666871552134 0
1429 0.01620074282428005 0.02544299497694204 0
1430 0.01613171014050985 0.0275209016879088 0
1431 0.01606132691903835 0.02965788268348682 0
1432 0.01598949693210149 0.03185099954756353 0
1433 0.01591615704656284 0.03409688574886632 0
1434 0.01584127838320754 0.03639175638777017 0
1435 0.01576486578837928 0.03873142405941866 0
1436 0.01568695613342216 0.04111132113336018 0
1437 0.01560761586154372 0.04352652853115148 0
1438 0.01552693809761402 0.04597181085703201 0
1439 0.01544503954717537 0.04844165751335255 0
1440 0.01536205733565742 0.05093032921940054 0
1441 0.01527814587776245 0.05343190915704962 0
1442 0.0151934738281546 0.05594035780009315 0
1443 0.01510822113669889 0.05844957034916921 0
1444 0.01502257621696884 0.06095343560040621 0
1445 0.01493673323046456 0.06344589502363497 0
1446 0.01485088948760093 0.06592100081932913 0
1447 0.01476524296899957 0.06837297176087913 0
1448 0.01467998997445958 0.07079624570807821 0
1449 0.01459532291005546 0.07318552779464481 0
1450 0.01451142822737271 0.07553583344031263 0
1451 0.01442848453062013 0.07784252550955517 0
1452 0.01434666086836756 0.08010134512551317 0
1453 0.01426611522618919 0.08230843584084335 0
1454 0.01418699323506315 0.08446036105826503 0
1455 0.01410942710791806 0.08655411477500399 0
1456 0.01403353481340355 0.08858712589031865 0
1457 0.01395941949181911 0.09055725645869674 0
1458 0.0138871691136091 0.09246279438936675 0
1459 0.01381685637601107 0.09430244118340442 0
1460 0.01374853882894215 0.09607529536237097 0
1461 0.01368225921736716 0.09778083227791848 0
1462 0.01361804602476695 0.09941888100210663 0
1463 0.0135559142012138 0.1009895989861496 0
1464 0.01349586606003603 0.1024934451443865 0
1465 0.01343789232881687 0.1039311519742466 0
1466 0.01338197334280429 0.1053036972657509 0
1467 0.01332808037066602 0.1066122758895273 0
1468 0.01327617706271627 0.1078582720840719 0
1469 0.01322622100927195 0.1090432325944262 0
1470 0.01317816539124808 0.1101688409484898 0
1471 0.01313196069701028 0.1112368930962268 0
1472 0.0130875564705456 0.1122492745827386 0
1473 0.01304490304890987 0.1132079393795396 0
1474 0.01300395324493285 0.1141148904596078 0
1475 0.0129646639373649 0.1149721621706201 0
1476 0.0129269975469952 0.1157818044366533 0
1477 0.01289092340401371 0.1165458688011213 0
1478 0.01285641904744318 0.1172663963128367 0
1479 0.01282347153895539 0.1179454072535742 0
1480 0.0127920789177104 0.1185848927110556 0
1481 0.01276225196808962 0.1191868080186081 0
1482 0.01273401651894021 0.1197530681160231 0
1483 0.01270741654554918 0.1202855449412883 0
1484 0.01268251841319882 0.1207860670484605 0
1485 0.01265941669930347 0.1212564217752501 0
1486 0.01263824218442867 0.1216983604725153 0
1487 0.01261917285109788 0.1221136075823765 0
1488 0.01260244914323214 0.12250387475057 0
1489 0.01258839545039417 0.1228708817442785 0
1490 0.01257745105521827 0.1232163868292315 0
1491 0.01257021617885491 0.1235422306511463 0
1492 0.0178706185360213 0.001021343492692103 0
1493 0.01784624801516933 0.002089112444250168 0
1494 0.01781184002567357 0.003207748777858767 0
1495 0.01777032369368799 0.004380942212823721 0
1496 0.01772376761698098 0.005611798259399015 0
1497 0.01767367067321256 0.006902938742094608 0
1498 0.01762113236878899 0.00825656065042844 0
1499 0.01756695432090393 0.009674469616984574 0
1500 0.01751170382049717 0.01115809782938661 0
1501 0.01745575780226689 0.01270851197789028 0
1502 0.01739933753038855 0.01432641438833969 0
1503 0.01734253919141761 0.01601213923345968 0
1504 0.01728536243314642 0.01776564516611284 0
1505 0.0172277371191515 0.01958650553018703 0
1506 0.0171695477607015 0.02147389727098611 0
1507 0.01711065490567614 0.02342658967842192 0
1508 0.01705091293268675 0.02544293410267443 0
1509 0.01699018401580488 0.02752085576034771 0
1510 0.01692834834980773 0.02965784869297729 0
1511 0.01686531098461431 0.03185097484641772 0
1512 0.01680100577961394 0.0340968681120664 0
1513 0.0167353970541663 0.03639174401206828 0
1514 0.01666847950600679 0.03873141552678911 0
1515 0.01660027690447405 0.04111131535729113 0
1516 0.01653083998435228 0.04352652469814526 0
1517 0.01646024386604306 0.04597180837063961 0
1518 0.01638858524080563 0.04844165594461598 0
1519 0.01631597948367969 0.05093032826537583 0
1520 0.01624255779145928 0.05343190860733672 0
1521 0.01616846440278619 0.05594035751073659 0
1522 0.01609385392625624 0.05844957022266262 0
1523 0.01601888878552677 0.06095343557058885 0
1524 0.01594373678254267 0.06344589504423029 0
1525 0.01586856877685599 0.06592100085500768 0
1526 0.01579355648076246 0.06837297177987517 0
1527 0.01571887037346539 0.07079624567545688 0
1528 0.01564467774012519 0.0731855276654667 0
1529 0.01557114084577634 0.07553583315199429 0
1530 0.01549841525631802 0.07784252497279608 0
1531 0.01542664832071642 0.08010134421320284 0
1532 0.01535597782914695 0.08230843437443709 0
1533 0.01528653086160113 0.08446035879120145 0
1534 0.01521842284032995 0.08655411137287343 0
1535 0.01515175679739956 0.08858712090767409 0
1536 0.01508662286546504 0.09055724931265237 0
1537 0.01502309799598523 0.0924627843304667 0
1538 0.01496124590429925 0.09430242726468283 0
1539 0.01490111723579531 0.09607527640808045 0
1540 0.01484274994199405 0.0977808068540913 0
1541 0.01478616985031511 0.09941884739193045 0
1542 0.01473139140702221 0.1009895551740492 0
1543 0.01467841856974841 0.1024933888136204 0
1544 0.01462724582432503 0.1039310805235764 0
1545 0.01457785930036246 0.1053036078510738 0
1546 0.01453023796093188 0.1066121654959477 0
1547 0.01448435484334037 0.1078581376323914 0
1548 0.01444017832989801 0.1090430710832172 0
1549 0.01439767342934539 0.1101686496287794 0
1550 0.01435680305113114 0.1112366696707086 0
1551 0.01431752925629361 0.1122490174161211 0
1552 0.01427981447106029 0.1132076477022174 0
1553 0.01424362265354138 0.1141145645445028 0
1554 0.01420892041128624 0.1149718034637162 0
1555 0.01417567807900911 0.1157814156257946 0
1556 0.01414387078197857 0.1165454538146193 0
1557 0.01411347953126776 0.1172659602481495 0
1558 0.01408449242165282 0.1179449562451466 0
1559 0.01405690603075658 0.1185844337536461 0
1560 0.0140307271490445 0.1191863487667351 0
1561 0.01400597500593475 0.1197526166806589 0
1562 0.01398268420138473 0.1202851097011121 0
1563 0.01396090861205038 0.1207856564842663 0
1564 0.01394072662858504 0.1212560443213408 0
1565 0.01392224821564683 0.1216980243559108 0
1566 0.01390562450196119 0.1221133205860668 0
1567 0.0138910609633646 0.122503643786648 0
1568 0.01387883586875328 0.1228707120520887 0
1569 0.01386932674003073 0.1232162805179187 0
1570 0.0138630495963054 0.1235421841779954 0
1571 0.01852504404111738 0.001021377621796637 0
1572 0.01850424023852387 0.002089121130351239 0
1573 0.01847469572347078 0.00320768724263241 0
1574 0.0184388543273117 0.00438078775878656 0
1575 0.01839846948009202 0.005611550121063616 0
1576 0.01835484220261687 0.006902612909284514 0
1577 0.01830895463076245 0.008256182599376398 0
1578 0.01826154599185026 0.009674067403596982 0
1579 0.01821315835045682 0.01115769697023253 0
1580 0.01816416787572649 0.01270813252916869 0
1581 0.01811481027905234 0.01432606994838735 0
1582 0.01806520461218406 0.0160118372898143 0
1583 0.01801537686635317 0.01776538818424377 0
1584 0.01796528325453361 0.01958629230468156 0
1585 0.01791483234332731 0.02147372422651063 0
1586 0.01786390505665132 0.02342645195670459 0
1587 0.0178123717640816 0.02544282637970787 0
1588 0.01776010601143857 0.02752077280352243 0
1589 0.0177069948110363 0.02965778570020002 0
1590 0.01765294570913139 0.0318509276194313 0
1591 0.0175978910503232 0.03409683311377527 0
1592 0.01754178995809735 0.03639171834940449 0
1593 0.01748462857440967 0.03873139689103578 0
1594 0.01742641905228028 0.04111130194440194 0
1595 0.01736719772802076 0.04352651512414918 0
1596 0.01730702280295674 0.04597180159109371 0
1597 0.01724597178096096 0.04844165118292792 0
1598 0.01718413883257294 0.05093032495217751 0
1599 0.01712163218741397 0.05343190633090619 0
1600 0.01705857161639334 0.05594035597780386 0
1601 0.01699508603128557 0.0584495692281051 0
1602 0.01693131121034188 0.06095343497459184 0
1603 0.01686738764961753 0.06344589475542489 0
1604 0.01680345853469225 0.06592100081827063 0
1605 0.01673966782856882 0.06837297196768681 0
1606 0.01667615847463728 0.07079624608180968 0
1607 0.01661307071549779 0.07318552830154437 0
1608 0.01655054053308704 0.0755358340429253 0
1609 0.01648869821806811 0.0778425261548743 0
1610 0.01642766707914899 0.08010134573100434 0
1611 0.01636756230452424 0.0823084362772934 0
1612 0.01630848998855394 0.08446036112848777 0
1613 0.0162505463369305 0.08655411418758199 0
1614 0.01619381706270984 0.08858712422774323 0
1615 0.0161383769834366 0.09055725313954895 0
1616 0.01608428982649605 0.0924627886245751 0
1617 0.01603160824520234 0.09430243192715605 0
1618 0.01598037404247501 0.09607528125898761 0
1619 0.01593061859220908 0.0977808116069748 0
1620 0.01588236344118658 0.09941885162530827 0
1621 0.01583562106713711 0.1009895583010009 0
1622 0.01579039576202902 0.1024933900514003 0
1623 0.01574668460463578 0.1039310788661988 0
1624 0.01570447848357489 0.1053036020489308 0
1625 0.01566376313199444 0.1066121540475829 0
1626 0.01562452013827503 0.1078581187942844 0
1627 0.01558672790362866 0.1090430429034711 0
1628 0.0155503625269852 0.1101686100095688 0
1629 0.01551539860928497 0.1112366164619678 0
1630 0.01548180998203145 0.1122489485392328 0
1631 0.01544957037726337 0.1132075612977859 0
1632 0.015418654066631 0.1141144591334683 0
1633 0.01538903650516295 0.114971678107187 0
1634 0.01536069502057438 0.1157812700671491 0
1635 0.01533360959254366 0.1165452885883985 0
1636 0.01530776377002448 0.1172657767441428 0
1637 0.0152831457805602 0.1179447567221945 0
1638 0.01525974989597921 0.1185842213048015 0
1639 0.01523757813590569 0.1191861272439821 0
1640 0.01521664241642605 0.1197523905919083 0
1641 0.01519696728894301 0.1202848840934563 0
1642 0.01517859346851926 0.1207854368245005 0
1643 0.01516158243024182 0.1212558363765194 0
1644 0.0151460224710987 0.1216978340618381 0
1645 0.01513203681983697 0.1221131538682051 0
1646 0.01511979467637158 0.1225035062635818 0
1647 0.01510952656722903 0.1228706085039258 0
1648 0.01510154629640633 0.1232162139383529 0
1649 0.01509628342775667 0.123542154145932 0
1650 0.01910562155452565 0.001021382833774306 0
1651 0.01908816018855885 0.002089063877194461 0
1652 0.0190631769979138 0.00320752387199705 0
1653 0.01903266599387485 0.004380502841747349 0
1654 0.01899809465681417 0.005611153232009262 0
1655 0.0189605873008659 0.00690213075885758 0
1656 0.01892102192534503 0.008255649911870841 0
1657 0.01888008193952294 0.009673519116108219 0
1658 0.01883828573485785 0.01115716299151322 0
1659 0.01879600688603901 0.01270763515777255 0
1660 0.01875349177722792 0.01432562339702901 0
1661 0.01871087775646166 0.01601144855500808 0
1662 0.01866821263498756 0.01776505857041897 0
1663 0.01862547504059875 0.01958601909967576 0
1664 0.01858259453855267 0.0214735022251596 0
1665 0.01853947034268493 0.02342627469019486 0
1666 0.01849598765563445 0.02544268701704561 0
1667 0.01845203104355675 0.02752066475315012 0
1668 0.018407494634155 0.02965770296746571 0
1669 0.01836228925510474 0.0318508649817295 0
1670 0.01831634686008106 0.03409678616969897 0
1671 0.01826962271301113 0.03639168348779925 0
1672 0.01822209584702409 0.03873137121480733 0
1673 0.0181737682769033 0.04111128317350567 0
1674 0.01812466338929709 0.0435265014941272 0
1675 0.01807482384030144 0.04597179175685524 0
1676 0.01802430921068492 0.04844164413302297 0
1677 0.0179731935951396 0.05093031993602125 0
1678 0.01792156322904949 0.05343190279893907 0
1679 0.0178695142175547 0.05594035353394348 0
1680 0.01781715039542507 0.05844956759285311 0
1681 0.01776458132562155 0.06095343395728358 0
1682 0.01771192043482558 0.06344589423401269 0
1683 0.01765928327725111 0.06592100072524054 0
1684 0.01760678591864912 0.06837297228096541 0
1685 0.01755454343517663 0.07079624681962575 0
1686 0.01750266852264245 0.07318552952050043 0
1687 0.01745127021685331 0.07553583583863729 0
1688 0.01740045272837986 0.0778425286646415 0
1689 0.01735031439839343 0.08010134913799655 0
1690 0.01730094678453137 0.08230844081574533 0
1691 0.01725243388764237 0.08446036708931617 0
1692 0.01720485153160199 0.08655412192375118 0
1693 0.01715826690866479 0.08858713415856088 0
1694 0.01711273830166244 0.09055726575290773 0
1695 0.01706831499213811 0.09246280447597413 0
1696 0.01702503735920986 0.0943024516341494 0
1697 0.01698293716811133 0.0960753054895423 0
1698 0.01694203803965958 0.09778084106011606 0
1699 0.0169023560829392 0.09941888700244397 0
1700 0.01686390066386691 0.1009896002665391 0
1701 0.01682667527294851 0.1024934391818186 0
1702 0.01679067844767877 0.1039311355877131 0
1703 0.01675590469995017 0.1053036665654512 0
1704 0.01672234539787149 0.106612226262754 0
1705 0.01668998955562409 0.1078581982339626 0
1706 0.01665882449502839 0.1090431286476383 0
1707 0.01662883635817042 0.1101687006448449 0
1708 0.01660001047056365 0.1112367100667903 0
1709 0.01657233157661197 0.1122490427126633 0
1710 0.01654578399046801 0.1132076532392801 0
1711 0.01652035172234077 0.1141145457748851 0
1712 0.01649601865009259 0.1149717562906196 0
1713 0.01647276880725599 0.1157813367543396 0
1714 0.01645058685218261 0.116545341081411 0
1715 0.01642945877182507 0.11726581289424 0
1716 0.01640937286210115 0.1179447751053911 0
1717 0.01639032101985621 0.1185842213480886 0
1718 0.0163723003835822 0.1191861092944442 0
1719 0.01635531537468874 0.1197523559298375 0
1720 0.01633938022086423 0.1202848348979128 0
1721 0.01632452209077669 0.1207853761035886 0
1722 0.01631078504002559 0.1212557678734122 0
1723 0.01629823507176047 0.1216977621400871 0
1724 0.01628696677108351 0.1221130833650977 0
1725 0.01627711221746369 0.1225034422773264 0
1726 0.01626885328610111 0.1228705560484653 0
1727 0.01626243916106466 0.1232161773582181 0
1728 0.01625821219478272 0.1235421361329975 0
1729 0.01962467282377558 0.001021366705715441 0
1730 0.01961031141357334 0.002088956707689884 0
1731 0.01958955012399829 0.003207282985298062 0
1732 0.01956397150462553 0.004380119245832228 0
1733 0.01953478781817601 0.005610645380014125 0
1734 0.01950296815511672 0.006901534121829228 0
1735 0.01946929954822644 0.008255006275766469 0
1736 0.01943441622713503 0.009672868204431658 0
1737 0.01939881484538772 0.01115653735297291 0
1738 0.01936286521115297 0.01270705805605285 0
1739 0.01932682139806094 0.01432510887706595 0
1740 0.01929083525292234 0.01601100277816988 0
1741 0.01925497251465401 0.01776468167900697 0
1742 0.01921923071232286 0.01958570711385401 0
1743 0.01918355754369859 0.02147324869654292 0
1744 0.01914786840395755 0.02342607199933344 0
1745 0.01911206197669863 0.02544252730488836 0
1746 0.01907603318312149 0.02752054053083859 0
1747 0.01903968318386021 0.02965760747033738 0
1748 0.01900292647477609 0.03185079233525974 0
1749 0.01896569536686502 0.03409673142696634 0
1750 0.01892794228014061 0.03639164258607157 0
1751 0.01888964034448674 0.0387313408870363 0
1752 0.01885078277007827 0.04111126083962734 0
1753 0.01881138140734413 0.04352648514885105 0
1754 0.01877146482258906 0.04597177986375509 0
1755 0.01873107614075834 0.04844163553024946 0
1756 0.01869027083546568 0.05093031375618568 0
1757 0.01864911456937807 0.05343189840306892 0
1758 0.01860768115213052 0.05594035045889328 0
1759 0.01856605064463645 0.058449565510436 0
1760 0.01852430761646818 0.06095343264358823 0
1761 0.0184825395533358 0.06344589354724105 0
1762 0.01844083540262909 0.06592100059064078 0
1763 0.01839928424525369 0.06837297268173169 0
1764 0.01835797408453704 0.07079624779273457 0
1765 0.01831699074242961 0.07318553115680189 0
1766 0.01827641685910775 0.07553583828663335 0
1767 0.01823633099457471 0.07784253213749398 0
1768 0.01819680683467162 0.08010135392332982 0
1769 0.01815791250684241 0.0823084472877907 0
1770 0.01811971001367957 0.08446037572281757 0
1771 0.01808225479470602 0.08655413330889272 0
1772 0.01804559542814848 0.08858714901592558 0
1773 0.01800977348418643 0.09055728494717337 0
1774 0.01797482353987218 0.09246282902669913 0
1775 0.01794077336204299 0.09430248272160097 0
1776 0.01790764425880049 0.09607534445310434 0
1777 0.01787545159192049 0.09778088938641025 0
1778 0.01784420543251225 0.09941894629997677 0
1779 0.01781391133101605 0.1009896722235546 0
1780 0.01778457116130324 0.1024935255042478 0
1781 0.01775618398876937 0.1039312379148714 0
1782 0.01772874690554357 0.1053037863626741 0
1783 0.01770225577408167 0.1066123646926667 0
1784 0.01767670582495296 0.1078583560116082 0
1785 0.01765209206653675 0.1090433058890579 0
1786 0.01762840948357925 0.1101688967233566 0
1787 0.01760565302685047 0.1112369234952331 0
1788 0.01758381742478249 0.1122492710720239 0
1789 0.01756289687605458 0.1132078931731677 0
1790 0.01754288470505498 0.1141147930644027 0
1791 0.01752377307576797 0.1149720060152884 0
1792 0.01750555286116581 0.1157815835329802 0
1793 0.01748821375437201 0.1165455793744674 0
1794 0.01747174468738664 0.1172660373387473 0
1795 0.01745613459828022 0.1179449808482159 0
1796 0.01744137356516344 0.1185844043437452 0
1797 0.01742745431154191 0.1191862665406051 0
1798 0.01741437408811208 0.1197524856249136 0
1799 0.01740213695402083 0.1202849365179213 0
1800 0.01739075651818202 0.1207854504068115 0
1801 0.01738025926088905 0.1212558168483023 0
1802 0.01737068864321739 0.1216977889126225 0
1803 0.01736211033919829 0.1221130920753402 0
1804 0.01735461911991006 0.1225034379211881 0
1805 0.01734834823271055 0.1228705442602643 0
1806 0.01734348265990468 0.1232161640840009 0
1807 0.01734027862933363 0.1235421271176955 0
1808 0.02009321253781529 0.001021334171542828 0
1809 0.0200816972142871 0.002088810028431376 0
1810 0.0200647978131774 0.003206980555203273 0
1811 0.02004372586117388 0.004379658160987543 0
1812 0.02001946895712253 0.005610052081914878 0
1813 0.01999286125749098 0.006900851489925144 0
1814 0.01996461078360827 0.00825428158993302 0
1815 0.0199353084425293 0.009672144467928859 0
1816 0.01990543082145775 0.01115584851041389 0
1817 0.01987534294231649 0.01270642744763002 0
1818 0.01984530398751486 0.01432454984913469 0
1819 0.01981547699569726 0.01601052043206515 0
1820 0.01978594219272769 0.01776427500226837 0
1821 0.01975671282689886 0.01958537102464278 0
1822 0.01972775203586898 0.02147297576395324 0
1823 0.01969898929963476 0.0234258537601259 0
1824 0.01967033530102523 0.02544235519011776 0
1825 0.01964169441234559 0.02752040646089563 0
1826 0.01961297443443805 0.02965750419180145 0
1827 0.01958409357286948 0.03185071357069345 0
1828 0.01955498489672463 0.03409667189838569 0
1829 0.01952559867558203 0.03639159795976338 0
1830 0.01949590306699683 0.03873130767523822 0
1831 0.019465883600313 0.04111123628357596 0
1832 0.01943554187131305 0.04352646709961026 0
1833 0.01940489376780914 0.04597176667037641 0
1834 0.01937396747672683 0.04844162594041585 0
1835 0.01934280145510801 0.05093030683185409 0
1836 0.01931144246583736 0.05343189345086349 0
1837 0.01927994374694152 0.05594034697465303 0
1838 0.01924836334317561 0.0584495631360939 0
1839 0.01921676260498538 0.06095343113485424 0
1840 0.0191852048508071 0.06344589275039676 0
1841 0.01915375417738015 0.06592100042702162 0
1842 0.01912247440290303 0.06837297313880317 0
1843 0.01909142813038061 0.07079624892074707 0
1844 0.01906067591626335 0.07318553307040866 0
1845 0.01903027553621365 0.07553584117097284 0
1846 0.01900028134205756 0.07784253625835427 0
1847 0.01897074370817419 0.08010135964103367 0
1848 0.01894170856899166 0.08230845507441301 0
1849 0.01891321705254717 0.08446038618218352 0
1850 0.01888530521846335 0.08655414719860599 0
1851 0.01885800391086704 0.08858716727035763 0
1852 0.01883133873723494 0.09055730869995844 0
1853 0.01880533018380983 0.09246285963082292 0
1854 0.01877999387481622 0.09430252176464769 0
1855 0.01875534097730042 0.09607539376466079 0
1856 0.01873137874509294 0.09778095103404381 0
1857 0.01870811118486697 0.09941902256966499 0
1858 0.01868553981521761 0.1009897655800489 0
1859 0.01866366447728244 0.1024936385267567 0
1860 0.01864248414442056 0.1039313732038728 0
1861 0.01862199767068184 0.105303946414888 0
1862 0.01860220441524044 0.1066125517435214 0
1863 0.01858310468425481 0.1078585718481351 0
1864 0.01856469994381726 0.1090435516410699 0
1865 0.01854699277781009 0.1101691726466942 0
1866 0.01852998659141772 0.1112372287670483 0
1867 0.01851368509219241 0.1122496036232717 0
1868 0.01849809161213098 0.1132082495861231 0
1869 0.01848320836154325 0.1141151685615196 0
1870 0.01846903572385374 0.114972394558996 0
1871 0.01845557170607773 0.115781978044059 0
1872 0.01844281165077667 0.1165459720608961 0
1873 0.01843074829292095 0.117266420110228 0
1874 0.01841937221348893 0.1179453457776464 0
1875 0.01840867270754405 0.1185847441291932 0
1876 0.01839863905582509 0.1191865749219818 0
1877 0.01838926217281253 0.1197527577185543 0
1878 0.01838053660604981 0.1202851690474721 0
1879 0.01837246288405764 0.1207856418264671 0
1880 0.01836505025486693 0.1212559673703947 0
1881 0.01835831992616264 0.1216979004623229 0
1882 0.01835230901768612 0.1221131681987637 0
1883 0.01834707558290937 0.1225034836691106 0
1884 0.01834270528510219 0.1228705660593159 0
1885 0.01833932069567262 0.1232161695938456 0
1886 0.01833709487225849 0.1235421250641233 0
1887 0.02052118144284951 0.001021288178387086 0
1888 0.02051225076572315 0.002088629865674381 0
1889 0.02049884367679822 0.003206625900585974 0
1890 0.0204818421066107 0.004379132217645638 0
1891 0.02046203804115948 0.005609388866627601 0
1892 0.02044014886755386 0.006900100466841644 0
1893 0.02041681375284526 0.008253494503188036 0
1894 0.0203925849681584 0.009671366595030154 0
1895 0.02036792014076371 0.01115511436747829 0
1896 0.02034317838029918 0.01270575987198799 0
1897 0.02031862157759464 0.01432396114885985 0
1898 0.02029442096929918 0.01601001450678649 0
1899 0.02027066815534415 0.01776384968856717 0
1900 0.02024738918539435 0.01958502023885118 0
1901 0.0202245601027259 0.02147269124942008 0
1902 0.02020212241484225 0.02342562639376158 0
1903 0.02017999724924113 0.02544217588383987 0
1904 0.02015809736001658 0.02752026672875499 0
1905 0.02013633656299704 0.0296573964618383 0
1906 0.02011463654209509 0.03185063131450398 0
1907 0.02009293123718234 0.03409660963908127 0
1908 0.02007116917986893 0.03639155120518536 0
1909 0.02004931423106587 0.03873127281101914 0
1910 0.02002734514900464 0.04111121044971263 0
1911 0.02000525439582094 0.04352644806636214 0
1912 0.01998304649478324 0.0459717527225711 0
1913 0.01996073618598941 0.0484416157750053 0
1914 0.0199383465640761 0.05093029947110475 0
1915 0.01991590729482236 0.05343188817074608 0
1916 0.01989345298050766 0.05594034324782344 0
1917 0.0198710217021592 0.05844956058755537 0
1918 0.01984865374180513 0.06095342950878083 0
1919 0.01982639047982887 0.06344589188640297 0
1920 0.01980427344890166 0.06592100024445978 0
1921 0.01978234352624989 0.06837297362802908 0
1922 0.01976064024875166 0.07079625014034728 0
1923 0.01973920123113792 0.07318553514982656 0
1924 0.01971806167539779 0.07553584431808928 0
1925 0.01969725396132303 0.07784254077169458 0
1926 0.01967680731262177 0.08010136592629802 0
1927 0.01965674753682586 0.08230846366499961 0
1928 0.01963709684093288 0.08446039776318785 0
1929 0.01961787372897304 0.08655416263356711 0
1930 0.01959909299057976 0.08858718762966976 0
1931 0.01958076579064104 0.09055733528944244 0
1932 0.01956289987070908 0.09246289401845595 0
1933 0.01954549986986286 0.09430256580287444 0
1934 0.01952856776783092 0.09607544960509277 0
1935 0.01951210344504672 0.09778102113070267 0
1936 0.01949610534379848 0.09941910966629287 0
1937 0.01948057120243514 0.100989872676474 0
1938 0.01946549882187765 0.102493768818987 0
1939 0.01945088681234458 0.1039315299926899 0
1940 0.01943673526004105 0.1053041329784795 0
1941 0.01942304625060222 0.1066127711714257 0
1942 0.01940982418983815 0.107858826836767 0
1943 0.01939707587376016 0.1090438442555509 0
1944 0.01938481027895034 0.1101695040596136 0
1945 0.01937303807002252 0.1112375989917353 0
1946 0.01936177085105614 0.1122500112663151 0
1947 0.01935102021934725 0.1132086916498194 0
1948 0.01934079670874826 0.1141156403298732 0
1949 0.01933110873204497 0.1149728895989645 0
1950 0.0193219616432398 0.1157824883455955 0
1951 0.01931335703826714 0.1165464883248433 0
1952 0.01930529239546637 0.1172669321738519 0
1953 0.01929776112674747 0.117945843146928 0
1954 0.01929075307155678 0.1185852165694802 0
1955 0.01928425542582877 0.1191870130486901 0
1956 0.01927825406556012 0.119753153530239 0
1957 0.01927273520710339 0.1202855163550325 0
1958 0.01926768734890085 0.1207859365519627 0
1959 0.01926310346434017 0.1212562077123036 0
1960 0.01925898346305002 0.1216980869458891 0
1961 0.01925533700947255 0.1221133036461396 0
1962 0.01925218688922935 0.1225035731322752 0
1963 0.01924957326344549 0.1228706167599862 0
1964 0.01924755939000886 0.1232161909130736 0
1965 0.01924623980951555 0.1235421286320287 0
1966 0.02091765669609685 0.001021230081519136 0
1967 0.02091104260957367 0.002088418580139577 0
1968 0.0209007543585741 0.003206222678372589 0
1969 0.02088738565980052 0.004378546740303479 0
1970 0.02087155959207984 0.005608662778959815 0
1971 0.02085389237850942 0.00689928949272219 0
1972 0.02083496249459718 0.008252654302057691 0
1973 0.02081528697777284 0.009670544133823922 0
1974 0.02079530492840917 0.01115434423966982 0
1975 0.02077536818985123 0.01270506405926721 0
1976 0.02075573901554762 0.01432335070787187 0
1977 0.02073659404739052 0.01600949203558706 0
1978 0.02071803339157266 0.01776341185424449 0
1979 0.02070009320085643 0.01958465999048837 0
1980 0.02068276004344594 0.02147239957071981 0
1981 0.02066598546732227 0.02342539358416783 0
1982 0.02064969947663393 0.02544199242459179 0
1983 0.02063382205118647 0.02752012381551364 0
1984 0.02061827225289239 0.02965728628746891 0
1985 0.02060297483071234 0.03185054717604181 0
1986 0.02058786450633237 0.03409654592896774 0
1987 0.02057288828149143 0.03639150333246421 0
1988 0.020558006203951 0.03873123708589941 0
1989 0.02054319100316434 0.0411111839541414 0
1990 0.02052842699647084 0.04352642852567856 0
1991 0.02051370856812802 0.04597173838675603 0
1992 0.02049903846468927 0.04844160531398364 0
1993 0.02048442609032169 0.05093029188628509 0
1994 0.02046988589357933 0.05343188272214089 0
1995 0.02045543591588891 0.05594033939609555 0
1996 0.0204410965288983 0.05844955794897684 0
1997 0.02042688936147776 0.06095342782157688 0
1998 0.02041283641080288 0.06344589098673142 0
1999 0.02039895931592648 0.06592100005060263 0
2000 0.02038527877289519 0.06837297413175616 0
2001 0.02037181407370195 0.07079625140443949 0
2002 0.02035858274494507 0.0731855373112284 0
2003 0.02034560027124709 0.07553584759627731 0
2004 0.02033287988984061 0.07784254548196397 0
2005 0.02032043244748311 0.08010137249770094 0
2006 0.02030826631495114 0.08230847266264672 0
2007 0.02029638735835057 0.08446040991442744 0
2008 0.0202847989714801 0.08655417885734848 0
2009 0.02027350217693839 0.08858720906803677 0
2010 0.02026249580498942 0.09055736333967837 0
2011 0.02025177676072409 0.09246293036390767 0
2012 0.02024134038741376 0.09430261243991858 0
2013 0.02023118092968834 0.09607550886310787 0
2014 0.02022129209242008 0.09778109568127945 0
2015 0.02021166768104743 0.09941920251729233 0
2016 0.02020230229720877 0.1009899871459801 0
2017 0.02019319205110599 0.1024939084837829 0
2018 0.0201843352409485 0.1039316986057474 0
2019 0.02017573294181789 0.105304334350287 0
2020 0.02016738944326306 0.1066130090110348 0
2021 0.0201593124781459 0.1078591045505062 0
2022 0.02015151319542617 0.1090441647047227 0
2023 0.02014400584647515 0.1101698692833599 0
2024 0.0201368071771368 0.1112380099076495 0
2025 0.02012993554435956 0.1122504673689468 0
2026 0.02012340980454588 0.1132091907351167 0
2027 0.0201172480481613 0.1141161782803886 0
2028 0.02011146627866177 0.1149734602683033 0
2029 0.02010607715021566 0.1157830835789004 0
2030 0.02010108888472171 0.1165470981432869 0
2031 0.02009650448141944 0.1172675451346433 0
2032 0.0200923213105464 0.1179464468677557 0
2033 0.02008853114719149 0.1185857983814363 0
2034 0.02008512065727472 0.1191875607200684 0
2035 0.02008207230214388 0.1197536559908905 0
2036 0.02007936559087478 0.1202859643512417 0
2037 0.02007697858829472 0.1207863231758921 0
2038 0.02007488958700708 0.1212565287751317 0
2039 0.02007307887401465 0.1216983411943284 0
2040 0.02007153056459486 0.1221134928517741 0
2041 0.02007023453555377 0.1225037021072645 0
2042 0.02006918856893167 0.1228706933695943 0
2043 0.02006840092825871 0.123216226168988 0
2044 0.02006789376915685 0.1235421369766684 0
2045 0.02129104370962397 0.00102115982916617 0
2046 0.02128646935961816 0.002088175157599352 0
2047 0.02127892282486384 0.003205769311054169 0
2048 0.02126875028177965 0.004377900380246965 0
2049 0.02125642991975377 0.005607873265230045 0
2050 0.02124248978198858 0.006898418983243465 0
2051 0.02122745386000994 0.008251762256928365 0
2052 0.02121180610719021 0.009669678967927595 0
2053 0.02119596684444948 0.01115354037244156 0
2054 0.0211802790145258 0.01270434241038106 0
2055 0.0211650028695664 0.0143227209336337 0
2056 0.02115031779375968 0.01600895533366013 0
2057 0.02113632972421726 0.01776296366090782 0
2058 0.02112308241458084 0.01958429225252683 0
2059 0.02111057074032678 0.02147210249523214 0
2060 0.02109875441428567 0.0234251568887817 0
2061 0.02108757080385554 0.02544180616443899 0
2062 0.02107694596026962 0.02751997887872629 0
2063 0.02106680338104797 0.02965717464685206 0
2064 0.0210570703940631 0.03185046197177258 0
2065 0.02104768232250259 0.03409648144172862 0
2066 0.02103858474875616 0.0363914548915141 0
2067 0.02102973429808734 0.03873120094428885 0
2068 0.02102109833495024 0.04111115715269185 0
2069 0.02101265396439373 0.04352640876001317 0
2070 0.02100438662955168 0.0459717238853047 0
2071 0.0209962885429164 0.04844159473099356 0
2072 0.02098835713396388 0.05093028421175803 0
2073 0.02098059359808534 0.05343187720780208 0
2074 0.02097300161684135 0.05594033549663469 0
2075 0.02096558627536965 0.05844955527643027 0
2076 0.0209583531751184 0.06095342611127996 0
2077 0.02095130773587284 0.06344589007303837 0
2078 0.02094445466262434 0.06592099985092377 0
2079 0.02093779755406628 0.06837297463786886 0
2080 0.02093133863351668 0.070796252680037 0
2081 0.02092507857428548 0.07318553949518365 0
2082 0.020919016402293 0.07553585091121465 0
2083 0.02091314945956415 0.07784255024784703 0
2084 0.02090747341720699 0.08010137915018403 0
2085 0.0209019823308059 0.0823084817759247 0
2086 0.02089666873527122 0.08446042222811918 0
2087 0.02089152378184337 0.0865541953067598 0
2088 0.02088653742382413 0.08858723081679705 0
2089 0.02088169865903912 0.09055739181334288 0
2090 0.02087699583944543 0.09246296728265978 0
2091 0.02087241705586707 0.0943026598479853 0
2092 0.02086795060223858 0.09607556915196766 0
2093 0.02086358551646127 0.09778117160318595 0
2094 0.0208593121853949 0.099419297185091 0
2095 0.02085512299028626 0.100990104014692 0
2096 0.02085101295710452 0.1024940513090069 0
2097 0.02084698036585099 0.10393187137367 0
2098 0.02084302726540597 0.1053045411741032 0
2099 0.02083915983764979 0.1066132539890399 0
2100 0.02083538855739373 0.1078593915822443 0
2101 0.02083172810349785 0.1090444972636555 0
2102 0.02082819699093308 0.1101702501478703 0
2103 0.02082481691238644 0.1112384408570989 0
2104 0.02082161179981154 0.1122509488581112 0
2105 0.02081860663955879 0.1132097215684425 0
2106 0.02081582609793379 0.1141167553163758 0
2107 0.02081329303583115 0.1149740781924492 0
2108 0.02081102700975545 0.1157837347887291 0
2109 0.02080904286963148 0.1165477727883117 0
2110 0.02080734956798269 0.1172682313451939 0
2111 0.02080594928658326 0.1179471311883621 0
2112 0.02080483696273589 0.1185864663982625 0
2113 0.02080400025780269 0.1191881978420798 0
2114 0.02080341995968218 0.1197542483177551 0
2115 0.02080307075707278 0.120286499544766 0
2116 0.02080292227740524 0.1207867912515761 0
2117 0.02080294025164075 0.121256922747791 0
2118 0.02080308766175199 0.1216986575436639 0
2119 0.02080332573723411 0.1221137318138664 0
2120 0.02080361468547364 0.1225038678389873 0
2121 0.02080391405386309 0.1228707940700352 0
2122 0.02080418261601739 0.1232162742767133 0
2123 0.02080437764298315 0.1235421496136302 0
2124 0.02164925319572137 0.001021075950301948 0
2125 0.02164642711930493 0.002087895100104546 0
2126 0.02164123617024908 0.003205258894934452 0
2127 0.02163381884143335 0.004377185191841632 0
2128 0.02162452986374028 0.005607012515028416 0
2129 0.02161381965187017 0.006897481956960499 0
2130 0.02160216213190218 0.008250812492489547 0
2131 0.02159000916759557 0.009668766352768327 0
2132 0.02157776139089507 0.01115269905724815 0
2133 0.02156575090977565 0.01270359211577713 0
2134 0.02155423355057884 0.01432206977180825 0
2135 0.02154338886348457 0.01600840296510593 0
2136 0.02153332610603965 0.01776250416609052 0
2137 0.02152409432438884 0.01958391646458431 0
2138 0.02151569467390229 0.02147179974799591 0
2139 0.02150809332439603 0.02342491623659284 0
2140 0.02150123362989966 0.02544161716991751 0
2141 0.02149504666362826 0.02751983207032103 0
2142 0.02148945962503872 0.02965706173799771 0
2143 0.02148440199020387 0.03185037591752127 0
2144 0.02147980954533237 0.03409641639180712 0
2145 0.02147562660009115 0.03639140608332347 0
2146 0.02147180678549641 0.03873116456699063 0
2147 0.02146831281014396 0.04111113020306212 0
2148 0.0214651155575209 0.04352638890359514 0
2149 0.02146219280256955 0.04597170933019391 0
2150 0.02145952777793471 0.04844158411783511 0
2151 0.02145710777036198 0.05093027652156069 0
2152 0.02145492282462343 0.0534318716864012 0
2153 0.02145296462417962 0.0559403315948863 0
2154 0.02145122557282278 0.05844955260385297 0
2155 0.02144969807268232 0.06095342440149162 0
2156 0.02144837399236831 0.0634458891591007 0
2157 0.02144724429826287 0.06592099964909144 0
2158 0.02144629882399717 0.06837297513866646 0
2159 0.02144552615820462 0.07079625394558617 0
2160 0.02144491361939175 0.07318554166223837 0
2161 0.0214444472993831 0.07553585419948117 0
2162 0.02144411215702918 0.07784255497327928 0
2163 0.02144389214905609 0.08010138574299519 0
2164 0.02144377038943591 0.08230849080305459 0
2165 0.02144372933275612 0.08446043441970305 0
2166 0.02144375098328075 0.08655421158597817 0
2167 0.02144381713555813 0.08858725233215796 0
2168 0.02144390965374479 0.09055741997208269 0
2169 0.02144401080007119 0.09246300378354096 0
2170 0.02144410362048679 0.09430270671131644 0
2171 0.0214441723925764 0.09607562874422242 0
2172 0.02144420313404136 0.09778124665314566 0
2173 0.02144418416111049 0.09941939078800266 0
2174 0.02144410667581989 0.1009902196205364 0
2175 0.02144396535006225 0.1024941926906157 0
2176 0.02144375886477756 0.103932042570143 0
2177 0.0214434903558486 0.1053047464048062 0
2178 0.02144316771582769 0.1066134975334857 0
2179 0.02144280370318103 0.1078596776215186 0
2180 0.02144241581842986 0.1090448296799594 0
2181 0.0214420259185931 0.1101706322805367 0
2182 0.02144165955646835 0.1112388752165065 0
2183 0.02144134504810267 0.1122514368037185 0
2184 0.02144111228920861 0.1132102629640361 0
2185 0.02144099135872427 0.1141173481845748 0
2186 0.02144101096517582 0.1149747184008636 0
2187 0.02144119680898143 0.1157844158103122 0
2188 0.02144156995056313 0.1165484855856748 0
2189 0.02144214528769978 0.1172689644295033 0
2190 0.02144293025155099 0.1179478708945968 0
2191 0.02144392382344558 0.1185871973982727 0
2192 0.02144511594867462 0.1191889038863035 0
2193 0.02144648737736758 0.1197549131606936 0
2194 0.02144800990012919 0.120287107976754 0
2195 0.0214496468778275 0.1207873301394009 0
2196 0.02145135390447051 0.1212573819865946 0
2197 0.02145307940050395 0.1216990308447121 0
2198 0.02145476491226377 0.1221140172939576 0
2199 0.0214563448776528 0.1225040684303461 0
2200 0.02145774557725429 0.1228709178273284 0
2201 0.02145888287636298 0.1232163347194947 0
2202 0.02145965811505623 0.12354216633139 0
2203 0.02199986651225546 0.001020975313302444 0
2204 0.02199847272924639 0.002087569862327797 0
2205 0.02199523107820405 0.003204678539670607 0
2206 0.021990111938153 0.004376386125934407 0
2207 0.02198336588138255 0.005606065257119846 0
2208 0.02197537415738988 0.006896464167761768 0
2209 0.02196656348516544 0.008249792411682753 0
2210 0.02195735360201204 0.00966779554850271 0
2211 0.02194812393057677 0.0111518113845994 0
2212 0.02193919350955877 0.0127028059513297 0
2213 0.02193081123459902 0.01432139148652904 0
2214 0.02192315431416004 0.01600783046858901 0
2215 0.02191633297867764 0.0177620299720378 0
2216 0.02191039947477811 0.01958353009539745 0
2217 0.0219053594509324 0.02147148948737009 0
2218 0.02190118407160278 0.02342467032216338 0
2219 0.02189782154005198 0.02544142454274297 0
2220 0.02189520712980595 0.0275196827936974 0
2221 0.02189327122409918 0.02965694718213362 0
2222 0.02189194522162818 0.03185028878743495 0
2223 0.02189116543118419 0.0340963506573407 0
2224 0.0218908752310599 0.03639135685411704 0
2225 0.0218910258811583 0.03873112794269638 0
2226 0.02189157634131973 0.04111110311867315 0
2227 0.02189249246720804 0.04352636898269802 0
2228 0.02189374584762814 0.04597169475290337 0
2229 0.02189531250499624 0.04844157350651138 0
2230 0.02189717163619678 0.05093026884552656 0
2231 0.0218993044628999 0.05343186618418987 0
2232 0.02190169325921679 0.05594032771286302 0
2233 0.02190432057923507 0.05844954994874314 0
2234 0.02190716867704969 0.06095342270502244 0
2235 0.02191021911322556 0.06344588825275257 0
2236 0.02191345251866388 0.06592099944736925 0
2237 0.02191684848980946 0.06837297562974751 0
2238 0.02192038559542492 0.07079625518820765 0
2239 0.02192404146141958 0.07318554378823569 0
2240 0.02192779291478333 0.07553585742151726 0
2241 0.0219316161672892 0.07784255959741794 0
2242 0.021935487024983 0.08010139218583534 0
2243 0.0219393811140884 0.08230849961315445 0
2244 0.02194327411791304 0.084460446302838 0
2245 0.02194714202599872 0.08655422743364086 0
2246 0.02195096140107739 0.08858727325240888 0
2247 0.02195470967038462 0.09055744732153878 0
2248 0.0219583654519216 0.09246303919894264 0
2249 0.02196190892374391 0.09430275213873081 0
2250 0.02196532224202088 0.09607568646358836 0
2251 0.02196859000724127 0.09778131929552276 0
2252 0.02197169976966989 0.09941948134257535 0
2253 0.02197464255557154 0.1009903314281538 0
2254 0.02197741338551856 0.1024943294203906 0
2255 0.02198001174750778 0.1039322081753912 0
2256 0.02198244198156168 0.1053049450543616 0
2257 0.02198471353052794 0.1066137335141946 0
2258 0.02198684101426106 0.1078599552075437 0
2259 0.02198884409117654 0.1090451529645509 0
2260 0.02199074708125046 0.1101710049663996 0
2261 0.02199257833649998 0.1112393003622216 0
2262 0.02199436935734345 0.1122519165264242 0
2263 0.02199615366507547 0.1132107981033963 0
2264 0.02199796545193569 0.1141179379405259 0
2265 0.02199983804181465 0.1149753599679152 0
2266 0.02200180220798667 0.1157851040436445 0
2267 0.02200388441052179 0.1165492127470607 0
2268 0.02200610503473827 0.1172697200709126 0
2269 0.0220084767299587 0.1179486419398535 0
2270 0.02201100295838606 0.1185879684740088 0
2271 0.02201367685824177 0.1191896579301588 0
2272 0.02201648049497647 0.1197556322985627 0
2273 0.02201938451550645 0.1202877746181142 0
2274 0.02202234813753824 0.1207879282009257 0
2275 0.0220253193128543 0.1212578981312632 0
2276 0.02202823481876688 0.121699455625628 0
2277 0.02203101997027791 0.1221143461220552 0
2278 0.0220335876047701 0.1225043023393875 0
2279 0.02203583594214624 0.1228710640811752 0
2280 0.02203764480509687 0.1232164073942657 0
2281 0.02203886941317095 0.1235421871396754 0
2282 0.02233743089327384 0.001020857440038398 0
2283 0.02233718326926257 0.002087200665052655 0
2284 0.02233550822544062 0.003204033713396535 0
2285 0.02233225312070218 0.00437551404249666 0
2286 0.0223275855815429 0.005605047230161629 0
2287 0.02232182707889149 0.006895384698054046 0
2288 0.02231536068081916 0.008248722633903088 0
2289 0.02230857460038096 0.009666787128618138 0
2290 0.02230182613538586 0.01115089673092779 0
2291 0.0222954195887119 0.01270200139253004 0
2292 0.02228959494628509 0.01432070131923775 0
2293 0.02228452504739559 0.01600725078690981 0
2294 0.02228031918151475 0.01776155183216153 0
2295 0.02227703109260974 0.01958314191722758 0
2296 0.02227466948350977 0.02147117875799086 0
2297 0.02227320936351924 0.02342442472567458 0
2298 0.02227260293029461 0.02544123264961572 0
2299 0.02227278909328558 0.0275195344288625 0
2300 0.02227370113643502 0.02965683356984582 0
2301 0.02227527236938301 0.03185020254937256 0
2302 0.02227743987456405 0.03409628572107207 0
2303 0.02228014660618101 0.03639130831293508 0
2304 0.02228334221165888 0.03873109189544763 0
2305 0.02228698290829501 0.04111107650815751 0
2306 0.02229103077371038 0.04352634944441469 0
2307 0.02229545269884578 0.04597168048017766 0
2308 0.02230021921552748 0.04844156313456218 0
2309 0.02230530337169797 0.05093026135526301 0
2310 0.02231067971488665 0.05343186082402319 0
2311 0.02231632345012616 0.05594032393715147 0
2312 0.02232220979318108 0.05844954737028946 0
2313 0.02232831350915006 0.06095342105972599 0
2314 0.0223346086308683 0.06344588737434574 0
2315 0.02234106832657667 0.0659209992505987 0
2316 0.02234766489027301 0.06837297610081415 0
2317 0.02235436983575521 0.0707962563813002 0
2318 0.02236115405921009 0.07318554582753595 0
2319 0.02236798805169748 0.07553586050818936 0
2320 0.02237484214184209 0.07784256402120779 0
2321 0.02238168675450908 0.08010139834097933 0
2322 0.02238849267589494 0.08230850801831928 0
2323 0.022395231319173 0.08446045762464315 0
2324 0.02240187499182621 0.08655424251320654 0
2325 0.02240839717017737 0.08858729313410489 0
2326 0.02241477278714435 0.09055747328283384 0
2327 0.02242097854401917 0.0924630727799641 0
2328 0.02242699325430596 0.09430279516983267 0
2329 0.02243279822589525 0.09607574108895792 0
2330 0.02243837768186011 0.09778138799061326 0
2331 0.02244371921252579 0.09941956692295262 0
2332 0.02244881424270561 0.1009904370471893 0
2333 0.02245365848861224 0.1024944585530849 0
2334 0.02245825237129075 0.1039323645854413 0
2335 0.02246260134810924 0.1053051327413475 0
2336 0.02246671612238228 0.1066139566374117 0
2337 0.02247061269368748 0.1078602179825313 0
2338 0.02247431221761434 0.1090454595278186 0
2339 0.0224778406522974 0.1101713592033855 0
2340 0.02248122817858818 0.1112397056934677 0
2341 0.0224845083895184 0.1122523756478508 0
2342 0.02248771725184069 0.1132113126791579 0
2343 0.02249089184796177 0.1141185082521056 0
2344 0.02249406891184797 0.1149759845316515 0
2345 0.02249728317987856 0.1157857792210905 0
2346 0.02250056558988114 0.1165499323877603 0
2347 0.02250394138049312 0.1172704752430993 0
2348 0.02250742816773342 0.117949420817211 0
2349 0.0225110341012543 0.1185887564505215 0
2350 0.02251475621940146 0.1191904380247821 0
2351 0.02251857911669261 0.1197563858838019 0
2352 0.02252247399677139 0.1202884824633974 0
2353 0.02252639810164234 0.1207885717710483 0
2354 0.02253029438900713 0.1212584610357616 0
2355 0.02253409119162334 0.1216999250916756 0
2356 0.02253770145993665 0.1221147143722529 0
2357 0.02254102107647881 0.1225045677993959 0
2358 0.02254392561967489 0.1228712324163566 0
2359 0.02254626476917076 0.123216492479143 0
2360 0.02254785313756901 0.1235422122427373 0
2361 0.02267481945174251 0.001020714492278081 0
2362 0.02267536075553028 0.00208676714274944 0
2363 0.02267480849675229 0.003203293669625141 0
2364 0.02267292837638984 0.004374532164326674 0
2365 0.02266982199827745 0.005603919676016406 0
2366 0.02266575716998065 0.006894205749936847 0
2367 0.02266107457765048 0.008247568163083968 0
2368 0.0226561299691466 0.009665709890578232 0
2369 0.02265125660579787 0.01114992808361942 0
2370 0.02264674180014142 0.01270115561800361 0
2371 0.02264281436963758 0.01431998039277274 0
2372 0.02263964070930784 0.01600664859745891 0
2373 0.02263732737744677 0.01776105752142645 0
2374 0.02263592815781049 0.01958274233062531 0
2375 0.02263545369697255 0.02147086013355867 0
2376 0.02263588207966766 0.02342417378203219 0
2377 0.02263716905387063 0.02544103722593671 0
2378 0.02263925702711237 0.0275193838056843 0
2379 0.02264208233472443 0.02965671857266861 0
2380 0.02264558062253171 0.0318501155124996 0
2381 0.02264969043682908 0.03409622036849279 0
2382 0.02265435525735296 0.03639125959644072 0
2383 0.02265952432486646 0.03873105581762502 0
2384 0.02266515257408756 0.04111104994796318 0
2385 0.02267120001576708 0.04352632999626523 0
2386 0.02267763080049606 0.04597166631195043 0
2387 0.02268441216543714 0.04844155286650822 0
2388 0.02269151343186667 0.0509302539600921 0
2389 0.02269890510569167 0.05343185554613363 0
2390 0.02270655814518895 0.0559403202292589 0
2391 0.02271444341538162 0.05844954484467969 0
2392 0.0227225313170637 0.0609534194520212 0
2393 0.02273079158586596 0.06344588651757525 0
2394 0.02273919323012859 0.06592099905782098 0
2395 0.02274770458125618 0.0683729765549983 0
2396 0.02275629343910048 0.07079625753124442 0
2397 0.02276492727652969 0.07318554778912578 0
2398 0.02277357348560105 0.07553586347045414 0
2399 0.02278219964605604 0.07784256825675241 0
2400 0.02279077380233398 0.08010140422045453 0
2401 0.02279926473990219 0.08230851602862656 0
2402 0.02280764225505302 0.08446046839042153 0
2403 0.02281587741950124 0.08655425682106524 0
2404 0.02282394284543907 0.08858731195883275 0
2405 0.02283181295663336 0.09055749781458705 0
2406 0.02283946427654787 0.09246310445119875 0
2407 0.02284687574136045 0.09430283568050277 0
2408 0.02285402904449273 0.09607579242830992 0
2409 0.02286090901358678 0.09778145245375372 0
2410 0.02286750401381056 0.09941964712026116 0
2411 0.02287380636338825 0.1009905359045981 0
2412 0.02287981273861806 0.1024945793011944 0
2413 0.02288552453883565 0.1039325107353574 0
2414 0.02289094817714496 0.1053053080449345 0
2415 0.02289609526174831 0.1066141650292877 0
2416 0.02290098263526351 0.1078604635005276 0
2417 0.02290563224517399 0.1090457462077665 0
2418 0.02291007082612412 0.1101716909430571 0
2419 0.02291432938250711 0.111240086079507 0
2420 0.02291844246597732 0.1122528077390206 0
2421 0.02292244724606318 0.1132117987398932 0
2422 0.02292638237289806 0.1141190494331415 0
2423 0.02293028663057654 0.1149765805004855 0
2424 0.02293419738052706 0.1157864277552119 0
2425 0.02293814880030382 0.1165506289583168 0
2426 0.02294216993804214 0.1172712126351014 0
2427 0.02294628262851057 0.1179501888517053 0
2428 0.02295049935140746 0.1185895418893656 0
2429 0.02295482114857787 0.1191912247429722 0
2430 0.02295923573973628 0.1197571553811167 0
2431 0.02296371596669547 0.1202892147529841 0
2432 0.02296821863499659 0.1207892466305811 0
2433 0.02297268369849192 0.1212590595483443 0
2434 0.02297703355175777 0.1217004313567084 0
2435 0.02298117197915462 0.1221151172498426 0
2436 0.02298498208756988 0.1225048625778121 0
2437 0.02298832233846236 0.1228714223624306 0
2438 0.02299101956806539 0.1232165903474671 0
2439 0.02299285756808574 0.1235422420373092 0
2440 0.02301203073402866 0.001020540387405433 0
2441 0.02301299060983624 0.002086257297951183 0
2442 0.02301310471540565 0.003202444825996878 0
2443 0.02301209956081183 0.004373428967428487 0
2444 0.02301002713586439 0.005602674734287192 0
2445 0.02300710740417477 0.006892923147383132 0
2446 0.02300363992142964 0.008246327759372573 0
2447 0.02299994717430665 0.009664564601123828 0
2448 0.02299633671228565 0.01114890739706673 0
2449 0.02299307689707499 0.01270027115547527 0
2450 0.02299038345390219 0.01431923139411655 0
2451 0.02298841462341034 0.01600602649248369 0
2452 0.02298727282848479 0.01776054939827092 0
2453 0.02298701083417786 0.01958233339780141 0
2454 0.02298764052556821 0.02147053536565059 0
2455 0.02298914269957209 0.02342391894581723 0
2456 0.02299147661288476 0.02544083945771252 0
2457 0.02299458842829621 0.02751923187634327 0
2458 0.02299841806725152 0.02965660294486148 0
2459 0.02300290430640526 0.03185002826723062 0
2460 0.02300798819678725 0.03409615505685262 0
2461 0.02301361502053429 0.0363912110553424 0
2462 0.02301973511612004 0.03873101997585955 0
2463 0.02302630385980286 0.0411110236391721 0
2464 0.02303328113038281 0.04352631078876933 0
2465 0.02304063047296574 0.04597165236009318 0
2466 0.0230483181512549 0.04844154278490093 0
2467 0.02305631225015383 0.05093024672043426 0
2468 0.02306458187290019 0.05343185039426676 0
2469 0.02307309649493338 0.0559403166203159 0
2470 0.02308182549282376 0.05844954239337494 0
2471 0.02309073783491448 0.06095341789574783 0
2472 0.02309980193053065 0.0634458856899737 0
2473 0.02310898560667281 0.06592099887095516 0
2474 0.02311825618687976 0.06837297698874398 0
2475 0.02312758065693465 0.07079625862862064 0
2476 0.02313692588173606 0.07318554965679902 0
2477 0.02314625885737888 0.07553586628382183 0
2478 0.02315554698011946 0.07784257226913864 0
2479 0.02316475831927372 0.08010140977604896 0
2480 0.02317386188554863 0.08230852357883797 0
2481 0.02318282788921434 0.08446047851319505 0
2482 0.02319162798975431 0.08655427024264742 0
2483 0.02320023554280713 0.08858732957727283 0
2484 0.02320862584950077 0.09055752072407441 0
2485 0.02321677641919028 0.0924631339661505 0
2486 0.02322466725310876 0.09430287335812682 0
2487 0.02323228115562872 0.09607584008824396 0
2488 0.02323960407441068 0.09778151219329528 0
2489 0.02324662546419297 0.09941972132367778 0
2490 0.02325333866170171 0.1009906272450305 0
2491 0.02325974125120389 0.1024946907336997 0
2492 0.02326583539419811 0.1039326454796246 0
2493 0.02327162809269423 0.1053054695560817 0
2494 0.02327713135496671 0.1066143569548168 0
2495 0.02328236223531669 0.1078606896208904 0
2496 0.02328734272486664 0.1090460103570235 0
2497 0.0232920994772714 0.1101719969047978 0
2498 0.02329666335977698 0.1112404374516709 0
2499 0.02330106882448004 0.1122532077598205 0
2500 0.0233053530956864 0.1132122500662532 0
2501 0.02330955516662871 0.1141195538637848 0
2502 0.02331371459356618 0.1149771386391806 0
2503 0.02331787007007897 0.1157870386170238 0
2504 0.02332205776327287 0.1165512895341404 0
2505 0.02332630940155234 0.1172719174476536 0
2506 0.02333065012509351 0.1179509295583009 0
2507 0.02333509614702792 0.1185903070095973 0
2508 0.0233396523220414 0.1191919996064858 0
2509 0.02334430976777638 0.1197579223937211 0
2510 0.02334904371197503 0.1202899540606359 0
2511 0.02335381171683509 0.1207899372172964 0
2512 0.02335855233419403 0.1212596807417158 0
2513 0.02336318405446687 0.1217009646501762 0
2514 0.02336760413161142 0.1221155483087403 0
2515 0.02337168651675649 0.122505183300823 0
2516 0.02337527773823001 0.1228716329369721 0
2517 0.02337818913280176 0.1232167013772863 0
2518 0.02338018339669673 0.1235422771057546 0
2519 0.02334905117976278 0.001020327009273186 0
2520 0.0233500459206564 0.002085656208063005 0
2521 0.02335036178681196 0.003201471219383122 0
2522 0.0233497258603845 0.004372191596638787 0
2523 0.02334815533821094 0.005601304101848848 0
2524 0.02334582771889443 0.00689153280036477 0
2525 0.02334300276261103 0.008245000491059822 0
2526 0.02333996918405589 0.009663352367697421 0
2527 0.02333700750599518 0.01114783690765731 0
2528 0.02333436557041314 0.01269935072659351 0
2529 0.02333224449384572 0.01431845711881973 0
2530 0.02333079306847055 0.016005387103375 0
2531 0.0233301085970523 0.01776002980981718 0
2532 0.02333024218559564 0.01958191713648508 0
2533 0.02333120666476842 0.02147020614213308 0
2534 0.02333298558306871 0.02342366159904834 0
2535 0.02333554205403689 0.02544064045677502 0
2536 0.02333882662676337 0.02751907952194893 0
2537 0.02334278369862476 0.02965648737552053 0
2538 0.02334735630485619 0.0318499413461439 0
2539 0.02335248934947344 0.03409609019335316 0
2540 0.02335813147127291 0.03639116299792318 0
2541 0.02336423585337716 0.03873098460143082 0
2542 0.02337076024037105 0.04111099775383998 0
2543 0.02337766647150965 0.04352629194891846 0
2544 0.02338491972853507 0.04597163871762508 0
2545 0.02339248767539616 0.04844153295735383 0
2546 0.02340033964471974 0.05093023968500859 0
2547 0.02340844590826257 0.05343184540312941 0
2548 0.02341677709146676 0.05594031313461047 0
2549 0.02342530374983634 0.05844954003283469 0
2550 0.02343399609329081 0.06095341640134126 0
2551 0.02344282385721151 0.06344588489713765 0
2552 0.02345175629013288 0.06592099869144936 0
2553 0.023460762234438 0.06837297739962582 0
2554 0.02346981028722349 0.07079625966704493 0
2555 0.02347886900660635 0.07318555141979859 0
2556 0.02348790714944262 0.07553586893242904 0
2557 0.0234968939234295 0.07784257603634435 0
2558 0.02350579924170346 0.08010141497820331 0
2559 0.02351459397224455 0.08230853063014094 0
2560 0.02352325017681405 0.08446048794283476 0
2561 0.02353174134128334 0.08655428271408998 0
2562 0.02354004260316667 0.08858734590904996 0
2563 0.02354813098085562 0.09055754191126177 0
2564 0.02355598561532125 0.09246316120158586 0
2565 0.02356358803120699 0.09430290805227744 0
2566 0.02357092242378755 0.09607588388655723 0
2567 0.02357797597309747 0.09778156698983594 0
2568 0.02358473918049831 0.09941978926988289 0
2569 0.02359120621632734 0.1009907107524972 0
2570 0.02359737525993132 0.1024947924700078 0
2571 0.02360324880804933 0.1039327683562477 0
2572 0.02360883392398524 0.1053056167073752 0
2573 0.0236141423998113 0.1066145317067997 0
2574 0.02361919080659466 0.1078608954479605 0
2575 0.02362400041296279 0.1090462508237888 0
2576 0.02362859695872604 0.1101722755888192 0
2577 0.0236330102760809 0.1112407578411521 0
2578 0.02363727375425285 0.112253573118335 0
2579 0.0236414236429137 0.1132126632548706 0
2580 0.02364549818473542 0.1141200171101443 0
2581 0.02364953655870338 0.1149776532441992 0
2582 0.0236535776055105 0.1157876045943852 0
2583 0.02365765829839213 0.1165519051870065 0
2584 0.02366181192254655 0.1172725789024326 0
2585 0.02366606593998575 0.1179516302970181 0
2586 0.02367043954946442 0.1185910374686352 0
2587 0.02367494100430032 0.1191927469353592 0
2588 0.02367956481784244 0.1197586704850106 0
2589 0.02368428904898929 0.1202906839611498 0
2590 0.02368907288782278 0.1207906280025351 0
2591 0.0236938547148386 0.1212603108795014 0
2592 0.02369855064856358 0.1217015138060454 0
2593 0.02370305330139915 0.1221159994806994 0
2594 0.02370723002645472 0.1225055251493499 0
2595 0.02371091935496099 0.122871862234197 0
2596 0.02371392355594399 0.1232168256786436 0
2597 0.02371599426923231 0.1235423181793581 0
2598 0.02368585146076923 0.001020063561483011 0
2599 0.02368648438818348 0.002084945428992018 0
2600 0.02368653458022605 0.003200354291037109 0
2601 0.02368576213483081 0.004370805947448529 0
2602 0.02368416174137566 0.005599799234919788 0
2603 0.02368187336313652 0.006890030910922695 0
2604 0.02367911855775062 0.008243585898428349 0
2605 0.02367615221913571 0.009662074753966713 0
2606 0.02367322703096825 0.01114671921018133 0
2607 0.0236705692433492 0.01269839729602591 0
2608 0.02366836432880388 0.0143176605025255 0
2609 0.02366675080155546 0.0160047331214343 0
2610 0.02366582030740993 0.01775950110623907 0
2611 0.02366562208315469 0.01958149553052594 0
2612 0.02366617002308473 0.02146987409552893 0
2613 0.02366745085676534 0.02342340305817102 0
2614 0.02366943227028208 0.02544044126685805 0
2615 0.02367207017340847 0.02751892755794827 0
2616 0.02367531464635788 0.02965637249344074 0
2617 0.02367911439902336 0.03184985522835672 0
2618 0.02368341979312023 0.03409602613906772 0
2619 0.02368818459931424 0.03639111569352402 0
2620 0.02369336677363903 0.03873094989333611 0
2621 0.02369892849319112 0.04111097243767189 0
2622 0.02370483573927434 0.04352627358248387 0
2623 0.02371105760943918 0.04597162546068335 0
2624 0.02371756552320885 0.04844152343820054 0
2625 0.02372433246871501 0.05093023289221072 0
2626 0.02373133232174007 0.05343184059951524 0
2627 0.0237385392952781 0.05594030979048703 0
2628 0.02374592753724105 0.05844953777520717 0
2629 0.02375347086290968 0.06095341497632365 0
2630 0.02376114262301379 0.06344588414301743 0
2631 0.02376891567925613 0.06592099852034727 0
2632 0.02377676246585358 0.06837297778614815 0
2633 0.02378465512688537 0.07079626064262355 0
2634 0.02379256569632535 0.07318555307180448 0
2635 0.02380046630870934 0.07553587140737976 0
2636 0.02380832942483645 0.07784257954667344 0
2637 0.02381612806167769 0.08010141981217531 0
2638 0.02382383601952308 0.08230853716454081 0
2639 0.0238314281013153 0.08446049665800329 0
2640 0.02383888032601516 0.08655429421083019 0
2641 0.02384617014152545 0.0885873609268055 0
2642 0.02385327664089522 0.09055756134684911 0
2643 0.02386018079197934 0.09246318612764957 0
2644 0.02386686568665572 0.09430293973454129 0
2645 0.02387331681554504 0.09607592379890412 0
2646 0.02387952236926806 0.09778161682625844 0
2647 0.02388547356170128 0.09941985095241496 0
2648 0.02389116496465679 0.1009907864343522 0
2649 0.0238965948366459 0.1024948845332804 0
2650 0.0239017654236526 0.1039328794036266 0
2651 0.02390668320677728 0.1053057495473036 0
2652 0.02391135907172584 0.1066146893313102 0
2653 0.02391580837796782 0.1078610810019149 0
2654 0.02392005091061167 0.1090464675633689 0
2655 0.02392411070416614 0.1101725268257909 0
2656 0.02392801573273532 0.1112410468676388 0
2657 0.02393179746394255 0.1122539031046976 0
2658 0.02393549027250214 0.1132130371110558 0
2659 0.02393913070300662 0.1141204372990539 0
2660 0.02394275656041894 0.1149781215350951 0
2661 0.02394640579258795 0.1157881217463316 0
2662 0.02395011511520946 0.1165524705584776 0
2663 0.02395391832129554 0.1172731899952083 0
2664 0.02395784422136022 0.1179522822616361 0
2665 0.02396191418477134 0.1185917226248295 0
2666 0.02396613930278776 0.1191934543912531 0
2667 0.02397051726937592 0.1197593859667572 0
2668 0.02397502916525 0.1202913899798593 0
2669 0.02397963640603575 0.1207913044758838 0
2670 0.02398427813302226 0.1212609362832695 0
2671 0.02398886923132341 0.1217020668589117 0
2672 0.02399329890688864 0.1221164612840838 0
2673 0.02399742930986423 0.122505881651694 0
2674 0.02400109303721295 0.1228721069202552 0
2675 0.02400408742641341 0.1232169625830715 0
2676 0.02400616224631115 0.1235423659437656 0
2677 0.02402237702757989 0.001019735742138242 0
2678 0.02402224212740131 0.0020841023683115 0
2679 0.02402156403606038 0.003199072784462973 0
2680 0.02402015617588563 0.004369256898556539 0
2681 0.02401800005424411 0.005598151680049917 0
2682 0.02401520284416828 0.00688841427400781 0
2683 0.02401195005781553 0.008242084224899877 0
2684 0.02400846342645408 0.009660733944269131 0
2685 0.02400496766439009 0.0111455573713367 0
2686 0.02400166698064556 0.01269741414971949 0
2687 0.02399873073446487 0.01431684467590599 0
2688 0.02399628685036878 0.01600406733756795 0
2689 0.02399442125678761 0.01775896567040289 0
2690 0.02399318155058087 0.01958107055273865 0
2691 0.02399258321267405 0.0214695408211059 0
2692 0.02399261695497592 0.02342314458869073 0
2693 0.02399325609102702 0.02544024287562459 0
2694 0.02399446317222562 0.02751877674411887 0
2695 0.02399619544169675 0.02965625887547543 0
2696 0.02399840893836699 0.03184977034654135 0
2697 0.0240010612875672 0.0340959632148316 0
2698 0.02400411332837767 0.03639106937748056 0
2699 0.02400752983622835 0.03873091602240956 0
2700 0.0240112795567548 0.04111094781344163 0
2701 0.02401533481716108 0.04352625577683696 0
2702 0.02401967087994912 0.0459716126508321 0
2703 0.02402426519129217 0.04844151427037433 0
2704 0.0240290966629941 0.05093022637162827 0
2705 0.02403414501542831 0.0534318360035122 0
2706 0.02403939023758805 0.05594030660128958 0
2707 0.02404481218231756 0.0584495356290413 0
2708 0.02405039028475828 0.06095341362580384 0
2709 0.02405610340718664 0.06344588343020804 0
2710 0.02406192978467804 0.06592099835835652 0
2711 0.02406784705276493 0.06837297814755351 0
2712 0.02407383234937438 0.07079626155343519 0
2713 0.02407986246006117 0.07318555460998473 0
2714 0.0240859139962644 0.07553587370520796 0
2715 0.02409196359235484 0.07784258279640389 0
2716 0.02409798811152098 0.08010142427455937 0
2717 0.02410396485398294 0.0823085431798229 0
2718 0.02410987176248203 0.08446050465898559 0
2719 0.02411568762653321 0.0865543047375483 0
2720 0.02412139229030586 0.0885873746422724 0
2721 0.02412696686689298 0.09055757905322878 0
2722 0.02413239396816089 0.09246320878213807 0
2723 0.02413765795525348 0.09430296846416948 0
2724 0.0241427452148758 0.09607595991346325 0
2725 0.02414764446187292 0.09778166182858648 0
2726 0.0241523470634908 0.09941990654537222 0
2727 0.02415684737520892 0.1009908545239548 0
2728 0.02416114307181629 0.1024949672276072 0
2729 0.0241652354531961 0.1039329790072396 0
2730 0.0241691297016307 0.1053058685509442 0
2731 0.02417283506781742 0.1066148303964854 0
2732 0.02417636496572721 0.1078612469395727 0
2733 0.02417973696160349 0.1090466613050897 0
2734 0.02418297264835543 0.1101727513847161 0
2735 0.02418609740176435 0.1112413052846788 0
2736 0.02418914001742621 0.1122541983734326 0
2737 0.02419213222563659 0.1132133720723262 0
2738 0.02419510807442531 0.1141208144938761 0
2739 0.02419810315850596 0.1149785430028861 0
2740 0.02420115365505476 0.1157885887555353 0
2741 0.02420429510862799 0.1165529832600575 0
2742 0.0242075608918598 0.1172737469979908 0
2743 0.02421098026286904 0.1179528801440672 0
2744 0.0242145759535003 0.1185923554214599 0
2745 0.02421836126382795 0.1191941131233089 0
2746 0.02422233671339771 0.1197600583200117 0
2747 0.0242264864045026 0.1202920602606584 0
2748 0.02423077436673406 0.1207919539846467 0
2749 0.02423514123290118 0.1212615442211396 0
2750 0.02423950158265101 0.1217026118219566 0
2751 0.02424374211417178 0.1221169233117149 0
2752 0.02424772041517194 0.1225062447164983 0
2753 0.02425126349092034 0.1228723617365023 0
2754 0.02425416443789596 0.1232171097811888 0
2755 0.02425617518034649 0.1235424203664424 0
2756 0.02435893964394676 0.00101932418435882 0
2757 0.02435806430568774 0.002083096997380114 0
2758 0.02435666386364152 0.003197596801865217 0
2759 0.02435461120241489 0.004367519111628896 0
2760 0.02435188240137004 0.005596340774461308 0
2761 0.02434855760263794 0.006886665576151581 0
2762 0.02434478973079588 0.008240480219130928 0
2763 0.02434076902725039 0.009659315932923664 0
2764 0.02433669272478814 0.0111443382559102 0
2765 0.02433274278267191 0.01269638893548939 0
2766 0.02432907189024987 0.01431599812644227 0
2767 0.0243257967059579 0.01600337918052069 0
2768 0.02432299678137005 0.01775841396207887 0
2769 0.02432071750271754 0.01958063374564694 0
2770 0.02431897548432711 0.02146919895085974 0
2771 0.02431776508644726 0.0234228798775116 0
2772 0.02431706502203737 0.02544003995779635 0
2773 0.02431684434191382 0.02751862265365753 0
2774 0.02431706737427594 0.02965614289149369 0
2775 0.02431769745397248 0.03184968376126766 0
2776 0.02431869946522554 0.0340958990681729 0
2777 0.02432004132702325 0.03639102218725938 0
2778 0.02432169465295293 0.03873088152855205 0
2779 0.0243236347777976 0.04111092274688996 0
2780 0.02432584039354151 0.04352623765820862 0
2781 0.02432829294316736 0.04597159962028118 0
2782 0.0243309759114071 0.04844150494752431 0
2783 0.02433387414174008 0.05093021974267908 0
2784 0.02433697320376682 0.05343183133233588 0
2785 0.02434025886438228 0.05594030336064786 0
2786 0.02434371668103539 0.05844953344861438 0
2787 0.02434733170685607 0.0609534122537805 0
2788 0.02435108831266694 0.06344588270579395 0
2789 0.02435497010321606 0.06592099819299986 0
2790 0.02435895991142407 0.06837297851310402 0
2791 0.02436303986506539 0.07079626247596706 0
2792 0.0243671914974644 0.07318555616824844 0
2793 0.02437139589351245 0.07553587603298281 0
2794 0.02437563385818056 0.07784258608819208 0
2795 0.02437988609843832 0.08010142879418811 0
2796 0.02438413341250543 0.08230854927154774 0
2797 0.02438835688143679 0.08446051276069794 0
2798 0.02439253806412217 0.08655431539561828 0
2799 0.02439665919982667 0.08858738852748557 0
2800 0.02440070342017405 0.09055759697718389 0
2801 0.02440465497866483 0.0924632317133889 0
2802 0.02440849950183166 0.09430299754334549 0
2803 0.02441222426629982 0.09607599646659805 0
2804 0.02441581850176612 0.09778170737793812 0
2805 0.02441927371522816 0.0994199628171366 0
2806 0.02442258402682392 0.1009909234524344 0
2807 0.02442574650199133 0.1024950509555864 0
2808 0.02442876146095019 0.103933079882475 0
2809 0.0244316327442596 0.105305989118747 0
2810 0.02443436791382032 0.1066149733882673 0
2811 0.0244369783717152 0.1078614152568475 0
2812 0.02443947938439101 0.1090468579976776 0
2813 0.02444189000552811 0.1101729796206803 0
2814 0.02444423289600938 0.1112415683077661 0
2815 0.02444653404187751 0.1122544994414701 0
2816 0.02444882236946397 0.1132137143672105 0
2817 0.02445112924974473 0.1141212009907326 0
2818 0.02445348787086681 0.1149789762832001 0
2819 0.02445593243907179 0.1157890707475181 0
2820 0.02445849714567797 0.1165535148907219 0
2821 0.02446121481509689 0.1172743277475068 0
2822 0.02446411513244467 0.1179535075065022 0
2823 0.02446722234857213 0.1185930242993528 0
2824 0.02447055238703199 0.1191948152175778 0
2825 0.02447410934293659 0.1197607816189743 0
2826 0.0244778814728891 0.1202927887745556 0
2827 0.02448183691827016 0.1207926679007855 0
2828 0.02448591954685741 0.1212622206513972 0
2829 0.02449004537684534 0.1217032262640783 0
2830 0.02449409997829936 0.122117451849532 0
2831 0.02449793695011287 0.1225066668724483 0
2832 0.02450137701991509 0.1228726638354146 0
2833 0.02450420665837616 0.1232172888404561 0
2834 0.02450617525233835 0.1235424894085155 0
2835 0.02469578779979097 0.00101880325815214 0
2836 0.02469455349429413 0.002081892482747323 0
2837 0.0246928210012918 0.003195891818527979 0
2838 0.02469051577232651 0.004365564800621341 0
2839 0.02468761447591236 0.005594344904508985 0
2840 0.02468417668608894 0.006884767491951861 0
2841 0.02468032727240357 0.008238759214295784 0
2842 0.02467622755376683 0.00965780768639753 0
2843 0.02467204834986974 0.01114304994463124 0
2844 0.02466794942174019 0.01269531064952877 0
2845 0.02466406620392972 0.0143151107328122 0
2846 0.02466050313562484 0.01600265944290095 0
2847 0.02465733224442187 0.01775783772626899 0
2848 0.0246545954684777 0.01958017782459619 0
2849 0.02465230928140838 0.0214688421585739 0
2850 0.02465047040124564 0.02342260351582573 0
2851 0.02464906163304913 0.02543982795744262 0
2852 0.02464805719164473 0.02751846150285563 0
2853 0.02464742711163741 0.02965602144057294 0
2854 0.02464714058758419 0.03184959296254857 0
2855 0.02464716825833627 0.03409583169076424 0
2856 0.024647483545677 0.03639097253302708 0
2857 0.02464806325206947 0.03873084516557209 0
2858 0.02464888758674928 0.04111089627001911 0
2859 0.02464993983752578 0.04352621848098367 0
2860 0.02465120582000521 0.04597158579925344 0
2861 0.02465267322921309 0.04844149503768155 0
2862 0.02465433101130863 0.05093021268074191 0
2863 0.02465616877642898 0.0534318263448217 0
2864 0.02465817630200379 0.05594029989258519 0
2865 0.02466034314419584 0.05844953110966034 0
2866 0.0246626583487524 0.06095341077834789 0
2867 0.02466511026719544 0.06344588192453413 0
2868 0.02466768645849033 0.06592099801339767 0
2869 0.02467037366235889 0.06837297890733038 0
2870 0.02467315784025858 0.07079626347475472 0
2871 0.02467602425851502 0.07318555785971446 0
2872 0.02467895760631108 0.07553587856566332 0
2873 0.02468194213724055 0.07784258967773409 0
2874 0.02468496182634662 0.0801014337332682 0
2875 0.02468800053718597 0.08230855594259358 0
2876 0.02469104219425555 0.08446052165101464 0
2877 0.02469407096164888 0.08655432711441398 0
2878 0.02469707143149279 0.08858740382421622 0
2879 0.02470002882353882 0.09055761676052843 0
2880 0.02470292920300391 0.09246325707006796 0
2881 0.02470575972004818 0.09430302975594644 0
2882 0.02470850887447059 0.09607603702956527 0
2883 0.02471116680535667 0.09778175801096163 0
2884 0.02471372560120887 0.0994200254753225 0
2885 0.02471617962165819 0.100991000332852 0
2886 0.02471852581683342 0.1024951445000339 0
2887 0.02472076402725979 0.1039331927765387 0
2888 0.02472289724533253 0.1053061242873642 0
2889 0.02472493182024228 0.1066151339879548 0
2890 0.02472687759131052 0.1078616046644093 0
2891 0.02472874793972149 0.1090470797944315 0
2892 0.02473055975437562 0.1101732375699185 0
2893 0.02473233331263951 0.111241866321168 0
2894 0.02473409207942516 0.112254841527424 0
2895 0.02473586242672041 0.1132141045504581 0
2896 0.02473767326903414 0.1141216431885562 0
2897 0.0247395555972609 0.1149794741189322 0
2898 0.02474154187384605 0.1157896272783357 0
2899 0.02474366522646242 0.1165541322250703 0
2900 0.02474595834793465 0.1172750065305714 0
2901 0.02474845198173702 0.1179542462633924 0
2902 0.02475117285363244 0.1185938186491448 0
2903 0.02475414091382216 0.1191956570105616 0
2904 0.02475736579650823 0.1197616581049569 0
2905 0.02476084250016249 0.1202936819762639 0
2906 0.02476454644726169 0.1207935544282858 0
2907 0.02476842827885568 0.1212630722261126 0
2908 0.02477240892218524 0.1217040111958066 0
2909 0.02477637554083581 0.1221181376103436 0
2910 0.02478017880943618 0.1225072237585599 0
2911 0.02478363143858523 0.1228730695945932 0
2912 0.02478650704754319 0.1232175343123177 0
2913 0.02478853815628737 0.1235425865155351 0
2914 0.02503283607493928 0.001018139948665493 0
2915 0.02503156044619513 0.002080447393591411 0
2916 0.02502983047627582 0.00319392534773385 0
2917 0.0250276087319824 0.004363374261838356 0
2918 0.02502487568230586 0.005592154859897684 0
2919 0.02502167609834145 0.006882717801929557 0
2920 0.0250181114049275 0.00823692306701059 0
2921 0.02501431693198236 0.009656213130436011 0
2922 0.0250104386170226 0.01114169717872372 0
2923 0.02500661455500202 0.01269418411882584 0
2924 0.02500296280804064 0.01431418701423997 0
2925 0.02499957508526427 0.01600191214865592 0
2926 0.02499651515811846 0.01775724042609443 0
2927 0.02499382066873099 0.01957970569582792 0
2928 0.02499150704406222 0.02146847283482953 0
2929 0.0249895724212098 0.02342231743743909 0
2930 0.02498800273038008 0.0254396084163599 0
2931 0.02498677634793982 0.02751829450523202 0
2932 0.02498586796447329 0.02965589546680641 0
2933 0.02498525152278518 0.03184949867713005 0
2934 0.02498490223306602 0.0340957616366528 0
2935 0.02498479775821408 0.03639092083344848 0
2936 0.02498491874741577 0.03873080724728827 0
2937 0.02498524886476541 0.04111086861632522 0
2938 0.02498577450394653 0.04352619841771495 0
2939 0.0249864843039272 0.04597157131444752 0
2940 0.024987368575679 0.04844148463326508 0
2941 0.02498841874452624 0.05093020525272438 0
2942 0.02498962682614058 0.0534318210889023 0
2943 0.02499098498038578 0.05594029623085393 0
2944 0.02499248515927865 0.05844952863517994 0
2945 0.02499411884157365 0.06095340921411183 0
2946 0.02499587686000948 0.0634458810941374 0
2947 0.02499774930396178 0.06592099782114334 0
2948 0.02499972548572628 0.06837297932586801 0
2949 0.02500179396752909 0.07079626453904399 0
2950 0.02500394262679085 0.07318555966621183 0
2951 0.025006158753513 0.07553588127599378 0
2952 0.02500842917000911 0.07784259352630195 0
2953 0.02501074036593224 0.08010143903837996 0
2954 0.02501307864381997 0.08230856312066219 0
2955 0.02501543027098438 0.08446053123344525 0
2956 0.02501778163849878 0.08655433976663947 0
2957 0.02502011943035547 0.08858742036627019 0
2958 0.02502243080386772 0.09055763818842226 0
2959 0.02502470358749959 0.09246328457712706 0
2960 0.02502692649899522 0.09430306475321369 0
2961 0.02502908938685917 0.09607608116437862 0
2962 0.02503118349485241 0.09778181318291131 0
2963 0.02503320174547575 0.09942009384898375 0
2964 0.02503513903455029 0.1009910843469535 0
2965 0.02503699252465322 0.102495246873047 0
2966 0.02503876192247512 0.1039333165089885 0
2967 0.0250404497237589 0.1053062726613956 0
2968 0.02504206141049507 0.1066153105647292 0
2969 0.02504360558813882 0.1078618132796384 0
2970 0.02504509405551318 0.1090473245516227 0
2971 0.02504654180568538 0.1101735228295645 0
2972 0.02504796696120617 0.1112421966819838 0
2973 0.02504939065015404 0.1122552217926545 0
2974 0.02505083682894357 0.11321453966811 0
2975 0.02505233205241185 0.1141221381490999 0
2976 0.0250539051800212 0.1149800337877466 0
2977 0.02505558698803451 0.1157902561335307 0
2978 0.02505740963058177 0.116554833965686 0
2979 0.02505940585796619 0.1172757835180388 0
2980 0.02506160786071185 0.1179550987646436 0
2981 0.02506404556872846 0.1185947438686319 0
2982 0.02506674420800527 0.1191966479374685 0
2983 0.02506972092047902 0.1197627022667518 0
2984 0.02507298030939903 0.1202947602810036 0
2985 0.02507650890470945 0.1207946403852645 0
2986 0.02508026875755505 0.1212641319306943 0
2987 0.02508419063965718 0.1217050045067789 0
2988 0.0250881675491848 0.122119020892509 0
2989 0.02509204923876771 0.1225079543998469 0
2990 0.02509563805305582 0.1228736123268818 0
2991 0.02509868534859716 0.1232178695108345 0
2992 0.02510088698637897 0.1235427223849772 0
2993 0.02537002330730502 0.001017291878833386 0
2994 0.02536895099000691 0.002078714426186705 0
2995 0.02536748735130712 0.003191664741601556 0
2996 0.02536561426766209 0.004360931166142478 0
2997 0.02536331700998213 0.005589766201459938 0
2998 0.02536063017381428 0.006880519223879581 0
2999 0.02535763591415684 0.008234978182328224 0
3000 0.02535444646100252 0.009654540159215089 0
3001 0.0253511845613281 0.01114028806529386 0
3002 0.02534796743822063 0.01269301697979811 0
3003 0.0253448959697557 0.01431323381124277 0
3004 0.02534204894285066 0.01600114322551035 0
3005 0.025339481455854 0.01775662707619724 0
3006 0.02533722631204231 0.01957922152243371 0
3007 0.02533529728004252 0.02146809438216145 0
3008 0.02533369326339478 0.02342202438581069 0
3009 0.02533240263276357 0.02543938351993194 0
3010 0.02533140720668691 0.02751812338249191 0
3011 0.02533068556926213 0.02965576631287548 0
3012 0.02533021559571254 0.0318494019423106 0
3013 0.02532997618892822 0.03409568970027793 0
3014 0.02532994830468555 0.03639086769210903 0
3015 0.02533011541744097 0.0387307682289203 0
3016 0.02533046355174468 0.04111084012681847 0
3017 0.0253309810433315 0.04352617772226459 0
3018 0.02533165812816155 0.04597155635372983 0
3019 0.02533248645395274 0.04844147387245708 0
3020 0.02533345860463887 0.0509301975595441 0
3021 0.02533456765284563 0.05343181563754522 0
3022 0.02533580677865974 0.05594029242733867 0
3023 0.02533716896896028 0.05844952606090433 0
3024 0.02533864679080961 0.06095340758403558 0
3025 0.02534023224438465 0.0634458802269225 0
3026 0.02534191668059008 0.06592099761895608 0
3027 0.02534369077331959 0.06837297976190662 0
3028 0.02534554454405977 0.07079626565161122 0
3029 0.02534746741941847 0.07318556155821637 0
3030 0.02534944831635724 0.07553588411914376 0
3031 0.02535147574676463 0.07784259756945469 0
3032 0.02535353793529755 0.08010144461962952 0
3033 0.02535562294637443 0.0823085706827297 0
3034 0.02535771881669735 0.08446054134197602 0
3035 0.02535981369396382 0.08655435313085748 0
3036 0.02536189598440585 0.08858743786135742 0
3037 0.02536395451006828 0.09055766087885879 0
3038 0.02536597868115135 0.0924633137401106 0
3039 0.0253679586859117 0.09430310190123159 0
3040 0.02536988570076978 0.09607612806601482 0
3041 0.02537175212038713 0.09778187188109487 0
3042 0.02537355180433006 0.09942016667611617 0
3043 0.0253752803336682 0.100991173936678 0
3044 0.02537693526720845 0.1024953561688247 0
3045 0.02537851638488266 0.1039334487700617 0
3046 0.02538002590480249 0.1053064314670638 0
3047 0.02538146866164054 0.1066154998180338 0
3048 0.02538285223702441 0.1078620372114118 0
3049 0.02538418703732119 0.1090475877252621 0
3050 0.02538548631964204 0.1101738301456499 0
3051 0.02538676617206787 0.1112425533797802 0
3052 0.0253880454576934 0.1122556334423716 0
3053 0.02538934573281111 0.1132150121432756 0
3054 0.02539069114606081 0.1141226775622738 0
3055 0.02539210831623698 0.1149806463648983 0
3056 0.0253936261700678 0.1157909479928711 0
3057 0.02539527569585482 0.116555610756367 0
3058 0.02539708953265733 0.1172766498649179 0
3059 0.02539910126686204 0.1179560574611866 0
3060 0.02540134425010054 0.118595794767678 0
3061 0.02540384969110788 0.1191977865187736 0
3062 0.02540664372377392 0.1197639179230562 0
3063 0.02540974313915266 0.1202960344718245 0
3064 0.02541314952466058 0.1207959449624759 0
3065 0.02541684171358176 0.1212654281258919 0
3066 0.02542076672502482 0.1217062432415317 0
3067 0.02542482972097138 0.1221201451548063 0
3068 0.02542888376536407 0.1225089043546026 0
3069 0.02543272004465283 0.1228743336296239 0
3070 0.02543605841311109 0.1232183253713561 0
3071 0.02543853760235376 0.1235429120998276 0
3072 0.02570730058583835 0.001016206080466808 0
3073 0.02570659836606481 0.002076642593106886 0
3074 0.02570558363317443 0.003189081081251642 0
3075 0.02570424233174655 0.004358226487472345 0
3076 0.02570256423773769 0.005587182601093586 0
3077 0.02570057712746049 0.006878182075980256 0
3078 0.02569834732020875 0.008232937586452486 0
3079 0.02569596651808577 0.009652802234373066 0
3080 0.02569353592116115 0.01113883530680216 0
3081 0.02569115278189264 0.01269182062181026 0
3082 0.02568890117068242 0.01431226100820983 0
3083 0.02568684698349772 0.01600036105681232 0
3084 0.02568503646145447 0.0177560046626875 0
3085 0.02568349725565391 0.01957873104255511 0
3086 0.02568224108705725 0.02146771145499097 0
3087 0.02568126718998231 0.02342172809402054 0
3088 0.02568056590726892 0.0254391562313835 0
3089 0.02568012200215205 0.02751795046412934 0
3090 0.02567991742301881 0.02965563579354763 0
3091 0.02567993341109094 0.03184930415989885 0
3092 0.02568015195220624 0.03409561695589636 0
3093 0.02568055663670388 0.03639081392619785 0
3094 0.0256811330538053 0.03873072872788183 0
3095 0.02568186882450463 0.04111081126504902 0
3096 0.0256827534099202 0.04352615674063509 0
3097 0.02568377777688462 0.04597154117392591 0
3098 0.02568493399962876 0.04844146294479143 0
3099 0.02568621487319379 0.05093018974012438 0
3100 0.02568761355080484 0.05343181009159264 0
3101 0.02568912323708147 0.05594028855405041 0
3102 0.02569073694892686 0.05844952343665985 0
3103 0.02569244733839047 0.06095340592032115 0
3104 0.02569424658197014 0.06344587934030856 0
3105 0.02569612632369463 0.0659209974108281 0
3106 0.0256980776634296 0.06837298020600414 0
3107 0.02570009118834093 0.07079626678821685 0
3108 0.02570215703108436 0.07318556349387863 0
3109 0.02570426495020815 0.07553588703120137 0
3110 0.02570640442568623 0.0778426017148393 0
3111 0.02570856476440108 0.08010145034753569 0
3112 0.02571073521206895 0.08230857845072188 0
3113 0.02571290506853377 0.08446055173514037 0
3114 0.02571506380698364 0.08655436688344573 0
3115 0.02571720119930053 0.0885874558802824 0
3116 0.02571930744835776 0.09055768426826807 0
3117 0.02572137333176916 0.09246334382614371 0
3118 0.02572339035928484 0.09430314025602926 0
3119 0.02572535094616515 0.09607617653006861 0
3120 0.02572724860250911 0.09778193258317461 0
3121 0.0257290781359337 0.09942024205028438 0
3122 0.02573083586234439 0.1009912667362792 0
3123 0.025732519816597 0.1024954694778176 0
3124 0.02573412995316517 0.1039335860125724 0
3125 0.0257356683262807 0.1053065964165074 0
3126 0.02573713924022015 0.1066156966074681 0
3127 0.02573854936327645 0.107862270346833 0
3128 0.02573990780332203 0.1090478621031661 0
3129 0.02574122614803924 0.1101741510751963 0
3130 0.02574251847805612 0.1112429266080798 0
3131 0.02574380136537599 0.1122560651784904 0
3132 0.02574509387160562 0.1132155090721376 0
3133 0.0257464175594438 0.1141232468332871 0
3134 0.0257477965253501 0.1149812955313046 0
3135 0.0257492574494605 0.1157916848660792 0
3136 0.0257508296381092 0.1165564431247769 0
3137 0.02575254500134368 0.117277585009798 0
3138 0.02575443785854983 0.1179571013856922 0
3139 0.02575654439603886 0.1185969510449578 0
3140 0.02575890150993771 0.1191990546720667 0
3141 0.02576154466076519 0.1197652912917867 0
3142 0.02576450425852696 0.1202974976160364 0
3143 0.02576780002111674 0.1207974708380475 0
3144 0.02577143275431347 0.1212669755386311 0
3145 0.02577537314775087 0.1217077554412258 0
3146 0.02577954750528302 0.1221215507863457 0
3147 0.02578382078333993 0.122510122212399 0
3148 0.0257879776876939 0.1228752826705996 0
3149 0.02579170259914945 0.1232189415648987 0
3150 0.02579455994621728 0.123543176364205 0
3151 0.02604462485005435 0.0010148192957942 0
3152 0.02604437922844539 0.002074182646567436 0
3153 0.02604390819315032 0.003186156112234248 0
3154 0.02604319215362163 0.004355264756865604 0
3155 0.02604222461431138 0.005584420870345084 0
3156 0.02604102866189228 0.006875728163340943 0
3157 0.02603965733780718 0.008230823892765566 0
3158 0.02603818392842673 0.009651020640459931 0
3159 0.02603668957055303 0.01113735791405531 0
3160 0.0260352524718372 0.01269061148630288 0
3161 0.02603394039594727 0.01431128251615852 0
3162 0.02603280654814319 0.01599957722209013 0
3163 0.0260318883085863 0.0177553826983188 0
3164 0.02603120803819213 0.019578241982969 0
3165 0.0260307751859961 0.02146733026550082 0
3166 0.02603058903845448 0.02342143350917253 0
3167 0.02603064159762683 0.0254389304549929 0
3168 0.02603092023570964 0.02751777880505671 0
3169 0.02603140991244476 0.02965550627965514 0
3170 0.02603209486651597 0.03184920715558847 0
3171 0.02603295978177814 0.03409554479914739 0
3172 0.02603399047990048 0.03639076059531431 0
3173 0.02603517424113209 0.03873068954353863 0
3174 0.02603649983693106 0.04111078263051641 0
3175 0.02603795738456448 0.04352613591996925 0
3176 0.02603953808932325 0.04597152610678824 0
3177 0.02604123393759942 0.04844145209506127 0
3178 0.02604303740144445 0.05093018197391325 0
3179 0.02604494116410482 0.05343180458135423 0
3180 0.02604693789180783 0.05594028470410715 0
3181 0.0260490200609774 0.05844952082694851 0
3182 0.02605117983586926 0.06095340426473209 0
3183 0.02605340899980568 0.06344587845697609 0
3184 0.02605569892941461 0.06592099720209213 0
3185 0.02605804060461017 0.06837298064611325 0
3186 0.02606042465226363 0.07079626791763861 0
3187 0.02606284141003866 0.07318556541911542 0
3188 0.02606528100644863 0.07553588992938809 0
3189 0.02606773345122238 0.07784260584261347 0
3190 0.02607018873161982 0.08010145605377904 0
3191 0.02607263691174778 0.08230858619275044 0
3192 0.02607506823233213 0.08446056209796138 0
3193 0.02607747321137229 0.08655438060153628 0
3194 0.02607984274746425 0.08858747386126056 0
3195 0.02608216822653478 0.09055770761769509 0
3196 0.02608444163569629 0.09246337387258165 0
3197 0.02608665568615576 0.09430317857544858 0
3198 0.02608880394724176 0.09607622496873458 0
3199 0.02609088099179012 0.09778199327831157 0
3200 0.02609288255112057 0.09942031744811651 0
3201 0.02609480567578353 0.1009913596074722 0
3202 0.02609664889600595 0.10249558293088 0
3203 0.02609841237453676 0.103933723506371 0
3204 0.02610009804424239 0.1053067617736254 0
3205 0.02610170972398226 0.1066158940306068 0
3206 0.02610325320888015 0.107862504440702 0
3207 0.02610473633500814 0.1090481379042008 0
3208 0.0261061690232157 0.1101744740908207 0
3209 0.02610756331180267 0.1112433028658922 0
3210 0.02610893339225805 0.1122565012833997 0
3211 0.02611029566567105 0.1132160122657124 0
3212 0.02611166883888089 0.1141238250437971 0
3213 0.02611307407792409 0.1149819573943451 0
3214 0.02611453523024193 0.1157924396832511 0
3215 0.02611607911377153 0.1165573007105816 0
3216 0.02611773584627598 0.1172785553539146 0
3217 0.02611953914593855 0.1179581940294418 0
3218 0.02612152646618864 0.1185981740399315 0
3219 0.02612373872448973 0.1192004129635948 0
3220 0.02612621923787392 0.1197667843668925 0
3221 0.0261290112843841 0.1202991163046041 0
3222 0.02613215347970776 0.1207991933031373 0
3223 0.02613567192677769 0.1212687627961728 0
3224 0.02613956793229051 0.1217095472647074 0
3225 0.02614380009244837 0.1221232635860706 0
3226 0.02614825984271229 0.1225116513348169 0
3227 0.02615274020103529 0.1228765123444548 0
3228 0.02615689852195238 0.1232197665402366 0
3229 0.02616021776911441 0.1235435430016101 0
3230 0.02638195528952473 0.001013062188200976 0
3231 0.0263821718279665 0.002071298438963022 0
3232 0.02638224866972905 0.003182894159845478 0
3233 0.02638215794242179 0.004352073939672908 0
3234 0.02638189613556858 0.005581518572858379 0
3235 0.02638148269182742 0.006873196524458841 0
3236 0.02638095907142484 0.008228673621729994 0
3237 0.02638038178738319 0.009649227733086959 0
3238 0.02637981323335727 0.0111358836492926 0
3239 0.02637931352737667 0.01268941290256317 0
3240 0.026378934758143 0.01431031764846424 0
3241 0.02637871781023038 0.01599880752347446 0
3242 0.02637869137052358 0.01775477398366381 0
3243 0.02637887252672053 0.01957776461931016 0
3244 0.02637926836575521 0.02146695899230036 0
3245 0.02637987806502653 0.02342114708749505 0
3246 0.02638069508275716 0.02543871124679205 0
3247 0.02638170917776223 0.02751761233418254 0
3248 0.02638290809597959 0.02965538080144508 0
3249 0.02638427885662277 0.0318491132497743 0
3250 0.02638580863935816 0.03409547499477032 0
3251 0.02638748531262475 0.03639070903301387 0
3252 0.02638929768111287 0.03873065167760506 0
3253 0.02639123551672451 0.04111075497150363 0
3254 0.0263932894570356 0.04352611581634813 0
3255 0.02639545082134843 0.04597151156350972 0
3256 0.02639771139238808 0.04844144162574038 0
3257 0.02640006320950136 0.05093017448201492 0
3258 0.02640249838028215 0.05343179926697793 0
3259 0.02640500892938435 0.05594028099168994 0
3260 0.02640758669101251 0.05844951831071458 0
3261 0.02641022324074742 0.06095340266832235 0
3262 0.02641290986853707 0.0634458776046702 0
3263 0.02641563758424462 0.06592099699939716 0
3264 0.02641839714969752 0.06837298106783554 0
3265 0.0264211791351283 0.07079626900233968 0
3266 0.02642397398930522 0.07318556726887829 0
3267 0.02642677211993276 0.07553589271418902 0
3268 0.02642956397951475 0.07784260980880603 0
3269 0.02643234015310843 0.08010146153630056 0
3270 0.02643509144555465 0.08230859363064306 0
3271 0.0264378089661577 0.08446057205284037 0
3272 0.02644048421110989 0.08655439377848474 0
3273 0.02644310914503946 0.08858749113155065 0
3274 0.02644567628236064 0.09055773004261396 0
3275 0.02644817877137229 0.0924634027275382 0
3276 0.0264506104827872 0.09430321537351606 0
3277 0.02645296610450368 0.09607627148283282 0
3278 0.02645524124311644 0.09778205156141301 0
3279 0.0264574325312018 0.09942038985117764 0
3280 0.02645953773792948 0.1009914487952346 0
3281 0.02646155587893994 0.1024956918962523 0
3282 0.02646348732059985 0.1039338555847428 0
3283 0.0264653338736167 0.1053069206591189 0
3284 0.02646709887205519 0.1066160837968587 0
3285 0.02646878723598725 0.1078627295692072 0
3286 0.02647040551928971 0.1090484033234274 0
3287 0.02647196194816328 0.1101747852291088 0
3288 0.02647346646044364 0.1112436657204129 0
3289 0.02647493076030765 0.1122569225059406 0
3290 0.02647636840717632 0.1132164992633875 0
3291 0.02647779496107166 0.1141243860883675 0
3292 0.0264792282087912 0.1149826017267626 0
3293 0.02648068849490631 0.1157931775889725 0
3294 0.02648219917663852 0.1165581435243233 0
3295 0.02648378720829282 0.1172795153275639 0
3296 0.0264854838327163 0.1179592839614483 0
3297 0.02648732530419334 0.1185994065171659 0
3298 0.02648935347473142 0.1192017990088793 0
3299 0.02649161592429419 0.1197683312259466 0
3300 0.02649416508163263 0.1203008240685134 0
3301 0.02649705544217087 0.1208010500966591 0
3302 0.0265003375276841 0.1212707384598689 0
3303 0.02650404665830489 0.1217115859653653 0
3304 0.02650818397701502 0.1221252767948073 0
3305 0.02651268661188644 0.1225135142882492 0
3306 0.02651738364720592 0.1228780694992119 0
3307 0.02652193551621892 0.1232208547656762 0
3308 0.02652576117770449 0.1235440483798437 0
3309 0.02671925077822165 0.001010872384614213 0
3310 0.02671985520207282 0.002067988929336292 0
3311 0.02672039439589365 0.003179342182261572 0
3312 0.02672083576995383 0.004348721029646846 0
3313 0.02672117823195902 0.005578545665799701 0
3314 0.02672143775076453 0.006870652061884175 0
3315 0.02672164520185367 0.008226543610345751 0
3316 0.02672184163024054 0.009647471711743681 0
3317 0.02672207196326963 0.01113445258547392 0
3318 0.02672237932208096 0.01268825774094209 0
3319 0.02672280097367735 0.01430939309393209 0
3320 0.02672336609013284 0.01599807344666675 0
3321 0.02672409504840268 0.01775419568231049 0
3322 0.02672499985615347 0.01957731256123844 0
3323 0.02672608528347388 0.0214666083484826 0
3324 0.02672735034062402 0.0234208772009125 0
3325 0.02672878982329363 0.02543850510201656 0
3326 0.02673039573537024 0.02751745605485899 0
3327 0.02673215847544051 0.02965526318620421 0
3328 0.02673406774086995 0.0318490253503908 0
3329 0.02673611315161061 0.03409540973796327 0
3330 0.02673828462311045 0.03639066088638303 0
3331 0.02674057254398072 0.03873061635890248 0
3332 0.02674296780440066 0.0411107291999528 0
3333 0.0267454617346108 0.04352609710322147 0
3334 0.02674804598891904 0.04597149803906417 0
3335 0.02675071240892735 0.04844143189881765 0
3336 0.02675345289787407 0.0509301675275637 0
3337 0.0267562593106724 0.05343179433803975 0
3338 0.02675912337230507 0.05594027755128059 0
3339 0.02676203662855356 0.05844951598050631 0
3340 0.02676499042543693 0.06095340119070578 0
3341 0.0267679759179718 0.06344587681571788 0
3342 0.02677098410160134 0.06592099681060568 0
3343 0.0267740058614437 0.06837298145485794 0
3344 0.02677703203725962 0.07079626999965875 0
3345 0.02678005349617091 0.0731855689694023 0
3346 0.02678306121026973 0.07553589527309595 0
3347 0.02678604633539579 0.0778426134511665 0
3348 0.02678900028830067 0.08010146656810666 0
3349 0.02679191482032475 0.08230860045285804 0
3350 0.02679478208607546 0.08446058117812622 0
3351 0.02679759470729397 0.08655440585012626 0
3352 0.02680034583291904 0.08858750694402823 0
3353 0.02680302919596197 0.09055775056317239 0
3354 0.02680563916942033 0.09246342911801099 0
3355 0.02680817082265103 0.0943032490116579 0
3356 0.02681061997974998 0.0960763139824678 0
3357 0.02681298328062663 0.09778210479088921 0
3358 0.02681525824449378 0.09942045594992865 0
3359 0.02681744333451631 0.1009915301886828 0
3360 0.02681953802130782 0.102495791309845 0
3361 0.02682154284246436 0.103933976058552 0
3362 0.02682345945532961 0.1053070655651102 0
3363 0.02682529068104917 0.1066162568615899 0
3364 0.02682704053966839 0.1078629349052848 0
3365 0.02682871427856788 0.1090486454734684 0
3366 0.02683031839974535 0.1101750692261509 0
3367 0.02683186069518331 0.1112439971685922 0
3368 0.02683335030362163 0.1122573076846589 0
3369 0.02683479780637718 0.1132169452568534 0
3370 0.02683621538433846 0.114124900939837 0
3371 0.02683761706274217 0.1149831946122244 0
3372 0.02683901907431889 0.1157938589971093 0
3373 0.02684044037364908 0.1165589254162935 0
3374 0.02684190333349838 0.117280411228455 0
3375 0.02684343464257645 0.1179603089009134 0
3376 0.02684506639493721 0.1186005766842884 0
3377 0.02684683729979234 0.1192031309096956 0
3378 0.02684879382422635 0.1197698400269842 0
3379 0.02685099087590455 0.1203025206795473 0
3380 0.02685349128843145 0.1208029364150036 0
3381 0.02685636281852308 0.1212728001396573 0
3382 0.02685967050682057 0.1217137822608197 0
3383 0.02686346096873064 0.1221275278118829 0
3384 0.02686773331555763 0.1225156880084437 0
3385 0.02687238885879315 0.1228799752313521 0
3386 0.02687714924593256 0.1232222578478137 0
3387 0.0268814374544491 0.1235447380101934 0
3388 0.02705646689102518 0.001008226306103458 0
3389 0.02705730823997952 0.002064329009422266 0
3390 0.02705813933136597 0.003175623183081477 0
3391 0.02705893047771497 0.004345336807282723 0
3392 0.02705968244408852 0.005575622544957311 0
3393 0.02706040730662995 0.006868198725643929 0
3394 0.02706112596953745 0.008224520693757608 0
3395 0.02706186526953348 0.009645823759389882 0
3396 0.02706265416358809 0.01113312238328788 0
3397 0.02706352023460732 0.01268719231413306 0
3398 0.0270644871907624 0.01430854579594122 0
3399 0.02706557348244329 0.01599740427799297 0
3400 0.02706679187734878 0.01775367086910512 0
3401 0.02706814973567181 0.01957690387669538 0
3402 0.02706964972244023 0.02146629239097692 0
3403 0.02707129073208406 0.023420634713834 0
3404 0.02707306885187102 0.02543832036142978 0
3405 0.02707497824666161 0.02751731632740462 0
3406 0.02707701189534233 0.02965515825182859 0
3407 0.02707916215146638 0.03184894708333695 0
3408 0.02708142113059227 0.03409535174058267 0
3409 0.02708378094366824 0.03639061817172226 0
3410 0.02708623381166094 0.03873058507832944 0
3411 0.02708877209067602 0.04111070641263512 0
3412 0.02709138824453122 0.04352608058357738 0
3413 0.02709407478696159 0.04597148611865366 0
3414 0.02709682421424286 0.04844142333872341 0
3415 0.02709962894759213 0.05093016141657837 0
3416 0.02710248128795213 0.05343179001326467 0
3417 0.02710537339044526 0.05594027453684651 0
3418 0.02710829726036932 0.05844951394150495 0
3419 0.02711124476793738 0.0609533998991811 0
3420 0.02711420768144915 0.06344587612643478 0
3421 0.02711717771418915 0.06592099664465477 0
3422 0.027120146581457 0.06837298178946538 0
3423 0.02712310606581031 0.07079627086323914 0
3424 0.02712604808515869 0.07318557044092482 0
3425 0.02712896476148781 0.0755358974851455 0
3426 0.02713184848757627 0.07784261659626719 0
3427 0.02713469198972868 0.08010147090796406 0
3428 0.02713748838520412 0.08230860633017135 0
3429 0.02714023123333812 0.08446058903066272 0
3430 0.02714291458047379 0.08655441622663809 0
3431 0.02714553299939003 0.08858752052153887 0
3432 0.02714808162376788 0.09055776816507687 0
3433 0.02715055617925349 0.09246345173236928 0
3434 0.02715295301225379 0.0943032778090598 0
3435 0.02715526911770915 0.09607635033290979 0
3436 0.02715750216660914 0.09778215027927081 0
3437 0.0271596505334613 0.09942051239005686 0
3438 0.02716171332336557 0.100991599636065 0
3439 0.02716369039774542 0.1024958760740508 0
3440 0.02716558239753132 0.1039340787165108 0
3441 0.02716739076265664 0.1053071889773406 0
3442 0.0271691177473374 0.1066164041940011 0
3443 0.02717076643176351 0.1078631096598075 0
3444 0.02717234073256353 0.1090488515313286 0
3445 0.02717384541665434 0.11017531090808 0
3446 0.02717528612581377 0.1112442793166297 0
3447 0.02717666942250382 0.1122576357704002 0
3448 0.02717800287118394 0.1132173255208908 0
3449 0.02717929517371316 0.1141253405664593 0
3450 0.02718055638258256 0.1149837019416462 0
3451 0.02718179822166852 0.1157944437736148 0
3452 0.02718303455060721 0.1165595990630178 0
3453 0.02718428201464337 0.1172811871252752 0
3454 0.02718556092431341 0.1179612026165355 0
3455 0.02718689640340567 0.1186016060699908 0
3456 0.02718831981969712 0.1192043158896246 0
3457 0.02718987045397443 0.1197712018031905 0
3458 0.02719159723937946 0.120304079889555 0
3459 0.02719356016480158 0.1208047095159255 0
3460 0.02719583049623085 0.1212747929421097 0
3461 0.02719848817691117 0.121715979160294 0
3462 0.02720161334683704 0.1221298751297664 0
3463 0.02720526636613803 0.1225180707777585 0
3464 0.02720944612875271 0.1228821909474526 0
3465 0.02721400888383928 0.1232240037024847 0
3466 0.02721852471709714 0.1235456647968458 0
3467 0.02739355075507657 0.001005209654084376 0
3468 0.02739440730807849 0.002060543312659493 0
3469 0.02739528385530758 0.00317199174042039 0
3470 0.02739616136983514 0.004342155546326689 0
3471 0.02739704160737453 0.005572948456375299 0
3472 0.02739793216515872 0.006865999998053486 0
3473 0.0273988447098441 0.008222736574560206 0
3474 0.02739979356175638 0.009644388887608175 0
3475 0.02740079385262803 0.01113197622367497 0
3476 0.02740185982062698 0.0126862821846727 0
3477 0.02740300358631674 0.01430782720031129 0
3478 0.02740423447809095 0.01599684020319593 0
3479 0.02740555883015255 0.01775323078093147 0
3480 0.02740698012508704 0.0195765627171471 0
3481 0.02740849935037144 0.02146602968554244 0
3482 0.027410115457388 0.02342043381102921 0
3483 0.02741182583758458 0.02543816779381686 0
3484 0.02741362675839638 0.02751720127439013 0
3485 0.02741551372546694 0.02965507208531766 0
3486 0.02741748175854857 0.03184888298120515 0
3487 0.02741952558316214 0.03409530435706484 0
3488 0.02742163974836712 0.03639058335708424 0
3489 0.02742381868841075 0.03873055964185494 0
3490 0.02742605674317823 0.04111068792433114 0
3491 0.02742834815567921 0.0435260672100628 0
3492 0.02743068705761779 0.04597147648938855 0
3493 0.02743306745312877 0.04844141643867645 0
3494 0.02743548320980323 0.0509301565010391 0
3495 0.02743792805807066 0.05343178654167738 0
3496 0.02744039560202222 0.05594027212193243 0
3497 0.02744287934205014 0.05844951231111331 0
3498 0.02744537270743835 0.0609533988681807 0
3499 0.02744786909813228 0.06344587557669264 0
3500 0.02745036193285243 0.06592099651145412 0
3501 0.02745284470125774 0.06837298205299021 0
3502 0.02745531101866408 0.07079627154430018 0
3503 0.02745775468030425 0.07318557160014477 0
3504 0.0274601697136442 0.07553589922507625 0
3505 0.02746255042716775 0.07784261906606912 0
3506 0.02746489145444129 0.080101474310353 0
3507 0.02746718779268098 0.08230861093034135 0
3508 0.0274694348352862 0.08446059516693072 0
3509 0.02747162839841603 0.08655442432247408 0
3510 0.02747376474202631 0.08858753109860965 0
3511 0.02747584058580034 0.09055778185687481 0
3512 0.027477853120925 0.09246346929795188 0
3513 0.02747980001852218 0.09430330014643575 0
3514 0.02748167943562062 0.0960763784916613 0
3515 0.02748349001935756 0.09778218547214258 0
3516 0.02748523090985348 0.09942055600346912 0
3517 0.0274869017419545 0.1009916532398233 0
3518 0.02748850264577096 0.1024959414309291 0
3519 0.02749003424584113 0.1039341577928582 0
3520 0.02749149765881476 0.1053072839563852 0
3521 0.02749289448989471 0.1066165174940761 0
3522 0.02749422682890924 0.1078632439602897 0
3523 0.0274954972478449 0.1090490098096546 0
3524 0.02749670880294796 0.1101754964917998 0
3525 0.02749786504612248 0.111244495955095 0
3526 0.0274989700523669 0.1122578877313877 0
3527 0.02750002847251185 0.1132176177182239 0
3528 0.02750104562373344 0.1141256787254445 0
3529 0.02750202763446193 0.114984092809662 0
3530 0.02750298166565075 0.1157948953830043 0
3531 0.02750391623711375 0.1165601210515526 0
3532 0.02750484169574029 0.1172817911140678 0
3533 0.02750577087128511 0.1179619026330418 0
3534 0.02750671997344329 0.1186024189787954 0
3535 0.02750770978734113 0.1192052617457641 0
3536 0.02750876721582958 0.1197723039541666 0
3537 0.02750992718125834 0.1203053644928695 0
3538 0.02751123480813613 0.1208062038586668 0
3539 0.02751274760549565 0.1212765214663973 0
3540 0.02751453694338507 0.1217179552915855 0
3541 0.02751668725017015 0.1221320857390975 0
3542 0.02751928961323372 0.1225204484635677 0
3543 0.02752242313544562 0.1228845687416686 0
3544 0.02752611239809962 0.1232260550744376 0
3545 0.02753025183590305 0.1235468829453667 0
3546 0.02773043085762223 0.001002165873629342 0
3547 0.02773102059836954 0.002057137495063131 0
3548 0.02773163401550056 0.003168926543324896 0
3549 0.02773226538637383 0.00433957953389626 0
3550 0.02773291615511806 0.00557084698001729 0
3551 0.02773358935675341 0.006864311261711885 0
3552 0.02773428902630754 0.008221391015460355 0
3553 0.02773501980695234 0.009643322635710374 0
3554 0.02773578643967783 0.01113113486951251 0
3555 0.02773659328709302 0.01268562089067832 0
3556 0.02773744399031152 0.0143073095677484 0
3557 0.02773834127950215 0.01599643686708214 0
3558 0.0277392869166997 0.01775291810041699 0
3559 0.02774028173475811 0.01957632167206496 0
3560 0.02774132573565949 0.02146584498544268 0
3561 0.02774241821698558 0.0234202931863243 0
3562 0.02774355790291323 0.0254380614311025 0
3563 0.0277447430640472 0.02751712136217717 0
3564 0.02774597161722211 0.02965501244380383 0
3565 0.02774724120220285 0.03184883875691377 0
3566 0.0277485492362705 0.03409527176899829 0
3567 0.02774989295001591 0.03639055948523005 0
3568 0.0277512694094298 0.03873054225131435 0
3569 0.02775267552876596 0.04111067532011946 0
3570 0.02775410807916932 0.04352605811823663 0
3571 0.02775556369623037 0.04597146996099813 0
3572 0.02775703888913599 0.04844141177325374 0
3573 0.02775853005361994 0.05093015318625591 0
3574 0.02776003348888447 0.05343178420671271 0
3575 0.02776154541895943 0.05594027050177976 0
3576 0.02776306201819768 0.05844951121990554 0
3577 0.0277645794400349 0.06095339817958551 0
3578 0.02776609384832516 0.06344587520995577 0
3579 0.02776760145007966 0.06592099642190623 0
3580 0.02776909852857356 0.06837298222603681 0
3581 0.02777058147598423 0.07079627199229634 0
3582 0.0277720468244445 0.07318557236159469 0
3583 0.02777349127479602 0.07553590036578081 0
3584 0.02777491172238311 0.07784262068195197 0
3585 0.02777630527939544 0.08010147653175244 0
3586 0.02777766929345025 0.0823086139275629 0
3587 0.02777900136223923 0.08446059915688273 0
3588 0.02778029934428594 0.08655442957616161 0
3589 0.02778156136600171 0.08858753794924296 0
3590 0.02778278582530247 0.09055779070831625 0
3591 0.02778397139220606 0.09246348063320223 0
3592 0.02778511700684018 0.09430331453587172 0
3593 0.02778622187532552 0.09607639660077753 0
3594 0.02778728546396815 0.09778220806864736 0
3595 0.0277883074921384 0.09942058396373518 0
3596 0.0277892879241539 0.1009916875549053 0
3597 0.02779022696041905 0.1024959832126277 0
3598 0.02779112502805355 0.1039342082806268 0
3599 0.02779198277127243 0.1053073445262333 0
3600 0.02779280104189599 0.106616589671012 0
3601 0.02779358089057812 0.1078633294362639 0
3602 0.02779432355966808 0.109049110469431 0
3603 0.02779503047907485 0.1101756144497165 0
3604 0.02779570326711461 0.1112446336063336 0
3605 0.02779634373913413 0.1122580478222132 0
3606 0.0277969539277938 0.1132178034407609 0
3607 0.0277975361203793 0.1141258938439962 0
3608 0.02779809292055514 0.1149843418274044 0
3609 0.02779862734479382 0.1157951837600484 0
3610 0.02779914296757771 0.1165604554876679 0
3611 0.02779964413468284 0.1172821799111809 0
3612 0.02780013627072055 0.1179623561526422 0
3613 0.02780062631585968 0.1186029502047602 0
3614 0.02780112333724104 0.1192058869481719 0
3615 0.0278016393723365 0.1197730434130973 0
3616 0.02780219057221699 0.1203062431606053 0
3617 0.02780279871684902 0.1208072516693767 0
3618 0.02780349315912318 0.1212777726526318 0
3619 0.02780431318991686 0.1217194453412408 0
3620 0.02780531064284594 0.1221338430862119 0
3621 0.0278065522073209 0.1225224746322732 0
3622 0.02780812085558297 0.1228867932614756 0
3623 0.02781012189497422 0.1232282379207338 0
3624 0.02781275901499721 0.1235484401703721 0
3625 0.001003515624752673 0.1241543883445498 0
3626 0.001009493827122074 0.1244749382431152 0
3627 0.001016325033014056 0.1248146567655242 0
3628 0.001023197162195136 0.1251755631278719 0
3629 0.001029754790854412 0.1255593588881845 0
3630 0.001035895746542877 0.1259675947541273 0
3631 0.001041647350892762 0.1264017732499727 0
3632 0.001047093521392038 0.1268634097328834 0
3633 0.001052334763062637 0.127354066644368 0
3634 0.001057468569056594 0.1278753712767775 0
3635 0.001062581603106938 0.1284290239522472 0
3636 0.001067748048052445 0.1290168009519166 0
3637 0.001073030753870589 0.1296405547018836 0
3638 0.001078483351332526 0.1303022125182722 0
3639 0.001084152440870673 0.1310037744941467 0
3640 0.001090079487608885 0.1317473107302877 0
3641 0.001096302306256491 0.1325349579767662 0
3642 0.001102856117295964 0.1333689159904354 0
3643 0.001109774225599285 0.1342514468189767 0
3644 0.001117092646290528 0.1351848213240098 0
3645 0.001124837925437303 0.1361714198928575 0
3646 0.001133038540865917 0.1372136159524311 0
3647 0.001141720649514545 0.138313819717717 0
3648 0.001150907136283041 0.1394744544269012 0
3649 0.001160616664198741 0.1406979444214189 0
3650 0.001170862628676038 0.1419867011116685 0
3651 0.001181652178137836 0.1433431073558226 0
3652 0.001192985495724654 0.1447695006720801 0
3653 0.001204855582772598 0.1462681573901352 0
3654 0.001217248961396033 0.1478412921822114 0
3655 0.001230140518309932 0.1494905703314769 0
3656 0.001243510831157371 0.1512186667569644 0
3657 0.001257340133631787 0.1530269662198266 0
3658 0.001271608919260434 0.154917085807346 0
3659 0.001286302898985252 0.1568903989125394 0
3660 0.001301414523819854 0.1589480232944632 0
3661 0.001316943356683109 0.1610907936564046 0
3662 0.001332895255248664 0.1633192322248983 0
3663 0.001349280608841173 0.1656335198041587 0
3664 0.001366112052706777 0.1680334680456348 0
3665 0.001383402106955831 0.1705184934005026 0
3666 0.001401161091958083 0.1730875932226775 0
3667 0.001419395522071546 0.1757393245565171 0
3668 0.001438107035536273 0.178471786211585 0
3669 0.001457291815356317 0.181282604766529 0
3670 0.001476940402429929 0.184168925144355 0
3671 0.001497037789065731 0.1871274063625903 0
3672 0.001517563693032354 0.1901542229894274 0
3673 0.001538492935378363 0.1932450727371061 0
3674 0.001559795869764643 0.1963951905019027 0
3675 0.001581438831825373 0.1995993690205396 0
3676 0.001603384592268758 0.2028519861596884 0
3677 0.001625592807129295 0.206147038692765 0
3678 0.001648020463721135 0.2094781822512513 0
3679 0.00167062232256561 0.212838776971796 0
3680 0.001693351354869769 0.2162219382012639 0
3681 0.001716159172768931 0.2196205914758602 0
3682 0.001738996445930747 0.2230275308633055 0
3683 0.001761813293426859 0.2264354796541159 0
3684 0.00178455963388262 0.2298371523136149 0
3685 0.001807185469583321 0.2332253165634051 0
3686 0.001829641071043489 0.2365928544511922 0
3687 0.001851877017368387 0.2399328212911295 0
3688 0.001873844034741378 0.2432385014120298 0
3689 0.001895492562090574 0.2465034597360616 0
3690 0.001916771963068959 0.249721588324536 0
3691 0.001937629304890794 0.2528871471711016 0
3692 0.0019580076515418 0.2559947987018327 0
3693 0.00197784389486578 0.2590396356695846 0
3694 0.001997066304361467 0.2620172024279877 0
3695 0.002015592250115707 0.2649235099622762 0
3696 0.002033326957659788 0.2677550455448669 0
3697 0.002050164636245925 0.2705087784163519 0
3698 0.00206599369428922 0.2731821632950801 0
3699 0.002080707640938407 0.2757731435362206 0
3700 0.002094222171022684 0.2782801555610552 0
3701 0.002106496534098585 0.2807021388947111 0
3702 0.002117554117219247 0.2830385799780089 0
3703 0.002127495600499451 0.285289753923933 0
3704 0.002136459399319114 0.2874495858255344 0
3705 0.002144671438236679 0.2895299435416006 0
3706 0.002152343028234502 0.2915254884556914 0
3707 0.002159657835645319 0.2934359984457212 0
3708 0.002166717305477024 0.2952659862254055 0
3709 0.002173598715284708 0.297015106256025 0
3710 0.002180385227182418 0.2986852074804219 0
3711 0.002187182978775452 0.3002782192615058 0
3712 0.002194137865591432 0.3017961226436355 0
3713 0.002201435455567542 0.3032412729807781 0
3714 0.002209341774563126 0.3046157945227093 0
3715 0.00221817448530555 0.3059219776950202 0
3716 0.002228324456291506 0.3071621527551566 0
3717 0.002240262017671652 0.3083384657444175 0
3718 0.002254542985391254 0.3094537057921232 0
3719 0.002271727256645912 0.3105099948006647 0
3720 0.002292266860936012 0.3115098572753423 0
3721 0.002316179566006215 0.3124560411388358 0
3722 0.002342424735464763 0.3133517972595252 0
3723 0.002367765278870731 0.314201367596666 0
3724 0.002088756045957077 0.1241555994755138 0
3725 0.002096154353454716 0.1244772787072145 0
3726 0.002105637642926627 0.1248178142778777 0
3727 0.002116161576224036 0.1251791919905109 0
3728 0.002127107016147862 0.125563167174426 0
3729 0.002138133958174459 0.1259713726514918 0
3730 0.002149083357349028 0.126405391110463 0
3731 0.002159910236082996 0.1268668029548811 0
3732 0.002170638529720082 0.127357217301644 0
3733 0.002181331331993116 0.1278782915410477 0
3734 0.002192071972418918 0.1284317432355042 0
3735 0.002202952552929248 0.1290193569289704 0
3736 0.002214067471519466 0.1296429875610565 0
3737 0.002225510154644299 0.1303045615596209 0
3738 0.002237371744620931 0.1310060762666634 0
3739 0.002249740871959789 0.1317495980930564 0
3740 0.002262703914984279 0.1325372596980969 0
3741 0.002276345350700583 0.1333712567535805 0
3742 0.002290748112795928 0.1342538482053663 0
3743 0.002305998963033432 0.1351872467526638 0
3744 0.002322167964388422 0.1361738708067994 0
3745 0.002339324523119459 0.1372160660360299 0
3746 0.002357530807856065 0.1383162315053513 0
3747 0.002376837647031456 0.1394767785403269 0
3748 0.002397280715680197 0.1407001197105852 0
3749 0.002418876583400224 0.1419886559905366 0
3750 0.00244161912264201 0.1433447627949593 0
3751 0.00246547695098792 0.144770775688708 0
3752 0.00249039271313524 0.1462689785946844 0
3753 0.002516285081046546 0.1478416066888079 0
3754 0.002543028423318408 0.1494896500343733 0
3755 0.002570540941366092 0.1512171403860983 0
3756 0.002598711218391474 0.1530248355574693 0
3757 0.002627447107705271 0.1549143979359 0
3758 0.002656678048092269 0.1568872405027902 0
3759 0.002686361858595265 0.1589445111300466 0
3760 0.002716486577479295 0.1610870650146368 0
3761 0.002747067650451475 0.1633154355046498 0
3762 0.002778141548729752 0.1656298062603072 0
3763 0.002809757468664718 0.1680299853867544 0
3764 0.002841968808127998 0.1705153815705145 0
3765 0.002874825725511989 0.173084982243168 0
3766 0.002908369506855866 0.1757373340132346 0
3767 0.002942628921446202 0.178470525856139 0
3768 0.00297761836459379 0.181282175730991 0
3769 0.003013337394411943 0.1841694213692598 0
3770 0.003049771229331869 0.187128915963894 0
3771 0.003086891825207548 0.1901568294036621 0
3772 0.00312465924206662 0.1932488555715852 0
3773 0.003163023105132375 0.1964002260762793 0
3774 0.003201924044171657 0.1996057306216235 0
3775 0.003241295053261663 0.2028597440494471 0
3776 0.0032810627504971 0.2061562599157309 0
3777 0.00332114853768783 0.2094889302866364 0
3778 0.003361469668127215 0.2128511112704186 0
3779 0.003401940229731087 0.2162359136395426 0
3780 0.00344247204405956 0.2196362577490848 0
3781 0.00348297547041244 0.2230449318277458 0
3782 0.003523360089029971 0.2264546526110219 0
3783 0.003563535217925284 0.2298581272057711 0
3784 0.003603410193328794 0.2332481150238468 0
3785 0.003642894312661878 0.236617488600442 0
3786 0.003681896300982296 0.239959292120009 0
3787 0.003720323117482326 0.2432667965084222 0
3788 0.00375807787333886 0.2465335500154467 0
3789 0.003795056598194856 0.2497534233123308 0
3790 0.003831143596974027 0.2529206482818306 0
3791 0.003866205229386657 0.256029849916349 0
3792 0.003900082200799019 0.2590760711247929 0
3793 0.003932580984380506 0.2620547908684525 0
3794 0.003963465920330522 0.2649619369966383 0
3795 0.00399245491106796 0.2677938964643898 0
3796 0.004019223280350489 0.2705475270982046 0
3797 0.00404342165349544 0.2732201761033873 0
3798 0.004064713358144172 0.2758097099415165 0
3799 0.004082833100602088 0.2783145571397856 0
3800 0.004097660377605025 0.2807337624399124 0
3801 0.004109289497379773 0.2830670622500092 0
3802 0.004118068347687442 0.2853150671575741 0
3803 0.004124519380167562 0.2874642570580745 0
3804 0.004129398500395994 0.2895419016373822 0
3805 0.004133425434735008 0.2915350112874026 0
3806 0.004137175901148253 0.2934414453423894 0
3807 0.004140933772997023 0.2952696213611706 0
3808 0.004144871761901062 0.2970169270038043 0
3809 0.004149141435463037 0.2986852083436534 0
3810 0.004153939465928516 0.3002764325032837 0
3811 0.004159547714687037 0.3017925741086926 0
3812 0.004166325010631427 0.3032362623249608 0
3813 0.004174762189876417 0.3046095273086593 0
3814 0.004185383984918371 0.3059146611212728 0
3815 0.004198746085207808 0.3071539857421775 0
3816 0.004215400190291199 0.3083294593686113 0
3817 0.004235871293618049 0.3094443466829144 0
3818 0.004260471056044056 0.3105005856466675 0
3819 0.004289150124382893 0.311500868694292 0
3820 0.004321100321657212 0.3124481645614344 0
3821 0.004354126378926767 0.3133459163474432 0
3822 0.004383641319513771 0.3141983294930326 0
3823 0.003253329259480333 0.1241564195293244 0
3824 0.003261014323731834 0.1244789633466932 0
3825 0.003271501677604459 0.1248202575922551 0
3826 0.003283810693609515 0.125182222700322 0
3827 0.003297290670420454 0.1255666016088534 0
3828 0.00331151859450078 0.1259750450463651 0
3829 0.003326231903604452 0.12640916826322 0
3830 0.003341282603461839 0.1268705885798469 0
3831 0.003356605091829023 0.1273609501384556 0
3832 0.003372193114270554 0.1278819401933617 0
3833 0.003388083025624592 0.1284352997927644 0
3834 0.003404341580736206 0.1290228306525865 0
3835 0.003421057098229245 0.1296463993135407 0
3836 0.003438333185010776 0.1303079392239728 0
3837 0.003456284384195223 0.1310094511274781 0
3838 0.003475033193170614 0.1317530020007384 0
3839 0.003494707946657828 0.1325407227795553 0
3840 0.003515441126438554 0.1333748054654995 0
3841 0.003537368018808151 0.134257504550156 0
3842 0.003560630858097904 0.1351909659734132 0
3843 0.003585349340871057 0.1361776430342252 0
3844 0.00361163864516926 0.1372198480876597 0
3845 0.003639599992748523 0.1383199628725372 0
3846 0.003669311453115974 0.1394803802317332 0
3847 0.003700819544180646 0.140703494399669 0
3848 0.003734130716006421 0.1419916898319092 0
3849 0.003769203753139211 0.1433473293982898 0
3850 0.003805944489134763 0.144772742664432 0
3851 0.003844204452996326 0.1462702160763693 0
3852 0.003883784907015361 0.1478419897836924 0
3853 0.003924391198708116 0.1494883370439188 0
3854 0.003965849000441816 0.1512148268007832 0
3855 0.004007893172164941 0.1530215688897602 0
3856 0.004050316276128911 0.154910271512688 0
3857 0.004092960631476907 0.1568823996779264 0
3858 0.004135732200234881 0.1589391436292719 0
3859 0.004178603876912663 0.1610813868875808 0
3860 0.004221608857839576 0.1633096765023594 0
3861 0.004264826637641349 0.165624196980255 0
3862 0.004308365298150253 0.1680247475657506 0
3863 0.004352343700799798 0.1705107219597336 0
3864 0.004396876253172383 0.17308108974595 0
3865 0.004442061641081767 0.1757343793330569 0
3866 0.004487975772059822 0.1784686627765576 0
3867 0.004534668409084924 0.1812815432356938 0
3868 0.004582162613650482 0.1841701459988898 0
3869 0.004630456068608197 0.1871311140132028 0
3870 0.004679523482985779 0.1901606087405018 0
3871 0.004729319483011276 0.1932543169906876 0
3872 0.004779781594840916 0.196407464186409 0
3873 0.004830833089977461 0.1996148343133994 0
3874 0.004882385583661989 0.2028707966136025 0
3875 0.004934341352767341 0.2061693388871833 0
3876 0.004986595381371956 0.2095041070853242 0
3877 0.005039037158639993 0.212868450699908 0
3878 0.005091552252579638 0.2162554732912564 0
3879 0.005144023670450597 0.2196580873444636 0
3880 0.005196332995088352 0.223069072512195 0
3881 0.00524836125765637 0.2264811361905849 0
3882 0.005299989470415552 0.2298869752875566 0
3883 0.005351098696735421 0.2332793379808212 0
3884 0.005401569476961207 0.2366510842259089 0
3885 0.005451280357130117 0.2399952437620966 0
3886 0.005500105183702534 0.2433050703758751 0
3887 0.005547908741357093 0.2465740912217761 0
3888 0.005594540244381823 0.2497961500825792 0
3889 0.005639824194520965 0.252965443608676 0
3890 0.005683548275962483 0.2560765498759062 0
3891 0.005725448417140651 0.2591244491581109 0
3892 0.005765192113343192 0.2621045377949784 0
3893 0.005802362808495872 0.2650126376434626 0
3894 0.005836450712754992 0.2678450059320454 0
3895 0.005866858637870087 0.2705983531153259 0
3896 0.005892934172451965 0.2732698784315005 0
3897 0.005914039423192635 0.2758573319106921 0
3898 0.005929663166030644 0.2783591043420098 0
3899 0.005939564837029622 0.2807743320529438 0
3900 0.005943916843332948 0.2831029898591222 0
3901 0.005943389624999396 0.2853459616097436 0
3902 0.005939145760627707 0.2874833937552232 0
3903 0.005932501548819634 0.2895568306946621 0
3904 0.005925018489598224 0.2915465102291709 0
3905 0.005917830924864051 0.2934483910913884 0
3906 0.005911337589088389 0.2952742060022461 0
3907 0.005905761729160722 0.2970192430236457 0
3908 0.005901225163605141 0.2986852718709128 0
3909 0.005897924384443889 0.3002742941725776 0
3910 0.005896204014585458 0.3017883236354222 0
3911 0.005896525682940353 0.3032302921819023 0
3912 0.005899549533451126 0.3046022007598455 0
3913 0.005905913468118233 0.3059063606378446 0
3914 0.005916200943985677 0.3071450880640009 0
3915 0.005930874514580093 0.3083201718234957 0
3916 0.005950251261337558 0.3094352505639419 0
3917 0.00597428098423184 0.3104920478645432 0
3918 0.00600247244612143 0.3114933103263325 0
3919 0.006033564227861533 0.3124420521382061 0
3920 0.00606504209965438 0.3133416977845612 0
3921 0.006092374284251788 0.3141962869717196 0
3922 0.004488874486856383 0.1241570071737838 0
3923 0.004496556913681888 0.1244802207753695 0
3924 0.00450744542183756 0.1248221557490725 0
3925 0.004520665659252706 0.1251846770067092 0
3926 0.004535609419238374 0.1255695062556182 0
3927 0.004551854024350018 0.1259782935052759 0
3928 0.004569110722944344 0.1264126649329923 0
3929 0.004587190731477854 0.1268742547475527 0
3930 0.00460598229710957 0.1273647262974453 0
3931 0.004625434697926422 0.1278857860304732 0
3932 0.004645546636088641 0.1284391927107979 0
3933 0.004666357470787993 0.1290267634217357 0
3934 0.004687940370445523 0.1296503772666049 0
3935 0.00471039683487859 0.1303119772737034 0
3936 0.004733852219878618 0.1310135707664575 0
3937 0.004758451951503316 0.131757228340812 0
3938 0.004784358104882327 0.1325450816134356 0
3939 0.004811746025081796 0.1333793203881214 0
3940 0.004840801132398462 0.1342621959674389 0
3941 0.004871721218153525 0.1351957799270635 0
3942 0.004904675406983578 0.1361825542699059 0
3943 0.004939824291746569 0.1372247942575268 0
3944 0.004977306243728719 0.1383248592902771 0
3945 0.005017221188906959 0.1394851180133893 0
3946 0.005059615991254728 0.1407079404730594 0
3947 0.0051044698736187 0.1419956890686471 0
3948 0.005151681650046022 0.1433507092731985 0
3949 0.005201061116370546 0.1447753205946817 0
3950 0.005252327284278627 0.1462718083480657 0
3951 0.005305115718793241 0.1478424148547841 0
3952 0.005358898971487997 0.1494867096066096 0
3953 0.005413383574183831 0.1512118531599076 0
3954 0.005468100145575088 0.1530173370529513 0
3955 0.005522694524543841 0.1549049266843356 0
3956 0.005576903734471086 0.1568761492135627 0
3957 0.005630577280821282 0.1589322442052984 0
3958 0.00568368022576073 0.1610741256309467 0
3959 0.005736279640620935 0.1633023516478689 0
3960 0.005788519371427359 0.1656171015052567 0
3961 0.005840589635336769 0.1680181575117166 0
3962 0.005892697477236273 0.1705048896914161 0
3963 0.005945042256601852 0.1730762414212811 0
3964 0.005997798099442232 0.1757307154079421 0
3965 0.006051103391064975 0.1784663603338463 0
3966 0.006105056227692748 0.1812807591319844 0
3967 0.006159714266312859 0.1841710201133623 0
3968 0.006215097416876184 0.1871337721612364 0
3969 0.006271192085842071 0.1901651650357544 0
3970 0.00632795603128151 0.1932608755925253 0
3971 0.006385323222022649 0.1964161204633939 0
3972 0.006443208358756314 0.1996256755027277 0
3973 0.006501510902585389 0.2028839020754673 0
3974 0.006560118574428525 0.2061847800536383 0
3975 0.006618910351969208 0.2095219471935119 0
3976 0.006677759015023588 0.212888744384529 0
3977 0.006736533287649974 0.2162782660935687 0
3978 0.0067950996051889 0.2196834151757263 0
3979 0.006853323501470507 0.2230969610878189 0
3980 0.006911070568032402 0.2265116004257068 0
3981 0.006968206881956398 0.2299200186127234 0
3982 0.007024598730107086 0.2333149514944479 0
3983 0.00708011137076152 0.2366892455437157 0
3984 0.007134606467741415 0.2400359153478615 0
3985 0.007187937707584954 0.2433481970376893 0
3986 0.007239943980742503 0.2466195963308948 0
3987 0.007290439402511193 0.2498439299210221 0
3988 0.007339199436503619 0.2530153590933913 0
3989 0.007385942582191609 0.2561284147836187 0
3990 0.007430307703997865 0.2591780139751518 0
3991 0.007471828408299106 0.2621594686073637 0
3992 0.007509908282451354 0.2650684903482127 0
3993 0.007543804572778902 0.267901197915763 0
3994 0.007572632815251678 0.2706541379178938 0
3995 0.007595409710781852 0.2733243340729447 0
3996 0.007611152858741949 0.2759093797130696 0
3997 0.00761904842249259 0.2784075786707681 0
3998 0.007618676074956062 0.2808181138603476 0
3999 0.007610244991166084 0.2831411833297627 0
4000 0.007594756438790108 0.2853780105564472 0
4001 0.007574229463585403 0.2875036406496508 0
4002 0.007550462202189566 0.2895721477547758 0
4003 0.007526239089927531 0.291558079143091 0
4004 0.007503420636134808 0.2934555964949395 0
4005 0.007482369955994009 0.2952790314626815 0
4006 0.007463259353988327 0.2970217519501694 0
4007 0.007446035478640247 0.2986854137668573 0
4008 0.007430775140080472 0.3002720673053833 0
4009 0.007417805615566773 0.3017838214042019 0
4010 0.007407637548631407 0.3032239574733437 0
4011 0.007401113196355081 0.304594522586657 0
4012 0.00739898518529648 0.3058978581163162 0
4013 0.007401858251789478 0.3071362592987723 0
4014 0.00741010355260622 0.3083113328975033 0
4015 0.007423844173293131 0.3094269682074239 0
4016 0.007442733420211373 0.3104846333321871 0
4017 0.007465998562261423 0.3114870586956022 0
4018 0.007492197684043415 0.3124372348589475 0
4019 0.007518867496720518 0.3133385240075562 0
4020 0.007541938269148695 0.3141948182464411 0
4021 0.005783612401199546 0.1241574290960333 0
4022 0.005791206531883398 0.1244811576485679 0
4023 0.005802231224854345 0.1248236171879643 0
4024 0.005815903331437685 0.1251866284030975 0
4025 0.005831667632423291 0.1255718927193023 0
4026 0.005849128700938215 0.1259810541264377 0
4027 0.005868007418486523 0.1264157410619366 0
4028 0.005888112789778174 0.1268775946795774 0
4029 0.005909323522163911 0.1273682878236131 0
4030 0.005931575871000945 0.1278895376838549 0
4031 0.005954855465264326 0.1284431141422421 0
4032 0.005979191611095256 0.1290308451181606 0
4033 0.006004653089875609 0.1296546197167456 0
4034 0.006031344798622661 0.1303163896380504 0
4035 0.006059404768131385 0.131018169082313 0
4036 0.006089001172699964 0.1317620332732024 0
4037 0.006120328954474141 0.1325501157654516 0
4038 0.006153605717832641 0.1333846053803269 0
4039 0.006189067293260735 0.134267752352481 0
4040 0.006226968752269267 0.13520154403572 0
4041 0.006267526651815638 0.1361884818495017 0
4042 0.006310944987844522 0.1372308007531989 0
4043 0.006357394918824137 0.1383308330237093 0
4044 0.006406989666064362 0.139490917640839 0
4045 0.006459762134470606 0.1407133949356174 0
4046 0.006515642936155225 0.142000600133101 0
4047 0.006574441551513512 0.1433548570093827 0
4048 0.006635834168990029 0.1447784719763288 0
4049 0.006699362228495949 0.1462737283411348 0
4050 0.006764444978860175 0.1478428746542316 0
4051 0.006830259442583364 0.1494847998312254 0
4052 0.006896364978576684 0.1512082833390181 0
4053 0.006962049027289907 0.1530122378768253 0
4054 0.007026791353519903 0.1548985024424504 0
4055 0.007090220213486904 0.1568686754548339 0
4056 0.007152139480260334 0.1589240478243317 0
4057 0.007212527558473979 0.1610655597808732 0
4058 0.007271511992552985 0.1632937720122201 0
4059 0.007329328509469552 0.165608847800511 0
4060 0.007386274762061738 0.1680105416225027 0
4061 0.007442667442464013 0.170498189998561 0
4062 0.007498808164402788 0.1730707018946204 0
4063 0.007554960121996774 0.1757265477800438 0
4064 0.00761133498817208 0.1784637478680434 0
4065 0.007668088100496916 0.1812798608831355 0
4066 0.007725319526389995 0.1841719749772889 0
4067 0.007783078762557548 0.1871367023345285 0
4068 0.007841371282096384 0.1901701787390194 0
4069 0.00790016566996393 0.1932680690561726 0
4070 0.007959400557643928 0.1964255792558364 0
4071 0.008018990930633589 0.1996374753169811 0
4072 0.008078833632530388 0.2028981090982564 0
4073 0.008138812043383868 0.2062014510332782 0
4074 0.00819879999026582 0.2095411293068773 0
4075 0.008258664976627004 0.2129104749839783 0
4076 0.008318270810830792 0.2163025723940266 0
4077 0.008377479685647383 0.2197103139208768 0
4078 0.008436153715750457 0.2231264582119254 0
4079 0.008494155882635905 0.2265436907024391 0
4080 0.008551350263906885 0.2299546852521555 0
4081 0.008607601334414175 0.2333521656109374 0
4082 0.00866277201422983 0.2367289653666562 0
4083 0.00871672000132688 0.2400780849796116 0
4084 0.008769291764243441 0.243392744473155 0
4085 0.008820313397935516 0.246666430336771 0
4086 0.00886957739711699 0.2498929352273935 0
4087 0.008916824355735407 0.2530663891807681 0
4088 0.008961718798484975 0.2561812813730694 0
4089 0.009003819039129182 0.2592324721969539 0
4090 0.009042542510534976 0.2622151968438216 0
4091 0.009077130920091426 0.2651250641466522 0
4092 0.009106624327778935 0.2679580585836648 0
4093 0.009129859889922038 0.2707105591823915 0
4094 0.009145518345047834 0.2733793954900199 0
4095 0.009152245547591283 0.2759619639067353 0
4096 0.009148870153290719 0.2784564190838768 0
4097 0.009134712879614362 0.2808619223763236 0
4098 0.009109934503180345 0.283178864738785 0
4099 0.009075812099267782 0.2854088919847515 0
4100 0.0090353642915772 0.2875230173816166 0
4101 0.008990779029484537 0.2895863260727878 0
4102 0.008946507399741696 0.2915686450547835 0
4103 0.008905337504506988 0.2934623758637457 0
4104 0.008867388659956711 0.2952837509900674 0
4105 0.008832629103950197 0.2970243495786763 0
4106 0.008800658048206495 0.2986856917176153 0
4107 0.008771301958229073 0.3002699043509847 0
4108 0.008744792424266477 0.3017792593592383 0
4109 0.008721650091808942 0.303217462823815 0
4110 0.008702977193878223 0.3045866975756347 0
4111 0.008689708625739817 0.3058893437920318 0
4112 0.008682532132751993 0.307127653543468 0
4113 0.00868178777005104 0.3083030274651111 0
4114 0.008687462478446149 0.3094194858826868 0
4115 0.008698963491148763 0.3104782035518706 0
4116 0.008715322801046697 0.3114818573555927 0
4117 0.008735029862214718 0.3124333892570632 0
4118 0.008755783809198293 0.3133360948312127 0
4119 0.008774046425201852 0.3141937457857558 0
4120 0.00712286468220452 0.1241577326211829 0
4121 0.007130312564294183 0.1244818563361847 0
4122 0.00714129343882315 0.1248247404571629 0
4123 0.007155096227950433 0.1251881714143481 0
4124 0.007171213885300212 0.1255738335129367 0
4125 0.007189283800781373 0.1259833638399414 0
4126 0.007209049498508179 0.1264183898956762 0
4127 0.007230335765006342 0.1268805553753394 0
4128 0.007253032568865879 0.127371537754162 0
4129 0.007277084834279433 0.1278930601746985 0
4130 0.007302486108708019 0.1284468993249159 0
4131 0.007329274764732052 0.1290348904145034 0
4132 0.007357531753818948 0.129658929941692 0
4133 0.007387379160336532 0.1303209766526311 0
4134 0.007418978927266727 0.1310230509042122 0
4135 0.007452531166823735 0.131767232549311 0
4136 0.007488271463660949 0.1325556575591789 0
4137 0.007526466641935107 0.1333905145818118 0
4138 0.007567409658159328 0.1342740553553088 0
4139 0.00761142073809216 0.1352081688921295 0
4140 0.007658763231330051 0.1361953616086931 0
4141 0.007709683871124645 0.1372378249275636 0
4142 0.00776438194503792 0.1383378586840669 0
4143 0.007822973485305525 0.1394977664154637 0
4144 0.007885459648930993 0.1407198532314138 0
4145 0.007951696217563328 0.1420064224042926 0
4146 0.008021368126171958 0.1433597723305542 0
4147 0.008093973971201051 0.1447821942621561 0
4148 0.008168826144126822 0.1462759702448415 0
4149 0.008245071228618363 0.1478433606828056 0
4150 0.008321525401320608 0.1494826011853225 0
4151 0.008397568354830796 0.1512041189605156 0
4152 0.008472217919356862 0.1530062943562894 0
4153 0.008544782301122038 0.1548910563479355 0
4154 0.008614795125978384 0.1568600808979422 0
4155 0.008682043905147551 0.158914706047383 0
4156 0.008746557718482335 0.1610558865322933 0
4157 0.008808562813751974 0.1632841701890633 0
4158 0.008868420633897974 0.1655996888209646 0
4159 0.008926563048505233 0.1680021556992777 0
4160 0.008983435789374914 0.1704908635310098 0
4161 0.009039455874221187 0.1730646795627752 0
4162 0.009094984233052848 0.1757220371430635 0
4163 0.009150311771951716 0.1784609248446208 0
4164 0.009205655733914171 0.1812788750925819 0
4165 0.009261163009159953 0.1841729543993953 0
4166 0.009316917495515643 0.1871397570738409 0
4167 0.009372949311269405 0.1901754038779845 0
4168 0.009429244370188283 0.1932755466882775 0
4169 0.009485753420503501 0.1964353798369524 0
4170 0.009542400089432598 0.199649658484567 0
4171 0.009599087769686087 0.202912724099818 0
4172 0.009655705361085183 0.2062185368874896 0
4173 0.009712131969045901 0.2095607147989169 0
4174 0.009768240689617829 0.2129325785740541 0
4175 0.009823901598372146 0.2163272020961117 0
4176 0.009878984022527791 0.2197374671874662 0
4177 0.009933358119567751 0.2231561218394292 0
4178 0.009986895715128863 0.2265758407492371 0
4179 0.01003947026545064 0.2299892869353323 0
4180 0.01009095570273073 0.2333891731156352 0
4181 0.01014122378748872 0.236768321460412 0
4182 0.01019013942848042 0.2401197202687892 0
4183 0.01023755323476639 0.2434365760643767 0
4184 0.01028329035289266 0.2467123595669591 0
4185 0.01032713444650856 0.249940843994287 0
4186 0.01036880558069092 0.2531161342340108 0
4187 0.01040793092468976 0.256232685708005 0
4188 0.01044400785604168 0.2592853124336412 0
4189 0.0104763606530496 0.2622691852115438 0
4190 0.01050409511359315 0.26517982356889 0
4191 0.0105260608434896 0.2680130897501719 0
4192 0.01054083909557147 0.2707652002720766 0
4193 0.01054678421501382 0.2734327799856406 0
4194 0.0105421553093017 0.2760129918748044 0
4195 0.0105253728738946 0.2785037731597393 0
4196 0.01049540897407452 0.2809041755677419 0
4197 0.01045225951014988 0.2832147218286109 0
4198 0.01039736700339642 0.2854375307989486 0
4199 0.01033479579408545 0.2875404992637219 0
4200 0.01026705130190487 0.2895985586102018 0
4201 0.01020077405735299 0.291577674847793 0
4202 0.0101399443456736 0.293468423786184 0
4203 0.01008416862232448 0.2952882554305695 0
4204 0.01003301363386231 0.2970270546779959 0
4205 0.009985549440167054 0.2986861974894479 0
4206 0.009941220885821996 0.300267921643245 0
4207 0.009900083659683446 0.301774734505204 0
4208 0.009862622298947866 0.3032108712605759 0
4209 0.009830330903113626 0.304578757340154 0
4210 0.009804428443805555 0.3058808175967948 0
4211 0.009785774254457504 0.3071192362261255 0
4212 0.009774755287359329 0.308295178847461 0
4213 0.009771286541471139 0.3094126787220051 0
4214 0.009774528195796852 0.3104725768986396 0
4215 0.009783337766452908 0.3114774798277043 0
4216 0.009796160615641238 0.3124302772624009 0
4217 0.009810865787938298 0.3133342085943777 0
4218 0.009824408951813256 0.3141929532625329 0
4219 0.008489667801174156 0.1241579517787604 0
4220 0.008496887989106913 0.1244823797195311 0
4221 0.00850764107255907 0.1248256068489418 0
4222 0.008521276338739241 0.1251893934096333 0
4223 0.008537330231301267 0.1255754100019888 0
4224 0.008555473454972595 0.1259852875343646 0
4225 0.008575476760037766 0.1264206517932174 0
4226 0.00859718863894517 0.1268831474427874 0
4227 0.008620520968006971 0.1273744546424401 0
4228 0.00864544010203675 0.1278963004385152 0
4229 0.008671961755492202 0.1284504663777018 0
4230 0.008700148481579954 0.1290387932853509 0
4231 0.008730108831731037 0.1296631837929748 0
4232 0.00876199741173744 0.130325602946096 0
4233 0.008796015084822242 0.1310280770570858 0
4234 0.008832408531341093 0.1317726909027418 0
4235 0.00887146830059829 0.1325615835438008 0
4236 0.008913524551135766 0.1333969444946372 0
4237 0.008958941509827744 0.1342810305923405 0
4238 0.009008120999207142 0.1352156122013146 0
4239 0.009061374829715191 0.1362031786360453 0
4240 0.00911899460777817 0.1372458742636551 0
4241 0.009181203727593436 0.1383459601909952 0
4242 0.009248108868331143 0.1395056982203475 0
4243 0.009319657731712382 0.1407273528177484 0
4244 0.009395599220434156 0.1420131910664682 0
4245 0.009475451239244479 0.143365482987501 0
4246 0.009558482566590629 0.1447865031082889 0
4247 0.009643716331251169 0.1462785330022265 0
4248 0.00972996147340011 0.1478438490666343 0
4249 0.009815601938835357 0.1494800676352919 0
4250 0.009899799075518217 0.1511993024727472 0
4251 0.009981289918632757 0.1529994610634809 0
4252 0.01005922287497417 0.1548825757220655 0
4253 0.01013307266468483 0.1568504002530327 0
4254 0.01020266122476922 0.1589043065918357 0
4255 0.01026812301672251 0.1610452428106679 0
4256 0.01032983217936903 0.1632737210594698 0
4257 0.01038831409760957 0.1655898217326639 0
4258 0.01044416081134446 0.1679932020070066 0
4259 0.01049796236052919 0.1704831010721806 0
4260 0.01055025867638675 0.1730583389687806 0
4261 0.01060151123120338 0.1757173093479173 0
4262 0.01065209079090034 0.1784579682931671 0
4263 0.01070227672945106 0.1812778219351037 0
4264 0.01075226366998763 0.1841739154492727 0
4265 0.0108021720586602 0.1871428255673632 0
4266 0.01085206023491786 0.1901806581937915 0
4267 0.01090193641906685 0.1932830522221028 0
4268 0.01095176971124798 0.1964451902254053 0
4269 0.01100149967637261 0.199661816351796 0
4270 0.01105104440212287 0.2029272614744409 0
4271 0.01110030709869149 0.2062354754096617 0
4272 0.01114918139518351 0.2095800658113256 0
4273 0.01119755550919093 0.2129543431669065 0
4274 0.01124531544506114 0.2163513711548565 0
4275 0.0112923473289088 0.2197640214725655 0
4276 0.0113385389219233 0.2231850321090442 0
4277 0.01138378027224013 0.2266070679169679 0
4278 0.01142796336589491 0.2300227822344842 0
4279 0.01147098051663521 0.2334248782168055 0
4280 0.01151272108281205 0.2368061684577257 0
4281 0.01155306591487585 0.2401596314082876 0
4282 0.01159187871304747 0.2434784630307501 0
4283 0.0116289932277081 0.2467561220648464 0
4284 0.01166419499184495 0.2499863672464295 0
4285 0.01169719611823476 0.2531632848534958 0
4286 0.01172760176314774 0.2562813051589361 0
4287 0.01175486742726797 0.2593352069391441 0
4288 0.01177824776747042 0.2623201104707125 0
4289 0.01179674072560244 0.2652314620413381 0
4290 0.01180903647498187 0.2680650178205206 0
4291 0.0118134899316515 0.2708168431625 0
4292 0.01180814855078626 0.2734833558438861 0
4293 0.01179088107181524 0.2760614566118482 0
4294 0.01175965829155029 0.2785487982848981 0
4295 0.01171301474608582 0.2809442207343365 0
4296 0.01165064989893845 0.2832482809840675 0
4297 0.01157401994337304 0.2854635687641757 0
4298 0.01148816705587952 0.2875556553325332 0
4299 0.01139585733314065 0.2896084885289474 0
4300 0.01130653269257773 0.2915849662596776 0
4301 0.01122572012812367 0.2934736644936705 0
4302 0.01115216437461368 0.2952925640857568 0
4303 0.01108480079844063 0.2970299392572381 0
4304 0.01102199659010532 0.2986870304065353 0
4305 0.01096269375071828 0.3002662190650203 0
4306 0.0109066878124842 0.3017703130424308 0
4307 0.01085434837347625 0.3032042077376632 0
4308 0.01080774472739491 0.3045706957178465 0
4309 0.01076849319692984 0.3058722450109625 0
4310 0.01073771766638224 0.3071109469889198 0
4311 0.01071593402494721 0.3082877036374023 0
4312 0.01070305927354678 0.3094064395375785 0
4313 0.01069795108478574 0.3104676139950166 0
4314 0.01069927413470177 0.311473762639437 0
4315 0.01070541582413824 0.3124277333626014 0
4316 0.01071438580828256 0.3133327279897468 0
4317 0.01072356566460499 0.3141923619645274 0
4318 0.009865593007188443 0.1241581102954439 0
4319 0.00987247040842076 0.1244827728830326 0
4320 0.009882781780062569 0.1248262765295156 0
4321 0.009895933396688105 0.1251903616858732 0
4322 0.009911504478840582 0.125576688388545 0
4323 0.00992920025182454 0.125986882688844 0
4324 0.009948821536030399 0.1264225690268931 0
4325 0.009970244973808228 0.1268853929530045 0
4326 0.009993410455835539 0.1273770370626745 0
4327 0.01001831360621003 0.1278992320605621 0
4328 0.01004500190054564 0.1284537642237793 0
4329 0.01007357338588912 0.1290424800789757 0
4330 0.01010417716696088 0.1296672887798762 0
4331 0.01013701487820946 0.1303301624366178 0
4332 0.01017234230400002 0.1310331344926975 0
4333 0.01021047016078975 0.131778296203745 0
4334 0.01025176286635855 0.1325677915598726 0
4335 0.01029663414473343 0.1334038131289365 0
4336 0.01034554108725805 0.1342886286224906 0
4337 0.01039899380250112 0.1352238607397585 0
4338 0.01045735555659521 0.1362119486896382 0
4339 0.01052096756904643 0.1372549861211078 0
4340 0.01059007326435035 0.1383551882113767 0
4341 0.01066475490672458 0.1395147686663583 0
4342 0.01074487960455028 0.140735946756117 0
4343 0.01083005002738625 0.1420209504932307 0
4344 0.01091956604145983 0.14337201958091 0
4345 0.01101240499092453 0.1447914101850236 0
4346 0.01110723031426552 0.1462814024607951 0
4347 0.01120243743361282 0.1478442888124328 0
4348 0.01129589685493999 0.1494771103839491 0
4349 0.01138650588462216 0.1511937211217682 0
4350 0.01147272993872083 0.1529916352931334 0
4351 0.01155359195009515 0.1548729957823116 0
4352 0.011628570022106 0.1568396240794779 0
4353 0.01169759539296627 0.1588928998754223 0
4354 0.01176097940563936 0.1610337320202173 0
4355 0.01181930122045027 0.1632625667309458 0
4356 0.01187328875768593 0.1655794099735665 0
4357 0.01192371560024765 0.1679838481487103 0
4358 0.01197132445855497 0.1704750593255385 0
4359 0.01201677837028494 0.1730518136845352 0
4360 0.01206063551575866 0.1757124654411495 0
4361 0.01210334162112733 0.1784549398371273 0
4362 0.01214523404361278 0.1812767187645538 0
4363 0.0121865526699495 0.1841748279955189 0
4364 0.01222745402821247 0.1871458282671864 0
4365 0.01226802617918511 0.1901858118109009 0
4366 0.01230830289173893 0.1932904053712146 0
4367 0.0123482762991772 0.1964547803323618 0
4368 0.01238790770812455 0.1996736702320499 0
4369 0.01242713653079562 0.2029413956699339 0
4370 0.01246588747905759 0.2062518963899759 0
4371 0.01250407623218301 0.2095987701173935 0
4372 0.0125416138005602 0.212975317552979 0
4373 0.01257840977653812 0.2163745927655585 0
4374 0.01261437460702797 0.2197894580756013 0
4375 0.0126494209472662 0.2232126423894038 0
4376 0.01268346406544637 0.2266368018242292 0
4377 0.01271642115892204 0.2300545813597494 0
4378 0.01274820931179445 0.233458676158409 0
4379 0.01277874165917692 0.2368418911129853 0
4380 0.01280792112268021 0.2401971970993234 0
4381 0.01283563083506656 0.2435177823310014 0
4382 0.012861720094391 0.2467970971318355 0
4383 0.01288598439870674 0.2500288903719766 0
4384 0.01290813788765441 0.2532072357916254 0
4385 0.01292777647956269 0.2563265465431416 0
4386 0.01294433040196321 0.2593815766902571 0
4387 0.01295700609209009 0.2623674094374514 0
4388 0.01296472033018397 0.265279434141203 0
4389 0.01296603507942726 0.2681133187623824 0
4390 0.01295911136469856 0.2708649931104589 0
4391 0.01294171591994903 0.2735306731873611 0
4392 0.01291133414829046 0.2761069788992471 0
4393 0.01286545828763129 0.278591219395069 0
4394 0.01280210650101153 0.2809819145677419 0
4395 0.01272055081401439 0.2832795249904462 0
4396 0.01262208731046066 0.2854870456997193 0
4397 0.01251254689800142 0.28756840605128 0
4398 0.01239489300348099 0.2896160282652758 0
4399 0.01228206863718108 0.2915905100350055 0
4400 0.01218161556192911 0.2934781477478955 0
4401 0.01209096476533334 0.2952967499275777 0
4402 0.01200817360323128 0.2970330807254267 0
4403 0.01193075555247038 0.2986882738197905 0
4404 0.01185704873451462 0.3002648788315774 0
4405 0.01178650356244751 0.3017660482714342 0
4406 0.01171923854015924 0.3031974920949673 0
4407 0.01165813783731925 0.3045625117579522 0
4408 0.01160532283303942 0.3058636031065868 0
4409 0.01156226568049112 0.3071027418200918 0
4410 0.01152969298452912 0.308280544442562 0
4411 0.01150762328665368 0.3094006978982012 0
4412 0.01149449990384449 0.3104632205634453 0
4413 0.01148875711999617 0.3114705936528316 0
4414 0.01148869792468928 0.3124256441179129 0
4415 0.01149243465672546 0.3133315594827324 0
4416 0.01149770437693623 0.314191918556334 0
4417 0.01123172023605105 0.1241582239679367 0
4418 0.01123811119633434 0.1244830655795039 0
4419 0.01124773739147937 0.1248267887849787 0
4420 0.01126006541649638 0.1251911194739656 0
4421 0.01127472068279193 0.1255777099881172 0
4422 0.01129144635116147 0.1259881831217193 0
4423 0.01131007687115871 0.1264241629612953 0
4424 0.01133052100775341 0.1268872967221329 0
4425 0.01135275138578153 0.1273792702309533 0
4426 0.0113767987185191 0.1279018188017157 0
4427 0.0114027495082804 0.128456734647124 0
4428 0.0114307463365229 0.1290458715399491 0
4429 0.01146098999801962 0.12967114712357 0
4430 0.01149374271868381 0.1303345430360019 0
4431 0.0115293315410408 0.1310381028499244 0
4432 0.01156815067214746 0.1317839278015263 0
4433 0.0116106612239113 0.1325741707062266 0
4434 0.01165738671078621 0.1334110315789604 0
4435 0.01170890682162467 0.1342967986052827 0
4436 0.01176587954392654 0.1352329053271698 0
4437 0.01182872147135034 0.1362216924629967 0
4438 0.01189782916060027 0.1372651997608476 0
4439 0.01197345952279827 0.1383655891382599 0
4440 0.01205564960500128 0.1395250212542652 0
4441 0.01214415082599371 0.1407456684056146 0
4442 0.01223837143443868 0.1420297197203705 0
4443 0.01233733339517995 0.1433793844802585 0
4444 0.01243965195663646 0.1447968980170444 0
4445 0.01254355014145364 0.1462845338546644 0
4446 0.01264692140995664 0.1478445923590468 0
4447 0.01274702694717608 0.1494735955324868 0
4448 0.01284244655167547 0.1511872127047366 0
4449 0.01293141168414225 0.1529826717555655 0
4450 0.01301288410547033 0.1548622220441195 0
4451 0.01308643968471121 0.156827725827656 0
4452 0.01315221905238414 0.1588805270091354 0
4453 0.01321079547306102 0.1610214500532768 0
4454 0.01326301252200765 0.1632508390192285 0
4455 0.013309833787439 0.1655686018933535 0
4456 0.01335222667848186 0.1679742422428591 0
4457 0.01339108528642661 0.1704668731887032 0
4458 0.01342718740428892 0.1730452160984298 0
4459 0.01346117722843251 0.1757075891084871 0
4460 0.01349356532254459 0.1784518906500002 0
4461 0.01352473897344256 0.1812755821968025 0
4462 0.01355497790332196 0.1841756733428033 0
4463 0.01358447191802458 0.1871487113707867 0
4464 0.0136133383301736 0.1901907767543481 0
4465 0.0136416379154907 0.1932974855024409 0
4466 0.01366938879965401 0.1964639988585428 0
4467 0.01369657809432712 0.1996850405589409 0
4468 0.0137231713580998 0.2029549216052461 0
4469 0.0137491200956095 0.2062675722939767 0
4470 0.01377436756087199 0.2096165810579409 0
4471 0.01379885312697093 0.2129952395029275 0
4472 0.01382251544282751 0.216396592865503 0
4473 0.01384529453346341 0.2198134949727414 0
4474 0.01386713291833252 0.2232386666527985 0
4475 0.01388797572681552 0.2266647564270338 0
4476 0.01390776967463495 0.2300844022092546 0
4477 0.01392646062736473 0.233490292643845 0
4478 0.01394398930359007 0.2368752266275653 0
4479 0.01396028445810548 0.2402321694746102 0
4480 0.01397525262123807 0.2435543040941819 0
4481 0.01398876316724201 0.2468350754525424 0
4482 0.01400062715277352 0.2500682264905481 0
4483 0.01401056807254223 0.2532478235888257 0
4484 0.01401818252218045 0.2563682696733089 0
4485 0.01402288897159558 0.2594243032723355 0
4486 0.01402386382072159 0.2624109825516473 0
4487 0.01401996637135036 0.2653236551564365 0
4488 0.01400965954036896 0.2681579187515095 0
4489 0.01399094306608665 0.2709095857003262 0
4490 0.01396133313690587 0.2735746819580164 0
4491 0.01391794794590224 0.2761495388427572 0
4492 0.01385778595191213 0.2786310745496462 0
4493 0.01377828511084908 0.2810173833842705 0
4494 0.01367817090629192 0.2833086737510994 0
4495 0.01355840496009171 0.2855082129662107 0
4496 0.01342530217031494 0.2875788718663767 0
4497 0.01328192777553782 0.2896212447344686 0
4498 0.01314549959898052 0.2915944026359697 0
4499 0.01302617409378386 0.2934819839328514 0
4500 0.0129194956861262 0.2953008977939782 0
4501 0.01282239673858101 0.2970365390676761 0
4502 0.01273141755131744 0.2986899842846487 0
4503 0.01264421800343248 0.3002639620204922 0
4504 0.01255982625120809 0.3017619817543292 0
4505 0.01247789623685525 0.3031907426028457 0
4506 0.01240243024830279 0.3045542137446283 0
4507 0.01233614433828679 0.3058548829625126 0
4508 0.01228092517118408 0.3070945916503582 0
4509 0.01223778775566306 0.308273663222707 0
4510 0.01220699534574402 0.3093954080436862 0
4511 0.01218640431578479 0.3104593305838153 0
4512 0.01217417626003488 0.3114678926436387 0
4513 0.01216850357773929 0.3124239290344806 0
4514 0.01216756599094527 0.3133306379529378 0
4515 0.01216939338574004 0.3141915866669447 0
4516 0.01256966602237198 0.1241583025413956 0
4517 0.01257540960118732 0.1244832749188636 0
4518 0.01258409008677916 0.1248271642954148 0
4519 0.01259524239686974 0.1251916866205607 0
4520 0.01260854473209299 0.1255784893263764 0
4521 0.01262378369771528 0.1259891937842235 0
4522 0.01264083215826027 0.1264254251499939 0
4523 0.01265963546144064 0.1268888336504948 0
4524 0.01268020352271578 0.1273811098265267 0
4525 0.01270260724451641 0.127903995368646 0
4526 0.0127269782820653 0.1284592906003563 0
4527 0.01275351144431404 0.1290488592480033 0
4528 0.01278246910705583 0.129674630820488 0
4529 0.01281418693071916 0.1303386006689713 0
4530 0.01284907989935506 0.1310428276048285 0
4531 0.01288764720584179 0.1317894289115291 0
4532 0.0129304738536818 0.1325805731690057 0
4533 0.01297822657502628 0.1334184758198809 0
4534 0.0130316478196335 0.1343054613416597 0
4535 0.01309160118987553 0.1352427144934331 0
4536 0.0131585533016694 0.136232407270719 0
4537 0.01323295958506544 0.1372765241879183 0
4538 0.0133150769804518 0.1383771684073753 0
4539 0.01340486623428804 0.1395364470312057 0
4540 0.01350191695685097 0.1407564897681169 0
4541 0.01360538541665962 0.1420394528171863 0
4542 0.0137139488642365 0.1433875178172848 0
4543 0.01382578375049536 0.144802894642946 0
4544 0.01393858355670155 0.1462878367356666 0
4545 0.01404963736385537 0.1478446298275123 0
4546 0.0141554791114692 0.1494693448232225 0
4547 0.01425430786193714 0.1511795742364852 0
4548 0.0143441994387888 0.1529724005141636 0
4549 0.0144241582548167 0.1548501551279643 0
4550 0.01449398964424795 0.1568146889210034 0
4551 0.01455416732800558 0.158867244849332 0
4552 0.01460561834730712 0.1610085059192371 0
4553 0.01464950414079182 0.1632386752689175 0
4554 0.01468704484029438 0.1655575425831596 0
4555 0.01471940064599134 0.1679645219005282 0
4556 0.01474760423574673 0.1704586627889567 0
4557 0.01477253102706436 0.1730386429963287 0
4558 0.01479489429068187 0.1757027508825791 0
4559 0.01481525497496003 0.1784488640655526 0
4560 0.01483403919187175 0.1812744286984822 0
4561 0.01485155878411554 0.1841764422575668 0
4562 0.01486803214568911 0.1871514416789137 0
4563 0.01488360365446039 0.1901954980047081 0
4564 0.01489836086398639 0.1933042182413581 0
4565 0.01491234911885309 0.1964727548032511 0
4566 0.01492558358627 0.1996958226586978 0
4567 0.01493805889029502 0.2029677240786734 0
4568 0.01494975663202024 0.2062823806974067 0
4569 0.01496065110683277 0.2096333724180713 0
4570 0.01497071351099053 0.2130139825327738 0
4571 0.01497991487910666 0.216417248272473 0
4572 0.0149882279241046 0.2198360158599398 0
4573 0.01499562786518809 0.2232629990084097 0
4574 0.01500209223072168 0.2266908396912172 0
4575 0.01500759950403496 0.2301121699028916 0
4576 0.01501212633890281 0.2335196730381431 0
4577 0.01501564289215314 0.2369061434269534 0
4578 0.0150181056011909 0.2402645424758899 0
4579 0.01501944645673129 0.2435880497689656 0
4580 0.01501955749729077 0.2468701073709101 0
4581 0.01501826888205219 0.2501044554475684 0
4582 0.01501531853853459 0.2532851571853226 0
4583 0.0150103111023612 0.2564066108859362 0
4584 0.0150026638665227 0.2594635471325131 0
4585 0.01499153806513169 0.2624510092805583 0
4586 0.01497575572766066 0.2653643167460407 0
4587 0.01495370683378495 0.2681990138051867 0
4588 0.01492326095746545 0.2709508144309065 0
4589 0.01488171572515808 0.2736155709304944 0
4590 0.0148258450830623 0.2761893281084742 0
4591 0.01475215074709691 0.2786685795047136 0
4592 0.01465744222367563 0.2810508970427309 0
4593 0.0145397961563289 0.2833360661565107 0
4594 0.01439968302931913 0.2855274270965263 0
4595 0.01424349927633676 0.2875872788515848 0
4596 0.01407426496766722 0.289624285144148 0
4597 0.01391429798119017 0.2915967904682689 0
4598 0.01377711232852911 0.2934853063757305 0
4599 0.01365566759064282 0.2953050873043983 0
4600 0.0135455362210506 0.2970403541016848 0
4601 0.01344219752409362 0.2986921938151904 0
4602 0.01334258602642025 0.3002635096913917 0
4603 0.01324524923462646 0.3017581411068196 0
4604 0.01314907445118635 0.3031839695455617 0
4605 0.01305955245081861 0.3045458089876804 0
4606 0.01298005853560889 0.305846077356245 0
4607 0.01291293996456538 0.3070864688259979 0
4608 0.01285956833649042 0.3082670264628379 0
4609 0.01282065286370638 0.3093905333391929 0
4610 0.01279322639793925 0.3104558907220987 0
4611 0.01277514127960363 0.3114655964954346 0
4612 0.0127644586464118 0.3124225273352154 0
4613 0.01275939618697329 0.3133299164507176 0
4614 0.01275822461182553 0.3141913412980123 0
4615 0.01386255046424143 0.1241583512092259 0
4616 0.01386748238792957 0.1244834080902358 0
4617 0.01387495797435805 0.1248274085993274 0
4618 0.01388459119023476 0.1251920632507262 0
4619 0.01389612158716273 0.1255790174828365 0
4620 0.01390938610783322 0.1259898933491439 0
4621 0.01392430169501187 0.1264263188412621 0
4622 0.01394085511702197 0.1268899489297976 0
4623 0.0139590979925355 0.1273824807801087 0
4624 0.0139791458352716 0.1279056647206631 0
4625 0.01400118040709176 0.1284613119716733 0
4626 0.01402545490872813 0.1290512997300246 0
4627 0.01405230159210431 0.1296775738774217 0
4628 0.01408214122508908 0.1303421492878022 0
4629 0.01411549340986669 0.1310471074520679 0
4630 0.01415298596138849 0.1317945910315542 0
4631 0.01419536040129899 0.1325867956824692 0
4632 0.0142434698771156 0.1334259659228424 0
4633 0.01429827478029272 0.1343144883124351 0
4634 0.01436092989133293 0.1352532127596411 0
4635 0.01443193651829526 0.1362440410939746 0
4636 0.01451180461128144 0.137288905865779 0
4637 0.01460076347257152 0.1383898517602704 0
4638 0.0146986499735164 0.1395489414418334 0
4639 0.0148048322423173 0.1407682775515732 0
4640 0.01491814978747069 0.1420499984138713 0
4641 0.01503686719955504 0.1433962644907858 0
4642 0.01515864620529832 0.1448092511927788 0
4643 0.01528055742786076 0.1462911644274269 0
4644 0.01539916728561614 0.1478442282454399 0
4645 0.01551013041917498 0.1494641405230917 0
4646 0.01561118718918726 0.1511705740466107 0
4647 0.01570039475735796 0.152960647745585 0
4648 0.01577695520983368 0.1548367161262002 0
4649 0.01584107593134975 0.156800530781708 0
4650 0.01589370520443035 0.158853144619957 0
4651 0.01593621195737509 0.1609950340461438 0
4652 0.01597011311379301 0.1632262256110201 0
4653 0.01599688755418497 0.1655463780472147 0
4654 0.01601787112623119 0.1679548169357108 0
4655 0.01603421052569125 0.1704505356673224 0
4656 0.01604685390412574 0.1730321775174492 0
4657 0.01605656184743241 0.1756980097277794 0
4658 0.01606392826958983 0.1784458963988873 0
4659 0.01606940505166532 0.1812732741381246 0
4660 0.01607332695264928 0.1841771327102437 0
4661 0.01607593491253962 0.187154001998413 0
4662 0.01607739680096293 0.1901999460572619 0
4663 0.01607782522385309 0.1933105647154146 0
4664 0.01607729234518511 0.1964810029515242 0
4665 0.016075841892023 0.1997059680731313 0
4666 0.01607349863049191 0.2029797545497572 0
4667 0.01607027565279911 0.2062962761821236 0
4668 0.0160661798178924 0.2096491051258023 0
4669 0.01606121565589616 0.2130315171300382 0
4670 0.0160553879888077 0.2164365422023067 0
4671 0.01604870344669345 0.2198570197683921 0
4672 0.01604117097095143 0.2232856572683048 0
4673 0.0160328012969069 0.2267150910116556 0
4674 0.0160236052880565 0.2301379480117789 0
4675 0.01601359085197342 0.2335469074241688 0
4676 0.01600275798575607 0.236934760126379 0
4677 0.01599109127510553 0.2402944648871343 0
4678 0.01597854888432608 0.2436191994714198 0
4679 0.01596504673488009 0.2469024049078288 0
4680 0.01595043616746748 0.2501378209933273 0
4681 0.01593447296170055 0.253319510929186 0
4682 0.01591677519021656 0.2564418727762532 0
4683 0.01589676716846954 0.2594996352409611 0
4684 0.01587360698436336 0.2624878352928549 0
4685 0.01584609637182893 0.2654017756841509 0
4686 0.01581257527326585 0.2682369626598912 0
4687 0.01577081193531484 0.2709890306793483 0
4688 0.01571791756681109 0.2736536776582282 0
4689 0.01565034923370881 0.2762266717364851 0
4690 0.01556411839676308 0.27870406089284 0
4691 0.01545537070612259 0.2810828096734304 0
4692 0.01532144679815514 0.2833621028715383 0
4693 0.01516219727799375 0.2855450920674754 0
4694 0.01498362626959051 0.2875938988758205 0
4695 0.01478850214795748 0.289625325903251 0
4696 0.01460509490746998 0.2915978327595457 0
4697 0.01445116590762745 0.2934882513972541 0
4698 0.01431627672797315 0.2953093915453262 0
4699 0.01419442115208805 0.2970445552121541 0
4700 0.0140799540562245 0.2986949213209983 0
4701 0.01396905924568955 0.3002635494848397 0
4702 0.01385977328132187 0.3017545394658251 0
4703 0.0137498268233665 0.3031771673349606 0
4704 0.013646631881739 0.304537290458057 0
4705 0.01355426254362702 0.3058371657670892 0
4706 0.01347555577450862 0.3070783331326695 0
4707 0.01341229284725088 0.3082605927072258 0
4708 0.01336589473786423 0.309386035633235 0
4709 0.01333227223924819 0.310452851307375 0
4710 0.01330894385168719 0.3114636511843184 0
4711 0.01329382465720449 0.3124213906240678 0
4712 0.01328514608485852 0.3133293601494719 0
4713 0.01328137776709406 0.3141911653065586 0
4714 0.01509579840723089 0.1241583718502703 0
4715 0.01509976578559148 0.1244834651327213 0
4716 0.01510579948975001 0.124827516478058 0
4717 0.01511360429053599 0.1251922357285511 0
4718 0.01512299042573851 0.1255792695392247 0
4719 0.01513385258063784 0.1259902430425658 0
4720 0.01514615761874149 0.1264267890827385 0
4721 0.01515993829897886 0.1268905692935925 0
4722 0.01517529151451179 0.1273832894978972 0
4723 0.01519238029733085 0.1279067110059944 0
4724 0.01521143925457393 0.1284626588276496 0
4725 0.01523278333739401 0.1290530274011429 0
4726 0.01525681989498065 0.129679784096201 0
4727 0.01528406376383446 0.1303449703991213 0
4728 0.0153151545368825 0.1310507003151994 0
4729 0.01535087393366677 0.131799155260559 0
4730 0.015392159217026 0.1325925755134151 0
4731 0.01544010682525822 0.1334332572644444 0
4732 0.01549597304948868 0.1343236910476069 0
4733 0.01556133426037654 0.1352642674971867 0
4734 0.01563668672771216 0.1362564722717956 0
4735 0.01572257231568742 0.1373021992704922 0
4736 0.01581913950843343 0.1384034479032729 0
4737 0.0159260300485311 0.1395622629100918 0
4738 0.01604231741224042 0.140780752448823 0
4739 0.0161664593701068 0.1420610639615862 0
4740 0.01629624988796259 0.1434053466825951 0
4741 0.01642877188538132 0.1448157250553362 0
4742 0.01656038187678584 0.1462943089543661 0
4743 0.0166867859919852 0.1478431756771072 0
4744 0.01680255378006359 0.1494577341294922 0
4745 0.01690486441015228 0.1511599669691635 0
4746 0.0169919788592482 0.1529472584436697 0
4747 0.01706351671396904 0.1548218704551853 0
4748 0.01712030083487672 0.156785321042857 0
4749 0.01716390186917074 0.1588383618555431 0
4750 0.01719620108842796 0.1609811973216192 0
4751 0.01721908278900099 0.1632136520851721 0
4752 0.01723426369960363 0.1655352530632835 0
4753 0.01724322164122808 0.1679452475453578 0
4754 0.01724718257426123 0.1704425858444742 0
4755 0.01724713690026567 0.1730258890005304 0
4756 0.01724386794750387 0.1756934132169752 0
4757 0.01723798379135646 0.1784430168808779 0
4758 0.01722994821573936 0.1812721329017166 0
4759 0.01722010898230893 0.1841777476449737 0
4760 0.01720872269838578 0.1871563871046158 0
4761 0.01719597610474016 0.1902041106798674 0
4762 0.01718200387034081 0.1933165127670975 0
4763 0.01716690312940231 0.1964887322514524 0
4764 0.01715074508346425 0.1997154698525189 0
4765 0.01713358403624157 0.2029910131372832 0
4766 0.01711546423930264 0.2063092688643286 0
4767 0.0170964249067075 0.2096638021700813 0
4768 0.01707650371371699 0.2130478819553841 0
4769 0.01705573903290331 0.2164545316826966 0
4770 0.01703417108718493 0.2198765846543435 0
4771 0.01701184211243851 0.2233067427131635 0
4772 0.01698879552461906 0.2267376371906003 0
4773 0.01696507396750763 0.2301618908234671 0
4774 0.01694071597602775 0.2335721792675888 0
4775 0.01691575080758283 0.2369612907487013 0
4776 0.01689019076866444 0.240322182301551 0
4777 0.01686402007140512 0.2436480309449514 0
4778 0.01683717890334119 0.2469322780129376 0
4779 0.01680954096385013 0.2501686646924854 0
4780 0.01678088224589424 0.2533512565947774 0
4781 0.01675083833468945 0.2564744548907618 0
4782 0.01671884707030849 0.2595329911801406 0
4783 0.01668407325550849 0.2625219028893647 0
4784 0.01664531269436838 0.265436485888162 0
4785 0.01660087535557103 0.2682722220645695 0
4786 0.01654845456319718 0.2710246843944789 0
4787 0.0164850064131745 0.2736894370319782 0
4788 0.01640670076296236 0.2762619867735556 0
4789 0.01630907151946224 0.2787379255923542 0
4790 0.01618757325709301 0.281113537086693 0
4791 0.01603873158166281 0.2833872250900407 0
4792 0.01586167574658706 0.2855616321177596 0
4793 0.01566150190399124 0.2875990120556102 0
4794 0.01544046450068121 0.2896245353860429 0
4795 0.01523364354999044 0.2915976760478911 0
4796 0.01506408394777847 0.2934909499006981 0
4797 0.01491704549060727 0.2953138843301203 0
4798 0.01478473361770098 0.2970491767391346 0
4799 0.01466032716574983 0.2986981886939044 0
4800 0.01453924545873581 0.3002641064456995 0
4801 0.01441901610077966 0.3017511780414276 0
4802 0.01429574978136467 0.3031703086391209 0
4803 0.01417925881087676 0.3045286252436621 0
4804 0.0140743381940608 0.3058281015268164 0
4805 0.01398433506817964 0.3070701209468702 0
4806 0.01391147523512013 0.3082543048225503 0
4807 0.01385821749333043 0.3093818705859614 0
4808 0.01381900045458149 0.3104501633983527 0
4809 0.01379099710097835 0.3114620091108534 0
4810 0.01377196483968252 0.3124204797891322 0
4811 0.01376012729570712 0.313328943198022 0
4812 0.01375411870998374 0.3141910473009552 0
4813 0.01625769994999073 0.1241583640393666 0
4814 0.01626057474356844 0.124483441625254 0
4815 0.01626497174681527 0.1248274767953352 0
4816 0.01627069807354484 0.1251921839864307 0
4817 0.01627764385711694 0.1255792146598485 0
4818 0.01628576870023877 0.1259901996816783 0
4819 0.01629509466199767 0.1264267788665129 0
4820 0.0163057039103364 0.1268906223398908 0
4821 0.01631774022179908 0.1273834463106848 0
4822 0.0163314141116051 0.1279070249070345 0
4823 0.01634701178343848 0.1284631991727919 0
4824 0.0163649083620717 0.1290538839230291 0
4825 0.01638558598236426 0.1296810728003179 0
4826 0.01640965713016508 0.1303468414633332 0
4827 0.01643789290395851 0.1310533483056 0
4828 0.01647125415080034 0.1318028315532737 0
4829 0.01651092022787527 0.1325976022559807 0
4830 0.01655830634270385 0.1334400448154484 0
4831 0.01661507744535336 0.1343328217806839 0
4832 0.0166834360543331 0.1352756850481281 0
4833 0.01676378610883735 0.1362694951184717 0
4834 0.01685664210571591 0.1373161411770093 0
4835 0.01696197718158529 0.1384176153762481 0
4836 0.01707913737720888 0.1395759983039104 0
4837 0.01720682081168889 0.1407934581800984 0
4838 0.01734305209485144 0.1420721908651853 0
4839 0.01748512289560733 0.1434143458896696 0
4840 0.01762949936768047 0.1448219697057183 0
4841 0.01777174219045464 0.1462970001729369 0
4842 0.01790653432093967 0.1478412281364904 0
4843 0.018027070672553 0.1494498573116072 0
4844 0.01812982616172289 0.1511475118533994 0
4845 0.01821361364518118 0.1529321200133846 0
4846 0.01827876956190078 0.1548056481964736 0
4847 0.01832698017125058 0.156769192076164 0
4848 0.01836057476517454 0.1588230772257421 0
4849 0.01838198413054878 0.1609671821692268 0
4850 0.01839343835964736 0.1632011220905038 0
4851 0.01839684693468199 0.1655243055852095 0
4852 0.01839378174383039 0.1679359206367325 0
4853 0.01838550627736393 0.170434892000752 0
4854 0.01837301998983074 0.1730198324471128 0
4855 0.01835710375015694 0.1756889975633118 0
4856 0.01833836112273139 0.1784402475738785 0
4857 0.0183172541234868 0.1812710171048484 0
4858 0.01829413354995408 0.1841782930091962 0
4859 0.01826926439702609 0.1871586002071683 0
4860 0.01824284691461209 0.1902079955147785 0
4861 0.01821503381832703 0.1933220694566287 0
4862 0.01818594412086949 0.1964959560352616 0
4863 0.01815567402473732 0.1997243503562489 0
4864 0.01812430529628162 0.2030015338983408 0
4865 0.01809191151596801 0.2063214070847915 0
4866 0.01805856256245371 0.2096775286665138 0
4867 0.01802432763835293 0.2130631612783236 0
4868 0.01798927708273127 0.2164713223824715 0
4869 0.01795348314353028 0.2198948396737808 0
4870 0.01791701979923934 0.2233264098914923 0
4871 0.01787996162491868 0.226758659866704 0
4872 0.01784238158186563 0.2301842085309888 0
4873 0.01780434747199114 0.2335957285197366 0
4874 0.01776591661720375 0.2369860059171538 0
4875 0.01772712809982018 0.2403479966014674 0
4876 0.01768799160473924 0.2436748775452115 0
4877 0.01764847154479079 0.2469600912934437 0
4878 0.01760846469921206 0.2501973816588551 0
4879 0.01756776907380912 0.2533808184141647 0
4880 0.01752604108503216 0.2565048083863822 0
4881 0.01748273754883856 0.2595640898270291 0
4882 0.01743703840941884 0.2625537062132638 0
4883 0.01738774605232593 0.2654689548511827 0
4884 0.01733315836782517 0.2683053054437159 0
4885 0.01727091807503375 0.2710582864678285 0
4886 0.01719785629014322 0.2737233494014484 0
4887 0.01710988622400073 0.27629575855715 0
4888 0.01700208024847508 0.2787706470544729 0
4889 0.01686917756038685 0.2811435524728804 0
4890 0.01670680724819836 0.2834119138897664 0
4891 0.01651329002735741 0.2855774847593625 0
4892 0.01629228626580344 0.2876028859683115 0
4893 0.01604523363591608 0.289622047400955 0
4894 0.01581486992541765 0.2915964373144304 0
4895 0.01563070356044487 0.2934935267237701 0
4896 0.01547273509966629 0.2953186512658845 0
4897 0.01533116145753597 0.297054274531957 0
4898 0.01519792985749874 0.2987020382303942 0
4899 0.01506768010576159 0.3002652165981348 0
4900 0.01493746144820011 0.3017480519931777 0
4901 0.01480125948538179 0.3031633420672453 0
4902 0.01467178081181927 0.304519747144254 0
4903 0.01455456176990031 0.3058188030585394 0
4904 0.01445348374389905 0.3070617382380702 0
4905 0.0143712356938868 0.3082480865829743 0
4906 0.01431168275916827 0.3093779876759273 0
4907 0.01426741155146706 0.3104477799461398 0
4908 0.01423524523193283 0.3114606296933926 0
4909 0.01421277054389004 0.3124197644372863 0
4910 0.01419818121469345 0.3133286473615507 0
4911 0.01419024536742257 0.3141909804492832 0
4912 0.01733969627948762 0.1241583257542935 0
4913 0.01734138460633309 0.1244833308653397 0
4914 0.01734400701700596 0.124827276793086 0
4915 0.01734748399736556 0.125191888491032 0
4916 0.0173517944359809 0.1255788262201873 0
4917 0.01735696940823465 0.1259897294076196 0
4918 0.01736309017287623 0.1264262468453652 0
4919 0.0173702894951761 0.1268900585195351 0
4920 0.01737875623347486 0.1273828918933044 0
4921 0.0173887436289255 0.1279065344700819 0
4922 0.01740058215841735 0.1284628439224019 0
4923 0.01741469818656794 0.1290537567088235 0
4924 0.0174316399394621 0.1296812957730842 0
4925 0.01745211236362574 0.1303475774937211 0
4926 0.01747702185280216 0.131054817379235 0
4927 0.0175075298481902 0.1318053330768628 0
4928 0.01754510970225303 0.1326015434914698 0
4929 0.01759159401994676 0.1334459785787812 0
4930 0.01764922103098238 0.1343415831690603 0
4931 0.01772114794112622 0.1352872132850007 0
4932 0.01780750811316953 0.1362828084758544 0
4933 0.01790866217710167 0.1373303276308837 0
4934 0.01802425395482062 0.1384318361364253 0
4935 0.01815320543164822 0.139589540897042 0
4936 0.01829376678663548 0.1408057469028457 0
4937 0.01844351185486321 0.1420827456616531 0
4938 0.01859924325426515 0.1434226965461924 0
4939 0.01875681325578564 0.1448275297153405 0
4940 0.01891092240014716 0.1462989051647832 0
4941 0.01905503440800702 0.147838115234939 0
4942 0.01918055378632706 0.1494402330748864 0
4943 0.01928304468173112 0.1511329911646913 0
4944 0.01936240395413504 0.1529151860959343 0
4945 0.01942007751242796 0.1547881595268867 0
4946 0.01945888145120582 0.1567523414275956 0
4947 0.01948200457719298 0.1588075098462884 0
4948 0.01949241651185814 0.160953188798761 0
4949 0.01949263473599433 0.1631887997795008 0
4950 0.01948469509494404 0.1655136609746525 0
4951 0.01947020605584698 0.1679269269187952 0
4952 0.01945042407360849 0.1704275166946817 0
4953 0.01942632476884106 0.1730140489507136 0
4954 0.01939866271035063 0.1756847884194076 0
4955 0.01936801965678502 0.1784376038573892 0
4956 0.01933484315197464 0.181269936239475 0
4957 0.01929947750130696 0.1841787761686841 0
4958 0.01926218874483258 0.1871606498437453 0
4959 0.0192231847987762 0.1902116132399826 0
4960 0.01918263160792239 0.1933272543400198 0
4961 0.01914066594385343 0.1965027033105588 0
4962 0.01909740536366664 0.1997326504926328 0
4963 0.0190529557717645 0.2030113719855178 0
4964 0.0190074169759407 0.2063327624821727 0
4965 0.01896088658036978 0.2096903748731254 0
4966 0.01891346250564183 0.213077465987545 0
4967 0.01886524436499222 0.216487047692859 0
4968 0.01881633385816795 0.2199119424336367 0
4969 0.01876683426533543 0.2233448421606182 0
4970 0.01871684903426379 0.2267783694844293 0
4971 0.01866647934282334 0.230205139785743 0
4972 0.01861582038503108 0.2336178229228409 0
4973 0.01856495595171405 0.2370092030927084 0
4974 0.01851395065544354 0.2403722353154018 0
4975 0.01846283885432912 0.243700096908893 0
4976 0.01841160896542972 0.2469862321876661 0
4977 0.01836018139091669 0.2502243884245487 0
4978 0.01830837771950999 0.2534086408286223 0
4979 0.01825587817174384 0.2565334038485856 0
4980 0.01820216345455217 0.2595934254299162 0
4981 0.01814643628105711 0.2625837598138924 0
4982 0.01808751702347505 0.2654997130209357 0
4983 0.01802370801963437 0.2683367536399419 0
4984 0.01795262430624912 0.2710903818042373 0
4985 0.01787100127495691 0.273755957597293 0
4986 0.01777452639779752 0.2763285241074596 0
4987 0.01765782782370918 0.2788027578904471 0
4988 0.01751490300473561 0.2811733896881267 0
4989 0.01734038763201495 0.2834367007175002 0
4990 0.01713169359531686 0.2855931080103369 0
4991 0.01689053722559596 0.2876057703023758 0
4992 0.01661722481938832 0.2896179467207732 0
4993 0.01636297175933568 0.2915941956309145 0
4994 0.0161650651635483 0.2934961054747781 0
4995 0.0159972926284968 0.2953238021083757 0
4996 0.0158475781817971 0.2970599416835695 0
4997 0.015706559726771 0.2987065498511687 0
4998 0.01556806674046571 0.3002669423450755 0
4999 0.01542871420140097 0.3017451600187797 0
5000 0.01527987527664914 0.3031561948610343 0
5001 0.01513760127105611 0.3045105549437267 0
5002 0.01500821437592651 0.3058091503949354 0
5003 0.01489617362610312 0.3070530578795261 0
5004 0.01480464396118747 0.3082418428302527 0
5005 0.01473926874147964 0.3093743332475717 0
5006 0.01469041497267442 0.3104456592599959 0
5007 0.01465454498920085 0.3114594816594822 0
5008 0.01462905465681117 0.3124192236673756 0
5009 0.01461208159732786 0.3133284616629475 0
5010 0.01460249502168511 0.3141909618153639 0
5011 0.01833639785903076 0.1241582536290059 0
5012 0.01833684038621565 0.1244831249319796 0
5013 0.01833761142020668 0.1248269045613576 0
5014 0.01833875713547774 0.1251913347132754 0
5015 0.01834035431550505 0.1255780888527159 0
5016 0.01834251096077846 0.1259888178445877 0
5017 0.01834536896496703 0.1264251810788768 0
5018 0.01834910890565099 0.1268888688622803 0
5019 0.01835395765278855 0.127381619284162 0
5020 0.01836019993939636 0.1279052316689238 0
5021 0.01836819551881956 0.1284615782050494 0
5022 0.01837840409896201 0.1290526150496234 0
5023 0.01839142089530096 0.1296803939957944 0
5024 0.01840802628015968 0.1303470755082677 0
5025 0.01842925323039243 0.1310549433416459 0
5026 0.01845647498726944 0.1318064198260711 0
5027 0.01849151014937414 0.132604080552204 0
5028 0.01853673115089047 0.1334506869770962 0
5029 0.01859518725229681 0.1343496430359803 0
5030 0.0186715256488023 0.1352985450210576 0
5031 0.01876526109120743 0.1362960019910501 0
5032 0.01887636162574599 0.1373441921810684 0
5033 0.01900391635531364 0.1384453990844144 0
5034 0.01914628427785778 0.1396020864317579 0
5035 0.01930123003701033 0.1408167858847967 0
5036 0.01946591517649783 0.142091929534435 0
5037 0.01963672641107361 0.1434296903738524 0
5038 0.01980895737599457 0.1448318370656634 0
5039 0.01997641044946105 0.1462996220191693 0
5040 0.02013109360314942 0.14783353957205 0
5041 0.0202620237946537 0.1494285860638579 0
5042 0.02036355557444345 0.1511162339959538 0
5043 0.02043746640598002 0.1528965006173879 0
5044 0.02048680659822028 0.1547696046380612 0
5045 0.02051577781975719 0.1567350272716932 0
5046 0.02052846615069688 0.1587919061724517 0
5047 0.02052831153314866 0.1609394204760853 0
5048 0.02051802607290323 0.1631768388381461 0
5049 0.02049969083322377 0.1655034286231853 0
5050 0.02047488984190047 0.1679183404560173 0
5051 0.02044482940074378 0.1704205076697477 0
5052 0.0204104313820469 0.1730085677166918 0
5053 0.02037240312852184 0.1756808028103614 0
5054 0.02033128956732416 0.1784350956946831 0
5055 0.02028751256296605 0.1812688973649841 0
5056 0.02024140118807048 0.1841792047371006 0
5057 0.02019321538823047 0.187162547149761 0
5058 0.02014316465445985 0.1902149811439307 0
5059 0.02009142276350734 0.1933320932610235 0
5060 0.02003813931712235 0.1965090107190948 0
5061 0.01998344862479126 0.1997404198253685 0
5062 0.01992747636758961 0.2030205919095327 0
5063 0.01987034441302376 0.2063434164455 0
5064 0.0198121740966417 0.2097024408898769 0
5065 0.01975308823459814 0.2130909166166989 0
5066 0.01969321207461821 0.2165018501792959 0
5067 0.01963267333093417 0.2199280589881545 0
5068 0.01957160137602392 0.2233622303628602 0
5069 0.01951012557906217 0.2267969827996021 0
5070 0.01944837267575344 0.2302249281935441 0
5071 0.01938646292608696 0.2336387336660544 0
5072 0.01932450464470307 0.2370311815643322 0
5073 0.01926258647179565 0.2403952261174807 0
5074 0.01920076646041032 0.2437240451332489 0
5075 0.01913905669096639 0.2470110849863094 0
5076 0.01907740164546714 0.250250096949494 0
5077 0.01901564798148386 0.2534351626118106 0
5078 0.01895350257660695 0.2565607056282498 0
5079 0.01889047474605231 0.2596214862347238 0
5080 0.01882579728361808 0.2626125736292496 0
5081 0.01875831949941184 0.2655292892414929 0
5082 0.01868636415277669 0.2683671110576042 0
5083 0.01860754104377644 0.2711215267484037 0
5084 0.01851851906217311 0.2737878268819653 0
5085 0.01841479160836218 0.2763608568952647 0
5086 0.01829056043503054 0.2788348429322202 0
5087 0.01813904877284079 0.2812036480978 0
5088 0.01795377212088414 0.28346218310951 0
5089 0.01773107156031342 0.2856089985961598 0
5090 0.01747027431069011 0.2876079092009008 0
5091 0.01717028391728483 0.2896122728549969 0
5092 0.01689154811698177 0.2915909951097737 0
5093 0.01668054734273408 0.2934988175358956 0
5094 0.01650401206830544 0.2953294835741739 0
5095 0.01634723235888741 0.2970663233694098 0
5096 0.01619941545318305 0.2987118581509319 0
5097 0.01605351792626665 0.300269389381096 0
5098 0.01590574150853215 0.3017425190373073 0
5099 0.01574449800782522 0.303148783660352 0
5100 0.01558947276196881 0.3045009188116131 0
5101 0.01544788567316753 0.3057989890907772 0
5102 0.01532485636375568 0.3070439232820195 0
5103 0.01522405956061771 0.3082354634429313 0
5104 0.01515320721734065 0.3093708552652806 0
5105 0.01510017784129903 0.3104437697137963 0
5106 0.01506102631909408 0.3114585462188957 0
5107 0.01503292284134039 0.3124188474922228 0
5108 0.0150139147346357 0.313328382410379 0
5109 0.01500292967393773 0.3141909917577634 0
5110 0.01924536753421712 0.1241581426309537 0
5111 0.01924451936704089 0.1244828142204257 0
5112 0.01924341283251889 0.1248263488700937 0
5113 0.0192422360553424 0.1251905137792253 0
5114 0.01924117073186486 0.1255770004223341 0
5115 0.01924040214613702 0.1259874738135418 0
5116 0.01924012788438396 0.126423604771192 0
5117 0.01924056672241688 0.1268870929249138 0
5118 0.01924196953347335 0.1273796842365428 0
5119 0.01924463430086742 0.1279031855255983 0
5120 0.01924892775167446 0.128459477965077 0
5121 0.01925531687420698 0.1290505313386987 0
5122 0.01926441478585271 0.1296784209139666 0
5123 0.01927704719605019 0.1303453489901072 0
5124 0.01929434792153516 0.1310536732861558 0
5125 0.01931789351950064 0.1318059438897576 0
5126 0.01934988476041245 0.13260495040126 0
5127 0.01939337064867231 0.1334538059811568 0
5128 0.01945254385852404 0.134356649998135 0
5129 0.01953441261943957 0.1353093150983823 0
5130 0.01963722250945666 0.1363085351128741 0
5131 0.01976014249261576 0.1373569862567083 0
5132 0.01990142100271959 0.1384573984122792 0
5133 0.02005874461475904 0.1396126515888362 0
5134 0.02022942287317378 0.1408255864952051 0
5135 0.02041031471136326 0.1420988042757626 0
5136 0.02059752822569363 0.1434344880284819 0
5137 0.02078591164424779 0.1448342042061251 0
5138 0.02096836989035239 0.1462986620342694 0
5139 0.02113517638836823 0.1478271652492227 0
5140 0.02127211720216305 0.1494146530362879 0
5141 0.02137191485062918 0.151097145664601 0
5142 0.02143938757690979 0.152876222105475 0
5143 0.02147978736285376 0.1547502779124824 0
5144 0.02149890110357817 0.1567175588267114 0
5145 0.02150165983720457 0.1587765278078221 0
5146 0.02149184557302906 0.1609260749124689 0
5147 0.02147224646524433 0.1631653787270445 0
5148 0.02144490186126156 0.165493702026224 0
5149 0.02141131308189382 0.167910221056403 0
5150 0.02137259831360518 0.1704139012530271 0
5151 0.0213296007423178 0.1730034095289572 0
5152 0.02128296352009094 0.175677052033019 0
5153 0.02123318255094419 0.1784327295463166 0
5154 0.02118064465728325 0.181267905760683 0
5155 0.02112565598865997 0.1841795857846536 0
5156 0.02106846369791059 0.1871643035012695 0
5157 0.02100927274714208 0.1902181171229484 0
5158 0.02094825900670142 0.1933366126548775 0
5159 0.02088557940714959 0.1965149151244214 0
5160 0.0208213796796225 0.1997477074453998 0
5161 0.02075580009441348 0.2030292567167184 0
5162 0.02068897953250716 0.2063534476389448 0
5163 0.02062105817032832 0.2097138225919473 0
5164 0.02055217901011459 0.2131036277661686 0
5165 0.02048248843764814 0.2165158645893808 0
5166 0.0204121359342141 0.2199433455470264 0
5167 0.02034127300427248 0.2233787533623549 0
5168 0.02027005130451294 0.2268147023856809 0
5169 0.02019861986184696 0.2302438009406567 0
5170 0.02012712114648004 0.2336587132879638 0
5171 0.0200556856013716 0.2370522197873528 0
5172 0.01998442401893636 0.2404172737593308 0
5173 0.01991341686970209 0.2437470534523126 0
5174 0.01984269932464949 0.2470350073907965 0
5175 0.0197722402295892 0.250274891179445 0
5176 0.01970191267336746 0.2534607935167038 0
5177 0.01963145295993885 0.2565871486304032 0
5178 0.0195604036795832 0.2596487314269719 0
5179 0.01948803500426683 0.2626406300555125 0
5180 0.01941323618429121 0.2655581879159625 0
5181 0.01933436658062536 0.2683969029562954 0
5182 0.01924905377197004 0.2711522668020838 0
5183 0.01915393065571373 0.2738195239974899 0
5184 0.01904433040926437 0.2763933493291063 0
5185 0.01891404754264768 0.2788675291124645 0
5186 0.01875549004226953 0.2812349951766491 0
5187 0.01856088137863687 0.2834890413628568 0
5188 0.0183251801562006 0.2856257195938384 0
5189 0.01804501902185688 0.2876095783906031 0
5190 0.0177177849120482 0.2896050564568882 0
5191 0.01741376014905839 0.2915868669345926 0
5192 0.01719001210034717 0.2935018144982772 0
5193 0.01700570084133571 0.295335892746007 0
5194 0.01684294047814607 0.2970736317557023 0
5195 0.01668931485196259 0.2987181703184665 0
5196 0.01653679628744083 0.3002727248594741 0
5197 0.01638108337385141 0.3017401870996642 0
5198 0.01620768206565876 0.3031410405714812 0
5199 0.01603978574044067 0.3044907005951285 0
5200 0.01588577210418848 0.3057881468038945 0
5201 0.01575157029834198 0.3070341644072245 0
5202 0.01564148668485245 0.3082288336298448 0
5203 0.01556531358286317 0.3093675085432804 0
5204 0.01550846554909682 0.3104420952887422 0
5205 0.01546644556425497 0.3114578208103057 0
5206 0.01543613949918737 0.3124186383853054 0
5207 0.01541545831536939 0.3133284127498951 0
5208 0.01540332696999141 0.3141910723140846 0
5209 0.02006691491523421 0.1241579851187446 0
5210 0.02006507258769701 0.1244823852528788 0
5211 0.02006253244265609 0.1248255957091397 0
5212 0.02005959727877708 0.1251894177256214 0
5213 0.0200565363295841 0.1255755658320447 0
5214 0.02005359903075161 0.1259857212664042 0
5215 0.0200510260470734 0.1264215656580535 0
5216 0.02004906000757613 0.126884804847465 0
5217 0.02004795855283259 0.1273771873325603 0
5218 0.02004801226092316 0.127900520202209 0
5219 0.02004957037888536 0.1284566848438758 0
5220 0.02005307831873198 0.129047654722613 0
5221 0.02005913295458599 0.1296755181064523 0
5222 0.0200685654214236 0.1303425098609954 0
5223 0.02008256701538419 0.1310510584131651 0
5224 0.0201028821694537 0.1318038565069668 0
5225 0.02013210122232699 0.1326039683104542 0
5226 0.02017408795316387 0.1334550216359869 0
5227 0.02023464753421338 0.1343623263314375 0
5228 0.02032465573075526 0.1353192434280062 0
5229 0.02043987482893745 0.1363199038943065 0
5230 0.02057805220012891 0.1373679669326639 0
5231 0.02073629936417785 0.1384669323812032 0
5232 0.02091160965548864 0.1396202612663779 0
5233 0.02110096641807105 0.1408311554147594 0
5234 0.02130111364115949 0.1421023881215031 0
5235 0.02150808155113265 0.143436144749812 0
5236 0.02171644714586281 0.1448337633812184 0
5237 0.02191825867395929 0.1462952738700734 0
5238 0.02210167539808465 0.1478182463962063 0
5239 0.02224785712618285 0.1493975174655283 0
5240 0.02234718001647358 0.15107482336545 0
5241 0.02240935148776476 0.1528536717775333 0
5242 0.02244259626585778 0.1547296321321526 0
5243 0.0224544327091909 0.1566994239116735 0
5244 0.02245050436392991 0.15876086031866 0
5245 0.02243476414257612 0.1609126348624725 0
5246 0.02240994376026038 0.1631539118040201 0
5247 0.02237795222359311 0.1654839976749359 0
5248 0.02234015088037689 0.167902122877559 0
5249 0.02229753185764365 0.1704073016369068 0
5250 0.02225083283033518 0.1729982403936432 0
5251 0.02220061207435506 0.1756732756707634 0
5252 0.0221472990487149 0.1784303307181115 0
5253 0.02209122975977568 0.1812668852039233 0
5254 0.02203267241975032 0.1841799550010298 0
5255 0.02197184666023791 0.1871660806251264 0
5256 0.02190893823408226 0.1902213236759566 0
5257 0.02184411037217259 0.1933412710177085 0
5258 0.02177751252944594 0.1965210465837184 0
5259 0.02170928701626189 0.1997553307002864 0
5260 0.02163957388020099 0.2030383867524206 0
5261 0.02156851432754133 0.2063640948956399 0
5262 0.02149625292207949 0.2097259923746758 0
5263 0.0214229387564172 0.2131173198566273 0
5264 0.02134872574721905 0.2165310730329777 0
5265 0.02127377215894115 0.2199600585992682 0
5266 0.02119823940371033 0.2233969535882932 0
5267 0.02112229009784446 0.2268343669158468 0
5268 0.02104608526681135 0.2302649018980453 0
5269 0.02096978047856217 0.2336812184147292 0
5270 0.02089352053136324 0.237076093318799 0
5271 0.02081743212287123 0.2404424776182792 0
5272 0.02074161365343508 0.2437735488706882 0
5273 0.02066612096292782 0.2470627571075251 0
5274 0.02059094732105268 0.2503038624121121 0
5275 0.02051599535904681 0.2534909619485639 0
5276 0.02044103774391633 0.2566185036675483 0
5277 0.02036566213162868 0.2596812828945268 0
5278 0.02028919401430379 0.2626744161533742 0
5279 0.02021058813295185 0.2655932832474144 0
5280 0.02012827474100982 0.2684334228284526 0
5281 0.02003994150080766 0.27119035755268 0
5282 0.01994222881852499 0.273859313993194 0
5283 0.01983033102210462 0.2764348028025055 0
5284 0.01969757352643778 0.2789100874912918 0
5285 0.01953527772435805 0.2812768347124106 0
5286 0.01933372129384573 0.2835258628103974 0
5287 0.01908542493777398 0.2856489616414997 0
5288 0.01878300456546241 0.2876115850805925 0
5289 0.01842189601354266 0.2895938489577901 0
5290 0.01808578938289165 0.2915803668151258 0
5291 0.01784782906524809 0.2935063142444561 0
5292 0.01765678932085535 0.295345533903776 0
5293 0.01748971329224348 0.297084797801309 0
5294 0.01733173846831792 0.2987282130162436 0
5295 0.01717334087754481 0.3002787197261145 0
5296 0.01700929408804688 0.3017378660516837 0
5297 0.01682166600792758 0.3031305721412261 0
5298 0.01663776800202029 0.3044764726210529 0
5299 0.01646799008543675 0.3057728560867474 0
5300 0.01631964474962863 0.3070203472134615 0
5301 0.01619818608951082 0.3082196995337357 0
5302 0.01611604028545585 0.3093633050674515 0
5303 0.01605556246433095 0.3104402572883498 0
5304 0.01601124459555043 0.3114572285331895 0
5305 0.01597948520318929 0.3124186495210262 0
5306 0.01595793267416061 0.3133286340359803 0
5307 0.01594538510867717 0.3141912531139327 0
5308 0.02080329584689655 0.1241577695468064 0
5309 0.02080064725603742 0.1244818184301546 0
5310 0.0207969956887532 0.1248246263078357 0
5311 0.02079275015982574 0.1251880390962596 0
5312 0.02078825706243368 0.1255737990693115 0
5313 0.02078381629779686 0.1259836039756121 0
5314 0.02077969427784653 0.1264191429215902 0
5315 0.0207761369922019 0.1268821217879095 0
5316 0.02077338604259253 0.1273742833882687 0
5317 0.02077170006498045 0.1278974253971277 0
5318 0.02077138426117927 0.1284534184417846 0
5319 0.02077283221947488 0.1290442270563864 0
5320 0.02077658738222403 0.1296719375310417 0
5321 0.02078343754308322 0.1303387995614652 0
5322 0.02079456679392632 0.13104729400546 0
5323 0.02081180912762489 0.1318002486121436 0
5324 0.02083808145808767 0.1326010411464011 0
5325 0.02087812668655076 0.1334539972134347 0
5326 0.02093990446040871 0.1343662392702892 0
5327 0.02104068713195814 0.135327711944205 0
5328 0.0211714806861797 0.1363290851245326 0
5329 0.02132777670071723 0.1373758028219531 0
5330 0.02150535587922021 0.138472526950971 0
5331 0.02170065167225814 0.1396234117302748 0
5332 0.02191055426877052 0.1408320072166626 0
5333 0.0221319373099731 0.1421012280547234 0
5334 0.02236100047365858 0.1434332598788231 0
5335 0.02259230015487511 0.1448292348817233 0
5336 0.02281718892342151 0.1462884401380958 0
5337 0.0230213618947282 0.1478060765960221 0
5338 0.02317931663973487 0.1493767588866164 0
5339 0.02327795979832509 0.1510493030966353 0
5340 0.02333488565818893 0.1528293357814169 0
5341 0.02336209428196388 0.1547082944970486 0
5342 0.02336876202360937 0.1566812123638196 0
5343 0.02336096097313535 0.158745403956894 0
5344 0.02334258566952721 0.1608995122386526 0
5345 0.0233161691565424 0.1631427762571916 0
5346 0.02328340925145507 0.1654745939954806 0
5347 0.0232454821442656 0.1678942747007541 0
5348 0.02320322790434453 0.1704008943743358 0
5349 0.02315726256896486 0.1729932062014883 0
5350 0.0231080482403827 0.1756695814835943 0
5351 0.02305593877698268 0.1784279689776467 0
5352 0.02300121093460287 0.1812658666979421 0
5353 0.02294408653147076 0.1841803033081576 0
5354 0.02288474881831442 0.1871678277815967 0
5355 0.02282335489014885 0.1902245067795736 0
5356 0.02276004522142745 0.1933459295561217 0
5357 0.02269495098735153 0.1965272203254413 0
5358 0.02262819960542274 0.1997630580247464 0
5359 0.02255991880649278 0.2030477033246683 0
5360 0.02249023947386707 0.2063750326150416 0
5361 0.0224192974428705 0.2097385785465098 0
5362 0.02234723441698282 0.2131315765519066 0
5363 0.02227419812042717 0.2165470166157149 0
5364 0.02220034176818535 0.2199776994125831 0
5365 0.02212582288675457 0.223416295802258 0
5366 0.02205080146150627 0.2268554085521021 0
5367 0.02197543730926511 0.2302876350607614 0
5368 0.02189988647541763 0.2337056297765668 0
5369 0.02182429631663863 0.2371021649368674 0
5370 0.02174879874824925 0.2404701881917074 0
5371 0.02167350088265588 0.2438028756018862 0
5372 0.02159847195257606 0.247093678396423 0
5373 0.0215237249533579 0.2503363616984617 0
5374 0.02144919081221788 0.2535250331180171 0
5375 0.02137468197866207 0.2566541585367614 0
5376 0.02129984095076867 0.2597185613373035 0
5377 0.02122406701450817 0.2627133992820722 0
5378 0.02114641072878813 0.26563410933197 0
5379 0.02106541936331766 0.2684763032706133 0
5380 0.02097890639649545 0.2712355834416417 0
5381 0.02088360476359897 0.2739072254458516 0
5382 0.02077465666822957 0.2764856472294612 0
5383 0.02064493682145249 0.2789635916405835 0
5384 0.02048443902602711 0.2813311543370932 0
5385 0.02028064318319829 0.2835755295265104 0
5386 0.02002199909201076 0.2856814397244928 0
5387 0.01969456849728872 0.2876150526355646 0
5388 0.01929082574361412 0.2895779928180114 0
5389 0.0189132135176488 0.2915711245566447 0
5390 0.01866054074426829 0.2935133080619948 0
5391 0.01846573743515502 0.2953599138175442 0
5392 0.01829802078282471 0.2971016358644358 0
5393 0.0181390260747955 0.2987440492427136 0
5394 0.01797704348126294 0.300289410344994 0
5395 0.01780534869506717 0.3017368501167306 0
5396 0.01760138651883798 0.3031177185124496 0
5397 0.01739781735813405 0.304458052432091 0
5398 0.01720813961360296 0.3057526243912708 0
5399 0.01704190646945996 0.307001943086574 0
5400 0.01690650542671013 0.3082079967017268 0
5401 0.01681828818803273 0.309358689516629 0
5402 0.01675515653275066 0.3104388006892745 0
5403 0.01670998359926134 0.3114572528273311 0
5404 0.01667837715119039 0.3124192367993727 0
5405 0.01665751276334882 0.313329255177238 0
5406 0.0166458190684814 0.3141916098188225 0
5407 0.02145842459145311 0.1241574788652972 0
5408 0.02145507773999214 0.1244810857105243 0
5409 0.0214505468522147 0.1248234153055493 0
5410 0.02144535105888165 0.1251863699805448 0
5411 0.02143990662466787 0.1255717221557211 0
5412 0.02143454688151705 0.1259811822561754 0
5413 0.02142954060789032 0.1264164390069709 0
5414 0.02142511124425577 0.1268791884260201 0
5415 0.02142145890593202 0.1273711571772967 0
5416 0.0214187866364472 0.1278941231654813 0
5417 0.02141733301040774 0.1284499357003171 0
5418 0.02141741529070508 0.1290405382560629 0
5419 0.02141949152542091 0.1296679989853387 0
5420 0.02142425805008874 0.13033455883588 0
5421 0.02143281515433627 0.1310427171409119 0
5422 0.0214469679525008 0.1317953961632364 0
5423 0.02146980338388552 0.1325962743644603 0
5424 0.0215068483674037 0.1334505291875047 0
5425 0.02156868865711135 0.1343679754803585 0
5426 0.02168305035264238 0.1353339391328645 0
5427 0.02183222611753164 0.1363347876627903 0
5428 0.02200860486627405 0.1373789450470034 0
5429 0.022206724456042 0.1384725919749504 0
5430 0.02242278236942296 0.1396205575113415 0
5431 0.02265387757056255 0.1408266403657406 0
5432 0.02289726705336913 0.1420938344944967 0
5433 0.02314957633618908 0.1434243360478231 0
5434 0.02340565874454627 0.1448191599589203 0
5435 0.02365651571560856 0.1462769289659501 0
5436 0.02388521795720331 0.1477898452413652 0
5437 0.02405674642180871 0.1493521250434378 0
5438 0.02415280412799107 0.1510210293795146 0
5439 0.02420352502788156 0.1528040917797958 0
5440 0.0242252461157462 0.154687140336476 0
5441 0.02422837083187481 0.1566636505918667 0
5442 0.02421896620236228 0.1587307352556401 0
5443 0.02420061183134333 0.1608871667018828 0
5444 0.0241755124087149 0.1631323450148057 0
5445 0.02414509316714286 0.1654657980379313 0
5446 0.02411031732831451 0.1678869306338302 0
5447 0.0240718609738882 0.1703948879469966 0
5448 0.02403021376799802 0.1729884732911796 0
5449 0.0239857398548851 0.1756660945270949 0
5450 0.02393871657921527 0.1784257271366909 0
5451 0.02388936038750431 0.1812648885760368 0
5452 0.02383784500971967 0.1841806214423443 0
5453 0.02378431475806008 0.1871694844010946 0
5454 0.02372889454942116 0.1902275504910164 0
5455 0.02367169758175865 0.1933504127194177 0
5456 0.02361283122365218 0.1965331969508769 0
5457 0.02355240147510881 0.1997705820668037 0
5458 0.02349051624837856 0.2030568272803995 0
5459 0.02342728765640457 0.2063858063597971 0
5460 0.02336283345764469 0.2097510483600354 0
5461 0.02329727777642163 0.2131457843047544 0
5462 0.02323075118903724 0.2165629991005807 0
5463 0.02316339023492461 0.2199954878185055 0
5464 0.02309533637375077 0.2234359153428022 0
5465 0.02302673436240631 0.2268768782732448 0
5466 0.0229577299616424 0.230310967872325 0
5467 0.02288846679827191 0.2337308327754674 0
5468 0.022819082090826 0.237129240124823 0
5469 0.02274970078887238 0.2404991337389163 0
5470 0.02268042745518238 0.2438336878774351 0
5471 0.02261133492346064 0.2471263550825184 0
5472 0.02254244834743267 0.2503709064372723 0
5473 0.02247372267074826 0.2535614623147658 0
5474 0.02240501066127256 0.256692511166413 0
5475 0.02233601724834371 0.2597589128645689 0
5476 0.02226623349489289 0.2627558810420413 0
5477 0.02219483922014375 0.2656789346809339 0
5478 0.02212055530523314 0.2685238006515818 0
5479 0.02204141202191562 0.2712862314662065 0
5480 0.02195437403575994 0.2739616677145666 0
5481 0.02185472498490083 0.2765446106404378 0
5482 0.02173509137781228 0.2790274816883877 0
5483 0.02158412512822642 0.2813987601090512 0
5484 0.02138566338994997 0.2836408246863863 0
5485 0.02112171894080078 0.2857271453479407 0
5486 0.02076687457253644 0.2876232042153595 0
5487 0.0203083005172554 0.2895586541836669 0
5488 0.01987518980789906 0.2915599227828223 0
5489 0.01960910463370375 0.2935245159512876 0
5490 0.01941623011873263 0.2953808210535716 0
5491 0.0192540988166367 0.2971261721904154 0
5492 0.01909980658319994 0.2987682748133784 0
5493 0.01893870178233356 0.3003079294229666 0
5494 0.01876170005370988 0.3017399587571628 0
5495 0.0185391468646537 0.3031045592063899 0
5496 0.01831143818026662 0.3044370978700499 0
5497 0.01809657636018507 0.3057286370236415 0
5498 0.01790746514284701 0.306979777588221 0
5499 0.01775465508673581 0.3081947800718914 0
5500 0.01766117045147042 0.3093550349962707 0
5501 0.01759747465638244 0.3104389267332592 0
5502 0.01755395117593291 0.3114588103394949 0
5503 0.01752504551699224 0.3124210199307309 0
5504 0.0175072085829115 0.3133306218074015 0
5505 0.01749818732624464 0.3141922646505743 0
5506 0.02203737581915576 0.1241570889295172 0
5507 0.02203337550914574 0.1244801501819819 0
5508 0.02202814276866149 0.1248219337556575 0
5509 0.02202231233397931 0.1251844083647161 0
5510 0.02201635388881105 0.1255693723499547 0
5511 0.02201060485580953 0.1259785372767762 0
5512 0.02200530350454474 0.126413577505618 0
5513 0.0220006210729601 0.1268761660575681 0
5514 0.0219966930416104 0.1273680027465329 0
5515 0.02199365031978015 0.1278908374584546 0
5516 0.02199165255356473 0.128446491139918 0
5517 0.0219909282564177 0.1290368780050015 0
5518 0.02199183086203042 0.1296640349873155 0
5519 0.02199492862055706 0.1303301703954609 0
5520 0.02200116592196537 0.1310377581801021 0
5521 0.02201218103058931 0.1317897410841439 0
5522 0.02203098740263783 0.1325900055568385 0
5523 0.02206356739621519 0.1334446199345403 0
5524 0.02212326017945029 0.1343671606820639 0
5525 0.0222542651366251 0.1353369227648346 0
5526 0.02242392716820945 0.1363354782322241 0
5527 0.02262112762395207 0.1373757592269614 0
5528 0.02283967715242427 0.1384655981011258 0
5529 0.02307600244616714 0.139610290122771 0
5530 0.02332770389722785 0.1408137075247367 0
5531 0.02359262490859173 0.1420788460397306 0
5532 0.02386803582337154 0.1434079339594725 0
5533 0.02414943783646143 0.1448020164861635 0
5534 0.02442805102511304 0.1462593263496197 0
5535 0.02468461723548458 0.1477686471187663 0
5536 0.02487086383500581 0.1493236679406902 0
5537 0.0249606994110123 0.150991007063888 0
5538 0.02500358436746844 0.1527792000091121 0
5539 0.02502002971835114 0.1546672082090389 0
5540 0.02502080389866024 0.1566475151894343 0
5541 0.02501145114994511 0.1587174383532589 0
5542 0.02499500373204866 0.1608760532431875 0
5543 0.02497324500980299 0.163122985028411 0
5544 0.02494729470865806 0.1654579130157093 0
5545 0.0249178950073836 0.1678803438160094 0
5546 0.02488555980534315 0.1703894924828954 0
5547 0.02485065768871741 0.1729842116134573 0
5548 0.02481346087498701 0.1756629445605996 0
5549 0.02477417578609612 0.1784236927297347 0
5550 0.02473296323333519 0.1812639926195919 0
5551 0.02468995245092911 0.1841809007639485 0
5552 0.02464525129329487 0.1871709858745869 0
5553 0.02459895388943011 0.1902303280065792 0
5554 0.02455114649474613 0.1933545247773845 0
5555 0.02450191197989411 0.1965387047149655 0
5556 0.02445133323366087 0.1997775477588829 0
5557 0.0243994956690835 0.2030653128311296 0
5558 0.02434648897305718 0.2063958722536747 0
5559 0.02429240820910419 0.2097627526327716 0
5560 0.02423735436020099 0.2131591816672862 0
5561 0.02418143437660804 0.2165781401784927 0
5562 0.02412476077023041 0.2200124185092772 0
5563 0.02406745076777548 0.2234546763073436 0
5564 0.02400962499875104 0.2268975045943326 0
5565 0.02395140564424978 0.2303334889331873 0
5566 0.02389291390625465 0.2337552724400743 0
5567 0.02383426656312732 0.2371556173418846 0
5568 0.02377557124988625 0.2405274637499923 0
5569 0.02371691992214819 0.243863984293989 0
5570 0.02365837971792784 0.2471586332178265 0
5571 0.02359998008179464 0.250405188452123 0
5572 0.02354169451137573 0.2535977849826647 0
5573 0.02348341450098256 0.2567309374185057 0
5574 0.02342491196225675 0.2597995487868163 0
5575 0.02336578408585149 0.2627989007341907 0
5576 0.0233053702289296 0.2657246163834545 0
5577 0.0232426217483914 0.2685725785643274 0
5578 0.02317588812812171 0.2713387671832812 0
5579 0.02310254690400404 0.274018936433577 0
5580 0.02301833426125611 0.2766079543035342 0
5581 0.02291611335764987 0.2790984146328376 0
5582 0.02278372636255387 0.2814777723833505 0
5583 0.02260113243816244 0.2837231413650999 0
5584 0.02234104565958445 0.2857913359558101 0
5585 0.02195741286368112 0.2876429567965322 0
5586 0.02142718173813277 0.2895409608550638 0
5587 0.02091757131243672 0.2915497982308676 0
5588 0.02064240833056619 0.2935423938221463 0
5589 0.02046033242238467 0.2954096385715367 0
5590 0.02031240327090774 0.2971596723881941 0
5591 0.02017084255972185 0.2988031382099396 0
5592 0.02001759483512953 0.3003381720353642 0
5593 0.01983985678364501 0.3017519708540341 0
5594 0.01959602894926721 0.3030960000473524 0
5595 0.01933865774256259 0.3044186289176327 0
5596 0.01909194355870188 0.3057053073010764 0
5597 0.01887320898289005 0.306957233315884 0
5598 0.01869792247806246 0.3081829542853748 0
5599 0.01860130496090269 0.309355003477721 0
5600 0.01854041751193621 0.3104425824219878 0
5601 0.01850194677832877 0.3114632213243433 0
5602 0.01847888608642652 0.312424835250868 0
5603 0.01846684364680877 0.3133331936338666 0
5604 0.0184626595299646 0.314193385904598 0
5605 0.02254595046123519 0.1241565672270905 0
5606 0.02254131338768593 0.1244789691907261 0
5607 0.02253556330953234 0.1248201591955282 0
5608 0.02252943352956208 0.125182172677955 0
5609 0.02252340321174472 0.1255668158237751 0
5610 0.02251776514776422 0.1259757787911528 0
5611 0.0225126871770739 0.1264107020973933 0
5612 0.02250826222397766 0.1268732223126805 0
5613 0.02250454814129157 0.1273650048769724 0
5614 0.02250160032387812 0.1278877683750327 0
5615 0.02249950127611572 0.1284433040153601 0
5616 0.02249839296050308 0.1290334945479132 0
5617 0.02249852107438353 0.1296603389195645 0
5618 0.02250030820587793 0.1303259949108647 0
5619 0.022504492495948 0.1310328687553197 0
5620 0.02251242195495088 0.131783830587269 0
5621 0.0225267549940179 0.1325827964965051 0
5622 0.0225533639008495 0.1334365445497554 0
5623 0.022607781238209 0.1343634625596981 0
5624 0.02275861650624177 0.1353353816687596 0
5625 0.02294969359256354 0.1363294823886823 0
5626 0.02316702430202759 0.137364721920438 0
5627 0.02340460407150968 0.1384502746745086 0
5628 0.02365955248179107 0.1395915137648559 0
5629 0.02393016780485071 0.1407921835140111 0
5630 0.02421498668179125 0.1420552100578266 0
5631 0.02451206298659552 0.1433828755542833 0
5632 0.02481786532012021 0.1447764206053946 0
5633 0.02512458899367262 0.1462341495247846 0
5634 0.02541170781511127 0.1477415243619979 0
5635 0.025613339026941 0.149291885722164 0
5636 0.02569196077643408 0.1509608664294164 0
5637 0.02572534081893814 0.1527561567735078 0
5638 0.02573669789826651 0.1546495332906659 0
5639 0.02573597416550902 0.156633508384742 0
5640 0.02572771717671066 0.1587060166332828 0
5641 0.02571425860682221 0.160866556489959 0
5642 0.02569692134108563 0.1631150054380829 0
5643 0.02567651843659571 0.1654511956156478 0
5644 0.02565358153843967 0.1678747305163207 0
5645 0.02562847545075035 0.1703848895754998 0
5646 0.02560146024639183 0.1729805699449491 0
5647 0.02557272729806483 0.1756602467980869 0
5648 0.02554242152035022 0.1784219447713848 0
5649 0.02551065592810151 0.1812632175398114 0
5650 0.0254775216944578 0.1841811343806109 0
5651 0.02544309542654047 0.1871722733994827 0
5652 0.02540744461031196 0.1902327214459859 0
5653 0.02537063176521164 0.1933580808663053 0
5654 0.02533271762716172 0.1965434832374862 0
5655 0.02529376355900691 0.1997836101502963 0
5656 0.02525383332290461 0.2030727209867687 0
5657 0.025212994313448 0.2064046874910285 0
5658 0.02517131832811875 0.2097730347707179 0
5659 0.02512888193539099 0.2131709882009202 0
5660 0.02508576648525886 0.2165915255412304 0
5661 0.02504205779044362 0.2200274334266537 0
5662 0.02499784548578447 0.2234713672604532 0
5663 0.02495322204749508 0.226915913426821 0
5664 0.02490828141795389 0.2303536526564936 0
5665 0.02486311713379954 0.2337772233205214 0
5666 0.02481781978659141 0.23717938339492 0
5667 0.02477247355214977 0.2405530698277748 0
5668 0.02472715139197827 0.2438914540417898 0
5669 0.02468190834765604 0.2471879923053239 0
5670 0.02463677208492041 0.2504364696778285 0
5671 0.02459172945588781 0.2536310361358344 0
5672 0.02454670722986573 0.2567662332206416 0
5673 0.02450154409486801 0.2598370089294688 0
5674 0.02445594909702645 0.2628387171800938 0
5675 0.02440943788424554 0.2657670950680561 0
5676 0.02436123022773979 0.2686182040315977 0
5677 0.02431007516875268 0.2713883041894528 0
5678 0.0242539314823481 0.2740735890446702 0
5679 0.0241893414142839 0.2766695967536991 0
5680 0.02411012864849124 0.2791698093172665 0
5681 0.02400463091032456 0.2815621287952246 0
5682 0.02385033031668226 0.2838200527657216 0
5683 0.02360878170088045 0.2858790146288222 0
5684 0.02319760514162426 0.2876858251318156 0
5685 0.0225746646480944 0.2895362737104226 0
5686 0.02195972339947501 0.2915466923652048 0
5687 0.02168439348946975 0.2935692453037709 0
5688 0.02152438791047309 0.2954459233911694 0
5689 0.02140000505419363 0.2972009147932708 0
5690 0.02128010653168097 0.2988485709387476 0
5691 0.02114380748720854 0.3003831311483487 0
5692 0.0209727132866941 0.3017789621072248 0
5693 0.02070393204299308 0.3031000435130945 0
5694 0.02041053337347618 0.3044119130423942 0
5695 0.02012463655729787 0.3056913516169494 0
5696 0.01986807677471834 0.3069409780219178 0
5697 0.01966295309141859 0.308177237335888 0
5698 0.01956736899985192 0.3093620038625498 0
5699 0.01951375689482234 0.3104517576885399 0
5700 0.01948385771353824 0.3114715989379602 0
5701 0.01946936066896551 0.312431326144348 0
5702 0.01946535489752773 0.3133373461333883 0
5703 0.01946791788874852 0.3141951413229312 0
5704 0.02299031712856989 0.1241558725814571 0
5705 0.02298511094926687 0.1244775038040228 0
5706 0.02297913483512129 0.1248180950940081 0
5707 0.0229731369136761 0.1251797234303209 0
5708 0.02296752022898114 0.1255641631682968 0
5709 0.02296247180835462 0.1259730504411385 0
5710 0.02295805666305201 0.1264079721742251 0
5711 0.02295427981722801 0.1268705201033923 0
5712 0.02295112648032887 0.1273623244861422 0
5713 0.02294858908739317 0.1278850757535032 0
5714 0.02294668824823995 0.1284405397617654 0
5715 0.02294549408641855 0.1290305713550964 0
5716 0.02294515590240381 0.1296571318632038 0
5717 0.02294595372149622 0.1303223209066334 0
5718 0.02294840164478463 0.1310284485550417 0
5719 0.02295348218401829 0.1317782274287373 0
5720 0.022963258965471 0.1325753727006159 0
5721 0.02298280419727117 0.1334268947376308 0
5722 0.02302836237508953 0.1343565600531647 0
5723 0.02320179051269465 0.1353277160290366 0
5724 0.02341359703742131 0.1363151543255423 0
5725 0.02364897862600777 0.1373446199652892 0
5726 0.02390313563574999 0.1384257589729677 0
5727 0.02417417401162454 0.1395635623743721 0
5728 0.02446114197219307 0.1407614849096688 0
5729 0.02476326726319819 0.1420223342399143 0
5730 0.02507941866122711 0.1433484523633523 0
5731 0.02540723409265463 0.1447413948777396 0
5732 0.02574065821577039 0.1462000755627768 0
5733 0.02605987984218808 0.1477075802673908 0
5734 0.02627727944423761 0.1492578209973688 0
5735 0.02633934164680585 0.1509327442748556 0
5736 0.02636229319045575 0.1527364125345852 0
5737 0.02636900636859668 0.1546349465399351 0
5738 0.02636740909679964 0.1566221357219093 0
5739 0.02636076405254556 0.1586968124711401 0
5740 0.02635066250051396 0.1608589314802399 0
5741 0.02633798495348337 0.163108609771594 0
5742 0.02632326527505988 0.1654458153995219 0
5743 0.02630684984143627 0.167870234929901 0
5744 0.02628897531005877 0.170381201839485 0
5745 0.02626981011149875 0.172977650223827 0
5746 0.02624947827262374 0.1756580814783467 0
5747 0.02622807401932669 0.1784205393510722 0
5748 0.02620567128620435 0.1812625916770058 0
5749 0.02618233026107658 0.184181318299304 0
5750 0.02615810210400753 0.1871733051889636 0
5751 0.02613303246859995 0.1902346449715242 0
5752 0.02610716418084314 0.1933609441101966 0
5753 0.02608053928419487 0.1965473369484568 0
5754 0.02605320058087747 0.1997885067156886 0
5755 0.02602519275695058 0.2030787134662867 0
5756 0.02599656315531188 0.2064118287686389 0
5757 0.025967362246313 0.2097813767954315 0
5758 0.02593764383516513 0.2131805812992185 0
5759 0.02590746503531649 0.2166024177948212 0
5760 0.02587688602643013 0.2200396701199487 0
5761 0.02584596960228762 0.2234849904136933 0
5762 0.0258147804974021 0.226930961444598 0
5763 0.02578338445792939 0.2303701601396068 0
5764 0.02575184699159712 0.2337952211146039 0
5765 0.02572023168701765 0.2371988989862964 0
5766 0.02568859793233599 0.2405741282514597 0
5767 0.02565699777665444 0.2439140795470585 0
5768 0.02562547155810541 0.2472122111435855 0
5769 0.02559404174787704 0.2504623145561404 0
5770 0.02556270419998845 0.2536585531522254 0
5771 0.02553141557730135 0.2567954925298885 0
5772 0.02550007499996669 0.2598681211085208 0
5773 0.02546849659777282 0.2628718585364399 0
5774 0.02543636690012272 0.2658025475240643 0
5775 0.02540317510887341 0.2686564199403506 0
5776 0.02536809094785384 0.271430016135027 0
5777 0.02532973261588021 0.2741200048117369 0
5778 0.02528568459101788 0.2767227585619461 0
5779 0.02523139755201751 0.2792332417200971 0
5780 0.02515745443736331 0.2816416996077984 0
5781 0.02504253963246954 0.2839226012230172 0
5782 0.02483967171002098 0.2859908618360415 0
5783 0.02440657470778698 0.287765993747636 0
5784 0.02366919820817897 0.2895625133664348 0
5785 0.02291784165332793 0.2915585225431804 0
5786 0.0226564137445858 0.2936052697754669 0
5787 0.02252926347366672 0.2954860666319659 0
5788 0.02243515166507559 0.2972449433814179 0
5789 0.0223437539034459 0.2989000534518936 0
5790 0.02223387166776867 0.3004418602454632 0
5791 0.02208013454046639 0.3018259487371135 0
5792 0.02178057826485313 0.3031261659009742 0
5793 0.02144515080573503 0.3044290718502107 0
5794 0.02111472819550965 0.3056988197175228 0
5795 0.02081319181269875 0.3069402181087217 0
5796 0.02056889170765205 0.3081826013156679 0
5797 0.02048139416361842 0.3093781817282107 0
5798 0.02043975684588538 0.3104667679480289 0
5799 0.02042063338405591 0.3114836411983027 0
5800 0.02041543804081677 0.3124402062985808 0
5801 0.02041970681168068 0.313343017283741 0
5802 0.02042959108864529 0.3141976128011451 0
5803 0.0233767577673621 0.1241549571678314 0
5804 0.02337125823647722 0.1244757390478885 0
5805 0.02336557958589255 0.1248158008371101 0
5806 0.02336029257054523 0.1251771872298283 0
5807 0.02335561603009191 0.1255615793750577 0
5808 0.02335158992481729 0.1259705269209795 0
5809 0.02334817525274748 0.1264055529504027 0
5810 0.02334530734677069 0.1268682064514342 0
5811 0.02334292381022082 0.1273600897881821 0
5812 0.02334097972693425 0.1278828738107268 0
5813 0.02333945771431193 0.1284383071916917 0
5814 0.02333837814550088 0.129028224118584 0
5815 0.02333781495561036 0.1296545543306729 0
5816 0.02333792579942863 0.1303193424950991 0
5817 0.02333901640504606 0.1310247954399556 0
5818 0.02334169493673354 0.1317734200706532 0
5819 0.02334730926896573 0.132568520546207 0
5820 0.02335953295923645 0.1334165911659403 0
5821 0.02339301946851276 0.1343460600298913 0
5822 0.02359035289410566 0.1353119914151315 0
5823 0.02382040503905876 0.1362910540084319 0
5824 0.02407067786187399 0.1373146615172068 0
5825 0.02433826340733629 0.1383916342494518 0
5826 0.02462228616237189 0.1395262189840467 0
5827 0.0249224638002025 0.1407215059864618 0
5828 0.02523862256543925 0.141980163314919 0
5829 0.02557036695717113 0.1433045749594661 0
5830 0.02591651499570188 0.1446966347496932 0
5831 0.0262732717262951 0.1461562831653538 0
5832 0.02662415875669583 0.1476662242811314 0
5833 0.02685744707983153 0.1492230552992442 0
5834 0.02689897509807144 0.1509089304854989 0
5835 0.02691196218278892 0.1527210484470308 0
5836 0.02691488082209972 0.1546239218514527 0
5837 0.02691291435559802 0.156613633327546 0
5838 0.02690802129484338 0.1586899641511191 0
5839 0.02690112529402173 0.1608532719964574 0
5840 0.02689273007196502 0.1631038694571594 0
5841 0.02688313901020762 0.1654418313134022 0
5842 0.02687254844449993 0.1678669079740274 0
5843 0.02686109256561956 0.1703784739155902 0
5844 0.02684886717033971 0.1729754910322982 0
5845 0.02683594322856263 0.1756564803420174 0
5846 0.02682237517270696 0.178419499838905 0
5847 0.02680820628366912 0.1812621278824843 0
5848 0.02679347238972679 0.1841814521505123 0
5849 0.02677820452706283 0.1871740644335802 0
5850 0.02676243091823919 0.1902360616215213 0
5851 0.02674617846999539 0.1933630532092529 0
5852 0.02672947390865387 0.1965501755702724 0
5853 0.02671234462692733 0.1997921131291011 0
5854 0.02669481929200471 0.2030831264214914 0
5855 0.02667692825163273 0.2064170868721645 0
5856 0.02665870376681158 0.2097875179520596 0
5857 0.02664018009387539 0.2131876422079652 0
5858 0.02662139343319077 0.2166104334941972 0
5859 0.02660238175588754 0.2200486735856507 0
5860 0.02658318451270505 0.223495012220458 0
5861 0.02656384221994392 0.2269420295142581 0
5862 0.02654439590475756 0.2303822996110153 0
5863 0.02652488637506815 0.2338084543902467 0
5864 0.02650535325502425 0.2372132460383299 0
5865 0.02648583369374537 0.2405896073110955 0
5866 0.02646636060753579 0.2439307083624259 0
5867 0.0264469602499077 0.2472300090824485 0
5868 0.02642764880725069 0.2504813059677776 0
5869 0.02640842757370378 0.2536787726163225 0
5870 0.02638927602374989 0.2568169929652774 0
5871 0.02637014169097558 0.2598909863040285 0
5872 0.02635092497976273 0.2628962227429789 0
5873 0.02633145544098577 0.265828626855022 0
5874 0.02631145256231146 0.2686845647456803 0
5875 0.02629045603491577 0.2714608034233431 0
5876 0.02626769023557081 0.2741544136035419 0
5877 0.0262417724287669 0.2767625321317084 0
5878 0.0262100058818154 0.2792817022212143 0
5879 0.02616641637080858 0.2817056417838595 0
5880 0.02609545348450099 0.2840154976878271 0
5881 0.02595201945326618 0.2861179213677662 0
5882 0.02550606799070832 0.2878937360471802 0
5883 0.02463856457714426 0.2896392185841337 0
5884 0.02373357808215655 0.291592345678377 0
5885 0.02350247961295802 0.2936468495266706 0
5886 0.0234139870284995 0.2955238359038577 0
5887 0.02335091304877965 0.2972844458328276 0
5888 0.0232894319263446 0.2989488946163065 0
5889 0.02321239168148633 0.3005068627046528 0
5890 0.02308976683476438 0.3018937219113866 0
5891 0.02274994792335392 0.3031818716366552 0
5892 0.0223693375670312 0.3044803525702496 0
5893 0.02199499235073524 0.3057388469246127 0
5894 0.02164722638204064 0.3069642225386027 0
5895 0.02135541543332656 0.3082019060717459 0
5896 0.02128556534507838 0.3094020035809921 0
5897 0.02125898945345873 0.3104848727263527 0
5898 0.02125012553277768 0.3114969867524918 0
5899 0.02125195286700756 0.3124499401584392 0
5900 0.02126162445623134 0.3133495339060957 0
5901 0.02127679298054052 0.3142007505749393 0
5902 0.02371161607512081 0.1241537724446335 0
5903 0.02370655901540438 0.1244737209459358 0
5904 0.02370201025542156 0.1248134304574808 0
5905 0.02369812159890605 0.1251747756129776 0
5906 0.02369487975669307 0.1255592826443422 0
5907 0.02369220265613862 0.1259684026065878 0
5908 0.02368999264796543 0.1264036033487637 0
5909 0.0236881603504367 0.1268664050207596 0
5910 0.02368663391092659 0.1273583952314211 0
5911 0.02368536205524353 0.1278812361284425 0
5912 0.02368431535000565 0.1284366682391751 0
5913 0.02368348836139553 0.1290265134476569 0
5914 0.0236829052120434 0.1296526790603328 0
5915 0.02368263265608356 0.1303171663512086 0
5916 0.02368281044095316 0.131022093089174 0
5917 0.02368372785063459 0.1317697652433324 0
5918 0.0236860546955074 0.1325629744062364 0
5919 0.02369180207041554 0.1334068797263485 0
5920 0.02371149507139556 0.1343313349950505 0
5921 0.02393119493932475 0.1352859086590891 0
5922 0.02417542116944759 0.1362560271031071 0
5923 0.0244367889189148 0.1372744289967295 0
5924 0.02471430461307741 0.1383478380058172 0
5925 0.02500791730779452 0.1394796347445387 0
5926 0.02531785124079373 0.1406725644528304 0
5927 0.02564438116415318 0.1419291602845353 0
5928 0.02598767870273893 0.1432518145824367 0
5929 0.02634754203462112 0.1446426818900556 0
5930 0.02672241721785866 0.1461028363431317 0
5931 0.02710151213609728 0.147617590421291 0
5932 0.02735016909993615 0.1491895535936253 0
5933 0.02737076599098069 0.1508913469873462 0
5934 0.02737585230603769 0.1527105529670059 0
5935 0.02737622088914627 0.1546165309349831 0
5936 0.02737436205551524 0.1566079660247069 0
5937 0.02737116459502277 0.1586854108027395 0
5938 0.02736704055305599 0.1608495149306229 0
5939 0.02736221339927271 0.1631007265552208 0
5940 0.02735681761352782 0.1654391929507265 0
5941 0.02735094042304744 0.167864707420833 0
5942 0.02734464176720716 0.1703766717941837 0
5943 0.02733796482975309 0.1729740664046559 0
5944 0.02733094204983931 0.1756554252134738 0
5945 0.02732359879483227 0.1784188155524356 0
5946 0.02731595574697668 0.1812618226260335 0
5947 0.02730803054140711 0.1841815391571005 0
5948 0.02729983894159649 0.1871745606346239 0
5949 0.02729139570924033 0.1902369866093716 0
5950 0.02728271525733494 0.193364428417561 0
5951 0.02727381213871772 0.1965520236110965 0
5952 0.02726470140286644 0.1997944572442089 0
5953 0.02725539884332801 0.2030859900175756 0
5954 0.02724592115244297 0.2064204931185321 0
5955 0.02723628599654514 0.2097914894262819 0
5956 0.02722651202231548 0.2131922005807851 0
5957 0.02721661880260989 0.2166155992502044 0
5958 0.02720662672761153 0.2200544657812802 0
5959 0.02719655684404556 0.2235014482862777 0
5960 0.02718643064134808 0.2269491251149711 0
5961 0.02717626977828353 0.2303900685851147 0
5962 0.02716609573636283 0.2338169088032298 0
5963 0.02715592937614742 0.2372223964008239 0
5964 0.02714579035860358 0.2405994630390127 0
5965 0.02713569637371178 0.243941278594593 0
5966 0.02712566209097771 0.2472413040284319 0
5967 0.02711569770605517 0.2504933390454897 0
5968 0.02710580689721697 0.2536915637742614 0
5969 0.0270959839065614 0.2568305738046181 0
5970 0.02708620928776348 0.2599054079966311 0
5971 0.02707644353056946 0.2629115684475257 0
5972 0.02706661709139522 0.265845031742246 0
5973 0.02705661386309477 0.2687022497728256 0
5974 0.0270462416027843 0.2714801360478869 0
5975 0.02703517390851214 0.2741760265870855 0
5976 0.0270228232912097 0.2767875826335716 0
5977 0.02700802472391997 0.2793125191281722 0
5978 0.02698810156305187 0.2817476263755715 0
5979 0.02695538803406627 0.2840833517681885 0
5980 0.0268810189167842 0.286240483064771 0
5981 0.02642864748580335 0.2880655861953662 0
5982 0.02543041651212439 0.2897761341076837 0
5983 0.02438906214166523 0.2916514523803707 0
5984 0.02420062841445844 0.2936871588044065 0
5985 0.02414823066145288 0.2955532700960322 0
5986 0.02411043203362583 0.2973136193356267 0
5987 0.02407375557915484 0.2989863622263044 0
5988 0.0240287261685089 0.3005650328995462 0
5989 0.02394997496215115 0.3019769748168427 0
5990 0.02355800682840927 0.3032691814519441 0
5991 0.02313568952395373 0.3045679174215513 0
5992 0.02272606982084371 0.3058154896256699 0
5993 0.02234030151589547 0.3070191560877444 0
5994 0.02200004005169314 0.3082349643629101 0
5995 0.02195629400058048 0.3094278075802631 0
5996 0.02194411280797192 0.3105012629117809 0
5997 0.02194218962522122 0.3115083890883573 0
5998 0.02194660402713711 0.312458488991145 0
5999 0.02195644111243577 0.3133558522466995 0
6000 0.02197167827615076 0.3142043669824192 0
6001 0.02400181007185483 0.1241522753278548 0
6002 0.0239985855690478 0.1244716162909476 0
6003 0.02399614104278451 0.124811274232861 0
6004 0.02399422713837238 0.1251727926033569 0
6005 0.02399271706133827 0.1255575337708404 0
6006 0.02399151207343347 0.1259668789018821 0
6007 0.02399053364089864 0.1264022692602917 0
6008 0.02398972171497831 0.1268652170904763 0
6009 0.02398903216678151 0.1273573092630545 0
6010 0.02398843407910583 0.127880208752157 0
6011 0.02398790762089933 0.128435655347666 0
6012 0.02398744292017027 0.1290254661122317 0
6013 0.02398704037957233 0.1296515359633852 0
6014 0.02398671338231235 0.1303158391650672 0
6015 0.02398649593681663 0.1310204342099213 0
6016 0.02398646320057254 0.1317674820004716 0
6017 0.02398679630705577 0.1325593348360936 0
6018 0.0239880911290575 0.1333993623635905 0
6019 0.02399510113118632 0.1343112157838684 0
6020 0.02423113911945909 0.1352466493846368 0
6021 0.02448441952295513 0.1362090794886446 0
6022 0.02475283011642605 0.1372236601474994 0
6023 0.02503666136066876 0.1382944653161937 0
6024 0.02533637689198219 0.1394241735147876 0
6025 0.02565251145232954 0.140615278669457 0
6026 0.02598561209685646 0.1418702085008527 0
6027 0.02633619671392829 0.1431913354881431 0
6028 0.02670468405629308 0.1445809450112618 0
6029 0.02709112760063372 0.14604097371545 0
6030 0.02749124720259339 0.1475630669277058 0
6031 0.02775332637628794 0.149159351530537 0
6032 0.02775809434145011 0.1508810433194506 0
6033 0.02775863811265131 0.1527047844669704 0
6034 0.02775798491696797 0.1546125000587963 0
6035 0.02775675338522373 0.1566048792040488 0
6036 0.02775516077217067 0.1586829323386267 0
6037 0.02775330764205278 0.1608474716175592 0
6038 0.02775124864709735 0.1630990192316241 0
6039 0.02774901683938885 0.1654377617847723 0
6040 0.02774663385664474 0.1678635157723274 0
6041 0.02774411480361859 0.1703756977670247 0
6042 0.02774147083532202 0.1729732980034244 0
6043 0.02773871063719488 0.1756548573522107 0
6044 0.02773584133327154 0.1784184480883493 0
6045 0.02773286907823782 0.1812616589976523 0
6046 0.02772979946404908 0.1841815853999011 0
6047 0.02772663781061413 0.1871748246448107 0
6048 0.0277233893786694 0.1902374775780528 0
6049 0.02772005952641384 0.1933651563859517 0
6050 0.02771665382266156 0.1965529991137349 0
6051 0.02771317812459809 0.1997956910171837 0
6052 0.02770963862575628 0.203087492755373 0
6053 0.02770604187850253 0.2064222752678581 0
6054 0.02770239479453638 0.2097935610088938 0
6055 0.02769870462635383 0.2131945710404143 0
6056 0.02769497893211041 0.2166182773213291 0
6057 0.0276912255257719 0.2200574593800542 0
6058 0.02768745241374786 0.2235047644265951 0
6059 0.02768366771832603 0.2269527698557995 0
6060 0.02767987958699919 0.2303940470193458 0
6061 0.02767609608512881 0.23382122510407 0
6062 0.02767232506704102 0.2372270539501363 0
6063 0.02766857401744645 0.2406044646744014 0
6064 0.02766484985052586 0.2439466270304041 0
6065 0.02766115864773025 0.2472470025332856 0
6066 0.02765750530618015 0.2504993925005585 0
6067 0.02765389305584672 0.2536979803013104 0
6068 0.02765032278139337 0.2568373672585988 0
6069 0.02764679204549891 0.2599126018010094 0
6070 0.02764329363572733 0.2629192015921088 0
6071 0.02763981330347344 0.2658531684487352 0
6072 0.02763632602605531 0.2687109958191009 0
6073 0.0276327893300502 0.2714896682408225 0
6074 0.02762913019731133 0.2741866509601648 0
6075 0.02762521640395531 0.2767998636979813 0
6076 0.02762078487106284 0.2793276162506626 0
6077 0.02761522818324112 0.2817683989425142 0
6078 0.02760676691733421 0.2841195431911231 0
6079 0.02758757634508582 0.2863367988998496 0
6080 0.02712519296220646 0.2882575642468782 0
6081 0.02602034032792631 0.2899628356671335 0
6082 0.02490087670982769 0.2917352934065356 0
6083 0.02475704168598789 0.2937192073400646 0
6084 0.02473006254813207 0.2955715432502002 0
6085 0.02470795425533215 0.297330905229435 0
6086 0.02468674964867069 0.299008549466701 0
6087 0.02466404308610884 0.3006037324722636 0
6088 0.02462901147214729 0.3020646895705771 0
6089 0.02418105627351827 0.3033828070294114 0
6090 0.02373016499133932 0.3046834000242465 0
6091 0.02329958056755211 0.3059227614453677 0
6092 0.02289129016813594 0.3071060987072667 0
6093 0.02251592011333869 0.3082801577911442 0
6094 0.02249953418234901 0.3094480433730203 0
6095 0.02249691056356328 0.310511944435976 0
6096 0.02249755101159628 0.3115156814458168 0
6097 0.02250049397316871 0.3124643701912798 0
6098 0.02250586265469526 0.3133608825277934 0
6099 0.02251471759542823 0.3142080099302346 0
6100 0.002375428273429748 0.3158108 0
6101 0.002365164577068173 0.3166903743424041 0
6102 0.002353958894109173 0.3176506746935281 0
6103 0.002341818126072882 0.318691109609528 0
6104 0.00232877292339227 0.3198090524212699 0
6105 0.002314880272827039 0.3209996194991223 0
6106 0.002300224836108506 0.3222555555342732 0
6107 0.002284918661264401 0.3235672582775097 0
6108 0.002269099011245993 0.3249229646207036 0
6109 0.002252924246932409 0.326309103413539 0
6110 0.002236567939726846 0.3277108 0
6111 0.002220211632521283 0.329112496586461 0
6112 0.002204036868207699 0.3304986353792964 0
6113 0.002188217218189291 0.3318543417224902 0
6114 0.002172911043345187 0.3331660444657269 0
6115 0.002158255606626654 0.3344219805008777 0
6116 0.002144362956061423 0.3356125475787299 0
6117 0.002131317753380811 0.3367304903904721 0
6118 0.00211917698534452 0.3377709253064719 0
6119 0.00210797130238552 0.3387312256575959 0
6120 0.002097707606023944 0.3396108 0
6121 0.004385356243845845 0.3158108 0
6122 0.004368097351819456 0.3166903743424041 0
6123 0.004349254464670595 0.3176506746935283 0
6124 0.004328839187632566 0.3186911096095278 0
6125 0.004306903060861522 0.31980905242127 0
6126 0.004283541910295598 0.3209996194991223 0
6127 0.004258898098649758 0.322255555534273 0
6128 0.00423316003999475 0.3235672582775098 0
6129 0.004206558548490663 0.3249229646207037 0
6130 0.004179359915463528 0.3263091034135389 0
6131 0.004151856009456714 0.3277108 0
6132 0.004124352103449897 0.329112496586461 0
6133 0.004097153470422762 0.3304986353792964 0
6134 0.004070551978918675 0.3318543417224903 0
6135 0.004044813920263666 0.3331660444657268 0
6136 0.004020170108617827 0.3344219805008777 0
6137 0.003996808958051905 0.3356125475787299 0
6138 0.003974872831280859 0.3367304903904721 0
6139 0.003954457554242829 0.3377709253064718 0
6140 0.003935614667093969 0.3387312256575959 0
6141 0.00391835577506758 0.3396108 0
6142 0.00608803500738785 0.3158108000000001 0
6143 0.006066343700260143 0.3166903743424041 0
6144 0.006042661597626109 0.3176506746935281 0
6145 0.006017003285165958 0.3186911096095278 0
6146 0.005989433539538284 0.31980905242127 0
6147 0.00596007279662343 0.3209996194991223 0
6148 0.005929099980617052 0.322255555534273 0
6149 0.005896751893943639 0.3235672582775097 0
6150 0.005863318628274674 0.3249229646207037 0
6151 0.005829134863665491 0.326309103413539 0
6152 0.00579456742610964 0.3277108 0
6153 0.005759999988553787 0.329112496586461 0
6154 0.005725816223944604 0.3304986353792964 0
6155 0.00569238295827564 0.3318543417224905 0
6156 0.005660034871602225 0.3331660444657268 0
6157 0.005629062055595851 0.3344219805008777 0
6158 0.005599701312680998 0.3356125475787299 0
6159 0.005572131567053322 0.3367304903904722 0
6160 0.005546473254593169 0.3377709253064718 0
6161 0.005522791151959135 0.3387312256575959 0
6162 0.005501099844831429 0.3396108 0
6163 0.007532800561876407 0.3158108 0
6164 0.007508673858822448 0.3166903743424041 0
6165 0.007482332843291163 0.3176506746935283 0
6166 0.007453793738572983 0.3186911096095278 0
6167 0.007423128594139044 0.31980905242127 0
6168 0.00739047136783268 0.3209996194991223 0
6169 0.007356021072600069 0.322255555534273 0
6170 0.007320041097906135 0.3235672582775097 0
6171 0.007282854105523877 0.3249229646207036 0
6172 0.007244832351780013 0.3263091034135389 0
6173 0.007206383848131236 0.3277108 0
6174 0.007167935344482463 0.329112496586461 0
6175 0.007129913590738594 0.3304986353792964 0
6176 0.00709272659835634 0.3318543417224903 0
6177 0.007056746623662406 0.3331660444657269 0
6178 0.007022296328429795 0.3344219805008778 0
6179 0.006989639102123432 0.33561254757873 0
6180 0.00695897395768949 0.3367304903904721 0
6181 0.00693043485297131 0.3377709253064718 0
6182 0.006904093837440028 0.3387312256575959 0
6183 0.006879967134386069 0.3396108000000001 0
6184 0.008761506417322134 0.3158108 0
6185 0.008736489748126037 0.3166903743424041 0
6186 0.008709177086700165 0.3176506746935283 0
6187 0.008679585254766442 0.3186911096095278 0
6188 0.008647788959498134 0.31980905242127 0
6189 0.008613927100066232 0.3209996194991223 0
6190 0.008578206030444133 0.3222555555342731 0
6191 0.008540898855792499 0.3235672582775097 0
6192 0.008502340139968619 0.3249229646207036 0
6193 0.008462915870786935 0.3263091034135389 0
6194 0.008423049110097952 0.3277108 0
6195 0.008383182349408968 0.329112496586461 0
6196 0.008343758080227286 0.3304986353792964 0
6197 0.008305199364403406 0.3318543417224903 0
6198 0.008267892189751772 0.3331660444657269 0
6199 0.008232171120129675 0.3344219805008777 0
6200 0.008198309260697775 0.3356125475787299 0
6201 0.008166512965429465 0.3367304903904721 0
6202 0.008136921133495742 0.3377709253064718 0
6203 0.00810960847206987 0.3387312256575959 0
6204 0.008084591802873773 0.3396108 0
6205 0.00980973873177877 0.3158108 0
6206 0.009785018842291392 0.3166903743424041 0
6207 0.009758030198569028 0.3176506746935281 0
6208 0.009728789422772841 0.3186911096095278 0
6209 0.009697370335804091 0.31980905242127 0
6210 0.009663910189034263 0.3209996194991223 0
6211 0.009628612888402135 0.3222555555342731 0
6212 0.009591748299145844 0.3235672582775097 0
6213 0.009553647016098534 0.3249229646207036 0
6214 0.009514690447993784 0.326309103413539 0
6215 0.009475296637781627 0.3277108 0
6216 0.009435902827569469 0.329112496586461 0
6217 0.009396946259464722 0.3304986353792964 0
6218 0.009358844976417407 0.3318543417224903 0
6219 0.00932198038716112 0.3331660444657269 0
6220 0.009286683086528993 0.3344219805008778 0
6221 0.009253222939759163 0.33561254757873 0
6222 0.009221803852790415 0.3367304903904721 0
6223 0.009192563076994224 0.3377709253064718 0
6224 0.00916557443327186 0.3387312256575959 0
6225 0.009140854543784483 0.3396108 0
6226 0.01070784930899756 0.3158108 0
6227 0.01068432962765474 0.3166903743424041 0
6228 0.01065865134537322 0.3176506746935283 0
6229 0.01063083027726957 0.3186911096095278 0
6230 0.01060093666006855 0.31980905242127 0
6231 0.01056910108126825 0.3209996194991223 0
6232 0.01053551754669974 0.3222555555342731 0
6233 0.010500442819016 0.3235672582775097 0
6234 0.01046419144190192 0.3249229646207037 0
6235 0.01042712630580974 0.326309103413539 0
6236 0.01038964515673169 0.3277108 0
6237 0.01035216400765365 0.329112496586461 0
6238 0.01031509887156146 0.3304986353792964 0
6239 0.01027884749444739 0.3318543417224903 0
6240 0.01024377276676365 0.3331660444657269 0
6241 0.01021018923219514 0.3344219805008778 0
6242 0.01017835365339484 0.3356125475787299 0
6243 0.01014846003619382 0.3367304903904721 0
6244 0.01012063896809016 0.3377709253064718 0
6245 0.01009496068580865 0.3387312256575959 0
6246 0.01007144100446583 0.3396108 0
6247 0.01148183649391951 0.3158108 0
6248 0.01146019802471612 0.3166903743424041 0
6249 0.01143657360939154 0.3176506746935281 0
6250 0.01141097779809667 0.3186911096095278 0
6251 0.01138347520970044 0.31980905242127 0
6252 0.01135418598671304 0.3209996194991223 0
6253 0.01132328861748811 0.3222555555342731 0
6254 0.01129101932762236 0.3235672582775097 0
6255 0.01125766750215203 0.3249229646207037 0
6256 0.01122356700588425 0.3263091034135389 0
6257 0.01118908377125997 0.3277108 0
6258 0.01115460053663567 0.329112496586461 0
6259 0.01112050004036789 0.3304986353792964 0
6260 0.01108714821489757 0.3318543417224903 0
6261 0.01105487892503182 0.3331660444657269 0
6262 0.01102398155580689 0.3344219805008778 0
6263 0.01099469233281949 0.33561254757873 0
6264 0.01096718974442325 0.3367304903904721 0
6265 0.01094159393312838 0.3377709253064718 0
6266 0.0109179695178038 0.3387312256575959 0
6267 0.01089633104860042 0.3396108 0
6268 0.01215409957603694 0.3158108 0
6269 0.0121348498290247 0.3166903743424041 0
6270 0.01211383336921714 0.3176506746935281 0
6271 0.01209106314053932 0.3186911096095278 0
6272 0.0120665966284292 0.31980905242127 0
6273 0.01204054071257891 0.3209996194991223 0
6274 0.01201305417758731 0.3222555555342731 0
6275 0.01198434717154444 0.3235672582775097 0
6276 0.01195467713358262 0.3249229646207037 0
6277 0.01192434107237716 0.3263091034135389 0
6278 0.01189366452421463 0.3277108 0
6279 0.01186298797605209 0.329112496586461 0
6280 0.01183265191484664 0.3304986353792964 0
6281 0.01180298187688482 0.3318543417224903 0
6282 0.01177427487084194 0.3331660444657269 0
6283 0.01174678833585035 0.3344219805008778 0
6284 0.01172073242000006 0.3356125475787299 0
6285 0.01169626590788994 0.3367304903904721 0
6286 0.01167349567921212 0.3377709253064718 0
6287 0.01165247921940455 0.3387312256575959 0
6288 0.01163322947239232 0.3396108 0
6289 0.01274408863014265 0.3158108 0
6290 0.01272760063508592 0.3166903743424041 0
6291 0.01270959939666981 0.3176506746935281 0
6292 0.01269009600176068 0.3186911096095278 0
6293 0.01266913968838832 0.31980905242127 0
6294 0.01264682200226678 0.3209996194991223 0
6295 0.01262327894724481 0.3222555555342731 0
6296 0.01259869052156692 0.3235672582775097 0
6297 0.01257327722969683 0.3249229646207036 0
6298 0.01254729346861787 0.3263091034135389 0
6299 0.012521018070082 0.3277108 0
6300 0.01249474267154612 0.329112496586461 0
6301 0.01246875891046716 0.3304986353792964 0
6302 0.01244334561859707 0.3318543417224903 0
6303 0.01241875719291918 0.3331660444657269 0
6304 0.01239521413789721 0.3344219805008778 0
6305 0.01237289645177568 0.3356125475787299 0
6306 0.01235194013840332 0.3367304903904721 0
6307 0.01233243674349418 0.3377709253064718 0
6308 0.01231443550507807 0.3387312256575959 0
6309 0.01229794751002134 0.3396108 0
6310 0.0132688686817621 0.3158108 0
6311 0.01325541173798788 0.3166903743424041 0
6312 0.01324071973617695 0.3176506746935281 0
6313 0.01322480172505457 0.3186911096095278 0
6314 0.01320769789103494 0.31980905242127 0
6315 0.01318948295063284 0.3209996194991223 0
6316 0.01317026790558861 0.3222555555342731 0
6317 0.01315019966438004 0.3235672582775097 0
6318 0.01312945819529074 0.3249229646207036 0
6319 0.0131082511285322 0.3263091034135389 0
6320 0.01308680603714746 0.3277108 0
6321 0.01306536094576273 0.329112496586461 0
6322 0.01304415387900419 0.3304986353792964 0
6323 0.01302341240991489 0.3318543417224903 0
6324 0.01300334416870632 0.3331660444657269 0
6325 0.01298412912366209 0.3344219805008778 0
6326 0.01296591418326 0.33561254757873 0
6327 0.01294881034924036 0.3367304903904721 0
6328 0.01293289233811798 0.3377709253064718 0
6329 0.01291820033630705 0.3387312256575959 0
6330 0.01290474339253283 0.3396108 0
6331 0.01374361459202421 0.3158108 0
6332 0.01373337807408813 0.3166903743424041 0
6333 0.01372220206394959 0.3176506746935281 0
6334 0.01371009344485341 0.3186911096095278 0
6335 0.01369708278606972 0.31980905242127 0
6336 0.01368322692345641 0.3209996194991223 0
6337 0.01366861029455925 0.3222555555342731 0
6338 0.01365334465070106 0.3235672582775097 0
6339 0.0136375668913587 0.3249229646207036 0
6340 0.01362143495806928 0.3263091034135389 0
6341 0.01360512196261624 0.3277108 0
6342 0.01358880896716321 0.329112496586461 0
6343 0.01357267703387378 0.3304986353792964 0
6344 0.01355689927453143 0.3318543417224903 0
6345 0.01354163363067324 0.3331660444657269 0
6346 0.01352701700177607 0.3344219805008778 0
6347 0.01351316113916277 0.33561254757873 0
6348 0.01350015048037908 0.3367304903904721 0
6349 0.01348804186128289 0.3377709253064718 0
6350 0.01347686585114436 0.3387312256575959 0
6351 0.01346662933320828 0.3396108 0
6352 0.01418205104127709 0.3158108 0
6353 0.01417516229414376 0.3166903743424041 0
6354 0.01416764130817132 0.3176506746935281 0
6355 0.01415949271549476 0.3186911096095278 0
6356 0.01415073708795046 0.31980905242127 0
6357 0.01414141267368643 0.3209996194991223 0
6358 0.01413157629562867 0.3222555555342731 0
6359 0.01412130315772932 0.3235672582775097 0
6360 0.01411068538759316 0.3249229646207036 0
6361 0.01409982927324876 0.3263091034135389 0
6362 0.01408885131166409 0.3277108 0
6363 0.01407787335007941 0.329112496586461 0
6364 0.01406701723573501 0.3304986353792964 0
6365 0.01405639946559885 0.3318543417224903 0
6366 0.0140461263276995 0.3331660444657269 0
6367 0.01403628994964174 0.3344219805008778 0
6368 0.01402696553537771 0.3356125475787299 0
6369 0.01401820990783341 0.3367304903904721 0
6370 0.01401006131515685 0.3377709253064718 0
6371 0.01400254032918441 0.338731225657596 0
6372 0.01399565158205108 0.3396108 0
6373 0.01459685039370079 0.3158108 0
6374 0.01459338750258896 0.3166903743424041 0
6375 0.01458960679254516 0.3176506746935281 0
6376 0.01458551059208847 0.3186911096095278 0
6377 0.01458110924243595 0.31980905242127 0
6378 0.0145764219704759 0.3209996194991223 0
6379 0.01457147734041625 0.3222555555342731 0
6380 0.01456631315638776 0.3235672582775097 0
6381 0.01456097572983975 0.3249229646207036 0
6382 0.01455551849049788 0.3263091034135389 0
6383 0.01455 0.3277108 0
6384 0.01454448150950212 0.329112496586461 0
6385 0.01453902427016025 0.3304986353792964 0
6386 0.01453368684361224 0.3318543417224903 0
6387 0.01452852265958375 0.3331660444657269 0
6388 0.0145235780295241 0.3344219805008778 0
6389 0.01451889075756405 0.33561254757873 0
6390 0.01451448940791153 0.3367304903904721 0
6391 0.01451039320745483 0.3377709253064718 0
6392 0.01450661249741104 0.338731225657596 0
6393 0.01450314960629921 0.3396108 0
6394 0.002075060558862355 0.3412118482743707 0
6395 0.002057989082110352 0.3420175006007237 0
6396 0.002041944745996628 0.3428336347028558 0
6397 0.002028479342281364 0.3436659428783463 0
6398 0.002017812319957461 0.3445201084691058 0
6399 0.002009665694432347 0.3454019081602984 0
6400 0.002003621887465422 0.3463172805549967 0
6401 0.001999268810915361 0.3472723798650993 0
6402 0.001996251136956179 0.3482736235877035 0
6403 0.001994281450488361 0.3493277384532245 0
6404 0.001993135450503208 0.3504418068190519 0
6405 0.001992641914056201 0.351623314705007 0
6406 0.001992671993109488 0.3528802022153171 0
6407 0.001993129623136466 0.3542209168872983 0
6408 0.001993943576670114 0.355654470420604 0
6409 0.001995061163190233 0.3571904992127091 0
6410 0.001996443373573141 0.3588393291279923 0
6411 0.001998061213186478 0.3606120449458584 0
6412 0.001999892978246968 0.3625205649613688 0
6413 0.002001922265042615 0.3645777212466316 0
6414 0.002004136541355453 0.3667973461212554 0
6415 0.002006526143566871 0.3691943654246766 0
6416 0.002009083584746898 0.3717848992316158 0
6417 0.002011803061833537 0.3745863707035237 0
6418 0.00201468002362159 0.3776176238221179 0
6419 0.002017710588075176 0.3808990508027396 0
6420 0.002020890445410265 0.3844527300285197 0
6421 0.002024212596242529 0.3883025753673765 0
6422 0.002027662754729776 0.3924744977038639 0
6423 0.002031210336264011 0.3969965793753564 0
6424 0.002034791410746738 0.4018992618089038 0
6425 0.002038277566325833 0.4072155456787913 0
6426 0.002041421339649404 0.4129812004610275 0
6427 0.002043766645702246 0.4192349736559076 0
6428 0.002044521619233564 0.426018769214447 0
6429 0.002042455369382487 0.4333776799788828 0
6430 0.002036192986573972 0.4413591792350239 0
6431 0.003889433810741689 0.3412122070740532 0
6432 0.003869875492307119 0.3420181775947075 0
6433 0.003849944794715254 0.3428345281665864 0
6434 0.003832188594186084 0.3436669613202107 0
6435 0.003817504125033963 0.3445211878885707 0
6436 0.003806016310860095 0.3454030105836027 0
6437 0.003797514893293462 0.3463183877740421 0
6438 0.003791669718658592 0.3472734872455931 0
6439 0.0037881334540583 0.3482747352820366 0
6440 0.003786587243410401 0.3493288641064592 0
6441 0.003786757770115479 0.3504429594962991 0
6442 0.003788420393424578 0.3516245097264873 0
6443 0.003791395911069734 0.3528814566410258 0
6444 0.003795544806097458 0.3542222494667829 0
6445 0.003800760908462797 0.355655901889934 0
6446 0.00380696539510651 0.3571920528752213 0
6447 0.003814101528536942 0.35884103169932 0
6448 0.003822130266068193 0.3606139276802987 0
6449 0.003831026740423836 0.3625226651090457 0
6450 0.003840777553176371 0.3645800839220484 0
6451 0.003851378798192863 0.366800026695957 0
6452 0.00386283471799728 0.3691974325912769 0
6453 0.003875156869379815 0.3717884389233346 0
6454 0.003888363609315455 0.3745904910898703 0
6455 0.003902479567264777 0.3776224616294711 0
6456 0.003917534477605053 0.3809047792099363 0
6457 0.00393356018574254 0.3844595683231264 0
6458 0.003950583604851367 0.3883108003369845 0
6459 0.003968611524600455 0.3924844562106614 0
6460 0.003987599861110173 0.397008700369056 0
6461 0.004007394281269283 0.4019140634135078 0
6462 0.004027620066848101 0.4072336272375368 0
6463 0.00404748663991746 0.4130031964600419 0
6464 0.004065463236492394 0.4192614154588389 0
6465 0.004078813816238396 0.426049717573273 0
6466 0.004083209913717707 0.4334117156224422 0
6467 0.004073738527938185 0.4413900139810948 0
6468 0.00547014385059196 0.341212447892555 0
6469 0.005452780591231325 0.3420186650645965 0
6470 0.005434671695523874 0.3428352232415189 0
6471 0.00541836576968285 0.3436678151537153 0
6472 0.005404963265362666 0.3445221571758043 0
6473 0.005394830323363456 0.3454040628196804 0
6474 0.005387971987093712 0.3463195017935246 0
6475 0.005384228947280374 0.3472746518686102 0
6476 0.005383380815423855 0.3482759474538667 0
6477 0.00538519921805692 0.3493301271528191 0
6478 0.00538947379779312 0.3504442817348275 0
6479 0.005396023620713466 0.3516259034974644 0
6480 0.005404700826035126 0.3528829377470549 0
6481 0.005415390280526839 0.3542238369891207 0
6482 0.00542800731759593 0.3556576183518899 0
6483 0.005442494715664688 0.3571939247378657 0
6484 0.005458819560960297 0.3588430901959714 0
6485 0.005476970359611985 0.3606162100216638 0
6486 0.005496954609884527 0.3625252161199233 0
6487 0.005518796959004907 0.3645829582034879 0
6488 0.005542538013877382 0.3668032914441861 0
6489 0.005568233822912818 0.3692011712467586 0
6490 0.005595955965776965 0.371792755868686 0
6491 0.005625792034030368 0.3745955176594309 0
6492 0.005657845980549941 0.3776283637241662 0
6493 0.005692237224380371 0.3809117668020098 0
6494 0.005729096275001768 0.3844679070291561 0
6495 0.005768552554820115 0.3883208249147637 0
6496 0.00581070629168412 0.3924965850462337 0
6497 0.005855569551474128 0.3970234482380355 0
6498 0.005902949704130979 0.4019320458941439 0
6499 0.005952229405374153 0.4072555416158041 0
6500 0.006001970049550625 0.4130297449823357 0
6501 0.006049243694771313 0.4192930927548158 0
6502 0.006088655581083804 0.42608627287842 0
6503 0.006111471843564873 0.43345076995351 0
6504 0.006107395385864444 0.4414230666949408 0
6505 0.006849228891898671 0.3412126196756084 0
6506 0.006835716075315036 0.3420190266008068 0
6507 0.006821891947044204 0.3428357594494779 0
6508 0.006809932808960185 0.343668500313464 0
6509 0.006800864322218832 0.3445229653105584 0
6510 0.006795114367415943 0.3454049722352717 0
6511 0.006792804229300992 0.3463204967096156 0
6512 0.006793904804885043 0.3472757226385695 0
6513 0.006798321130947499 0.3482770901629841 0
6514 0.006805938057105066 0.3493313430140886 0
6515 0.006816644586782789 0.3504455765030592 0
6516 0.006830346436426461 0.3516272870167199 0
6517 0.006846972091295441 0.3528844236918038 0
6518 0.006866475302332021 0.3542254428337092 0
6519 0.00688883568221597 0.3556593655939105 0
6520 0.006914058351777548 0.3571958394027038 0
6521 0.006942173205632562 0.3588452036592365 0
6522 0.006973234165190286 0.3606185602022062 0
6523 0.007007318685118329 0.3625278491184259 0
6524 0.007044527726187209 0.3645859304903104 0
6525 0.007084986368825682 0.366806672735418 0
6526 0.007128845187839768 0.3692050482488481 0
6527 0.00717628239959745 0.3717972371174645 0
6528 0.007227506565196466 0.3746007397227614 0
6529 0.007282759168334848 0.3776344990642299 0
6530 0.007342315473988481 0.3809190335709994 0
6531 0.007406480319757907 0.3844765809318047 0
6532 0.007475572194763668 0.3883312528677644 0
6533 0.007549882863746781 0.3925091993948879 0
6534 0.007629588750862061 0.3970387781154477 0
6535 0.007714570875445951 0.4019507175624909 0
6536 0.007804067799179221 0.4072782493344949 0
6537 0.007896038769769768 0.4130571514024677 0
6538 0.007986070459148367 0.4193255671807133 0
6539 0.008065733624106374 0.4261232559077384 0
6540 0.008120975633735988 0.4334892429464421 0
6541 0.008134339372205401 0.4414537570719679 0
6542 0.008055517008917077 0.3412127430476742 0
6543 0.00804644594578259 0.3420192953701219 0
6544 0.008037976258442967 0.3428361703766885 0
6545 0.008031789068099055 0.3436690407140112 0
6546 0.008028710799223545 0.3445236204709251 0
6547 0.008029126522329339 0.3454057289052236 0
6548 0.008033195838339792 0.3463213446787563 0
6549 0.00804096799906141 0.3472766553579837 0
6550 0.008052444076080474 0.3482781048994304 0
6551 0.008067610727618739 0.3493324407975261 0
6552 0.0080864585575004 0.3504467620148493 0
6553 0.008108992097953413 0.3516285685077613 0
6554 0.008135235272328104 0.3528858129904283 0
6555 0.008165234464307317 0.3542269554894047 0
6556 0.008199060371033582 0.355661021198518 0
6557 0.008236809304662782 0.3571976621327259 0
6558 0.008278604343635433 0.3588472230902408 0
6559 0.008324596615259925 0.3606208124589667 0
6560 0.00837496695008088 0.362530378442852 0
6561 0.008429928143844653 0.3645887913339483 0
6562 0.008489728061018871 0.3668099325147136 0
6563 0.008554653781511035 0.3692087909389186 0
6564 0.00862503687919604 0.3718015679013436 0
6565 0.008701259644022848 0.3746057909509527 0
6566 0.008783761457406912 0.3776404377975498 0
6567 0.008873043311751009 0.3809260709420315 0
6568 0.008969666073303819 0.3844849833903243 0
6569 0.00907423352082855 0.3883413549130451 0
6570 0.009187342621227076 0.3925214163084943 0
6571 0.009309467746757463 0.3970536147911143 0
6572 0.009440717358121723 0.4019687643020858 0
6573 0.009580353724682644 0.4073001442685419 0
6574 0.009725893437847001 0.4130834651195986 0
6575 0.009871529695964942 0.4193565130617094 0
6576 0.01000568426615499 0.426158015792818 0
6577 0.01010836232489932 0.4335244521402496 0
6578 0.01015315502505307 0.4414803140132659 0
6579 0.009114429486868053 0.3412128321348655 0
6580 0.009109956918468044 0.3420194961197232 0
6581 0.009107273249788231 0.3428364857835097 0
6582 0.0091075324243044 0.3436694657097933 0
6583 0.009111308992118563 0.3445241474268158 0
6584 0.009118890239144924 0.3454063503401674 0
6585 0.009130425518675055 0.3463220546158344 0
6586 0.009146003880185188 0.3472774500072123 0
6587 0.009165694748324038 0.3482789830028434 0
6588 0.00918956927347454 0.3493334038127264 0
6589 0.009217711564509744 0.3504478142369212 0
6590 0.009250224725999076 0.3516297171929507 0
6591 0.009287234360845324 0.3528870685284312 0
6592 0.009328890976820249 0.3542283316651086 0
6593 0.0093753720697188 0.3556625355841745 0
6594 0.009426884303922948 0.3571993366558661 0
6595 0.009483666043732523 0.3588490848306566 0
6596 0.009545990432875275 0.3606228947400117 0
6597 0.00961416922788428 0.3625327222988473 0
6598 0.00968855763019264 0.3645914474573409 0
6599 0.009769560399437643 0.3668129638142549 0
6600 0.009857639530332061 0.3692122758729554 0
6601 0.009953323676415231 0.3718056047855459 0
6602 0.01005721920344146 0.3746105034698188 0
6603 0.01017002204762804 0.3776459819561983 0
6604 0.01029252806676283 0.3809326436407041 0
6605 0.01042563658049287 0.3844928326078621 0
6606 0.01057033598017747 0.3883507909790433 0
6607 0.01072764919603141 0.3925328225779606 0
6608 0.01089849609836006 0.3970674534853913 0
6609 0.01108339221988092 0.4019855678341447 0
6610 0.01128183758398338 0.4073204708764286 0
6611 0.01149114590709004 0.4131077735610613 0
6612 0.01170434186161656 0.4193848614101946 0
6613 0.01190678329254331 0.4261893909717631 0
6614 0.01207213565462403 0.4335553742400735 0
6615 0.01216324014825944 0.4415023923810697 0
6616 0.01004835358215532 0.341212896997089 0
6617 0.01004844904672378 0.3420196474311912 0
6618 0.0100516761684822 0.342836729769035 0
6619 0.01005866266452629 0.3436698017765939 0
6620 0.01006971025698808 0.344524572352365 0
6621 0.01008498006237039 0.3454068604154645 0
6622 0.01010458265360683 0.346322646792673 0
6623 0.01012862176345056 0.3472781225468994 0
6624 0.01015721507136263 0.348279735873126 0
6625 0.01019050368248793 0.3493342389620454 0
6626 0.01022865621604366 0.3504487358191318 0
6627 0.01027187058484063 0.3516307317895566 0
6628 0.01032037508652808 0.3528881854045484 0
6629 0.01037442965428165 0.3542295630927789 0
6630 0.01043432770362209 0.3556638972689279 0
6631 0.01050039880534436 0.3572008483080545 0
6632 0.01057301233168003 0.3588507709316106 0
6633 0.01065258222084039 0.3606247855646875 0
6634 0.01073957305417906 0.3625348552719127 0
6635 0.01083450771747217 0.3645938689392079 0
6636 0.01093797699390657 0.366815731437743 0
6637 0.01105065147410703 0.3692154615792824 0
6638 0.01117329609730409 0.3718092987371365 0
6639 0.01130678733754045 0.374614819038769 0
6640 0.01145213227163828 0.3776510619826544 0
6641 0.01161048706077734 0.3809386680849817 0
6642 0.01178316885143681 0.3845000275008026 0
6643 0.01197164811200043 0.3883594380354092 0
6644 0.01217749486326816 0.3925432676257092 0
6645 0.01240222653964889 0.3970801092580221 0
6646 0.01264695758100321 0.4020009011989125 0
6647 0.01291166604170771 0.4073389532495229 0
6648 0.01319375356679095 0.4131297502880193 0
6649 0.01348539316980813 0.4194102511176607 0
6650 0.01376911230747075 0.426217048141635 0
6651 0.01401202446708552 0.4335818698230981 0
6652 0.01416447162747631 0.44152030556524 0
6653 0.01087706357116913 0.341212944762717 0
6654 0.01088161960724091 0.3420197629676719 0
6655 0.01089073352465804 0.3428369208522158 0
6656 0.01090451863427002 0.3436700704086024 0
6657 0.01092299693994335 0.3445249180200205 0
6658 0.01094618906196098 0.345407281821319 0
6659 0.01097415058875669 0.3463231428297559 0
6660 0.01100698460994776 0.3472786928898133 0
6661 0.01104484396277478 0.3482803813736816 0
6662 0.01108792947831105 0.3493349619494544 0
6663 0.01113648719533499 0.3504495403620978 0
6664 0.01119080595553652 0.3516316239575627 0
6665 0.01125121604976737 0.3528891735575361 0
6666 0.01131808922442214 0.3542306582270747 0
6667 0.01139184018621788 0.355665113450128 0
6668 0.01147292967804657 0.357202203227424 0
6669 0.01156186919954393 0.3588522866309521 0
6670 0.01165922749740369 0.360626489385678 0
6671 0.0117656390390034 0.3625367810999436 0
6672 0.01188181479721364 0.364596058829232 0
6673 0.01200855578979132 0.3668182377305746 0
6674 0.01214676989800921 0.3692183496402069 0
6675 0.01229749245843426 0.3718126504710911 0
6676 0.0124619108451682 0.3746187373490373 0
6677 0.01264139245027242 0.3776556763237607 0
6678 0.01283751360472868 0.3809441411744518 0
6679 0.01305208300386649 0.3845065630147881 0
6680 0.01328714514969342 0.388367288548683 0
6681 0.01354493342768895 0.3925527408206355 0
6682 0.01382771178907388 0.3970915678214427 0
6683 0.01413738625147037 0.4020147464584347 0
6684 0.01447466229649324 0.4073555717765019 0
6685 0.01483734579732575 0.4131493815732157 0
6686 0.01521713058436241 0.4194326961707581 0
6687 0.01559405111682666 0.4262410836921571 0
6688 0.01592861214084481 0.4336042292529051 0
6689 0.01615702711059192 0.4415346188725179 0
6690 0.01161811871429438 0.3412129804559653 0
6691 0.0116270034818769 0.3420198526404224 0
6692 0.01164191187990349 0.3428370728909221 0
6693 0.01166245673968372 0.3436702882750897 0
6694 0.0116883797894811 0.3445252028421167 0
6695 0.01171955457242071 0.3454076338187115 0
6696 0.01175597308521422 0.3463235621504992 0
6697 0.01179772905945299 0.3472791801421576 0
6698 0.01184500261955683 0.3482809380006694 0
6699 0.01189804780064733 0.3493355905266805 0
6700 0.01195718318377155 0.3504502448658007 0
6701 0.01202278550112224 0.3516324100342296 0
6702 0.01209528597687881 0.3528900488196574 0
6703 0.01217516919626934 0.3542316325987406 0
6704 0.0122629743577597 0.3556661995888997 0
6705 0.01235929883999614 0.357203417054382 0
6706 0.01246480410405634 0.3588536480086605 0
6707 0.01258022406071462 0.3606280229939662 0
6708 0.01270637616386644 0.3625385175721112 0
6709 0.01284417564561323 0.3645980362266828 0
6710 0.01299465346718445 0.366820503451785 0
6711 0.0131589786914957 0.3692209628789578 0
6712 0.01333848600544641 0.3718156853551904 0
6713 0.01353470888948343 0.374622286895076 0
6714 0.01374941812659701 0.3776598573159862 0
6715 0.01398466337568991 0.3809490999752366 0
6716 0.01424281119248211 0.3845124820566793 0
6717 0.01452656389802826 0.3883743926752143 0
6718 0.01483892563698147 0.3925613013996689 0
6719 0.0151830465811332 0.3971018999898244 0
6720 0.01556180838961598 0.4020271896949551 0
6721 0.01597688789004152 0.407370433905156 0
6722 0.01642681466480087 0.4131668075329916 0
6723 0.01690319892656434 0.4194523919972981 0
6724 0.01738398254236117 0.4262617932663014 0
6725 0.01782313313883402 0.4336229182734707 0
6726 0.01814129592812155 0.4415459457049658 0
6727 0.01228722621393954 0.3412130076099328 0
6728 0.01230030972829577 0.3420199235961268 0
6729 0.01232089540946713 0.3428371961340279 0
6730 0.01234810820832512 0.3436704680474493 0
6731 0.01238141187493788 0.3445254412468262 0
6732 0.01242053078558758 0.3454079320171343 0
6733 0.01246538950418863 0.3463239210886592 0
6734 0.0125160680291677 0.3472796010285547 0
6735 0.01257276948088257 0.3482814226538049 0
6736 0.01263579726193213 0.3493361416587315 0
6737 0.01270553938416406 0.3504508663425109 0
6738 0.01278245831185065 0.3516331071380422 0
6739 0.01286708520304912 0.3528908285376086 0
6740 0.01296001783189553 0.3542325039557887 0
6741 0.01306192176741693 0.3556671740497502 0
6742 0.01317353460637022 0.3572045090217455 0
6743 0.01329567323974229 0.3588548754529269 0
6744 0.01342924430523688 0.360629408258419 0
6745 0.01357525815776459 0.3625400884090897 0
6746 0.01373484688930902 0.3645998271334677 0
6747 0.01390928713670301 0.3668225573899671 0
6748 0.01410002860536941 0.3692233334759145 0
6749 0.0143087293246438 0.371818439696778 0
6750 0.01453729848641663 0.3746255090149808 0
6751 0.01478794695192673 0.3776636524490601 0
6752 0.01506324349801236 0.3809535995278957 0
6753 0.01536617025677903 0.3845178489742079 0
6754 0.0157001610223277 0.3883808262896992 0
6755 0.01606908607118663 0.3925690396037961 0
6756 0.01647710726086268 0.3971112140881849 0
6757 0.01692824942887743 0.4020383624022842 0
6758 0.01742538662937446 0.4073837017630515 0
6759 0.01796807513581413 0.4131822329354284 0
6760 0.01854823069230267 0.4194696068241795 0
6761 0.01914212740090057 0.4262795438183368 0
6762 0.01969736724563846 0.4336384424091409 0
6763 0.0201178373694533 0.4415548539466377 0
6764 0.01289857006303477 0.3412130287104169 0
6765 0.01291573798109114 0.3420199809865225 0
6766 0.0129418840915233 0.3428372981428011 0
6767 0.01297565545437531 0.3436706193001301 0
6768 0.01301624133889277 0.3445256444144161 0
6769 0.01306321753921476 0.3454081888399611 0
6770 0.01311644032734332 0.3463242330153057 0
6771 0.01317597434588952 0.3472799696469679 0
6772 0.01324204371861523 0.3482818500116817 0
6773 0.01331499914314827 0.3493366305293555 0
6774 0.01339529616112054 0.3504514204708863 0
6775 0.01348348147410185 0.3516337314913124 0
6776 0.01358018530999607 0.3528915295789995 0
6777 0.01368611861390405 0.3542332899604821 0
6778 0.01380207436060233 0.3556680554830837 0
6779 0.01392893265561911 0.3572054990043634 0
6780 0.01406766957155215 0.3588559903437175 0
6781 0.01421936990767881 0.360630668394134 0
6782 0.01438524429409581 0.3625415190493877 0
6783 0.01456665131123401 0.364601459671506 0
6784 0.01476512555680988 0.3668244309008337 0
6785 0.01498241284694946 0.3692254966860889 0
6786 0.01522051390189938 0.3718209534627188 0
6787 0.01548173778741064 0.3746284493876143 0
6788 0.01576876568387237 0.3776671143525904 0
6789 0.01608472354412084 0.3809577009542118 0
6790 0.01643325738679872 0.3845227353067318 0
6791 0.01681859451995691 0.3883866737649102 0
6792 0.01724555218464057 0.3925760556947688 0
6793 0.01771941099658534 0.3971196301965172 0
6794 0.01824548320873055 0.4020484097000612 0
6795 0.01882803697062074 0.4073955528515863 0
6796 0.01946792417946313 0.4131958788005314 0
6797 0.02015772185408669 0.4194846230694375 0
6798 0.02087244874486653 0.4262947059432471 0
6799 0.02155358137802258 0.4336512796308909 0
6800 0.02208735781583636 0.4415618300976361 0
6801 0.01346511017995481 0.341213045511545 0
6802 0.01348627195040489 0.3420200285410772 0
6803 0.01351787810900615 0.3428373845189004 0
6804 0.013558104780411 0.3436707492883806 0
6805 0.01360587062658891 0.3445258210123977 0
6806 0.01366060501147374 0.34540841414453 0
6807 0.01372209684154778 0.3463245087925125 0
6808 0.01379039541628913 0.3472802977241647 0
6809 0.01386574523599074 0.3482822325733452 0
6810 0.01394854328480519 0.3493370703651408 0
6811 0.01403931148734653 0.3504519212067936 0
6812 0.01413867972727896 0.3516342978256319 0
6813 0.01424737655692658 0.3528921675405193 0
6814 0.01436622586469482 0.3542340072055888 0
6815 0.01449614852080106 0.3556688616499999 0
6816 0.0146381685409415 0.3572064061463783 0
6817 0.0147934236874746 0.3588570134686537 0
6818 0.01496318074150682 0.3606318261442855 0
6819 0.01514885597020986 0.3625428345645912 0
6820 0.01535204161798877 0.3646029616874468 0
6821 0.01557453957025023 0.3668261551441238 0
6822 0.01581840366421523 0.3692274876346973 0
6823 0.01608599236960063 0.3718232665398272 0
6824 0.01638003358062952 0.3746311536381703 0
6825 0.01670370265248235 0.3776702955934855 0
6826 0.01706071284411613 0.3809614652494085 0
6827 0.01745541238232347 0.3845272123181123 0
6828 0.01789287134182565 0.3883920189174778 0
6829 0.01837891812135898 0.392582448893516 0
6830 0.01892003720792786 0.3971272665504418 0
6831 0.01952294327997912 0.4020574735502125 0
6832 0.02019345670501894 0.4074061593475276 0
6833 0.02093394412406095 0.4132079571066508 0
6834 0.02173794152788549 0.4194977072433182 0
6835 0.02257957761072063 0.4263076205207945 0
6836 0.0233944797824102 0.4336618508999954 0
6837 0.02405068419870214 0.4415672721490691 0
6838 0.0139988573170047 0.3412130592576997 0
6839 0.0140239522075343 0.3420200689818654 0
6840 0.0140609458533341 0.3428374594510696 0
6841 0.01410754748421095 0.3436708635607335 0
6842 0.01416240910561183 0.3445259778144104 0
6843 0.01422481668122712 0.3454086157990883 0
6844 0.01429449363221771 0.3463247572721326 0
6845 0.01437147477307296 0.3472805950115647 0
6846 0.01445602506264044 0.348282580936404 0
6847 0.01454858733551738 0.3493374725890155 0
6848 0.01464974918317062 0.3504523808110451 0
6849 0.01476022288996427 0.3516348192862086 0
6850 0.01488083468203493 0.352892756532691 0
6851 0.01501252105356956 0.3542346708830259 0
6852 0.01515633091825339 0.3556696089764628 0
6853 0.01531343300174592 0.357207248299521 0
6854 0.01548512837227138 0.3588579643400522 0
6855 0.01567286839473352 0.3606329029657518 0
6856 0.01587827874532912 0.3625440586978752 0
6857 0.01610319048573727 0.3646043596219475 0
6858 0.01634967957836271 0.3668277597539896 0
6859 0.01662011662455574 0.3692293397499175 0
6860 0.01691722894594526 0.3718254168800459 0
6861 0.01724417725339638 0.3746336651317014 0
6862 0.01760464864405254 0.3776732460357089 0
6863 0.01800296575910645 0.380964950102839 0
6864 0.01844420689683933 0.3845313471435003 0
6865 0.01893432036019347 0.3883969403091331 0
6866 0.01948019141991083 0.3925883116206823 0
6867 0.0200895684207947 0.3971342324600978 0
6868 0.0207706489545228 0.4020656840587877 0
6869 0.02153091626777928 0.4074156775032117 0
6870 0.02237440693729795 0.4132186581401189 0
6871 0.02329583347521031 0.4195090955554301 0
6872 0.02426872123816515 0.4263185842209284 0
6873 0.02522312994938713 0.4336705108280393 0
6874 0.02600871318338148 0.4415714955449 0
6875 0.01451112992334083 0.3412130708383891 0
6876 0.0145401327236943 0.3420201043192841 0
6877 0.01458247728882855 0.342837526114158 0
6878 0.01463540819244692 0.343670966419443 0
6879 0.01469731505474592 0.3445261201837052 0
6880 0.01476734395457098 0.3454088001573719 0
6881 0.01484515506862721 0.3463249857366819 0
6882 0.01493076986215269 0.3472808696745207 0
6883 0.0150244740814599 0.348282904122915 0
6884 0.01512675620857565 0.3493378470760247 0
6885 0.01523826899444968 0.3504528100322626 0
6886 0.01535980650125912 0.3516353075417047 0
6887 0.01549229205316814 0.3528933092180782 0
6888 0.0156367743671661 0.354235294752241 0
6889 0.01579443034483489 0.355670312453102 0
6890 0.01596657382071405 0.3572080418541954 0
6891 0.01615467014493053 0.35885886095508 0
6892 0.01636035694121534 0.360633918713455 0
6893 0.0165854717951129 0.3625452134644079 0
6894 0.01683208804857245 0.3646056780142041 0
6895 0.01710256032324784 0.3668292722311913 0
6896 0.01739958187079282 0.3692310840208723 0
6897 0.01772625627740349 0.3718274395957494 0
6898 0.0180861862805053 0.3746360238691424 0
6899 0.01848358205861073 0.3776760114903495 0
6900 0.01892338951643088 0.380968208243068 0
6901 0.01941143397376642 0.3845352007556639 0
6902 0.01995456268808154 0.3884015087441761 0
6903 0.02056074332983429 0.3925937264199031 0
6904 0.02123902005377624 0.3971406245466819 0
6905 0.02199911452635173 0.4020731549294437 0
6906 0.02285022828018911 0.4074242422914045 0
6907 0.02379814668291551 0.4132281444912616 0
6908 0.02483887711974624 0.4195189878457063 0
6909 0.02594552318591176 0.4263278449309293 0
6910 0.02704283763207208 0.4336775483448153 0
6911 0.02796231599916276 0.4415747440428532 0
6912 0.0150128009386551 0.3412130808956337 0
6913 0.01504572775475102 0.34202013606062 0
6914 0.01509342720980919 0.3428375869553751 0
6915 0.01515268304472729 0.3436710612574901 0
6916 0.01522162793249257 0.3445262524359259 0
6917 0.01529927183990793 0.3454089724260459 0
6918 0.01538521382236427 0.3463252002546353 0
6919 0.01547946295821323 0.3472811286228485 0
6920 0.01558232600019356 0.3482832098762915 0
6921 0.0156943368480326 0.3493382024109606 0
6922 0.01581621293937275 0.3504532183221341 0
6923 0.0159488295494963 0.3516357729558945 0
6924 0.01609320656382553 0.3528938369392958 0
6925 0.01625050451512114 0.3542358912250277 0
6926 0.01642202810594131 0.3556709856771615 0
6927 0.01660923639456394 0.3572088017381858 0
6928 0.01681375950357399 0.3588597197496374 0
6929 0.01703742224830771 0.3606348915461595 0
6930 0.01728227555825943 0.3625463190036941 0
6931 0.01755063704495994 0.3646069392928916 0
6932 0.01784514257883151 0.3668307176616124 0
6933 0.01816881128636135 0.3692327486290152 0
6934 0.0185251268943086 0.3718293664848963 0
6935 0.01891813867694503 0.3746382658819024 0
6936 0.01935258496254224 0.3776786329492455 0
6937 0.01983404037068816 0.3809712864733812 0
6938 0.02036908274711407 0.38453882675862 0
6939 0.02096546330577622 0.3884057857729227 0
6940 0.02163223576808524 0.3925987641246163 0
6941 0.02237974125193886 0.3971465245432238 0
6942 0.02321922292549482 0.4020799809172546 0
6943 0.02416159386666984 0.4074319646383793 0
6944 0.02521438023740468 0.4132365483995278 0
6945 0.02637488815130838 0.4195275457429732 0
6946 0.02761585603383408 0.4263356021031058 0
6947 0.02885695269013746 0.4336831918009766 0
6948 0.02991217942712188 0.4415772013961893 0
6949 0.01551454913233268 0.3412130898976877 0
6950 0.01555146014195874 0.3420201653561262 0
6951 0.01560455645447986 0.3428376438974856 0
6952 0.01567017378939523 0.3436711508011657 0
6953 0.01574619549551621 0.3445263781045681 0
6954 0.01583149904328003 0.3454091369388996 0
6955 0.01592562379479053 0.3463254059518771 0
6956 0.01602856674543672 0.3472813777706198 0
6957 0.01614065539490087 0.3482835049028429 0
6958 0.01626246853305954 0.3493385461070493 0
6959 0.01639478765111062 0.3504536140282601 0
6960 0.0165385685961959 0.3516362247528955 0
6961 0.01669492723179898 0.3528943498556309 0
6962 0.01686513543160902 0.3542364714728942 0
6963 0.01705062537307386 0.3556716409298881 0
6964 0.01725300119199695 0.3572095414628523 0
6965 0.01747405783696122 0.3588605556112554 0
6966 0.01771580757320794 0.3606358379027031 0
6967 0.01798051512267325 0.3625473935141192 0
6968 0.01827074296410644 0.3646081636619709 0
6969 0.01858940888570453 0.3668321185438188 0
6970 0.01893985849769498 0.3692343587050249 0
6971 0.01932595600399624 0.3718312257014763 0
6972 0.01975219694276563 0.374640422796302 0
6973 0.02022384637881693 0.3776811460199171 0
6974 0.0207471042630188 0.3809742249502722 0
6975 0.02132929432778615 0.3845422704811843 0
6976 0.02197905988530785 0.3884098225750806 0
6977 0.02270652069783229 0.3926034825196209 0
6978 0.0235232824633862 0.3971519977564111 0
6979 0.02444205943453417 0.4020862361824565 0
6980 0.02547540133235554 0.4074389298875637 0
6981 0.0266324718228643 0.4132439707475425 0
6982 0.0279117541930606 0.4195348928988011 0
6983 0.02928554163644486 0.4263420093479889 0
6984 0.03066859813426353 0.4336876155713482 0
6985 0.03185856365958874 0.4415790020046787 0
6986 0.0161096704559443 0.3412130994221492 0
6987 0.01615064271420916 0.3420201972949258 0
6988 0.01620938229936284 0.3428377067480549 0
6989 0.01628173558195371 0.3436712503476257 0
6990 0.01636530049185603 0.3445265184846548 0
6991 0.01645879579223965 0.3454093213431222 0
6992 0.01656168304769673 0.3463256370992993 0
6993 0.01667393490702931 0.3472816582497134 0
6994 0.01679589136837419 0.3482838374332905 0
6995 0.01692817053876675 0.3493389337589941 0
6996 0.01707161410206389 0.3504540604238618 0
6997 0.01722725562548735 0.3516367342681361 0
6998 0.01739630457163158 0.3528949278364029 0
6999 0.0175801418078063 0.3542371244775669 0
7000 0.01778032426991447 0.355672377010163 0
7001 0.0179985976817365 0.3572103704954023 0
7002 0.01823691711069253 0.3588614896939796 0
7003 0.01849747582653611 0.3606368918308751 0
7004 0.01878274352501853 0.3625485853523835 0
7005 0.01909551556427854 0.3646095154265471 0
7006 0.01943897547494082 0.3668336570027736 0
7007 0.01981677366168911 0.3692361162884805 0
7008 0.02023312584544286 0.3718332414800767 0
7009 0.0206929352316027 0.3746427434213758 0
7010 0.02120194215464016 0.3776838263989347 0
7011 0.02176690307742085 0.380977328217714 0
7012 0.02239579516348399 0.3845458664566973 0
7013 0.02309802884893552 0.3884139832906207 0
7014 0.02388461985293695 0.3926082724460896 0
7015 0.02476820552413285 0.3971574550395112 0
7016 0.02576265101577824 0.4020923398342153 0
7017 0.02688170361304528 0.4074455479584987 0
7018 0.02813557155329585 0.4132507905048959 0
7019 0.02952314927866883 0.4195413561539502 0
7020 0.03101540776860331 0.4263473281040351 0
7021 0.03252156765558383 0.4336910107267266 0
7022 0.03382379103815326 0.4415802513748921 0
7023 0.01681431776209515 0.3412131094820557 0
7024 0.01685939691795471 0.3420202318952799 0
7025 0.0169239529844571 0.3428377755782903 0
7026 0.01700333183430001 0.3436713600795499 0
7027 0.01709482177486919 0.3445266739269638 0
7028 0.01719695993611486 0.3454095262073854 0
7029 0.01730911163789415 0.3463258945239224 0
7030 0.0174312111018428 0.3472819711748352 0
7031 0.01756360019129331 0.3482842088865098 0
7032 0.01770692817193423 0.349339367091467 0
7033 0.01786209040359099 0.3504545595237145 0
7034 0.01803019262137273 0.3516373037704009 0
7035 0.01821253274234539 0.3528955733440466 0
7036 0.01841059540798748 0.3542378528056127 0
7037 0.01862605656635373 0.3556731964637307 0
7038 0.01886079679383219 0.3572112911922131 0
7039 0.01911692304198669 0.3588625239419488 0
7040 0.01939679925485088 0.3606380545711442 0
7041 0.01970308695245739 0.3625498946763574 0
7042 0.02003879750170975 0.3646109931703878 0
7043 0.02040735843802215 0.3668353294111607 0
7044 0.02081269687438648 0.3692380147161344 0
7045 0.02125934366732551 0.3718354030557384 0
7046 0.02175256241409672 0.3746452115204226 0
7047 0.02229850702995364 0.3776866506343607 0
7048 0.02290440956087476 0.3809805634294194 0
7049 0.0235787937523556 0.3845495698051359 0
7050 0.02433169510720216 0.3884182079831607 0
7051 0.02517483516568634 0.3926130558092296 0
7052 0.02612162717467887 0.3971627977127705 0
7053 0.02718674294441528 0.4020981724148103 0
7054 0.02838466783666528 0.4074516834179838 0
7055 0.02972605787641711 0.4132568699817657 0
7056 0.03120949681371369 0.4195468212149978 0
7057 0.03280392134556424 0.4263515001417642 0
7058 0.03441281233969933 0.4336933902195832 0
7059 0.03580474813565743 0.4415809926155143 0
7060 0.01764681977671867 0.3412131200991588 0
7061 0.01769602935634402 0.3420202691466049 0
7062 0.01776650605412065 0.3428378503358044 0
7063 0.0178531038531387 0.3436714799177577 0
7064 0.01795279162495204 0.3445268443504057 0
7065 0.01806390935055529 0.3454097514746775 0
7066 0.01818571045860471 0.3463261782141449 0
7067 0.01831807681713147 0.3472823165920825 0
7068 0.01846134021222616 0.3482846193656491 0
7069 0.0186161707859119 0.3493398462471775 0
7070 0.0187835084566383 0.3504551114715156 0
7071 0.0189645226632352 0.3516379333398896 0
7072 0.01916059148048457 0.3528962862991999 0
7073 0.01937329473141757 0.3542386560836711 0
7074 0.01960441802481829 0.3556740984421183 0
7075 0.01985596618718698 0.3572123019915753 0
7076 0.02013018564560266 0.3588636557720288 0
7077 0.0204295961487229 0.3606393221240226 0
7078 0.0207570329126108 0.3625513155671508 0
7079 0.02111570093322177 0.3646125884166879 0
7080 0.02150924386241661 0.366837123925757 0
7081 0.02194183050868857 0.3692400377572779 0
7082 0.02241826261967822 0.371837688526299 0
7083 0.0229441079218971 0.3746477979177729 0
7084 0.02352586189922636 0.3776895803053182 0
7085 0.0241711393723076 0.380983880549351 0
7086 0.02488889019900165 0.3845533161411476 0
7087 0.0256896174907006 0.3884224149920746 0
7088 0.02658554164505371 0.3926177310006206 0
7089 0.02759057909229294 0.3971679027352093 0
7090 0.02871985036161606 0.4021035908625505 0
7091 0.02998811695551538 0.407457180164809 0
7092 0.03140591230947731 0.4132620557134811 0
7093 0.03297087992441075 0.4195511625604515 0
7094 0.03464944083838842 0.4263544551938807 0
7095 0.03633962818399387 0.43369474593869 0
7096 0.03779915723414777 0.4415812441242942 0
7097 0.01862775995389245 0.3412131312483838 0
7098 0.01868109437186377 0.3420203089152296 0
7099 0.01875752274697351 0.3428379307133043 0
7100 0.01885142378505979 0.3436716093409735 0
7101 0.01895944851610847 0.3445270289962308 0
7102 0.01907973289198883 0.3454099961334264 0
7103 0.01921140785790205 0.3463264868908342 0
7104 0.01935429118154848 0.347282692934111 0
7105 0.01950869278412905 0.3482850669825645 0
7106 0.01967529218445026 0.3493403689666901 0
7107 0.01985506259010368 0.3504557135618691 0
7108 0.02004922586619081 0.3516386197195169 0
7109 0.02025922863738017 0.3528970627485131 0
7110 0.02048673359849728 0.3542395294697024 0
7111 0.02073362258980941 0.3556750769637145 0
7112 0.02100200966118634 0.3572133954502623 0
7113 0.02129426352744734 0.3588648758707431 0
7114 0.0216130397108635 0.3606406827916318 0
7115 0.02196132340687298 0.3625528332995037 0
7116 0.02234248478281641 0.364614282612447 0
7117 0.02276034907070506 0.3668390171737075 0
7118 0.02321928444574231 0.3692421559953773 0
7119 0.02372431120535955 0.3718400609325764 0
7120 0.02428123594507248 0.3746504562963822 0
7121 0.02489681369825459 0.3776925575795375 0
7122 0.02557893817892727 0.3809872077453812 0
7123 0.0263368528306472 0.384557016924051 0
7124 0.02718135827086737 0.3884264964098723 0
7125 0.02812495462964984 0.3926221687176321 0
7126 0.02918177958435552 0.3971726190827805 0
7127 0.03036704339963671 0.4021084255589592 0
7128 0.03169533957610237 0.4074618589483357 0
7129 0.03317656605295106 0.4132661757174212 0
7130 0.03480693201793449 0.4195542392834589 0
7131 0.03655013690931375 0.4263561050295393 0
7132 0.0382995376748682 0.4336950435712417 0
7133 0.03980528704768707 0.4415809989895376 0
7134 0.01977994299932695 0.3412131428141039 0
7135 0.01983734998026328 0.3420203508303664 0
7136 0.01991967255357618 0.3428380159589941 0
7137 0.02002083270419809 0.3436717471127281 0
7138 0.02013717203805337 0.3445272260586124 0
7139 0.02026662278183554 0.345410257735733 0
7140 0.02040818832729498 0.3463268173955689 0
7141 0.0205616139892425 0.3472830962601907 0
7142 0.02072717748222438 0.3482855469315863 0
7143 0.02090555605464344 0.3493409294782497 0
7144 0.02109774353447424 0.3504563589291467 0
7145 0.02130500055852826 0.3516393547864749 0
7146 0.02152882754079532 0.3528978931032626 0
7147 0.02177095395275237 0.3542404616436526 0
7148 0.02203334011680702 0.3556761186421153 0
7149 0.02231818948909743 0.3572145556958901 0
7150 0.02262797066263871 0.3588661653579192 0
7151 0.02296544926720315 0.3606421140413535 0
7152 0.02333373071240293 0.3625544208965572 0
7153 0.02373631540079201 0.3646160433694252 0
7154 0.02417716866895522 0.3668409701810781 0
7155 0.02466080828935671 0.3692443224554892 0
7156 0.02519241278455059 0.3718424636106487 0
7157 0.02577795380938024 0.3746531183221271 0
7158 0.02642435484210064 0.3776955001857715 0
7159 0.02713967513912205 0.3809904463230946 0
7160 0.02793330975139351 0.3845605545093365 0
7161 0.02881617816144727 0.3884303134479851 0
7162 0.02980083531958103 0.3926262078565872 0
7163 0.03090135878457525 0.3971767643333523 0
7164 0.03213270334845719 0.4021124775916402 0
7165 0.03350888991949701 0.4074655149286838 0
7166 0.03503875533382194 0.4132690364855129 0
7167 0.03671675027145477 0.4195558905078816 0
7168 0.03850394159846948 0.4263563374023603 0
7169 0.04029020552935347 0.4336942176063175 0
7170 0.04182176011111668 0.4415802236171279 0
7171 0.02112819980331125 0.3412131545445953 0
7172 0.02118955604996475 0.342020394141911 0
7173 0.02127759994459455 0.3428381046160758 0
7174 0.0213858170769019 0.3436718908907597 0
7175 0.02151025199281454 0.3445274321528872 0
7176 0.02164863838634445 0.345410531711335 0
7177 0.02179985154016967 0.346327163834842 0
7178 0.02196355935963185 0.3472835192133087 0
7179 0.02213999902012882 0.3482860502410272 0
7180 0.02232983447607188 0.3493415170247429 0
7181 0.02253406686528417 0.3504570348311219 0
7182 0.02275398019090989 0.3516401235744888 0
7183 0.02299111118961732 0.3528987598833918 0
7184 0.02324723648986702 0.3542414322581164 0
7185 0.02352437292080231 0.3556771998303866 0
7186 0.02382478869849082 0.3572157552544333 0
7187 0.02415102453444008 0.3588674922904845 0
7188 0.02450592469686904 0.3606435786832884 0
7189 0.02489267884437196 0.3625560349841245 0
7190 0.02531487612672619 0.3646178200061762 0
7191 0.02577657364451859 0.3668429236242469 0
7192 0.02628238185982491 0.3692464676010876 0
7193 0.0268375698415176 0.371844814989567 0
7194 0.02744819302799904 0.3746556883229938 0
7195 0.02812124486407637 0.3776982960860489 0
7196 0.02886482991584089 0.3809934655376869 0
7197 0.02968834723640517 0.3845637772797316 0
7198 0.03060265357954465 0.3884336920835465 0
7199 0.03162013610735443 0.3926296518462267 0
7200 0.03275454305345494 0.3971801217466446 0
7201 0.0340202585223511 0.4021155163934217 0
7202 0.03543038736450818 0.407467915296635 0
7203 0.03699239251271891 0.4132704196334707 0
7204 0.03869883310514231 0.4195559302577299 0
7205 0.04050851988999681 0.4263550096091818 0
7206 0.04230937849304654 0.4336921658621479 0
7207 0.0438474236718609 0.4415788549974026 0
7208 0.02269897292818774 0.3412131659940222 0
7209 0.0227640547793131 0.3420204375384646 0
7210 0.02285749472084647 0.3428381941787862 0
7211 0.02297236734472555 0.343672036700247 0
7212 0.02310443628539742 0.3445276415928989 0
7213 0.02325124539665609 0.3454108104381115 0
7214 0.02341154447484621 0.3463275164322103 0
7215 0.02358492163908471 0.3472839496408889 0
7216 0.02377156694171052 0.3482865621478082 0
7217 0.02397212080698546 0.3493421139764668 0
7218 0.02418757815586456 0.3504577204837903 0
7219 0.02441922974922899 0.3516409018151835 0
7220 0.02466862904217406 0.3528996349515171 0
7221 0.02493757720254301 0.3542424088537209 0
7222 0.02522812181961313 0.3556782832103175 0
7223 0.02554256677413992 0.3572169513107636 0
7224 0.02588349211117813 0.3588688075979467 0
7225 0.02625378377231934 0.3606450204920986 0
7226 0.02665667384192778 0.3625576111199491 0
7227 0.02709579262178837 0.3646195386177198 0
7228 0.02757523440019374 0.3668447926878216 0
7229 0.02809963919600366 0.3692484940463207 0
7230 0.02867429290938461 0.3718470032461089 0
7231 0.02930524789641948 0.3746580380000346 0
7232 0.02999946435071505 0.3777007983838033 0
7233 0.03076496869566105 0.3809960978645127 0
7234 0.03161101580988097 0.3845664954548736 0
7235 0.03254822210852627 0.3884364195654892 0
7236 0.03358859609098707 0.3926322659285602 0
7237 0.03474531219672576 0.3971824382231424 0
7238 0.03603191473360978 0.4021172779880006 0
7239 0.03746032903916465 0.4074687970498601 0
7240 0.0390364617880547 0.4132700782451569 0
7241 0.04075104353146122 0.419554141808552 0
7242 0.04256125966608536 0.4263519415627671 0
7243 0.04435484250725636 0.4336887431697061 0
7244 0.04588126165231864 0.441576796270197 0
7245 0.0245196179640861 0.341213176445695 0
7246 0.02458806790298585 0.3420204789161763 0
7247 0.02468638089919834 0.3428382806569039 0
7248 0.0248072557602387 0.3436721782645464 0
7249 0.02494619713249386 0.3445278454714466 0
7250 0.02510057143284369 0.3454110820626882 0
7251 0.02526900815209916 0.3463278600824954 0
7252 0.02545101502147357 0.3472843688767114 0
7253 0.02564672949582526 0.3482870601008315 0
7254 0.02585675868870192 0.3493426935491181 0
7255 0.026082077555478 0.3504583844870209 0
7256 0.0263239660802894 0.3516416530652536 0
7257 0.02658397318934041 0.3529004763375255 0
7258 0.02686389961954714 0.3542433433806133 0
7259 0.02716579494400346 0.3556793140154657 0
7260 0.02749196596595101 0.3572180816449263 0
7261 0.02784499510238408 0.3588700407524543 0
7262 0.0282277684115607 0.3606463596422819 0
7263 0.02864351371502254 0.3625590590385814 0
7264 0.0290958499001786 0.3646210971895738 0
7265 0.02958884898854387 0.3668464621247455 0
7266 0.03012711287849792 0.3692502716585029 0
7267 0.03071586668295117 0.3718488815665955 0
7268 0.0313610699658854 0.3746600019854314 0
7269 0.03206954527623969 0.3777028213304667 0
7270 0.03284911886138009 0.3809981356098268 0
7271 0.03370875870998212 0.3845684784404108 0
7272 0.03465867506857117 0.3884382425706646 0
7273 0.03571030854813184 0.392633776055931 0
7274 0.03687605224375178 0.3971834236510465 0
7275 0.03816840156543194 0.4021174641919969 0
7276 0.03959793221377032 0.4074678651742322 0
7277 0.04116894932875956 0.4132677331505336 0
7278 0.04287060081525568 0.4195502717714639 0
7279 0.04465927805614749 0.4263469085079098 0
7280 0.04642439346175339 0.4336837541035292 0
7281 0.04792233325770555 0.4415739103895268 0
7282 0.02661735671621918 0.3412131848138203 0
7283 0.02668864681939803 0.3420205150970164 0
7284 0.02679106094833425 0.3428383580555168 0
7285 0.02691697231079528 0.3436723062138569 0
7286 0.02706165749474558 0.3445280305811458 0
7287 0.02722232321622546 0.345411329127411 0
7288 0.02739748690335801 0.3463281726854437 0
7289 0.02758657693989143 0.3472847497857497 0
7290 0.02778967343165797 0.3482875115237135 0
7291 0.02800734048411662 0.3493432172925691 0
7292 0.02824051892393376 0.3504589820488911 0
7293 0.02849045957213298 0.3516423256778012 0
7294 0.02875868430568407 0.3529012249713776 0
7295 0.02904696676632363 0.3542441687116996 0
7296 0.02935732762458396 0.3556802163501295 0
7297 0.02969204136301595 0.3572190607904532 0
7298 0.03005365297419848 0.3588710958104552 0
7299 0.0304450040051254 0.36064748868957 0
7300 0.03086926816115028 0.3625602586430949 0
7301 0.03132999728393745 0.3646223616859103 0
7302 0.03183117895891817 0.3668477825432195 0
7303 0.03237730724263636 0.3692516341617183 0
7304 0.03297346788528036 0.3718502651979869 0
7305 0.03362543863839558 0.3746613754784907 0
7306 0.03433980312940993 0.3777041386782013 0
7307 0.0351240720670694 0.3809993300851288 0
7308 0.03598679571752354 0.384569454867214 0
7309 0.03693763186861336 0.388438868038204 0
7310 0.03798729476129627 0.3926338702714144 0
7311 0.0391472354850923 0.3971827523387451 0
7312 0.04042876081300534 0.4021157433420474 0
7313 0.04184102519292909 0.4074647917592719 0
7314 0.04338681785478493 0.4132630697125881 0
7315 0.04505410342972214 0.4195440245144782 0
7316 0.046799444347093 0.4263396338631785 0
7317 0.04851582058131713 0.4336769449977199 0
7318 0.04996972975755037 0.4415700118465685 0
7319 0.02901783194688188 0.3412131895246865 0
7320 0.02909122640221094 0.3420205415100358 0
7321 0.02919666753853839 0.342838417807297 0
7322 0.02932627327019886 0.3436724072427946 0
7323 0.02947513583565385 0.3445281782886723 0
7324 0.02964032783392357 0.3454115271651219 0
7325 0.02982026742358598 0.3463284234740358 0
7326 0.03001430706691273 0.347285054845774 0
7327 0.03022246576910537 0.3482878716745904 0
7328 0.0304452550696003 0.3493436327579696 0
7329 0.03068356712515368 0.3504594524929695 0
7330 0.03093860452534097 0.3516428501865977 0
7331 0.03121183871591653 0.3529018019856385 0
7332 0.03150498860437579 0.3542447959102222 0
7333 0.03182001401994253 0.3556808904755189 0
7334 0.03215912077958762 0.3572197774009251 0
7335 0.03252477554592398 0.3588718489311291 0
7336 0.03291972968386687 0.3606482703235837 0
7337 0.0333470520742473 0.3625610580857952 0
7338 0.03381017139788211 0.3646231645632659 0
7339 0.03431292878157324 0.3668485694676049 0
7340 0.03485964184924069 0.3692523788642657 0
7341 0.0354551810025285 0.3718509319589659 0
7342 0.03610505785127801 0.3746619156430156 0
7343 0.03681552349745779 0.3777044860327398 0
7344 0.03759366962649066 0.3809993949230416 0
7345 0.03844751573939122 0.3845691167772747 0
7346 0.03938604693379025 0.3884379679832493 0
7347 0.04041913006982516 0.3926322037098534 0
7348 0.04155716635007615 0.3971800675392826 0
7349 0.04281020635070589 0.4021117535028072 0
7350 0.04418600567108808 0.4074592170564649 0
7351 0.04568603536983321 0.4132557362435888 0
7352 0.04729758734402444 0.4195350580895869 0
7353 0.04897842239976305 0.4263297832384866 0
7354 0.05062690474443728 0.4336679960266165 0
7355 0.05202254576766047 0.441564856697041 0
7356 0.03174324599885554 0.341213188383336 0
7357 0.03181776658905944 0.3420205518720669 0
7358 0.03192480935750436 0.342838448243091 0
7359 0.03205633223806373 0.3436724633677059 0
7360 0.03220730342340981 0.3445282635912917 0
7361 0.03237469769430651 0.3454116435794417 0
7362 0.03255685335124898 0.3463285717526954 0
7363 0.03275305418559391 0.3472852347856986 0
7364 0.03296325633479254 0.3482880822338212 0
7365 0.03318791005206886 0.3493438720903516 0
7366 0.03342784447338452 0.3504597179172931 0
7367 0.03368419478609888 0.3516431380986142 0
7368 0.03395835847396978 0.3529021077144105 0
7369 0.03425197204200159 0.3542451135136829 0
7370 0.03456690273839483 0.3556812124631453 0
7371 0.03490525186959279 0.3572200943632641 0
7372 0.03526936772158203 0.3588721490458389 0
7373 0.03566186708968763 0.3606485386948552 0
7374 0.03608566512491949 0.3625612758578499 0
7375 0.03654401370302645 0.3646233077285513 0
7376 0.03704054883289831 0.3668486072664491 0
7377 0.03757934769800973 0.3692522716465487 0
7378 0.03816499563074744 0.3718506283543411 0
7379 0.0388026623575932 0.3746613488752758 0
7380 0.03949818463701305 0.3777035692398215 0
7381 0.04025814781419234 0.3809980154555959 0
7382 0.04108994970154094 0.3845671297407682 0
7383 0.04200181255157053 0.3884351899384895 0
7384 0.04300267525378305 0.3926284087679399 0
7385 0.04410183443450141 0.3971749905925441 0
7386 0.04530808435978326 0.4021051097653756 0
7387 0.04662788415202177 0.4074507542667776 0
7388 0.04806166748202191 0.4132453460258578 0
7389 0.04959662577323064 0.4195229837208719 0
7390 0.05119273940258346 0.4263169615884326 0
7391 0.05275543824204189 0.4336565150140856 0
7392 0.05407986594157391 0.4415581317101736 0
7393 0.03481012183137167 0.3412131784380283 0
7394 0.03488452277127775 0.3420205379337356 0
7395 0.0349913555612851 0.3428384342502522 0
7396 0.03512254267228065 0.3436724515393426 0
7397 0.03527300849004756 0.3445282547350763 0
7398 0.03543967965253979 0.3454116373275301 0
7399 0.03562084276378387 0.3463285667106287 0
7400 0.03581572574721424 0.347285228602216 0
7401 0.03602422352215043 0.3482880716031425 0
7402 0.03624671840588927 0.3493438526959131 0
7403 0.036483963475308 0.3504596843215138 0
7404 0.0367370083397028 0.3516430835784437 0
7405 0.03700715399682172 0.3529020240373958 0
7406 0.03729592814413799 0.3542449906438206 0
7407 0.03760507540695319 0.3556810381794746 0
7408 0.03793655899553559 0.357219853766464 0
7409 0.03829257168398754 0.358871823918571 0
7410 0.03867555494593284 0.3606481066697242 0
7411 0.03908822573110479 0.3625607093323935 0
7412 0.03953361080068241 0.3646225724496691 0
7413 0.04001508878204479 0.3668476604881764 0
7414 0.04053644011847127 0.3692510597478901 0
7415 0.04110190475317323 0.3718490837945923 0
7416 0.04171624643154115 0.3746593863767324 0
7417 0.04238482039988666 0.3777010811497156 0
7418 0.0431136370101172 0.3809948664037875 0
7419 0.0439094054028952 0.3845631510758291 0
7420 0.04477952549553967 0.3884301751679699 0
7421 0.04573196640754262 0.3926221126460115 0
7422 0.04677491319692158 0.3971671370577812 0
7423 0.04791595925255496 0.4020954182882761 0
7424 0.04916042777174191 0.4074390010459828 0
7425 0.05050804342157796 0.4132314862169421 0
7426 0.05194648034624331 0.4195073722789251 0
7427 0.05343889339010509 0.4263007168955396 0
7428 0.05489927834780047 0.4336420360796959 0
7429 0.05614077339596658 0.441549444544056 0
7430 0.03822680585917228 0.3412131558602427 0
7431 0.03829956744128422 0.3420204893862918 0
7432 0.03840398560444427 0.3428383573340489 0
7433 0.03853210375908326 0.3436723439757036 0
7434 0.03867890476542345 0.3445281139300436 0
7435 0.03884133193225419 0.3454114601256524 0
7436 0.03901765864903806 0.3463283492255614 0
7437 0.03920707679758743 0.3472849660707515 0
7438 0.03940942656980048 0.3482877582353308 0
7439 0.03962501917692214 0.3493434815048783 0
7440 0.03985452132647429 0.3504592469204197 0
7441 0.04009888131002998 0.3516425699322056 0
7442 0.0403592836109412 0.3529014221547391 0
7443 0.04063712353922866 0.3542442861915899 0
7444 0.04093399641570409 0.3556802139959264 0
7445 0.04125169781627723 0.3572188892434574 0
7446 0.04159223270945143 0.3588706942140543 0
7447 0.04195783220252924 0.3606467817015196 0
7448 0.04235097719760556 0.362559152492234 0
7449 0.04277442862749307 0.3646207389633344 0
7450 0.04323126412457421 0.366845495335271 0
7451 0.04372492094730503 0.3692484950472718 0
7452 0.04425924464737369 0.3718460355669958 0
7453 0.0448385420731016 0.3746557506309797 0
7454 0.04546763540755519 0.3776967293338644 0
7455 0.04615191014708804 0.3809896404741561 0
7456 0.04689734258316416 0.3845568588653843 0
7457 0.04771047840457818 0.3884225875527569 0
7458 0.04859830789582501 0.392612965494304 0
7459 0.04956793463901654 0.3971561435293963 0
7460 0.05062584482843113 0.4020823013220389 0
7461 0.05177641804640545 0.407423562521134 0
7462 0.05301900855989024 0.4132137388826874 0
7463 0.05434231994327229 0.4194877732638128 0
7464 0.05571351999637996 0.4262805560131855 0
7465 0.05705645554689482 0.4336240285588665 0
7466 0.05820439377781349 0.4415383188252393 0
7467 0.0419909311585414 0.3412131158581491 0
7468 0.04206028470125194 0.3420203940404602 0
7469 0.04215973002486459 0.3428381963379091 0
7470 0.04228161947906409 0.3436721096492779 0
7471 0.04242111845669832 0.3445277997963729 0
7472 0.04257526683672844 0.3454110600240444 0
7473 0.04274237385288763 0.3463278567223048 0
7474 0.04292162277132833 0.3472843740332728 0
7475 0.04311281125017435 0.3482870584904666 0
7476 0.0433161808001962 0.3493426645307438 0
7477 0.04353230545410666 0.350458301536296 0
7478 0.04376202029018375 0.3516414829578765 0
7479 0.04400637724066529 0.3529001780129004 0
7480 0.04426662002169348 0.3542428664258515 0
7481 0.04454417289959351 0.3556785966734787 0
7482 0.04484063989424523 0.3572170482060332 0
7483 0.04515781225842279 0.3588685981338098 0
7484 0.04549768288179659 0.3606443928900973 0
7485 0.04586246678784994 0.3625564254021898 0
7486 0.04625462720355691 0.3646176183124191 0
7487 0.04667690682101942 0.3668419137782004 0
7488 0.04713236382595257 0.3692443703215574 0
7489 0.0476244119593613 0.3718412670588245 0
7490 0.04815686311354475 0.3746502153623217 0
7491 0.04873396934846421 0.3776902774963882 0
7492 0.04936045799915161 0.3809820908881624 0
7493 0.05004154733332673 0.3845479952239514 0
7494 0.0507829184547177 0.3884121571895077 0
7495 0.05159059717455013 0.3926006839516629 0
7496 0.05247065889767716 0.3971417107969446 0
7497 0.05342859454814738 0.4020654398061083 0
7498 0.05446803660584501 0.4074040932870032 0
7499 0.05558828223809026 0.4131917223602276 0
7500 0.05677953317117984 0.4194637550420299 0
7501 0.05801365048107533 0.4262559817876848 0
7502 0.05922536980074555 0.4336019253629121 0
7503 0.06027000056642444 0.4415242014640242 0
7504 0.04608716002995429 0.3412130526294121 0
7505 0.04615115823089266 0.3420202383677686 0
7506 0.04624282425106291 0.3428379290495596 0
7507 0.04635503357371661 0.3436717173244038 0
7508 0.04648327583975979 0.3445272721235724 0
7509 0.04662477957019184 0.3454103881259487 0
7510 0.0467779476487399 0.3463270320529098 0
7511 0.04694198882603279 0.3472833876142653 0
7512 0.04711667591186518 0.34828590034218 0
7513 0.04730218702648158 0.3493413232042779 0
7514 0.0474990019455225 0.3504567636822336 0
7515 0.04770783546376729 0.3516397328827899 0
7516 0.04792959605328541 0.3528981971825252 0
7517 0.0481653621994401 0.3542406328762371 0
7518 0.04841637146680734 0.3556760842904554 0
7519 0.04868401908261272 0.3572142258299653 0
7520 0.04896986395189535 0.3588654284417211 0
7521 0.04927564074385476 0.3606408310014147 0
7522 0.04960327714462617 0.3625524171485082 0
7523 0.0499549156396067 0.3646130981072061 0
7524 0.05033293930811737 0.3668368020222432 0
7525 0.05074000108332141 0.369238570289937 0
7526 0.05117905568988642 0.3718346612464213 0
7527 0.05165339286561419 0.3746426613377085 0
7528 0.05216666917972333 0.3776816034644278 0
7529 0.05272293316733829 0.3809720914510895 0
7530 0.05332663347479979 0.3845364283604681 0
7531 0.05398259019168648 0.3883987444033496 0
7532 0.05469589178904594 0.3925851171239421 0
7533 0.05547164726233263 0.3971236718749544 0
7534 0.05631446256557023 0.4020446435831549 0
7535 0.05722739808771385 0.4073803698767019 0
7536 0.05820995053418951 0.4131651657249673 0
7537 0.05925417498320319 0.4194349801766405 0
7538 0.06033710994123164 0.4262265661605368 0
7539 0.06140512716464278 0.4335751859809429 0
7540 0.06233722604581815 0.4415064954657512 0
7541 0.05048559809953279 0.341212959325527 0
7542 0.0505422425772807 0.3420200084085877 0
7543 0.05062326075586092 0.3428375347678687 0
7544 0.05072227863481997 0.3436711403120466 0
7545 0.05083526006376793 0.3445264992119377 0
7546 0.05095971985522258 0.3454094088226282 0
7547 0.05109421669816228 0.3463258368661695 0
7548 0.05123802287172527 0.3472819669164795 0
7549 0.05139090801407672 0.3482842435523219 0
7550 0.0515529974507204 0.3493394181460542 0
7551 0.0517246798316298 0.3504545960197481 0
7552 0.05190654780561281 0.3516372855618671 0
7553 0.05209936119840842 0.3528954498203358 0
7554 0.05230402585116621 0.3542375610489275 0
7555 0.05252158365717534 0.3556726586709579 0
7556 0.05275321087205787 0.3572104111276145 0
7557 0.0530002227626931 0.3588611820929946 0
7558 0.05326408329418695 0.3606361015577044 0
7559 0.05354641895372798 0.362547142303399 0
7560 0.05384903605237826 0.3646072023038655 0
7561 0.0541739409689488 0.366830193584775 0
7562 0.05452336280770531 0.3692311380378077 0
7563 0.05489977778640222 0.3718262705912743 0
7564 0.05530593423209494 0.3746331499498579 0
7565 0.05574487608894433 0.3776707767706117 0
7566 0.05621996086332563 0.380959718548888 0
7567 0.0567348640784264 0.3845222395087953 0
7568 0.05729355500512807 0.3883824322287487 0
7569 0.05790021480992356 0.3925663453030702 0
7570 0.05855904306851618 0.3971020976523212 0
7571 0.05927385207532692 0.4020199645350376 0
7572 0.06004726168685151 0.4073524115498259 0
7573 0.060879141490551 0.4131340365980258 0
7574 0.06176360993155334 0.4194013382161261 0
7575 0.0626831301803082 0.4261920833983175 0
7576 0.06359609861254126 0.433543419522254 0
7577 0.06440645355629887 0.4414846417236373 0
7578 0.05514128280036114 0.3412128279354107 0
7579 0.05518871090349949 0.3420196908723284 0
7580 0.05525641779135117 0.342836997581978 0
7581 0.05533899829574841 0.3436703626260529 0
7582 0.05543303347559361 0.3445254674174238 0
7583 0.05553641746849391 0.3454081131051855 0
7584 0.05564792464482193 0.3463242689666408 0
7585 0.05576692868299951 0.3472801186307681 0
7586 0.0558932193439672 0.3482821056703536 0
7587 0.05602688284724557 0.3493369796347728 0
7588 0.05616822412891929 0.3504518433183414 0
7589 0.05631771703642868 0.3516342018956345 0
7590 0.05647597345282642 0.3528920144620725 0
7591 0.05664372549714493 0.3542337484694389 0
7592 0.05682181697055556 0.355668437526698 0
7593 0.05701120151858976 0.357205743035632 0
7594 0.05721294581819046 0.3588560201424908 0
7595 0.0574282366411344 0.3606303885044222 0
7596 0.05765839099784392 0.3625408083889358 0
7597 0.05790486879285664 0.3646001626391339 0
7598 0.05816928755672414 0.3668223450399489 0
7599 0.0584534388616755 0.369222355598842 0
7600 0.05875930594489003 0.3718164031905905 0
7601 0.0590890817669459 0.3746220158809333 0
7602 0.0594451860473913 0.3776581589931537 0
7603 0.05983027841324538 0.3809453605463644 0
7604 0.06024726205670876 0.3845058429717708 0
7605 0.06069926710485888 0.3883636588550535 0
7606 0.06118959320719002 0.3925448266491109 0
7607 0.06172157287747389 0.3970774595519355 0
7608 0.06229828382287033 0.4019918765670859 0
7609 0.0629219760949704 0.407320678091865 0
7610 0.06359295952054693 0.4130987557630669 0
7611 0.06430744944228481 0.419363173863203 0
7612 0.06505329287348008 0.4261527450875308 0
7613 0.06580083124559241 0.4335066119201346 0
7614 0.06647951960875115 0.4414582916741244 0
7615 0.05999506622545261 0.3412126488798758 0
7616 0.06003177805005191 0.3420192739233169 0
7617 0.0600840337653455 0.3428363095250468 0
7618 0.06014757641100085 0.343669385386244 0
7619 0.06021972133578778 0.344524191476422 0
7620 0.06029881870356057 0.3454065333247714 0
7621 0.06038390921978506 0.3463223818895945 0
7622 0.06047450182474975 0.3472779206778717 0
7623 0.06057042944604231 0.348279591865939 0
7624 0.06067175526861959 0.3493341426251035 0
7625 0.06077871205720975 0.3504486725282953 0
7626 0.06089166336363017 0.3516306827189634 0
7627 0.06101107942655259 0.3528881274102608 0
7628 0.06113752309682861 0.3542294682209473 0
7629 0.06127164273800829 0.3556637318259932 0
7630 0.06141417009337996 0.3572005713923298 0
7631 0.06156592178908216 0.3588503322767361 0
7632 0.06172780358929736 0.3606241224768403 0
7633 0.06190081681619697 0.3625338883445535 0
7634 0.0620860665428365 0.3645924960882994 0
7635 0.06228477128520758 0.366813819601916 0
7636 0.06249827396485202 0.3692128351552711 0
7637 0.06272805386696315 0.3718057234525877 0
7638 0.06297573913174366 0.3746099794892279 0
7639 0.06324311888385113 0.3776445304856269 0
7640 0.06353215322363566 0.380929861901656 0
7641 0.06384497759082682 0.3844881510664765 0
7642 0.06418389475606308 0.3883434071971121 0
7643 0.06455134158815959 0.3925216153779507 0
7644 0.06494980636073233 0.3970508802187825 0
7645 0.06538165112666613 0.4019615620434466 0
7646 0.0658487536204496 0.4072863937954124 0
7647 0.06635180524874999 0.4130605579299476 0
7648 0.06688894022773331 0.4193216798270361 0
7649 0.06745299037523662 0.4261096146280278 0
7650 0.06802552652352177 0.4334655400379622 0
7651 0.06856094831301203 0.441427648990779 0
7652 0.06497602317979746 0.3412124096084301 0
7653 0.06500108852026915 0.3420187456473526 0
7654 0.06503656224129339 0.3428354703244585 0
7655 0.06507944880404892 0.3436682293668629 0
7656 0.06512787462262562 0.3445227213161351 0
7657 0.06518069959084599 0.3454047555034493 0
7658 0.06523726987205712 0.3463203035829249 0
7659 0.06529725938992298 0.3472755476776515 0
7660 0.06536056763881327 0.3482769271259605 0
7661 0.06542725360584972 0.3493311851790107 0
7662 0.06549749307476074 0.3504454166168237 0
7663 0.06557155123084117 0.3516271170184256 0
7664 0.06564976540586022 0.3528842342842077 0
7665 0.06573253465088706 0.3542252229302847 0
7666 0.06582031400615987 0.3556591016345967 0
7667 0.06591361209615959 0.3571955144994964 0
7668 0.06601299116766633 0.3588447964977399 0
7669 0.06611906900361994 0.3606180435820348 0
7670 0.06623252234592994 0.3625271879589646 0
7671 0.06635409158404165 0.3645850790518712 0
7672 0.066484586535696 0.3668055707005982 0
7673 0.06662489317315856 0.3692036151633126 0
7674 0.06677598112958097 0.3717953644899168 0
7675 0.06693891173589604 0.374598279816763 0
7676 0.0671148461377622 0.3776312490719884 0
7677 0.0673050526222408 0.3809147134544988 0
7678 0.06751091144899962 0.3844708028192617 0
7679 0.06773391386665933 0.3883234797099083 0
7680 0.06797564892591812 0.3924986911408135 0
7681 0.06823776591831104 0.3970245262112536 0
7682 0.06852188937575322 0.4019313760019333 0
7683 0.06882944281867086 0.4072520894551365 0
7684 0.06916129677281431 0.4130221136211278 0
7685 0.06951707181469638 0.41927959345114 0
7686 0.06989372715252877 0.4260653617844088 0
7687 0.07028246013067931 0.4334225455676604 0
7688 0.0706601182857185 0.4413941404844298 0
7689 0.07000521957849308 0.3412120803947008 0
7690 0.07001828197467086 0.3420180628064431 0
7691 0.07003647288626205 0.342834448102153 0
7692 0.07005812603477921 0.3436668989308833 0
7693 0.07008223596645105 0.3445211183262602 0
7694 0.07010821883262541 0.3454029132799989 0
7695 0.07013576321409562 0.3463182495607406 0
7696 0.07016473632880582 0.3472733017481504 0
7697 0.07019512463103367 0.3482745010378872 0
7698 0.07022699596936639 0.3493285825077941 0
7699 0.07026047540151233 0.3504426330081646 0
7700 0.07029572977400327 0.3516241405199355 0
7701 0.07033295802676981 0.3528810456353916 0
7702 0.07037238532695925 0.3542217957084718 0
7703 0.07041425984260398 0.3556554021664821 0
7704 0.07045885139910314 0.3571915014534568 0
7705 0.07050645152265049 0.3588404200754423 0
7706 0.07055737453115586 0.3606132442316 0
7707 0.07061195942862647 0.3625218945365797 0
7708 0.07067057242161626 0.3645792063655288 0
7709 0.07073360992251432 0.3667990163808871 0
7710 0.0708015019404663 0.3691962558282382 0
7711 0.07087471578489757 0.3717870512152945 0
7712 0.07095376000985855 0.3745888330108856 0
7713 0.07103918849265271 0.377620453014851 0
7714 0.071131604436856 0.3809023110466651 0
7715 0.0712316638620024 0.3844564915673215 0
7716 0.07134007768446547 0.3883069107646551 0
7717 0.07145761060683864 0.3924794744642625 0
7718 0.07158507333586815 0.3970022469219623 0
7719 0.07172330140524734 0.4019056300094169 0
7720 0.07187310761512415 0.4072225513086624 0
7721 0.07203518268601693 0.4129886576291594 0
7722 0.07220989277996114 0.4192425056644365 0
7723 0.07239686196999173 0.4260257266371366 0
7724 0.07259404787532273 0.433383076591829 0
7725 0.0727951308863677 0.4413617909357765 0
7726 0.002027027027027026 0.4583333333333334 0
7727 0.002027027027027026 0.4666666666666667 0
7728 0.002027027027027025 0.4750000000000001 0
7729 0.002027027027027025 0.4833333333333334 0
7730 0.002027027027027024 0.4916666666666667 0
7731 0.004054054054054054 0.4583333333333332 0
7732 0.004054054054054054 0.4666666666666667 0
7733 0.004054054054054054 0.4749999999999999 0
7734 0.004054054054054054 0.4833333333333334 0
7735 0.004054054054054054 0.4916666666666666 0
7736 0.006081081081081081 0.4583333333333333 0
7737 0.006081081081081081 0.4666666666666666 0
7738 0.006081081081081081 0.475 0
7739 0.006081081081081078 0.4833333333333334 0
7740 0.006081081081081078 0.4916666666666667 0
7741 0.008108108108108105 0.4583333333333332 0
7742 0.008108108108108103 0.4666666666666666 0
7743 0.0081081081081081 0.475 0
7744 0.0081081081081081 0.4833333333333334 0
7745 0.008108108108108095 0.4916666666666667 0
7746 0.01013513513513514 0.4583333333333333 0
7747 0.01013513513513514 0.4666666666666667 0
7748 0.01013513513513513 0.475 0
7749 0.01013513513513513 0.4833333333333334 0
7750 0.01013513513513513 0.4916666666666667 0
7751 0.01216216216216216 0.4583333333333332 0
7752 0.01216216216216216 0.4666666666666667 0
7753 0.01216216216216216 0.475 0
7754 0.01216216216216216 0.4833333333333333 0
7755 0.01216216216216216 0.4916666666666667 0
7756 0.01418918918918919 0.4583333333333334 0
7757 0.01418918918918919 0.4666666666666667 0
7758 0.01418918918918919 0.4750000000000001 0
7759 0.01418918918918919 0.4833333333333333 0
7760 0.01418918918918918 0.4916666666666667 0
7761 0.01621621621621622 0.4583333333333333 0
7762 0.01621621621621622 0.4666666666666666 0
7763 0.01621621621621621 0.4749999999999999 0
7764 0.01621621621621621 0.4833333333333333 0
7765 0.01621621621621621 0.4916666666666666 0
7766 0.01824324324324324 0.4583333333333333 0
7767 0.01824324324324324 0.4666666666666667 0
7768 0.01824324324324324 0.475 0
7769 0.01824324324324325 0.4833333333333334 0
7770 0.01824324324324324 0.4916666666666667 0
7771 0.02027027027027027 0.4583333333333332 0
7772 0.02027027027027027 0.4666666666666666 0
7773 0.02027027027027026 0.475 0
7774 0.02027027027027026 0.4833333333333333 0
7775 0.02027027027027026 0.4916666666666667 0
7776 0.0222972972972973 0.4583333333333333 0
7777 0.0222972972972973 0.4666666666666667 0
7778 0.0222972972972973 0.475 0
7779 0.0222972972972973 0.4833333333333334 0
7780 0.0222972972972973 0.4916666666666667 0
7781 0.02432432432432433 0.4583333333333334 0
7782 0.02432432432432433 0.4666666666666667 0
7783 0.02432432432432432 0.475 0
7784 0.02432432432432432 0.4833333333333334 0
7785 0.02432432432432432 0.4916666666666667 0
7786 0.02635135135135135 0.4583333333333333 0
7787 0.02635135135135135 0.4666666666666668 0
7788 0.02635135135135135 0.4750000000000001 0
7789 0.02635135135135135 0.4833333333333334 0
7790 0.02635135135135135 0.4916666666666667 0
7791 0.02837837837837838 0.4583333333333333 0
7792 0.02837837837837838 0.4666666666666667 0
7793 0.02837837837837837 0.475 0
7794 0.02837837837837837 0.4833333333333333 0
7795 0.02837837837837837 0.4916666666666667 0
7796 0.03040540540540541 0.4583333333333333 0
7797 0.03040540540540541 0.4666666666666667 0
7798 0.03040540540540541 0.475 0
7799 0.0304054054054054 0.4833333333333334 0
7800 0.0304054054054054 0.4916666666666667 0
7801 0.03243243243243243 0.4583333333333333 0
7802 0.03243243243243243 0.4666666666666668 0
7803 0.03243243243243243 0.475 0
7804 0.03243243243243244 0.4833333333333333 0
7805 0.03243243243243243 0.4916666666666668 0
7806 0.03445945945945946 0.4583333333333334 0
7807 0.03445945945945946 0.4666666666666669 0
7808 0.03445945945945945 0.475 0
7809 0.03445945945945945 0.4833333333333333 0
7810 0.03445945945945945 0.4916666666666666 0
7811 0.03648648648648649 0.4583333333333334 0
7812 0.03648648648648649 0.4666666666666667 0
7813 0.03648648648648649 0.475 0
7814 0.03648648648648648 0.4833333333333334 0
7815 0.03648648648648648 0.4916666666666667 0
7816 0.03851351351351352 0.4583333333333334 0
7817 0.03851351351351352 0.4666666666666667 0
7818 0.0385135135135135 0.475 0
7819 0.03851351351351351 0.4833333333333334 0
7820 0.03851351351351351 0.4916666666666667 0
7821 0.04054054054054054 0.4583333333333333 0
7822 0.04054054054054054 0.4666666666666667 0
7823 0.04054054054054054 0.475 0
7824 0.04054054054054054 0.4833333333333334 0
7825 0.04054054054054054 0.4916666666666667 0
7826 0.04256756756756757 0.4583333333333333 0
7827 0.04256756756756757 0.4666666666666667 0
7828 0.04256756756756756 0.475 0
7829 0.04256756756756756 0.4833333333333334 0
7830 0.04256756756756756 0.4916666666666667 0
7831 0.0445945945945946 0.4583333333333334 0
7832 0.0445945945945946 0.4666666666666667 0
7833 0.0445945945945946 0.475 0
7834 0.0445945945945946 0.4833333333333334 0
7835 0.04459459459459459 0.4916666666666667 0
7836 0.04662162162162161 0.4583333333333332 0
7837 0.04662162162162162 0.4666666666666667 0
7838 0.04662162162162161 0.475 0
7839 0.04662162162162162 0.4833333333333332 0
7840 0.04662162162162162 0.4916666666666667 0
7841 0.04864864864864865 0.4583333333333334 0
7842 0.04864864864864865 0.4666666666666667 0
7843 0.04864864864864865 0.475 0
7844 0.04864864864864865 0.4833333333333334 0
7845 0.04864864864864865 0.4916666666666667 0
7846 0.05067567567567568 0.4583333333333334 0
7847 0.05067567567567569 0.4666666666666667 0
7848 0.05067567567567566 0.475 0
7849 0.05067567567567567 0.4833333333333334 0
7850 0.05067567567567567 0.4916666666666667 0
7851 0.05270270270270271 0.4583333333333335 0
7852 0.05270270270270271 0.4666666666666667 0
7853 0.05270270270270271 0.475 0
7854 0.05270270270270271 0.4833333333333334 0
7855 0.0527027027027027 0.4916666666666667 0
7856 0.05472972972972973 0.4583333333333332 0
7857 0.05472972972972975 0.4666666666666667 0
7858 0.05472972972972972 0.475 0
7859 0.05472972972972973 0.4833333333333334 0
7860 0.05472972972972973 0.4916666666666667 0
7861 0.05675675675675676 0.4583333333333333 0
7862 0.05675675675675676 0.4666666666666667 0
7863 0.05675675675675676 0.475 0
7864 0.05675675675675676 0.4833333333333333 0
7865 0.05675675675675676 0.4916666666666667 0
7866 0.0587837837837838 0.4583333333333333 0
7867 0.0587837837837838 0.4666666666666667 0
7868 0.05878378378378377 0.475 0
7869 0.05878378378378378 0.4833333333333333 0
7870 0.05878378378378378 0.4916666666666667 0
7871 0.06081081081081081 0.4583333333333334 0
7872 0.06081081081081081 0.4666666666666667 0
7873 0.06081081081081081 0.475 0
7874 0.0608108108108108 0.4833333333333333 0
7875 0.0608108108108108 0.4916666666666667 0
7876 0.06283783783783783 0.4583333333333332 0
7877 0.06283783783783783 0.4666666666666667 0
7878 0.06283783783783783 0.475 0
7879 0.06283783783783783 0.4833333333333334 0
7880 0.06283783783783783 0.4916666666666667 0
7881 0.06486486486486487 0.4583333333333332 0
7882 0.06486486486486487 0.4666666666666667 0
7883 0.06486486486486487 0.475 0
7884 0.06486486486486487 0.4833333333333333 0
7885 0.06486486486486487 0.4916666666666667 0
7886 0.0668918918918919 0.4583333333333333 0
7887 0.0668918918918919 0.4666666666666667 0
7888 0.0668918918918919 0.475 0
7889 0.0668918918918919 0.4833333333333333 0
7890 0.06689189189189189 0.4916666666666667 0
7891 0.06891891891891892 0.4583333333333333 0
7892 0.06891891891891892 0.4666666666666667 0
7893 0.06891891891891889 0.475 0
7894 0.06891891891891891 0.4833333333333332 0
7895 0.06891891891891891 0.4916666666666667 0
7896 0.07094594594594594 0.4583333333333332 0
7897 0.07094594594594594 0.4666666666666667 0
7898 0.07094594594594594 0.475 0
7899 0.07094594594594594 0.4833333333333332 0
7900 0.07094594594594594 0.4916666666666667 0
7901 0.07297297297297298 0.4583333333333333 0
7902 0.07297297297297298 0.4666666666666667 0
7903 0.07297297297297298 0.475 0
7904 0.07297297297297298 0.4833333333333333 0
7905 0.07297297297297298 0.4916666666666667 0
$EndNodes
$Comments
-------------------------------------------------------
Types: bar(1) tri(2) quad(3) tet(4) hex(5) prism(6) pyramid(7)
NumElements
Id Type NumTags PhysGrp ElemGrp IndexList
-------------------------------------------------------
$EndComments
$Elements
8210
   1  3 2 1 1    1   17  702  386
   2  3 2 1 1   17   18  703  702
   3  3 2 1 1   18   19  704  703
   4  3 2 1 1   19   20  705  704
   5  3 2 1 1   20   21  706  705
   6  3 2 1 1   21   22  707  706
   7  3 2 1 1   22   23  708  707
   8  3 2 1 1   23   24  709  708
   9  3 2 1 1   24   25  710  709
  10  3 2 1 1   25   26  711  710
  11  3 2 1 1   26   27  712  711
  12  3 2 1 1   27   28  713  712
  13  3 2 1 1   28   29  714  713
  14  3 2 1 1   29   30  715  714
  15  3 2 1 1   30   31  716  715
  16  3 2 1 1   31   32  717  716
  17  3 2 1 1   32   33  718  717
  18  3 2 1 1   33   34  719  718
  19  3 2 1 1   34   35  720  719
  20  3 2 1 1   35   36  721  720
  21  3 2 1 1   36   37  722  721
  22  3 2 1 1   37   38  723  722
  23  3 2 1 1   38   39  724  723
  24  3 2 1 1   39   40  725  724
  25  3 2 1 1   40   41  726  725
  26  3 2 1 1   41   42  727  726
  27  3 2 1 1   42   43  728  727
  28  3 2 1 1   43   44  729  728
  29  3 2 1 1   44   45  730  729
  30  3 2 1 1   45   46  731  730
  31  3 2 1 1   46   47  732  731
  32  3 2 1 1   47   48  733  732
  33  3 2 1 1   48   49  734  733
  34  3 2 1 1   49   50  735  734
  35  3 2 1 1   50   51  736  735
  36  3 2 1 1   51   52  737  736
  37  3 2 1 1   52   53  738  737
  38  3 2 1 1   53   54  739  738
  39  3 2 1 1   54   55  740  739
  40  3 2 1 1   55   56  741  740
  41  3 2 1 1   56   57  742  741
  42  3 2 1 1   57   58  743  742
  43  3 2 1 1   58   59  744  743
  44  3 2 1 1   59   60  745  744
  45  3 2 1 1   60   61  746  745
  46  3 2 1 1   61   62  747  746
  47  3 2 1 1   62   63  748  747
  48  3 2 1 1   63   64  749  748
  49  3 2 1 1   64   65  750  749
  50  3 2 1 1   65   66  751  750
  51  3 2 1 1   66   67  752  751
  52  3 2 1 1   67   68  753  752
  53  3 2 1 1   68   69  754  753
  54  3 2 1 1   69   70  755  754
  55  3 2 1 1   70   71  756  755
  56  3 2 1 1   71   72  757  756
  57  3 2 1 1   72   73  758  757
  58  3 2 1 1   73   74  759  758
  59  3 2 1 1   74   75  760  759
  60  3 2 1 1   75   76  761  760
  61  3 2 1 1   76   77  762  761
  62  3 2 1 1   77   78  763  762
  63  3 2 1 1   78   79  764  763
  64  3 2 1 1   79   80  765  764
  65  3 2 1 1   80   81  766  765
  66  3 2 1 1   81   82  767  766
  67  3 2 1 1   82   83  768  767
  68  3 2 1 1   83   84  769  768
  69  3 2 1 1   84   85  770  769
  70  3 2 1 1   85   86  771  770
  71  3 2 1 1   86   87  772  771
  72  3 2 1 1   87   88  773  772
  73  3 2 1 1   88   89  774  773
  74  3 2 1 1   89   90  775  774
  75  3 2 1 1   90   91  776  775
  76  3 2 1 1   91   92  777  776
  77  3 2 1 1   92   93  778  777
  78  3 2 1 1   93   94  779  778
  79  3 2 1 1   94   95  780  779
  80  3 2 1 1   95    2  387  780
  81  3 2 1 1  386  702  781  385
  82  3 2 1 1  702  703  782  781
  83  3 2 1 1  703  704  783  782
  84  3 2 1 1  704  705  784  783
  85  3 2 1 1  705  706  785  784
  86  3 2 1 1  706  707  786  785
  87  3 2 1 1  707  708  787  786
  88  3 2 1 1  708  709  788  787
  89  3 2 1 1  709  710  789  788
  90  3 2 1 1  710  711  790  789
  91  3 2 1 1  711  712  791  790
  92  3 2 1 1  712  713  792  791
  93  3 2 1 1  713  714  793  792
  94  3 2 1 1  714  715  794  793
  95  3 2 1 1  715  716  795  794
  96  3 2 1 1  716  717  796  795
  97  3 2 1 1  717  718  797  796
  98  3 2 1 1  718  719  798  797
  99  3 2 1 1  719  720  799  798
 100  3 2 1 1  720  721  800  799
 101  3 2 1 1  721  722  801  800
 102  3 2 1 1  722  723  802  801
 103  3 2 1 1  723  724  803  802
 104  3 2 1 1  724  725  804  803
 105  3 2 1 1  725  726  805  804
 106  3 2 1 1  726  727  806  805
 107  3 2 1 1  727  728  807  806
 108  3 2 1 1  728  729  808  807
 109  3 2 1 1  729  730  809  808
 110  3 2 1 1  730  731  810  809
 111  3 2 1 1  731  732  811  810
 112  3 2 1 1  732  733  812  811
 113  3 2 1 1  733  734  813  812
 114  3 2 1 1  734  735  814  813
 115  3 2 1 1  735  736  815  814
 116  3 2 1 1  736  737  816  815
 117  3 2 1 1  737  738  817  816
 118  3 2 1 1  738  739  818  817
 119  3 2 1 1  739  740  819  818
 120  3 2 1 1  740  741  820  819
 121  3 2 1 1  741  742  821  820
 122  3 2 1 1  742  743  822  821
 123  3 2 1 1  743  744  823  822
 124  3 2 1 1  744  745  824  823
 125  3 2 1 1  745  746  825  824
 126  3 2 1 1  746  747  826  825
 127  3 2 1 1  747  748  827  826
 128  3 2 1 1  748  749  828  827
 129  3 2 1 1  749  750  829  828
 130  3 2 1 1  750  751  830  829
 131  3 2 1 1  751  752  831  830
 132  3 2 1 1  752  753  832  831
 133  3 2 1 1  753  754  833  832
 134  3 2 1 1  754  755  834  833
 135  3 2 1 1  755  756  835  834
 136  3 2 1 1  756  757  836  835
 137  3 2 1 1  757  758  837  836
 138  3 2 1 1  758  759  838  837
 139  3 2 1 1  759  760  839  838
 140  3 2 1 1  760  761  840  839
 141  3 2 1 1  761  762  841  840
 142  3 2 1 1  762  763  842  841
 143  3 2 1 1  763  764  843  842
 144  3 2 1 1  764  765  844  843
 145  3 2 1 1  765  766  845  844
 146  3 2 1 1  766  767  846  845
 147  3 2 1 1  767  768  847  846
 148  3 2 1 1  768  769  848  847
 149  3 2 1 1  769  770  849  848
 150  3 2 1 1  770  771  850  849
 151  3 2 1 1  771  772  851  850
 152  3 2 1 1  772  773  852  851
 153  3 2 1 1  773  774  853  852
 154  3 2 1 1  774  775  854  853
 155  3 2 1 1  775  776  855  854
 156  3 2 1 1  776  777  856  855
 157  3 2 1 1  777  778  857  856
 158  3 2 1 1  778  779  858  857
 159  3 2 1 1  779  780  859  858
 160  3 2 1 1  780  387  388  859
 161  3 2 1 1  385  781  860  384
 162  3 2 1 1  781  782  861  860
 163  3 2 1 1  782  783  862  861
 164  3 2 1 1  783  784  863  862
 165  3 2 1 1  784  785  864  863
 166  3 2 1 1  785  786  865  864
 167  3 2 1 1  786  787  866  865
 168  3 2 1 1  787  788  867  866
 169  3 2 1 1  788  789  868  867
 170  3 2 1 1  789  790  869  868
 171  3 2 1 1  790  791  870  869
 172  3 2 1 1  791  792  871  870
 173  3 2 1 1  792  793  872  871
 174  3 2 1 1  793  794  873  872
 175  3 2 1 1  794  795  874  873
 176  3 2 1 1  795  796  875  874
 177  3 2 1 1  796  797  876  875
 178  3 2 1 1  797  798  877  876
 179  3 2 1 1  798  799  878  877
 180  3 2 1 1  799  800  879  878
 181  3 2 1 1  800  801  880  879
 182  3 2 1 1  801  802  881  880
 183  3 2 1 1  802  803  882  881
 184  3 2 1 1  803  804  883  882
 185  3 2 1 1  804  805  884  883
 186  3 2 1 1  805  806  885  884
 187  3 2 1 1  806  807  886  885
 188  3 2 1 1  807  808  887  886
 189  3 2 1 1  808  809  888  887
 190  3 2 1 1  809  810  889  888
 191  3 2 1 1  810  811  890  889
 192  3 2 1 1  811  812  891  890
 193  3 2 1 1  812  813  892  891
 194  3 2 1 1  813  814  893  892
 195  3 2 1 1  814  815  894  893
 196  3 2 1 1  815  816  895  894
 197  3 2 1 1  816  817  896  895
 198  3 2 1 1  817  818  897  896
 199  3 2 1 1  818  819  898  897
 200  3 2 1 1  819  820  899  898
 201  3 2 1 1  820  821  900  899
 202  3 2 1 1  821  822  901  900
 203  3 2 1 1  822  823  902  901
 204  3 2 1 1  823  824  903  902
 205  3 2 1 1  824  825  904  903
 206  3 2 1 1  825  826  905  904
 207  3 2 1 1  826  827  906  905
 208  3 2 1 1  827  828  907  906
 209  3 2 1 1  828  829  908  907
 210  3 2 1 1  829  830  909  908
 211  3 2 1 1  830  831  910  909
 212  3 2 1 1  831  832  911  910
 213  3 2 1 1  832  833  912  911
 214  3 2 1 1  833  834  913  912
 215  3 2 1 1  834  835  914  913
 216  3 2 1 1  835  836  915  914
 217  3 2 1 1  836  837  916  915
 218  3 2 1 1  837  838  917  916
 219  3 2 1 1  838  839  918  917
 220  3 2 1 1  839  840  919  918
 221  3 2 1 1  840  841  920  919
 222  3 2 1 1  841  842  921  920
 223  3 2 1 1  842  843  922  921
 224  3 2 1 1  843  844  923  922
 225  3 2 1 1  844  845  924  923
 226  3 2 1 1  845  846  925  924
 227  3 2 1 1  846  847  926  925
 228  3 2 1 1  847  848  927  926
 229  3 2 1 1  848  849  928  927
 230  3 2 1 1  849  850  929  928
 231  3 2 1 1  850  851  930  929
 232  3 2 1 1  851  852  931  930
 233  3 2 1 1  852  853  932  931
 234  3 2 1 1  853  854  933  932
 235  3 2 1 1  854  855  934  933
 236  3 2 1 1  855  856  935  934
 237  3 2 1 1  856  857  936  935
 238  3 2 1 1  857  858  937  936
 239  3 2 1 1  858  859  938  937
 240  3 2 1 1  859  388  389  938
 241  3 2 1 1  384  860  939  383
 242  3 2 1 1  860  861  940  939
 243  3 2 1 1  861  862  941  940
 244  3 2 1 1  862  863  942  941
 245  3 2 1 1  863  864  943  942
 246  3 2 1 1  864  865  944  943
 247  3 2 1 1  865  866  945  944
 248  3 2 1 1  866  867  946  945
 249  3 2 1 1  867  868  947  946
 250  3 2 1 1  868  869  948  947
 251  3 2 1 1  869  870  949  948
 252  3 2 1 1  870  871  950  949
 253  3 2 1 1  871  872  951  950
 254  3 2 1 1  872  873  952  951
 255  3 2 1 1  873  874  953  952
 256  3 2 1 1  874  875  954  953
 257  3 2 1 1  875  876  955  954
 258  3 2 1 1  876  877  956  955
 259  3 2 1 1  877  878  957  956
 260  3 2 1 1  878  879  958  957
 261  3 2 1 1  879  880  959  958
 262  3 2 1 1  880  881  960  959
 263  3 2 1 1  881  882  961  960
 264  3 2 1 1  882  883  962  961
 265  3 2 1 1  883  884  963  962
 266  3 2 1 1  884  885  964  963
 267  3 2 1 1  885  886  965  964
 268  3 2 1 1  886  887  966  965
 269  3 2 1 1  887  888  967  966
 270  3 2 1 1  888  889  968  967
 271  3 2 1 1  889  890  969  968
 272  3 2 1 1  890  891  970  969
 273  3 2 1 1  891  892  971  970
 274  3 2 1 1  892  893  972  971
 275  3 2 1 1  893  894  973  972
 276  3 2 1 1  894  895  974  973
 277  3 2 1 1  895  896  975  974
 278  3 2 1 1  896  897  976  975
 279  3 2 1 1  897  898  977  976
 280  3 2 1 1  898  899  978  977
 281  3 2 1 1  899  900  979  978
 282  3 2 1 1  900  901  980  979
 283  3 2 1 1  901  902  981  980
 284  3 2 1 1  902  903  982  981
 285  3 2 1 1  903  904  983  982
 286  3 2 1 1  904  905  984  983
 287  3 2 1 1  905  906  985  984
 288  3 2 1 1  906  907  986  985
 289  3 2 1 1  907  908  987  986
 290  3 2 1 1  908  909  988  987
 291  3 2 1 1  909  910  989  988
 292  3 2 1 1  910  911  990  989
 293  3 2 1 1  911  912  991  990
 294  3 2 1 1  912  913  992  991
 295  3 2 1 1  913  914  993  992
 296  3 2 1 1  914  915  994  993
 297  3 2 1 1  915  916  995  994
 298  3 2 1 1  916  917  996  995
 299  3 2 1 1  917  918  997  996
 300  3 2 1 1  918  919  998  997
 301  3 2 1 1  919  920  999  998
 302  3 2 1 1  920  921 1000  999
 303  3 2 1 1  921  922 1001 1000
 304  3 2 1 1  922  923 1002 1001
 305  3 2 1 1  923  924 1003 1002
 306  3 2 1 1  924  925 1004 1003
 307  3 2 1 1  925  926 1005 1004
 308  3 2 1 1  926  927 1006 1005
 309  3 2 1 1  927  928 1007 1006
 310  3 2 1 1  928  929 1008 1007
 311  3 2 1 1  929  930 1009 1008
 312  3 2 1 1  930  931 1010 1009
 313  3 2 1 1  931  932 1011 1010
 314  3 2 1 1  932  933 1012 1011
 315  3 2 1 1  933  934 1013 1012
 316  3 2 1 1  934  935 1014 1013
 317  3 2 1 1  935  936 1015 1014
 318  3 2 1 1  936  937 1016 1015
 319  3 2 1 1  937  938 1017 1016
 320  3 2 1 1  938  389  390 1017
 321  3 2 1 1  383  939 1018  382
 322  3 2 1 1  939  940 1019 1018
 323  3 2 1 1  940  941 1020 1019
 324  3 2 1 1  941  942 1021 1020
 325  3 2 1 1  942  943 1022 1021
 326  3 2 1 1  943  944 1023 1022
 327  3 2 1 1  944  945 1024 1023
 328  3 2 1 1  945  946 1025 1024
 329  3 2 1 1  946  947 1026 1025
 330  3 2 1 1  947  948 1027 1026
 331  3 2 1 1  948  949 1028 1027
 332  3 2 1 1  949  950 1029 1028
 333  3 2 1 1  950  951 1030 1029
 334  3 2 1 1  951  952 1031 1030
 335  3 2 1 1  952  953 1032 1031
 336  3 2 1 1  953  954 1033 1032
 337  3 2 1 1  954  955 1034 1033
 338  3 2 1 1  955  956 1035 1034
 339  3 2 1 1  956  957 1036 1035
 340  3 2 1 1  957  958 1037 1036
 341  3 2 1 1  958  959 1038 1037
 342  3 2 1 1  959  960 1039 1038
 343  3 2 1 1  960  961 1040 1039
 344  3 2 1 1  961  962 1041 1040
 345  3 2 1 1  962  963 1042 1041
 346  3 2 1 1  963  964 1043 1042
 347  3 2 1 1  964  965 1044 1043
 348  3 2 1 1  965  966 1045 1044
 349  3 2 1 1  966  967 1046 1045
 350  3 2 1 1  967  968 1047 1046
 351  3 2 1 1  968  969 1048 1047
 352  3 2 1 1  969  970 1049 1048
 353  3 2 1 1  970  971 1050 1049
 354  3 2 1 1  971  972 1051 1050
 355  3 2 1 1  972  973 1052 1051
 356  3 2 1 1  973  974 1053 1052
 357  3 2 1 1  974  975 1054 1053
 358  3 2 1 1  975  976 1055 1054
 359  3 2 1 1  976  977 1056 1055
 360  3 2 1 1  977  978 1057 1056
 361  3 2 1 1  978  979 1058 1057
 362  3 2 1 1  979  980 1059 1058
 363  3 2 1 1  980  981 1060 1059
 364  3 2 1 1  981  982 1061 1060
 365  3 2 1 1  982  983 1062 1061
 366  3 2 1 1  983  984 1063 1062
 367  3 2 1 1  984  985 1064 1063
 368  3 2 1 1  985  986 1065 1064
 369  3 2 1 1  986  987 1066 1065
 370  3 2 1 1  987  988 1067 1066
 371  3 2 1 1  988  989 1068 1067
 372  3 2 1 1  989  990 1069 1068
 373  3 2 1 1  990  991 1070 1069
 374  3 2 1 1  991  992 1071 1070
 375  3 2 1 1  992  993 1072 1071
 376  3 2 1 1  993  994 1073 1072
 377  3 2 1 1  994  995 1074 1073
 378  3 2 1 1  995  996 1075 1074
 379  3 2 1 1  996  997 1076 1075
 380  3 2 1 1  997  998 1077 1076
 381  3 2 1 1  998  999 1078 1077
 382  3 2 1 1  999 1000 1079 1078
 383  3 2 1 1 1000 1001 1080 1079
 384  3 2 1 1 1001 1002 1081 1080
 385  3 2 1 1 1002 1003 1082 1081
 386  3 2 1 1 1003 1004 1083 1082
 387  3 2 1 1 1004 1005 1084 1083
 388  3 2 1 1 1005 1006 1085 1084
 389  3 2 1 1 1006 1007 1086 1085
 390  3 2 1 1 1007 1008 1087 1086
 391  3 2 1 1 1008 1009 1088 1087
 392  3 2 1 1 1009 1010 1089 1088
 393  3 2 1 1 1010 1011 1090 1089
 394  3 2 1 1 1011 1012 1091 1090
 395  3 2 1 1 1012 1013 1092 1091
 396  3 2 1 1 1013 1014 1093 1092
 397  3 2 1 1 1014 1015 1094 1093
 398  3 2 1 1 1015 1016 1095 1094
 399  3 2 1 1 1016 1017 1096 1095
 400  3 2 1 1 1017  390  391 1096
 401  3 2 1 1  382 1018 1097  381
 402  3 2 1 1 1018 1019 1098 1097
 403  3 2 1 1 1019 1020 1099 1098
 404  3 2 1 1 1020 1021 1100 1099
 405  3 2 1 1 1021 1022 1101 1100
 406  3 2 1 1 1022 1023 1102 1101
 407  3 2 1 1 1023 1024 1103 1102
 408  3 2 1 1 1024 1025 1104 1103
 409  3 2 1 1 1025 1026 1105 1104
 410  3 2 1 1 1026 1027 1106 1105
 411  3 2 1 1 1027 1028 1107 1106
 412  3 2 1 1 1028 1029 1108 1107
 413  3 2 1 1 1029 1030 1109 1108
 414  3 2 1 1 1030 1031 1110 1109
 415  3 2 1 1 1031 1032 1111 1110
 416  3 2 1 1 1032 1033 1112 1111
 417  3 2 1 1 1033 1034 1113 1112
 418  3 2 1 1 1034 1035 1114 1113
 419  3 2 1 1 1035 1036 1115 1114
 420  3 2 1 1 1036 1037 1116 1115
 421  3 2 1 1 1037 1038 1117 1116
 422  3 2 1 1 1038 1039 1118 1117
 423  3 2 1 1 1039 1040 1119 1118
 424  3 2 1 1 1040 1041 1120 1119
 425  3 2 1 1 1041 1042 1121 1120
 426  3 2 1 1 1042 1043 1122 1121
 427  3 2 1 1 1043 1044 1123 1122
 428  3 2 1 1 1044 1045 1124 1123
 429  3 2 1 1 1045 1046 1125 1124
 430  3 2 1 1 1046 1047 1126 1125
 431  3 2 1 1 1047 1048 1127 1126
 432  3 2 1 1 1048 1049 1128 1127
 433  3 2 1 1 1049 1050 1129 1128
 434  3 2 1 1 1050 1051 1130 1129
 435  3 2 1 1 1051 1052 1131 1130
 436  3 2 1 1 1052 1053 1132 1131
 437  3 2 1 1 1053 1054 1133 1132
 438  3 2 1 1 1054 1055 1134 1133
 439  3 2 1 1 1055 1056 1135 1134
 440  3 2 1 1 1056 1057 1136 1135
 441  3 2 1 1 1057 1058 1137 1136
 442  3 2 1 1 1058 1059 1138 1137
 443  3 2 1 1 1059 1060 1139 1138
 444  3 2 1 1 1060 1061 1140 1139
 445  3 2 1 1 1061 1062 1141 1140
 446  3 2 1 1 1062 1063 1142 1141
 447  3 2 1 1 1063 1064 1143 1142
 448  3 2 1 1 1064 1065 1144 1143
 449  3 2 1 1 1065 1066 1145 1144
 450  3 2 1 1 1066 1067 1146 1145
 451  3 2 1 1 1067 1068 1147 1146
 452  3 2 1 1 1068 1069 1148 1147
 453  3 2 1 1 1069 1070 1149 1148
 454  3 2 1 1 1070 1071 1150 1149
 455  3 2 1 1 1071 1072 1151 1150
 456  3 2 1 1 1072 1073 1152 1151
 457  3 2 1 1 1073 1074 1153 1152
 458  3 2 1 1 1074 1075 1154 1153
 459  3 2 1 1 1075 1076 1155 1154
 460  3 2 1 1 1076 1077 1156 1155
 461  3 2 1 1 1077 1078 1157 1156
 462  3 2 1 1 1078 1079 1158 1157
 463  3 2 1 1 1079 1080 1159 1158
 464  3 2 1 1 1080 1081 1160 1159
 465  3 2 1 1 1081 1082 1161 1160
 466  3 2 1 1 1082 1083 1162 1161
 467  3 2 1 1 1083 1084 1163 1162
 468  3 2 1 1 1084 1085 1164 1163
 469  3 2 1 1 1085 1086 1165 1164
 470  3 2 1 1 1086 1087 1166 1165
 471  3 2 1 1 1087 1088 1167 1166
 472  3 2 1 1 1088 1089 1168 1167
 473  3 2 1 1 1089 1090 1169 1168
 474  3 2 1 1 1090 1091 1170 1169
 475  3 2 1 1 1091 1092 1171 1170
 476  3 2 1 1 1092 1093 1172 1171
 477  3 2 1 1 1093 1094 1173 1172
 478  3 2 1 1 1094 1095 1174 1173
 479  3 2 1 1 1095 1096 1175 1174
 480  3 2 1 1 1096  391  392 1175
 481  3 2 1 1  381 1097 1176  380
 482  3 2 1 1 1097 1098 1177 1176
 483  3 2 1 1 1098 1099 1178 1177
 484  3 2 1 1 1099 1100 1179 1178
 485  3 2 1 1 1100 1101 1180 1179
 486  3 2 1 1 1101 1102 1181 1180
 487  3 2 1 1 1102 1103 1182 1181
 488  3 2 1 1 1103 1104 1183 1182
 489  3 2 1 1 1104 1105 1184 1183
 490  3 2 1 1 1105 1106 1185 1184
 491  3 2 1 1 1106 1107 1186 1185
 492  3 2 1 1 1107 1108 1187 1186
 493  3 2 1 1 1108 1109 1188 1187
 494  3 2 1 1 1109 1110 1189 1188
 495  3 2 1 1 1110 1111 1190 1189
 496  3 2 1 1 1111 1112 1191 1190
 497  3 2 1 1 1112 1113 1192 1191
 498  3 2 1 1 1113 1114 1193 1192
 499  3 2 1 1 1114 1115 1194 1193
 500  3 2 1 1 1115 1116 1195 1194
 501  3 2 1 1 1116 1117 1196 1195
 502  3 2 1 1 1117 1118 1197 1196
 503  3 2 1 1 1118 1119 1198 1197
 504  3 2 1 1 1119 1120 1199 1198
 505  3 2 1 1 1120 1121 1200 1199
 506  3 2 1 1 1121 1122 1201 1200
 507  3 2 1 1 1122 1123 1202 1201
 508  3 2 1 1 1123 1124 1203 1202
 509  3 2 1 1 1124 1125 1204 1203
 510  3 2 1 1 1125 1126 1205 1204
 511  3 2 1 1 1126 1127 1206 1205
 512  3 2 1 1 1127 1128 1207 1206
 513  3 2 1 1 1128 1129 1208 1207
 514  3 2 1 1 1129 1130 1209 1208
 515  3 2 1 1 1130 1131 1210 1209
 516  3 2 1 1 1131 1132 1211 1210
 517  3 2 1 1 1132 1133 1212 1211
 518  3 2 1 1 1133 1134 1213 1212
 519  3 2 1 1 1134 1135 1214 1213
 520  3 2 1 1 1135 1136 1215 1214
 521  3 2 1 1 1136 1137 1216 1215
 522  3 2 1 1 1137 1138 1217 1216
 523  3 2 1 1 1138 1139 1218 1217
 524  3 2 1 1 1139 1140 1219 1218
 525  3 2 1 1 1140 1141 1220 1219
 526  3 2 1 1 1141 1142 1221 1220
 527  3 2 1 1 1142 1143 1222 1221
 528  3 2 1 1 1143 1144 1223 1222
 529  3 2 1 1 1144 1145 1224 1223
 530  3 2 1 1 1145 1146 1225 1224
 531  3 2 1 1 1146 1147 1226 1225
 532  3 2 1 1 1147 1148 1227 1226
 533  3 2 1 1 1148 1149 1228 1227
 534  3 2 1 1 1149 1150 1229 1228
 535  3 2 1 1 1150 1151 1230 1229
 536  3 2 1 1 1151 1152 1231 1230
 537  3 2 1 1 1152 1153 1232 1231
 538  3 2 1 1 1153 1154 1233 1232
 539  3 2 1 1 1154 1155 1234 1233
 540  3 2 1 1 1155 1156 1235 1234
 541  3 2 1 1 1156 1157 1236 1235
 542  3 2 1 1 1157 1158 1237 1236
 543  3 2 1 1 1158 1159 1238 1237
 544  3 2 1 1 1159 1160 1239 1238
 545  3 2 1 1 1160 1161 1240 1239
 546  3 2 1 1 1161 1162 1241 1240
 547  3 2 1 1 1162 1163 1242 1241
 548  3 2 1 1 1163 1164 1243 1242
 549  3 2 1 1 1164 1165 1244 1243
 550  3 2 1 1 1165 1166 1245 1244
 551  3 2 1 1 1166 1167 1246 1245
 552  3 2 1 1 1167 1168 1247 1246
 553  3 2 1 1 1168 1169 1248 1247
 554  3 2 1 1 1169 1170 1249 1248
 555  3 2 1 1 1170 1171 1250 1249
 556  3 2 1 1 1171 1172 1251 1250
 557  3 2 1 1 1172 1173 1252 1251
 558  3 2 1 1 1173 1174 1253 1252
 559  3 2 1 1 1174 1175 1254 1253
 560  3 2 1 1 1175  392  393 1254
 561  3 2 1 1  380 1176 1255  379
 562  3 2 1 1 1176 1177 1256 1255
 563  3 2 1 1 1177 1178 1257 1256
 564  3 2 1 1 1178 1179 1258 1257
 565  3 2 1 1 1179 1180 1259 1258
 566  3 2 1 1 1180 1181 1260 1259
 567  3 2 1 1 1181 1182 1261 1260
 568  3 2 1 1 1182 1183 1262 1261
 569  3 2 1 1 1183 1184 1263 1262
 570  3 2 1 1 1184 1185 1264 1263
 571  3 2 1 1 1185 1186 1265 1264
 572  3 2 1 1 1186 1187 1266 1265
 573  3 2 1 1 1187 1188 1267 1266
 574  3 2 1 1 1188 1189 1268 1267
 575  3 2 1 1 1189 1190 1269 1268
 576  3 2 1 1 1190 1191 1270 1269
 577  3 2 1 1 1191 1192 1271 1270
 578  3 2 1 1 1192 1193 1272 1271
 579  3 2 1 1 1193 1194 1273 1272
 580  3 2 1 1 1194 1195 1274 1273
 581  3 2 1 1 1195 1196 1275 1274
 582  3 2 1 1 1196 1197 1276 1275
 583  3 2 1 1 1197 1198 1277 1276
 584  3 2 1 1 1198 1199 1278 1277
 585  3 2 1 1 1199 1200 1279 1278
 586  3 2 1 1 1200 1201 1280 1279
 587  3 2 1 1 1201 1202 1281 1280
 588  3 2 1 1 1202 1203 1282 1281
 589  3 2 1 1 1203 1204 1283 1282
 590  3 2 1 1 1204 1205 1284 1283
 591  3 2 1 1 1205 1206 1285 1284
 592  3 2 1 1 1206 1207 1286 1285
 593  3 2 1 1 1207 1208 1287 1286
 594  3 2 1 1 1208 1209 1288 1287
 595  3 2 1 1 1209 1210 1289 1288
 596  3 2 1 1 1210 1211 1290 1289
 597  3 2 1 1 1211 1212 1291 1290
 598  3 2 1 1 1212 1213 1292 1291
 599  3 2 1 1 1213 1214 1293 1292
 600  3 2 1 1 1214 1215 1294 1293
 601  3 2 1 1 1215 1216 1295 1294
 602  3 2 1 1 1216 1217 1296 1295
 603  3 2 1 1 1217 1218 1297 1296
 604  3 2 1 1 1218 1219 1298 1297
 605  3 2 1 1 1219 1220 1299 1298
 606  3 2 1 1 1220 1221 1300 1299
 607  3 2 1 1 1221 1222 1301 1300
 608  3 2 1 1 1222 1223 1302 1301
 609  3 2 1 1 1223 1224 1303 1302
 610  3 2 1 1 1224 1225 1304 1303
 611  3 2 1 1 1225 1226 1305 1304
 612  3 2 1 1 1226 1227 1306 1305
 613  3 2 1 1 1227 1228 1307 1306
 614  3 2 1 1 1228 1229 1308 1307
 615  3 2 1 1 1229 1230 1309 1308
 616  3 2 1 1 1230 1231 1310 1309
 617  3 2 1 1 1231 1232 1311 1310
 618  3 2 1 1 1232 1233 1312 1311
 619  3 2 1 1 1233 1234 1313 1312
 620  3 2 1 1 1234 1235 1314 1313
 621  3 2 1 1 1235 1236 1315 1314
 622  3 2 1 1 1236 1237 1316 1315
 623  3 2 1 1 1237 1238 1317 1316
 624  3 2 1 1 1238 1239 1318 1317
 625  3 2 1 1 1239 1240 1319 1318
 626  3 2 1 1 1240 1241 1320 1319
 627  3 2 1 1 1241 1242 1321 1320
 628  3 2 1 1 1242 1243 1322 1321
 629  3 2 1 1 1243 1244 1323 1322
 630  3 2 1 1 1244 1245 1324 1323
 631  3 2 1 1 1245 1246 1325 1324
 632  3 2 1 1 1246 1247 1326 1325
 633  3 2 1 1 1247 1248 1327 1326
 634  3 2 1 1 1248 1249 1328 1327
 635  3 2 1 1 1249 1250 1329 1328
 636  3 2 1 1 1250 1251 1330 1329
 637  3 2 1 1 1251 1252 1331 1330
 638  3 2 1 1 1252 1253 1332 1331
 639  3 2 1 1 1253 1254 1333 1332
 640  3 2 1 1 1254  393  394 1333
 641  3 2 1 1  379 1255 1334  378
 642  3 2 1 1 1255 1256 1335 1334
 643  3 2 1 1 1256 1257 1336 1335
 644  3 2 1 1 1257 1258 1337 1336
 645  3 2 1 1 1258 1259 1338 1337
 646  3 2 1 1 1259 1260 1339 1338
 647  3 2 1 1 1260 1261 1340 1339
 648  3 2 1 1 1261 1262 1341 1340
 649  3 2 1 1 1262 1263 1342 1341
 650  3 2 1 1 1263 1264 1343 1342
 651  3 2 1 1 1264 1265 1344 1343
 652  3 2 1 1 1265 1266 1345 1344
 653  3 2 1 1 1266 1267 1346 1345
 654  3 2 1 1 1267 1268 1347 1346
 655  3 2 1 1 1268 1269 1348 1347
 656  3 2 1 1 1269 1270 1349 1348
 657  3 2 1 1 1270 1271 1350 1349
 658  3 2 1 1 1271 1272 1351 1350
 659  3 2 1 1 1272 1273 1352 1351
 660  3 2 1 1 1273 1274 1353 1352
 661  3 2 1 1 1274 1275 1354 1353
 662  3 2 1 1 1275 1276 1355 1354
 663  3 2 1 1 1276 1277 1356 1355
 664  3 2 1 1 1277 1278 1357 1356
 665  3 2 1 1 1278 1279 1358 1357
 666  3 2 1 1 1279 1280 1359 1358
 667  3 2 1 1 1280 1281 1360 1359
 668  3 2 1 1 1281 1282 1361 1360
 669  3 2 1 1 1282 1283 1362 1361
 670  3 2 1 1 1283 1284 1363 1362
 671  3 2 1 1 1284 1285 1364 1363
 672  3 2 1 1 1285 1286 1365 1364
 673  3 2 1 1 1286 1287 1366 1365
 674  3 2 1 1 1287 1288 1367 1366
 675  3 2 1 1 1288 1289 1368 1367
 676  3 2 1 1 1289 1290 1369 1368
 677  3 2 1 1 1290 1291 1370 1369
 678  3 2 1 1 1291 1292 1371 1370
 679  3 2 1 1 1292 1293 1372 1371
 680  3 2 1 1 1293 1294 1373 1372
 681  3 2 1 1 1294 1295 1374 1373
 682  3 2 1 1 1295 1296 1375 1374
 683  3 2 1 1 1296 1297 1376 1375
 684  3 2 1 1 1297 1298 1377 1376
 685  3 2 1 1 1298 1299 1378 1377
 686  3 2 1 1 1299 1300 1379 1378
 687  3 2 1 1 1300 1301 1380 1379
 688  3 2 1 1 1301 1302 1381 1380
 689  3 2 1 1 1302 1303 1382 1381
 690  3 2 1 1 1303 1304 1383 1382
 691  3 2 1 1 1304 1305 1384 1383
 692  3 2 1 1 1305 1306 1385 1384
 693  3 2 1 1 1306 1307 1386 1385
 694  3 2 1 1 1307 1308 1387 1386
 695  3 2 1 1 1308 1309 1388 1387
 696  3 2 1 1 1309 1310 1389 1388
 697  3 2 1 1 1310 1311 1390 1389
 698  3 2 1 1 1311 1312 1391 1390
 699  3 2 1 1 1312 1313 1392 1391
 700  3 2 1 1 1313 1314 1393 1392
 701  3 2 1 1 1314 1315 1394 1393
 702  3 2 1 1 1315 1316 1395 1394
 703  3 2 1 1 1316 1317 1396 1395
 704  3 2 1 1 1317 1318 1397 1396
 705  3 2 1 1 1318 1319 1398 1397
 706  3 2 1 1 1319 1320 1399 1398
 707  3 2 1 1 1320 1321 1400 1399
 708  3 2 1 1 1321 1322 1401 1400
 709  3 2 1 1 1322 1323 1402 1401
 710  3 2 1 1 1323 1324 1403 1402
 711  3 2 1 1 1324 1325 1404 1403
 712  3 2 1 1 1325 1326 1405 1404
 713  3 2 1 1 1326 1327 1406 1405
 714  3 2 1 1 1327 1328 1407 1406
 715  3 2 1 1 1328 1329 1408 1407
 716  3 2 1 1 1329 1330 1409 1408
 717  3 2 1 1 1330 1331 1410 1409
 718  3 2 1 1 1331 1332 1411 1410
 719  3 2 1 1 1332 1333 1412 1411
 720  3 2 1 1 1333  394  395 1412
 721  3 2 1 1  378 1334 1413  377
 722  3 2 1 1 1334 1335 1414 1413
 723  3 2 1 1 1335 1336 1415 1414
 724  3 2 1 1 1336 1337 1416 1415
 725  3 2 1 1 1337 1338 1417 1416
 726  3 2 1 1 1338 1339 1418 1417
 727  3 2 1 1 1339 1340 1419 1418
 728  3 2 1 1 1340 1341 1420 1419
 729  3 2 1 1 1341 1342 1421 1420
 730  3 2 1 1 1342 1343 1422 1421
 731  3 2 1 1 1343 1344 1423 1422
 732  3 2 1 1 1344 1345 1424 1423
 733  3 2 1 1 1345 1346 1425 1424
 734  3 2 1 1 1346 1347 1426 1425
 735  3 2 1 1 1347 1348 1427 1426
 736  3 2 1 1 1348 1349 1428 1427
 737  3 2 1 1 1349 1350 1429 1428
 738  3 2 1 1 1350 1351 1430 1429
 739  3 2 1 1 1351 1352 1431 1430
 740  3 2 1 1 1352 1353 1432 1431
 741  3 2 1 1 1353 1354 1433 1432
 742  3 2 1 1 1354 1355 1434 1433
 743  3 2 1 1 1355 1356 1435 1434
 744  3 2 1 1 1356 1357 1436 1435
 745  3 2 1 1 1357 1358 1437 1436
 746  3 2 1 1 1358 1359 1438 1437
 747  3 2 1 1 1359 1360 1439 1438
 748  3 2 1 1 1360 1361 1440 1439
 749  3 2 1 1 1361 1362 1441 1440
 750  3 2 1 1 1362 1363 1442 1441
 751  3 2 1 1 1363 1364 1443 1442
 752  3 2 1 1 1364 1365 1444 1443
 753  3 2 1 1 1365 1366 1445 1444
 754  3 2 1 1 1366 1367 1446 1445
 755  3 2 1 1 1367 1368 1447 1446
 756  3 2 1 1 1368 1369 1448 1447
 757  3 2 1 1 1369 1370 1449 1448
 758  3 2 1 1 1370 1371 1450 1449
 759  3 2 1 1 1371 1372 1451 1450
 760  3 2 1 1 1372 1373 1452 1451
 761  3 2 1 1 1373 1374 1453 1452
 762  3 2 1 1 1374 1375 1454 1453
 763  3 2 1 1 1375 1376 1455 1454
 764  3 2 1 1 1376 1377 1456 1455
 765  3 2 1 1 1377 1378 1457 1456
 766  3 2 1 1 1378 1379 1458 1457
 767  3 2 1 1 1379 1380 1459 1458
 768  3 2 1 1 1380 1381 1460 1459
 769  3 2 1 1 1381 1382 1461 1460
 770  3 2 1 1 1382 1383 1462 1461
 771  3 2 1 1 1383 1384 1463 1462
 772  3 2 1 1 1384 1385 1464 1463
 773  3 2 1 1 1385 1386 1465 1464
 774  3 2 1 1 1386 1387 1466 1465
 775  3 2 1 1 1387 1388 1467 1466
 776  3 2 1 1 1388 1389 1468 1467
 777  3 2 1 1 1389 1390 1469 1468
 778  3 2 1 1 1390 1391 1470 1469
 779  3 2 1 1 1391 1392 1471 1470
 780  3 2 1 1 1392 1393 1472 1471
 781  3 2 1 1 1393 1394 1473 1472
 782  3 2 1 1 1394 1395 1474 1473
 783  3 2 1 1 1395 1396 1475 1474
 784  3 2 1 1 1396 1397 1476 1475
 785  3 2 1 1 1397 1398 1477 1476
 786  3 2 1 1 1398 1399 1478 1477
 787  3 2 1 1 1399 1400 1479 1478
 788  3 2 1 1 1400 1401 1480 1479
 789  3 2 1 1 1401 1402 1481 1480
 790  3 2 1 1 1402 1403 1482 1481
 791  3 2 1 1 1403 1404 1483 1482
 792  3 2 1 1 1404 1405 1484 1483
 793  3 2 1 1 1405 1406 1485 1484
 794  3 2 1 1 1406 1407 1486 1485
 795  3 2 1 1 1407 1408 1487 1486
 796  3 2 1 1 1408 1409 1488 1487
 797  3 2 1 1 1409 1410 1489 1488
 798  3 2 1 1 1410 1411 1490 1489
 799  3 2 1 1 1411 1412 1491 1490
 800  3 2 1 1 1412  395  396 1491
 801  3 2 1 1  377 1413 1492  376
 802  3 2 1 1 1413 1414 1493 1492
 803  3 2 1 1 1414 1415 1494 1493
 804  3 2 1 1 1415 1416 1495 1494
 805  3 2 1 1 1416 1417 1496 1495
 806  3 2 1 1 1417 1418 1497 1496
 807  3 2 1 1 1418 1419 1498 1497
 808  3 2 1 1 1419 1420 1499 1498
 809  3 2 1 1 1420 1421 1500 1499
 810  3 2 1 1 1421 1422 1501 1500
 811  3 2 1 1 1422 1423 1502 1501
 812  3 2 1 1 1423 1424 1503 1502
 813  3 2 1 1 1424 1425 1504 1503
 814  3 2 1 1 1425 1426 1505 1504
 815  3 2 1 1 1426 1427 1506 1505
 816  3 2 1 1 1427 1428 1507 1506
 817  3 2 1 1 1428 1429 1508 1507
 818  3 2 1 1 1429 1430 1509 1508
 819  3 2 1 1 1430 1431 1510 1509
 820  3 2 1 1 1431 1432 1511 1510
 821  3 2 1 1 1432 1433 1512 1511
 822  3 2 1 1 1433 1434 1513 1512
 823  3 2 1 1 1434 1435 1514 1513
 824  3 2 1 1 1435 1436 1515 1514
 825  3 2 1 1 1436 1437 1516 1515
 826  3 2 1 1 1437 1438 1517 1516
 827  3 2 1 1 1438 1439 1518 1517
 828  3 2 1 1 1439 1440 1519 1518
 829  3 2 1 1 1440 1441 1520 1519
 830  3 2 1 1 1441 1442 1521 1520
 831  3 2 1 1 1442 1443 1522 1521
 832  3 2 1 1 1443 1444 1523 1522
 833  3 2 1 1 1444 1445 1524 1523
 834  3 2 1 1 1445 1446 1525 1524
 835  3 2 1 1 1446 1447 1526 1525
 836  3 2 1 1 1447 1448 1527 1526
 837  3 2 1 1 1448 1449 1528 1527
 838  3 2 1 1 1449 1450 1529 1528
 839  3 2 1 1 1450 1451 1530 1529
 840  3 2 1 1 1451 1452 1531 1530
 841  3 2 1 1 1452 1453 1532 1531
 842  3 2 1 1 1453 1454 1533 1532
 843  3 2 1 1 1454 1455 1534 1533
 844  3 2 1 1 1455 1456 1535 1534
 845  3 2 1 1 1456 1457 1536 1535
 846  3 2 1 1 1457 1458 1537 1536
 847  3 2 1 1 1458 1459 1538 1537
 848  3 2 1 1 1459 1460 1539 1538
 849  3 2 1 1 1460 1461 1540 1539
 850  3 2 1 1 1461 1462 1541 1540
 851  3 2 1 1 1462 1463 1542 1541
 852  3 2 1 1 1463 1464 1543 1542
 853  3 2 1 1 1464 1465 1544 1543
 854  3 2 1 1 1465 1466 1545 1544
 855  3 2 1 1 1466 1467 1546 1545
 856  3 2 1 1 1467 1468 1547 1546
 857  3 2 1 1 1468 1469 1548 1547
 858  3 2 1 1 1469 1470 1549 1548
 859  3 2 1 1 1470 1471 1550 1549
 860  3 2 1 1 1471 1472 1551 1550
 861  3 2 1 1 1472 1473 1552 1551
 862  3 2 1 1 1473 1474 1553 1552
 863  3 2 1 1 1474 1475 1554 1553
 864  3 2 1 1 1475 1476 1555 1554
 865  3 2 1 1 1476 1477 1556 1555
 866  3 2 1 1 1477 1478 1557 1556
 867  3 2 1 1 1478 1479 1558 1557
 868  3 2 1 1 1479 1480 1559 1558
 869  3 2 1 1 1480 1481 1560 1559
 870  3 2 1 1 1481 1482 1561 1560
 871  3 2 1 1 1482 1483 1562 1561
 872  3 2 1 1 1483 1484 1563 1562
 873  3 2 1 1 1484 1485 1564 1563
 874  3 2 1 1 1485 1486 1565 1564
 875  3 2 1 1 1486 1487 1566 1565
 876  3 2 1 1 1487 1488 1567 1566
 877  3 2 1 1 1488 1489 1568 1567
 878  3 2 1 1 1489 1490 1569 1568
 879  3 2 1 1 1490 1491 1570 1569
 880  3 2 1 1 1491  396  397 1570
 881  3 2 1 1  376 1492 1571  375
 882  3 2 1 1 1492 1493 1572 1571
 883  3 2 1 1 1493 1494 1573 1572
 884  3 2 1 1 1494 1495 1574 1573
 885  3 2 1 1 1495 1496 1575 1574
 886  3 2 1 1 1496 1497 1576 1575
 887  3 2 1 1 1497 1498 1577 1576
 888  3 2 1 1 1498 1499 1578 1577
 889  3 2 1 1 1499 1500 1579 1578
 890  3 2 1 1 1500 1501 1580 1579
 891  3 2 1 1 1501 1502 1581 1580
 892  3 2 1 1 1502 1503 1582 1581
 893  3 2 1 1 1503 1504 1583 1582
 894  3 2 1 1 1504 1505 1584 1583
 895  3 2 1 1 1505 1506 1585 1584
 896  3 2 1 1 1506 1507 1586 1585
 897  3 2 1 1 1507 1508 1587 1586
 898  3 2 1 1 1508 1509 1588 1587
 899  3 2 1 1 1509 1510 1589 1588
 900  3 2 1 1 1510 1511 1590 1589
 901  3 2 1 1 1511 1512 1591 1590
 902  3 2 1 1 1512 1513 1592 1591
 903  3 2 1 1 1513 1514 1593 1592
 904  3 2 1 1 1514 1515 1594 1593
 905  3 2 1 1 1515 1516 1595 1594
 906  3 2 1 1 1516 1517 1596 1595
 907  3 2 1 1 1517 1518 1597 1596
 908  3 2 1 1 1518 1519 1598 1597
 909  3 2 1 1 1519 1520 1599 1598
 910  3 2 1 1 1520 1521 1600 1599
 911  3 2 1 1 1521 1522 1601 1600
 912  3 2 1 1 1522 1523 1602 1601
 913  3 2 1 1 1523 1524 1603 1602
 914  3 2 1 1 1524 1525 1604 1603
 915  3 2 1 1 1525 1526 1605 1604
 916  3 2 1 1 1526 1527 1606 1605
 917  3 2 1 1 1527 1528 1607 1606
 918  3 2 1 1 1528 1529 1608 1607
 919  3 2 1 1 1529 1530 1609 1608
 920  3 2 1 1 1530 1531 1610 1609
 921  3 2 1 1 1531 1532 1611 1610
 922  3 2 1 1 1532 1533 1612 1611
 923  3 2 1 1 1533 1534 1613 1612
 924  3 2 1 1 1534 1535 1614 1613
 925  3 2 1 1 1535 1536 1615 1614
 926  3 2 1 1 1536 1537 1616 1615
 927  3 2 1 1 1537 1538 1617 1616
 928  3 2 1 1 1538 1539 1618 1617
 929  3 2 1 1 1539 1540 1619 1618
 930  3 2 1 1 1540 1541 1620 1619
 931  3 2 1 1 1541 1542 1621 1620
 932  3 2 1 1 1542 1543 1622 1621
 933  3 2 1 1 1543 1544 1623 1622
 934  3 2 1 1 1544 1545 1624 1623
 935  3 2 1 1 1545 1546 1625 1624
 936  3 2 1 1 1546 1547 1626 1625
 937  3 2 1 1 1547 1548 1627 1626
 938  3 2 1 1 1548 1549 1628 1627
 939  3 2 1 1 1549 1550 1629 1628
 940  3 2 1 1 1550 1551 1630 1629
 941  3 2 1 1 1551 1552 1631 1630
 942  3 2 1 1 1552 1553 1632 1631
 943  3 2 1 1 1553 1554 1633 1632
 944  3 2 1 1 1554 1555 1634 1633
 945  3 2 1 1 1555 1556 1635 1634
 946  3 2 1 1 1556 1557 1636 1635
 947  3 2 1 1 1557 1558 1637 1636
 948  3 2 1 1 1558 1559 1638 1637
 949  3 2 1 1 1559 1560 1639 1638
 950  3 2 1 1 1560 1561 1640 1639
 951  3 2 1 1 1561 1562 1641 1640
 952  3 2 1 1 1562 1563 1642 1641
 953  3 2 1 1 1563 1564 1643 1642
 954  3 2 1 1 1564 1565 1644 1643
 955  3 2 1 1 1565 1566 1645 1644
 956  3 2 1 1 1566 1567 1646 1645
 957  3 2 1 1 1567 1568 1647 1646
 958  3 2 1 1 1568 1569 1648 1647
 959  3 2 1 1 1569 1570 1649 1648
 960  3 2 1 1 1570  397  398 1649
 961  3 2 1 1  375 1571 1650  374
 962  3 2 1 1 1571 1572 1651 1650
 963  3 2 1 1 1572 1573 1652 1651
 964  3 2 1 1 1573 1574 1653 1652
 965  3 2 1 1 1574 1575 1654 1653
 966  3 2 1 1 1575 1576 1655 1654
 967  3 2 1 1 1576 1577 1656 1655
 968  3 2 1 1 1577 1578 1657 1656
 969  3 2 1 1 1578 1579 1658 1657
 970  3 2 1 1 1579 1580 1659 1658
 971  3 2 1 1 1580 1581 1660 1659
 972  3 2 1 1 1581 1582 1661 1660
 973  3 2 1 1 1582 1583 1662 1661
 974  3 2 1 1 1583 1584 1663 1662
 975  3 2 1 1 1584 1585 1664 1663
 976  3 2 1 1 1585 1586 1665 1664
 977  3 2 1 1 1586 1587 1666 1665
 978  3 2 1 1 1587 1588 1667 1666
 979  3 2 1 1 1588 1589 1668 1667
 980  3 2 1 1 1589 1590 1669 1668
 981  3 2 1 1 1590 1591 1670 1669
 982  3 2 1 1 1591 1592 1671 1670
 983  3 2 1 1 1592 1593 1672 1671
 984  3 2 1 1 1593 1594 1673 1672
 985  3 2 1 1 1594 1595 1674 1673
 986  3 2 1 1 1595 1596 1675 1674
 987  3 2 1 1 1596 1597 1676 1675
 988  3 2 1 1 1597 1598 1677 1676
 989  3 2 1 1 1598 1599 1678 1677
 990  3 2 1 1 1599 1600 1679 1678
 991  3 2 1 1 1600 1601 1680 1679
 992  3 2 1 1 1601 1602 1681 1680
 993  3 2 1 1 1602 1603 1682 1681
 994  3 2 1 1 1603 1604 1683 1682
 995  3 2 1 1 1604 1605 1684 1683
 996  3 2 1 1 1605 1606 1685 1684
 997  3 2 1 1 1606 1607 1686 1685
 998  3 2 1 1 1607 1608 1687 1686
 999  3 2 1 1 1608 1609 1688 1687
1000  3 2 1 1 1609 1610 1689 1688
1001  3 2 1 1 1610 1611 1690 1689
1002  3 2 1 1 1611 1612 1691 1690
1003  3 2 1 1 1612 1613 1692 1691
1004  3 2 1 1 1613 1614 1693 1692
1005  3 2 1 1 1614 1615 1694 1693
1006  3 2 1 1 1615 1616 1695 1694
1007  3 2 1 1 1616 1617 1696 1695
1008  3 2 1 1 1617 1618 1697 1696
1009  3 2 1 1 1618 1619 1698 1697
1010  3 2 1 1 1619 1620 1699 1698
1011  3 2 1 1 1620 1621 1700 1699
1012  3 2 1 1 1621 1622 1701 1700
1013  3 2 1 1 1622 1623 1702 1701
1014  3 2 1 1 1623 1624 1703 1702
1015  3 2 1 1 1624 1625 1704 1703
1016  3 2 1 1 1625 1626 1705 1704
1017  3 2 1 1 1626 1627 1706 1705
1018  3 2 1 1 1627 1628 1707 1706
1019  3 2 1 1 1628 1629 1708 1707
1020  3 2 1 1 1629 1630 1709 1708
1021  3 2 1 1 1630 1631 1710 1709
1022  3 2 1 1 1631 1632 1711 1710
1023  3 2 1 1 1632 1633 1712 1711
1024  3 2 1 1 1633 1634 1713 1712
1025  3 2 1 1 1634 1635 1714 1713
1026  3 2 1 1 1635 1636 1715 1714
1027  3 2 1 1 1636 1637 1716 1715
1028  3 2 1 1 1637 1638 1717 1716
1029  3 2 1 1 1638 1639 1718 1717
1030  3 2 1 1 1639 1640 1719 1718
1031  3 2 1 1 1640 1641 1720 1719
1032  3 2 1 1 1641 1642 1721 1720
1033  3 2 1 1 1642 1643 1722 1721
1034  3 2 1 1 1643 1644 1723 1722
1035  3 2 1 1 1644 1645 1724 1723
1036  3 2 1 1 1645 1646 1725 1724
1037  3 2 1 1 1646 1647 1726 1725
1038  3 2 1 1 1647 1648 1727 1726
1039  3 2 1 1 1648 1649 1728 1727
1040  3 2 1 1 1649  398  399 1728
1041  3 2 1 1  374 1650 1729  373
1042  3 2 1 1 1650 1651 1730 1729
1043  3 2 1 1 1651 1652 1731 1730
1044  3 2 1 1 1652 1653 1732 1731
1045  3 2 1 1 1653 1654 1733 1732
1046  3 2 1 1 1654 1655 1734 1733
1047  3 2 1 1 1655 1656 1735 1734
1048  3 2 1 1 1656 1657 1736 1735
1049  3 2 1 1 1657 1658 1737 1736
1050  3 2 1 1 1658 1659 1738 1737
1051  3 2 1 1 1659 1660 1739 1738
1052  3 2 1 1 1660 1661 1740 1739
1053  3 2 1 1 1661 1662 1741 1740
1054  3 2 1 1 1662 1663 1742 1741
1055  3 2 1 1 1663 1664 1743 1742
1056  3 2 1 1 1664 1665 1744 1743
1057  3 2 1 1 1665 1666 1745 1744
1058  3 2 1 1 1666 1667 1746 1745
1059  3 2 1 1 1667 1668 1747 1746
1060  3 2 1 1 1668 1669 1748 1747
1061  3 2 1 1 1669 1670 1749 1748
1062  3 2 1 1 1670 1671 1750 1749
1063  3 2 1 1 1671 1672 1751 1750
1064  3 2 1 1 1672 1673 1752 1751
1065  3 2 1 1 1673 1674 1753 1752
1066  3 2 1 1 1674 1675 1754 1753
1067  3 2 1 1 1675 1676 1755 1754
1068  3 2 1 1 1676 1677 1756 1755
1069  3 2 1 1 1677 1678 1757 1756
1070  3 2 1 1 1678 1679 1758 1757
1071  3 2 1 1 1679 1680 1759 1758
1072  3 2 1 1 1680 1681 1760 1759
1073  3 2 1 1 1681 1682 1761 1760
1074  3 2 1 1 1682 1683 1762 1761
1075  3 2 1 1 1683 1684 1763 1762
1076  3 2 1 1 1684 1685 1764 1763
1077  3 2 1 1 1685 1686 1765 1764
1078  3 2 1 1 1686 1687 1766 1765
1079  3 2 1 1 1687 1688 1767 1766
1080  3 2 1 1 1688 1689 1768 1767
1081  3 2 1 1 1689 1690 1769 1768
1082  3 2 1 1 1690 1691 1770 1769
1083  3 2 1 1 1691 1692 1771 1770
1084  3 2 1 1 1692 1693 1772 1771
1085  3 2 1 1 1693 1694 1773 1772
1086  3 2 1 1 1694 1695 1774 1773
1087  3 2 1 1 1695 1696 1775 1774
1088  3 2 1 1 1696 1697 1776 1775
1089  3 2 1 1 1697 1698 1777 1776
1090  3 2 1 1 1698 1699 1778 1777
1091  3 2 1 1 1699 1700 1779 1778
1092  3 2 1 1 1700 1701 1780 1779
1093  3 2 1 1 1701 1702 1781 1780
1094  3 2 1 1 1702 1703 1782 1781
1095  3 2 1 1 1703 1704 1783 1782
1096  3 2 1 1 1704 1705 1784 1783
1097  3 2 1 1 1705 1706 1785 1784
1098  3 2 1 1 1706 1707 1786 1785
1099  3 2 1 1 1707 1708 1787 1786
1100  3 2 1 1 1708 1709 1788 1787
1101  3 2 1 1 1709 1710 1789 1788
1102  3 2 1 1 1710 1711 1790 1789
1103  3 2 1 1 1711 1712 1791 1790
1104  3 2 1 1 1712 1713 1792 1791
1105  3 2 1 1 1713 1714 1793 1792
1106  3 2 1 1 1714 1715 1794 1793
1107  3 2 1 1 1715 1716 1795 1794
1108  3 2 1 1 1716 1717 1796 1795
1109  3 2 1 1 1717 1718 1797 1796
1110  3 2 1 1 1718 1719 1798 1797
1111  3 2 1 1 1719 1720 1799 1798
1112  3 2 1 1 1720 1721 1800 1799
1113  3 2 1 1 1721 1722 1801 1800
1114  3 2 1 1 1722 1723 1802 1801
1115  3 2 1 1 1723 1724 1803 1802
1116  3 2 1 1 1724 1725 1804 1803
1117  3 2 1 1 1725 1726 1805 1804
1118  3 2 1 1 1726 1727 1806 1805
1119  3 2 1 1 1727 1728 1807 1806
1120  3 2 1 1 1728  399  400 1807
1121  3 2 1 1  373 1729 1808  372
1122  3 2 1 1 1729 1730 1809 1808
1123  3 2 1 1 1730 1731 1810 1809
1124  3 2 1 1 1731 1732 1811 1810
1125  3 2 1 1 1732 1733 1812 1811
1126  3 2 1 1 1733 1734 1813 1812
1127  3 2 1 1 1734 1735 1814 1813
1128  3 2 1 1 1735 1736 1815 1814
1129  3 2 1 1 1736 1737 1816 1815
1130  3 2 1 1 1737 1738 1817 1816
1131  3 2 1 1 1738 1739 1818 1817
1132  3 2 1 1 1739 1740 1819 1818
1133  3 2 1 1 1740 1741 1820 1819
1134  3 2 1 1 1741 1742 1821 1820
1135  3 2 1 1 1742 1743 1822 1821
1136  3 2 1 1 1743 1744 1823 1822
1137  3 2 1 1 1744 1745 1824 1823
1138  3 2 1 1 1745 1746 1825 1824
1139  3 2 1 1 1746 1747 1826 1825
1140  3 2 1 1 1747 1748 1827 1826
1141  3 2 1 1 1748 1749 1828 1827
1142  3 2 1 1 1749 1750 1829 1828
1143  3 2 1 1 1750 1751 1830 1829
1144  3 2 1 1 1751 1752 1831 1830
1145  3 2 1 1 1752 1753 1832 1831
1146  3 2 1 1 1753 1754 1833 1832
1147  3 2 1 1 1754 1755 1834 1833
1148  3 2 1 1 1755 1756 1835 1834
1149  3 2 1 1 1756 1757 1836 1835
1150  3 2 1 1 1757 1758 1837 1836
1151  3 2 1 1 1758 1759 1838 1837
1152  3 2 1 1 1759 1760 1839 1838
1153  3 2 1 1 1760 1761 1840 1839
1154  3 2 1 1 1761 1762 1841 1840
1155  3 2 1 1 1762 1763 1842 1841
1156  3 2 1 1 1763 1764 1843 1842
1157  3 2 1 1 1764 1765 1844 1843
1158  3 2 1 1 1765 1766 1845 1844
1159  3 2 1 1 1766 1767 1846 1845
1160  3 2 1 1 1767 1768 1847 1846
1161  3 2 1 1 1768 1769 1848 1847
1162  3 2 1 1 1769 1770 1849 1848
1163  3 2 1 1 1770 1771 1850 1849
1164  3 2 1 1 1771 1772 1851 1850
1165  3 2 1 1 1772 1773 1852 1851
1166  3 2 1 1 1773 1774 1853 1852
1167  3 2 1 1 1774 1775 1854 1853
1168  3 2 1 1 1775 1776 1855 1854
1169  3 2 1 1 1776 1777 1856 1855
1170  3 2 1 1 1777 1778 1857 1856
1171  3 2 1 1 1778 1779 1858 1857
1172  3 2 1 1 1779 1780 1859 1858
1173  3 2 1 1 1780 1781 1860 1859
1174  3 2 1 1 1781 1782 1861 1860
1175  3 2 1 1 1782 1783 1862 1861
1176  3 2 1 1 1783 1784 1863 1862
1177  3 2 1 1 1784 1785 1864 1863
1178  3 2 1 1 1785 1786 1865 1864
1179  3 2 1 1 1786 1787 1866 1865
1180  3 2 1 1 1787 1788 1867 1866
1181  3 2 1 1 1788 1789 1868 1867
1182  3 2 1 1 1789 1790 1869 1868
1183  3 2 1 1 1790 1791 1870 1869
1184  3 2 1 1 1791 1792 1871 1870
1185  3 2 1 1 1792 1793 1872 1871
1186  3 2 1 1 1793 1794 1873 1872
1187  3 2 1 1 1794 1795 1874 1873
1188  3 2 1 1 1795 1796 1875 1874
1189  3 2 1 1 1796 1797 1876 1875
1190  3 2 1 1 1797 1798 1877 1876
1191  3 2 1 1 1798 1799 1878 1877
1192  3 2 1 1 1799 1800 1879 1878
1193  3 2 1 1 1800 1801 1880 1879
1194  3 2 1 1 1801 1802 1881 1880
1195  3 2 1 1 1802 1803 1882 1881
1196  3 2 1 1 1803 1804 1883 1882
1197  3 2 1 1 1804 1805 1884 1883
1198  3 2 1 1 1805 1806 1885 1884
1199  3 2 1 1 1806 1807 1886 1885
1200  3 2 1 1 1807  400  401 1886
1201  3 2 1 1  372 1808 1887  371
1202  3 2 1 1 1808 1809 1888 1887
1203  3 2 1 1 1809 1810 1889 1888
1204  3 2 1 1 1810 1811 1890 1889
1205  3 2 1 1 1811 1812 1891 1890
1206  3 2 1 1 1812 1813 1892 1891
1207  3 2 1 1 1813 1814 1893 1892
1208  3 2 1 1 1814 1815 1894 1893
1209  3 2 1 1 1815 1816 1895 1894
1210  3 2 1 1 1816 1817 1896 1895
1211  3 2 1 1 1817 1818 1897 1896
1212  3 2 1 1 1818 1819 1898 1897
1213  3 2 1 1 1819 1820 1899 1898
1214  3 2 1 1 1820 1821 1900 1899
1215  3 2 1 1 1821 1822 1901 1900
1216  3 2 1 1 1822 1823 1902 1901
1217  3 2 1 1 1823 1824 1903 1902
1218  3 2 1 1 1824 1825 1904 1903
1219  3 2 1 1 1825 1826 1905 1904
1220  3 2 1 1 1826 1827 1906 1905
1221  3 2 1 1 1827 1828 1907 1906
1222  3 2 1 1 1828 1829 1908 1907
1223  3 2 1 1 1829 1830 1909 1908
1224  3 2 1 1 1830 1831 1910 1909
1225  3 2 1 1 1831 1832 1911 1910
1226  3 2 1 1 1832 1833 1912 1911
1227  3 2 1 1 1833 1834 1913 1912
1228  3 2 1 1 1834 1835 1914 1913
1229  3 2 1 1 1835 1836 1915 1914
1230  3 2 1 1 1836 1837 1916 1915
1231  3 2 1 1 1837 1838 1917 1916
1232  3 2 1 1 1838 1839 1918 1917
1233  3 2 1 1 1839 1840 1919 1918
1234  3 2 1 1 1840 1841 1920 1919
1235  3 2 1 1 1841 1842 1921 1920
1236  3 2 1 1 1842 1843 1922 1921
1237  3 2 1 1 1843 1844 1923 1922
1238  3 2 1 1 1844 1845 1924 1923
1239  3 2 1 1 1845 1846 1925 1924
1240  3 2 1 1 1846 1847 1926 1925
1241  3 2 1 1 1847 1848 1927 1926
1242  3 2 1 1 1848 1849 1928 1927
1243  3 2 1 1 1849 1850 1929 1928
1244  3 2 1 1 1850 1851 1930 1929
1245  3 2 1 1 1851 1852 1931 1930
1246  3 2 1 1 1852 1853 1932 1931
1247  3 2 1 1 1853 1854 1933 1932
1248  3 2 1 1 1854 1855 1934 1933
1249  3 2 1 1 1855 1856 1935 1934
1250  3 2 1 1 1856 1857 1936 1935
1251  3 2 1 1 1857 1858 1937 1936
1252  3 2 1 1 1858 1859 1938 1937
1253  3 2 1 1 1859 1860 1939 1938
1254  3 2 1 1 1860 1861 1940 1939
1255  3 2 1 1 1861 1862 1941 1940
1256  3 2 1 1 1862 1863 1942 1941
1257  3 2 1 1 1863 1864 1943 1942
1258  3 2 1 1 1864 1865 1944 1943
1259  3 2 1 1 1865 1866 1945 1944
1260  3 2 1 1 1866 1867 1946 1945
1261  3 2 1 1 1867 1868 1947 1946
1262  3 2 1 1 1868 1869 1948 1947
1263  3 2 1 1 1869 1870 1949 1948
1264  3 2 1 1 1870 1871 1950 1949
1265  3 2 1 1 1871 1872 1951 1950
1266  3 2 1 1 1872 1873 1952 1951
1267  3 2 1 1 1873 1874 1953 1952
1268  3 2 1 1 1874 1875 1954 1953
1269  3 2 1 1 1875 1876 1955 1954
1270  3 2 1 1 1876 1877 1956 1955
1271  3 2 1 1 1877 1878 1957 1956
1272  3 2 1 1 1878 1879 1958 1957
1273  3 2 1 1 1879 1880 1959 1958
1274  3 2 1 1 1880 1881 1960 1959
1275  3 2 1 1 1881 1882 1961 1960
1276  3 2 1 1 1882 1883 1962 1961
1277  3 2 1 1 1883 1884 1963 1962
1278  3 2 1 1 1884 1885 1964 1963
1279  3 2 1 1 1885 1886 1965 1964
1280  3 2 1 1 1886  401  402 1965
1281  3 2 1 1  371 1887 1966  370
1282  3 2 1 1 1887 1888 1967 1966
1283  3 2 1 1 1888 1889 1968 1967
1284  3 2 1 1 1889 1890 1969 1968
1285  3 2 1 1 1890 1891 1970 1969
1286  3 2 1 1 1891 1892 1971 1970
1287  3 2 1 1 1892 1893 1972 1971
1288  3 2 1 1 1893 1894 1973 1972
1289  3 2 1 1 1894 1895 1974 1973
1290  3 2 1 1 1895 1896 1975 1974
1291  3 2 1 1 1896 1897 1976 1975
1292  3 2 1 1 1897 1898 1977 1976
1293  3 2 1 1 1898 1899 1978 1977
1294  3 2 1 1 1899 1900 1979 1978
1295  3 2 1 1 1900 1901 1980 1979
1296  3 2 1 1 1901 1902 1981 1980
1297  3 2 1 1 1902 1903 1982 1981
1298  3 2 1 1 1903 1904 1983 1982
1299  3 2 1 1 1904 1905 1984 1983
1300  3 2 1 1 1905 1906 1985 1984
1301  3 2 1 1 1906 1907 1986 1985
1302  3 2 1 1 1907 1908 1987 1986
1303  3 2 1 1 1908 1909 1988 1987
1304  3 2 1 1 1909 1910 1989 1988
1305  3 2 1 1 1910 1911 1990 1989
1306  3 2 1 1 1911 1912 1991 1990
1307  3 2 1 1 1912 1913 1992 1991
1308  3 2 1 1 1913 1914 1993 1992
1309  3 2 1 1 1914 1915 1994 1993
1310  3 2 1 1 1915 1916 1995 1994
1311  3 2 1 1 1916 1917 1996 1995
1312  3 2 1 1 1917 1918 1997 1996
1313  3 2 1 1 1918 1919 1998 1997
1314  3 2 1 1 1919 1920 1999 1998
1315  3 2 1 1 1920 1921 2000 1999
1316  3 2 1 1 1921 1922 2001 2000
1317  3 2 1 1 1922 1923 2002 2001
1318  3 2 1 1 1923 1924 2003 2002
1319  3 2 1 1 1924 1925 2004 2003
1320  3 2 1 1 1925 1926 2005 2004
1321  3 2 1 1 1926 1927 2006 2005
1322  3 2 1 1 1927 1928 2007 2006
1323  3 2 1 1 1928 1929 2008 2007
1324  3 2 1 1 1929 1930 2009 2008
1325  3 2 1 1 1930 1931 2010 2009
1326  3 2 1 1 1931 1932 2011 2010
1327  3 2 1 1 1932 1933 2012 2011
1328  3 2 1 1 1933 1934 2013 2012
1329  3 2 1 1 1934 1935 2014 2013
1330  3 2 1 1 1935 1936 2015 2014
1331  3 2 1 1 1936 1937 2016 2015
1332  3 2 1 1 1937 1938 2017 2016
1333  3 2 1 1 1938 1939 2018 2017
1334  3 2 1 1 1939 1940 2019 2018
1335  3 2 1 1 1940 1941 2020 2019
1336  3 2 1 1 1941 1942 2021 2020
1337  3 2 1 1 1942 1943 2022 2021
1338  3 2 1 1 1943 1944 2023 2022
1339  3 2 1 1 1944 1945 2024 2023
1340  3 2 1 1 1945 1946 2025 2024
1341  3 2 1 1 1946 1947 2026 2025
1342  3 2 1 1 1947 1948 2027 2026
1343  3 2 1 1 1948 1949 2028 2027
1344  3 2 1 1 1949 1950 2029 2028
1345  3 2 1 1 1950 1951 2030 2029
1346  3 2 1 1 1951 1952 2031 2030
1347  3 2 1 1 1952 1953 2032 2031
1348  3 2 1 1 1953 1954 2033 2032
1349  3 2 1 1 1954 1955 2034 2033
1350  3 2 1 1 1955 1956 2035 2034
1351  3 2 1 1 1956 1957 2036 2035
1352  3 2 1 1 1957 1958 2037 2036
1353  3 2 1 1 1958 1959 2038 2037
1354  3 2 1 1 1959 1960 2039 2038
1355  3 2 1 1 1960 1961 2040 2039
1356  3 2 1 1 1961 1962 2041 2040
1357  3 2 1 1 1962 1963 2042 2041
1358  3 2 1 1 1963 1964 2043 2042
1359  3 2 1 1 1964 1965 2044 2043
1360  3 2 1 1 1965  402  403 2044
1361  3 2 1 1  370 1966 2045  369
1362  3 2 1 1 1966 1967 2046 2045
1363  3 2 1 1 1967 1968 2047 2046
1364  3 2 1 1 1968 1969 2048 2047
1365  3 2 1 1 1969 1970 2049 2048
1366  3 2 1 1 1970 1971 2050 2049
1367  3 2 1 1 1971 1972 2051 2050
1368  3 2 1 1 1972 1973 2052 2051
1369  3 2 1 1 1973 1974 2053 2052
1370  3 2 1 1 1974 1975 2054 2053
1371  3 2 1 1 1975 1976 2055 2054
1372  3 2 1 1 1976 1977 2056 2055
1373  3 2 1 1 1977 1978 2057 2056
1374  3 2 1 1 1978 1979 2058 2057
1375  3 2 1 1 1979 1980 2059 2058
1376  3 2 1 1 1980 1981 2060 2059
1377  3 2 1 1 1981 1982 2061 2060
1378  3 2 1 1 1982 1983 2062 2061
1379  3 2 1 1 1983 1984 2063 2062
1380  3 2 1 1 1984 1985 2064 2063
1381  3 2 1 1 1985 1986 2065 2064
1382  3 2 1 1 1986 1987 2066 2065
1383  3 2 1 1 1987 1988 2067 2066
1384  3 2 1 1 1988 1989 2068 2067
1385  3 2 1 1 1989 1990 2069 2068
1386  3 2 1 1 1990 1991 2070 2069
1387  3 2 1 1 1991 1992 2071 2070
1388  3 2 1 1 1992 1993 2072 2071
1389  3 2 1 1 1993 1994 2073 2072
1390  3 2 1 1 1994 1995 2074 2073
1391  3 2 1 1 1995 1996 2075 2074
1392  3 2 1 1 1996 1997 2076 2075
1393  3 2 1 1 1997 1998 2077 2076
1394  3 2 1 1 1998 1999 2078 2077
1395  3 2 1 1 1999 2000 2079 2078
1396  3 2 1 1 2000 2001 2080 2079
1397  3 2 1 1 2001 2002 2081 2080
1398  3 2 1 1 2002 2003 2082 2081
1399  3 2 1 1 2003 2004 2083 2082
1400  3 2 1 1 2004 2005 2084 2083
1401  3 2 1 1 2005 2006 2085 2084
1402  3 2 1 1 2006 2007 2086 2085
1403  3 2 1 1 2007 2008 2087 2086
1404  3 2 1 1 2008 2009 2088 2087
1405  3 2 1 1 2009 2010 2089 2088
1406  3 2 1 1 2010 2011 2090 2089
1407  3 2 1 1 2011 2012 2091 2090
1408  3 2 1 1 2012 2013 2092 2091
1409  3 2 1 1 2013 2014 2093 2092
1410  3 2 1 1 2014 2015 2094 2093
1411  3 2 1 1 2015 2016 2095 2094
1412  3 2 1 1 2016 2017 2096 2095
1413  3 2 1 1 2017 2018 2097 2096
1414  3 2 1 1 2018 2019 2098 2097
1415  3 2 1 1 2019 2020 2099 2098
1416  3 2 1 1 2020 2021 2100 2099
1417  3 2 1 1 2021 2022 2101 2100
1418  3 2 1 1 2022 2023 2102 2101
1419  3 2 1 1 2023 2024 2103 2102
1420  3 2 1 1 2024 2025 2104 2103
1421  3 2 1 1 2025 2026 2105 2104
1422  3 2 1 1 2026 2027 2106 2105
1423  3 2 1 1 2027 2028 2107 2106
1424  3 2 1 1 2028 2029 2108 2107
1425  3 2 1 1 2029 2030 2109 2108
1426  3 2 1 1 2030 2031 2110 2109
1427  3 2 1 1 2031 2032 2111 2110
1428  3 2 1 1 2032 2033 2112 2111
1429  3 2 1 1 2033 2034 2113 2112
1430  3 2 1 1 2034 2035 2114 2113
1431  3 2 1 1 2035 2036 2115 2114
1432  3 2 1 1 2036 2037 2116 2115
1433  3 2 1 1 2037 2038 2117 2116
1434  3 2 1 1 2038 2039 2118 2117
1435  3 2 1 1 2039 2040 2119 2118
1436  3 2 1 1 2040 2041 2120 2119
1437  3 2 1 1 2041 2042 2121 2120
1438  3 2 1 1 2042 2043 2122 2121
1439  3 2 1 1 2043 2044 2123 2122
1440  3 2 1 1 2044  403  404 2123
1441  3 2 1 1  369 2045 2124  368
1442  3 2 1 1 2045 2046 2125 2124
1443  3 2 1 1 2046 2047 2126 2125
1444  3 2 1 1 2047 2048 2127 2126
1445  3 2 1 1 2048 2049 2128 2127
1446  3 2 1 1 2049 2050 2129 2128
1447  3 2 1 1 2050 2051 2130 2129
1448  3 2 1 1 2051 2052 2131 2130
1449  3 2 1 1 2052 2053 2132 2131
1450  3 2 1 1 2053 2054 2133 2132
1451  3 2 1 1 2054 2055 2134 2133
1452  3 2 1 1 2055 2056 2135 2134
1453  3 2 1 1 2056 2057 2136 2135
1454  3 2 1 1 2057 2058 2137 2136
1455  3 2 1 1 2058 2059 2138 2137
1456  3 2 1 1 2059 2060 2139 2138
1457  3 2 1 1 2060 2061 2140 2139
1458  3 2 1 1 2061 2062 2141 2140
1459  3 2 1 1 2062 2063 2142 2141
1460  3 2 1 1 2063 2064 2143 2142
1461  3 2 1 1 2064 2065 2144 2143
1462  3 2 1 1 2065 2066 2145 2144
1463  3 2 1 1 2066 2067 2146 2145
1464  3 2 1 1 2067 2068 2147 2146
1465  3 2 1 1 2068 2069 2148 2147
1466  3 2 1 1 2069 2070 2149 2148
1467  3 2 1 1 2070 2071 2150 2149
1468  3 2 1 1 2071 2072 2151 2150
1469  3 2 1 1 2072 2073 2152 2151
1470  3 2 1 1 2073 2074 2153 2152
1471  3 2 1 1 2074 2075 2154 2153
1472  3 2 1 1 2075 2076 2155 2154
1473  3 2 1 1 2076 2077 2156 2155
1474  3 2 1 1 2077 2078 2157 2156
1475  3 2 1 1 2078 2079 2158 2157
1476  3 2 1 1 2079 2080 2159 2158
1477  3 2 1 1 2080 2081 2160 2159
1478  3 2 1 1 2081 2082 2161 2160
1479  3 2 1 1 2082 2083 2162 2161
1480  3 2 1 1 2083 2084 2163 2162
1481  3 2 1 1 2084 2085 2164 2163
1482  3 2 1 1 2085 2086 2165 2164
1483  3 2 1 1 2086 2087 2166 2165
1484  3 2 1 1 2087 2088 2167 2166
1485  3 2 1 1 2088 2089 2168 2167
1486  3 2 1 1 2089 2090 2169 2168
1487  3 2 1 1 2090 2091 2170 2169
1488  3 2 1 1 2091 2092 2171 2170
1489  3 2 1 1 2092 2093 2172 2171
1490  3 2 1 1 2093 2094 2173 2172
1491  3 2 1 1 2094 2095 2174 2173
1492  3 2 1 1 2095 2096 2175 2174
1493  3 2 1 1 2096 2097 2176 2175
1494  3 2 1 1 2097 2098 2177 2176
1495  3 2 1 1 2098 2099 2178 2177
1496  3 2 1 1 2099 2100 2179 2178
1497  3 2 1 1 2100 2101 2180 2179
1498  3 2 1 1 2101 2102 2181 2180
1499  3 2 1 1 2102 2103 2182 2181
1500  3 2 1 1 2103 2104 2183 2182
1501  3 2 1 1 2104 2105 2184 2183
1502  3 2 1 1 2105 2106 2185 2184
1503  3 2 1 1 2106 2107 2186 2185
1504  3 2 1 1 2107 2108 2187 2186
1505  3 2 1 1 2108 2109 2188 2187
1506  3 2 1 1 2109 2110 2189 2188
1507  3 2 1 1 2110 2111 2190 2189
1508  3 2 1 1 2111 2112 2191 2190
1509  3 2 1 1 2112 2113 2192 2191
1510  3 2 1 1 2113 2114 2193 2192
1511  3 2 1 1 2114 2115 2194 2193
1512  3 2 1 1 2115 2116 2195 2194
1513  3 2 1 1 2116 2117 2196 2195
1514  3 2 1 1 2117 2118 2197 2196
1515  3 2 1 1 2118 2119 2198 2197
1516  3 2 1 1 2119 2120 2199 2198
1517  3 2 1 1 2120 2121 2200 2199
1518  3 2 1 1 2121 2122 2201 2200
1519  3 2 1 1 2122 2123 2202 2201
1520  3 2 1 1 2123  404  405 2202
1521  3 2 1 1  368 2124 2203   11
1522  3 2 1 1 2124 2125 2204 2203
1523  3 2 1 1 2125 2126 2205 2204
1524  3 2 1 1 2126 2127 2206 2205
1525  3 2 1 1 2127 2128 2207 2206
1526  3 2 1 1 2128 2129 2208 2207
1527  3 2 1 1 2129 2130 2209 2208
1528  3 2 1 1 2130 2131 2210 2209
1529  3 2 1 1 2131 2132 2211 2210
1530  3 2 1 1 2132 2133 2212 2211
1531  3 2 1 1 2133 2134 2213 2212
1532  3 2 1 1 2134 2135 2214 2213
1533  3 2 1 1 2135 2136 2215 2214
1534  3 2 1 1 2136 2137 2216 2215
1535  3 2 1 1 2137 2138 2217 2216
1536  3 2 1 1 2138 2139 2218 2217
1537  3 2 1 1 2139 2140 2219 2218
1538  3 2 1 1 2140 2141 2220 2219
1539  3 2 1 1 2141 2142 2221 2220
1540  3 2 1 1 2142 2143 2222 2221
1541  3 2 1 1 2143 2144 2223 2222
1542  3 2 1 1 2144 2145 2224 2223
1543  3 2 1 1 2145 2146 2225 2224
1544  3 2 1 1 2146 2147 2226 2225
1545  3 2 1 1 2147 2148 2227 2226
1546  3 2 1 1 2148 2149 2228 2227
1547  3 2 1 1 2149 2150 2229 2228
1548  3 2 1 1 2150 2151 2230 2229
1549  3 2 1 1 2151 2152 2231 2230
1550  3 2 1 1 2152 2153 2232 2231
1551  3 2 1 1 2153 2154 2233 2232
1552  3 2 1 1 2154 2155 2234 2233
1553  3 2 1 1 2155 2156 2235 2234
1554  3 2 1 1 2156 2157 2236 2235
1555  3 2 1 1 2157 2158 2237 2236
1556  3 2 1 1 2158 2159 2238 2237
1557  3 2 1 1 2159 2160 2239 2238
1558  3 2 1 1 2160 2161 2240 2239
1559  3 2 1 1 2161 2162 2241 2240
1560  3 2 1 1 2162 2163 2242 2241
1561  3 2 1 1 2163 2164 2243 2242
1562  3 2 1 1 2164 2165 2244 2243
1563  3 2 1 1 2165 2166 2245 2244
1564  3 2 1 1 2166 2167 2246 2245
1565  3 2 1 1 2167 2168 2247 2246
1566  3 2 1 1 2168 2169 2248 2247
1567  3 2 1 1 2169 2170 2249 2248
1568  3 2 1 1 2170 2171 2250 2249
1569  3 2 1 1 2171 2172 2251 2250
1570  3 2 1 1 2172 2173 2252 2251
1571  3 2 1 1 2173 2174 2253 2252
1572  3 2 1 1 2174 2175 2254 2253
1573  3 2 1 1 2175 2176 2255 2254
1574  3 2 1 1 2176 2177 2256 2255
1575  3 2 1 1 2177 2178 2257 2256
1576  3 2 1 1 2178 2179 2258 2257
1577  3 2 1 1 2179 2180 2259 2258
1578  3 2 1 1 2180 2181 2260 2259
1579  3 2 1 1 2181 2182 2261 2260
1580  3 2 1 1 2182 2183 2262 2261
1581  3 2 1 1 2183 2184 2263 2262
1582  3 2 1 1 2184 2185 2264 2263
1583  3 2 1 1 2185 2186 2265 2264
1584  3 2 1 1 2186 2187 2266 2265
1585  3 2 1 1 2187 2188 2267 2266
1586  3 2 1 1 2188 2189 2268 2267
1587  3 2 1 1 2189 2190 2269 2268
1588  3 2 1 1 2190 2191 2270 2269
1589  3 2 1 1 2191 2192 2271 2270
1590  3 2 1 1 2192 2193 2272 2271
1591  3 2 1 1 2193 2194 2273 2272
1592  3 2 1 1 2194 2195 2274 2273
1593  3 2 1 1 2195 2196 2275 2274
1594  3 2 1 1 2196 2197 2276 2275
1595  3 2 1 1 2197 2198 2277 2276
1596  3 2 1 1 2198 2199 2278 2277
1597  3 2 1 1 2199 2200 2279 2278
1598  3 2 1 1 2200 2201 2280 2279
1599  3 2 1 1 2201 2202 2281 2280
1600  3 2 1 1 2202  405  406 2281
1601  3 2 1 1   11 2203 2282  367
1602  3 2 1 1 2203 2204 2283 2282
1603  3 2 1 1 2204 2205 2284 2283
1604  3 2 1 1 2205 2206 2285 2284
1605  3 2 1 1 2206 2207 2286 2285
1606  3 2 1 1 2207 2208 2287 2286
1607  3 2 1 1 2208 2209 2288 2287
1608  3 2 1 1 2209 2210 2289 2288
1609  3 2 1 1 2210 2211 2290 2289
1610  3 2 1 1 2211 2212 2291 2290
1611  3 2 1 1 2212 2213 2292 2291
1612  3 2 1 1 2213 2214 2293 2292
1613  3 2 1 1 2214 2215 2294 2293
1614  3 2 1 1 2215 2216 2295 2294
1615  3 2 1 1 2216 2217 2296 2295
1616  3 2 1 1 2217 2218 2297 2296
1617  3 2 1 1 2218 2219 2298 2297
1618  3 2 1 1 2219 2220 2299 2298
1619  3 2 1 1 2220 2221 2300 2299
1620  3 2 1 1 2221 2222 2301 2300
1621  3 2 1 1 2222 2223 2302 2301
1622  3 2 1 1 2223 2224 2303 2302
1623  3 2 1 1 2224 2225 2304 2303
1624  3 2 1 1 2225 2226 2305 2304
1625  3 2 1 1 2226 2227 2306 2305
1626  3 2 1 1 2227 2228 2307 2306
1627  3 2 1 1 2228 2229 2308 2307
1628  3 2 1 1 2229 2230 2309 2308
1629  3 2 1 1 2230 2231 2310 2309
1630  3 2 1 1 2231 2232 2311 2310
1631  3 2 1 1 2232 2233 2312 2311
1632  3 2 1 1 2233 2234 2313 2312
1633  3 2 1 1 2234 2235 2314 2313
1634  3 2 1 1 2235 2236 2315 2314
1635  3 2 1 1 2236 2237 2316 2315
1636  3 2 1 1 2237 2238 2317 2316
1637  3 2 1 1 2238 2239 2318 2317
1638  3 2 1 1 2239 2240 2319 2318
1639  3 2 1 1 2240 2241 2320 2319
1640  3 2 1 1 2241 2242 2321 2320
1641  3 2 1 1 2242 2243 2322 2321
1642  3 2 1 1 2243 2244 2323 2322
1643  3 2 1 1 2244 2245 2324 2323
1644  3 2 1 1 2245 2246 2325 2324
1645  3 2 1 1 2246 2247 2326 2325
1646  3 2 1 1 2247 2248 2327 2326
1647  3 2 1 1 2248 2249 2328 2327
1648  3 2 1 1 2249 2250 2329 2328
1649  3 2 1 1 2250 2251 2330 2329
1650  3 2 1 1 2251 2252 2331 2330
1651  3 2 1 1 2252 2253 2332 2331
1652  3 2 1 1 2253 2254 2333 2332
1653  3 2 1 1 2254 2255 2334 2333
1654  3 2 1 1 2255 2256 2335 2334
1655  3 2 1 1 2256 2257 2336 2335
1656  3 2 1 1 2257 2258 2337 2336
1657  3 2 1 1 2258 2259 2338 2337
1658  3 2 1 1 2259 2260 2339 2338
1659  3 2 1 1 2260 2261 2340 2339
1660  3 2 1 1 2261 2262 2341 2340
1661  3 2 1 1 2262 2263 2342 2341
1662  3 2 1 1 2263 2264 2343 2342
1663  3 2 1 1 2264 2265 2344 2343
1664  3 2 1 1 2265 2266 2345 2344
1665  3 2 1 1 2266 2267 2346 2345
1666  3 2 1 1 2267 2268 2347 2346
1667  3 2 1 1 2268 2269 2348 2347
1668  3 2 1 1 2269 2270 2349 2348
1669  3 2 1 1 2270 2271 2350 2349
1670  3 2 1 1 2271 2272 2351 2350
1671  3 2 1 1 2272 2273 2352 2351
1672  3 2 1 1 2273 2274 2353 2352
1673  3 2 1 1 2274 2275 2354 2353
1674  3 2 1 1 2275 2276 2355 2354
1675  3 2 1 1 2276 2277 2356 2355
1676  3 2 1 1 2277 2278 2357 2356
1677  3 2 1 1 2278 2279 2358 2357
1678  3 2 1 1 2279 2280 2359 2358
1679  3 2 1 1 2280 2281 2360 2359
1680  3 2 1 1 2281  406  407 2360
1681  3 2 1 1  367 2282 2361  366
1682  3 2 1 1 2282 2283 2362 2361
1683  3 2 1 1 2283 2284 2363 2362
1684  3 2 1 1 2284 2285 2364 2363
1685  3 2 1 1 2285 2286 2365 2364
1686  3 2 1 1 2286 2287 2366 2365
1687  3 2 1 1 2287 2288 2367 2366
1688  3 2 1 1 2288 2289 2368 2367
1689  3 2 1 1 2289 2290 2369 2368
1690  3 2 1 1 2290 2291 2370 2369
1691  3 2 1 1 2291 2292 2371 2370
1692  3 2 1 1 2292 2293 2372 2371
1693  3 2 1 1 2293 2294 2373 2372
1694  3 2 1 1 2294 2295 2374 2373
1695  3 2 1 1 2295 2296 2375 2374
1696  3 2 1 1 2296 2297 2376 2375
1697  3 2 1 1 2297 2298 2377 2376
1698  3 2 1 1 2298 2299 2378 2377
1699  3 2 1 1 2299 2300 2379 2378
1700  3 2 1 1 2300 2301 2380 2379
1701  3 2 1 1 2301 2302 2381 2380
1702  3 2 1 1 2302 2303 2382 2381
1703  3 2 1 1 2303 2304 2383 2382
1704  3 2 1 1 2304 2305 2384 2383
1705  3 2 1 1 2305 2306 2385 2384
1706  3 2 1 1 2306 2307 2386 2385
1707  3 2 1 1 2307 2308 2387 2386
1708  3 2 1 1 2308 2309 2388 2387
1709  3 2 1 1 2309 2310 2389 2388
1710  3 2 1 1 2310 2311 2390 2389
1711  3 2 1 1 2311 2312 2391 2390
1712  3 2 1 1 2312 2313 2392 2391
1713  3 2 1 1 2313 2314 2393 2392
1714  3 2 1 1 2314 2315 2394 2393
1715  3 2 1 1 2315 2316 2395 2394
1716  3 2 1 1 2316 2317 2396 2395
1717  3 2 1 1 2317 2318 2397 2396
1718  3 2 1 1 2318 2319 2398 2397
1719  3 2 1 1 2319 2320 2399 2398
1720  3 2 1 1 2320 2321 2400 2399
1721  3 2 1 1 2321 2322 2401 2400
1722  3 2 1 1 2322 2323 2402 2401
1723  3 2 1 1 2323 2324 2403 2402
1724  3 2 1 1 2324 2325 2404 2403
1725  3 2 1 1 2325 2326 2405 2404
1726  3 2 1 1 2326 2327 2406 2405
1727  3 2 1 1 2327 2328 2407 2406
1728  3 2 1 1 2328 2329 2408 2407
1729  3 2 1 1 2329 2330 2409 2408
1730  3 2 1 1 2330 2331 2410 2409
1731  3 2 1 1 2331 2332 2411 2410
1732  3 2 1 1 2332 2333 2412 2411
1733  3 2 1 1 2333 2334 2413 2412
1734  3 2 1 1 2334 2335 2414 2413
1735  3 2 1 1 2335 2336 2415 2414
1736  3 2 1 1 2336 2337 2416 2415
1737  3 2 1 1 2337 2338 2417 2416
1738  3 2 1 1 2338 2339 2418 2417
1739  3 2 1 1 2339 2340 2419 2418
1740  3 2 1 1 2340 2341 2420 2419
1741  3 2 1 1 2341 2342 2421 2420
1742  3 2 1 1 2342 2343 2422 2421
1743  3 2 1 1 2343 2344 2423 2422
1744  3 2 1 1 2344 2345 2424 2423
1745  3 2 1 1 2345 2346 2425 2424
1746  3 2 1 1 2346 2347 2426 2425
1747  3 2 1 1 2347 2348 2427 2426
1748  3 2 1 1 2348 2349 2428 2427
1749  3 2 1 1 2349 2350 2429 2428
1750  3 2 1 1 2350 2351 2430 2429
1751  3 2 1 1 2351 2352 2431 2430
1752  3 2 1 1 2352 2353 2432 2431
1753  3 2 1 1 2353 2354 2433 2432
1754  3 2 1 1 2354 2355 2434 2433
1755  3 2 1 1 2355 2356 2435 2434
1756  3 2 1 1 2356 2357 2436 2435
1757  3 2 1 1 2357 2358 2437 2436
1758  3 2 1 1 2358 2359 2438 2437
1759  3 2 1 1 2359 2360 2439 2438
1760  3 2 1 1 2360  407  408 2439
1761  3 2 1 1  366 2361 2440  365
1762  3 2 1 1 2361 2362 2441 2440
1763  3 2 1 1 2362 2363 2442 2441
1764  3 2 1 1 2363 2364 2443 2442
1765  3 2 1 1 2364 2365 2444 2443
1766  3 2 1 1 2365 2366 2445 2444
1767  3 2 1 1 2366 2367 2446 2445
1768  3 2 1 1 2367 2368 2447 2446
1769  3 2 1 1 2368 2369 2448 2447
1770  3 2 1 1 2369 2370 2449 2448
1771  3 2 1 1 2370 2371 2450 2449
1772  3 2 1 1 2371 2372 2451 2450
1773  3 2 1 1 2372 2373 2452 2451
1774  3 2 1 1 2373 2374 2453 2452
1775  3 2 1 1 2374 2375 2454 2453
1776  3 2 1 1 2375 2376 2455 2454
1777  3 2 1 1 2376 2377 2456 2455
1778  3 2 1 1 2377 2378 2457 2456
1779  3 2 1 1 2378 2379 2458 2457
1780  3 2 1 1 2379 2380 2459 2458
1781  3 2 1 1 2380 2381 2460 2459
1782  3 2 1 1 2381 2382 2461 2460
1783  3 2 1 1 2382 2383 2462 2461
1784  3 2 1 1 2383 2384 2463 2462
1785  3 2 1 1 2384 2385 2464 2463
1786  3 2 1 1 2385 2386 2465 2464
1787  3 2 1 1 2386 2387 2466 2465
1788  3 2 1 1 2387 2388 2467 2466
1789  3 2 1 1 2388 2389 2468 2467
1790  3 2 1 1 2389 2390 2469 2468
1791  3 2 1 1 2390 2391 2470 2469
1792  3 2 1 1 2391 2392 2471 2470
1793  3 2 1 1 2392 2393 2472 2471
1794  3 2 1 1 2393 2394 2473 2472
1795  3 2 1 1 2394 2395 2474 2473
1796  3 2 1 1 2395 2396 2475 2474
1797  3 2 1 1 2396 2397 2476 2475
1798  3 2 1 1 2397 2398 2477 2476
1799  3 2 1 1 2398 2399 2478 2477
1800  3 2 1 1 2399 2400 2479 2478
1801  3 2 1 1 2400 2401 2480 2479
1802  3 2 1 1 2401 2402 2481 2480
1803  3 2 1 1 2402 2403 2482 2481
1804  3 2 1 1 2403 2404 2483 2482
1805  3 2 1 1 2404 2405 2484 2483
1806  3 2 1 1 2405 2406 2485 2484
1807  3 2 1 1 2406 2407 2486 2485
1808  3 2 1 1 2407 2408 2487 2486
1809  3 2 1 1 2408 2409 2488 2487
1810  3 2 1 1 2409 2410 2489 2488
1811  3 2 1 1 2410 2411 2490 2489
1812  3 2 1 1 2411 2412 2491 2490
1813  3 2 1 1 2412 2413 2492 2491
1814  3 2 1 1 2413 2414 2493 2492
1815  3 2 1 1 2414 2415 2494 2493
1816  3 2 1 1 2415 2416 2495 2494
1817  3 2 1 1 2416 2417 2496 2495
1818  3 2 1 1 2417 2418 2497 2496
1819  3 2 1 1 2418 2419 2498 2497
1820  3 2 1 1 2419 2420 2499 2498
1821  3 2 1 1 2420 2421 2500 2499
1822  3 2 1 1 2421 2422 2501 2500
1823  3 2 1 1 2422 2423 2502 2501
1824  3 2 1 1 2423 2424 2503 2502
1825  3 2 1 1 2424 2425 2504 2503
1826  3 2 1 1 2425 2426 2505 2504
1827  3 2 1 1 2426 2427 2506 2505
1828  3 2 1 1 2427 2428 2507 2506
1829  3 2 1 1 2428 2429 2508 2507
1830  3 2 1 1 2429 2430 2509 2508
1831  3 2 1 1 2430 2431 2510 2509
1832  3 2 1 1 2431 2432 2511 2510
1833  3 2 1 1 2432 2433 2512 2511
1834  3 2 1 1 2433 2434 2513 2512
1835  3 2 1 1 2434 2435 2514 2513
1836  3 2 1 1 2435 2436 2515 2514
1837  3 2 1 1 2436 2437 2516 2515
1838  3 2 1 1 2437 2438 2517 2516
1839  3 2 1 1 2438 2439 2518 2517
1840  3 2 1 1 2439  408  409 2518
1841  3 2 1 1  365 2440 2519  364
1842  3 2 1 1 2440 2441 2520 2519
1843  3 2 1 1 2441 2442 2521 2520
1844  3 2 1 1 2442 2443 2522 2521
1845  3 2 1 1 2443 2444 2523 2522
1846  3 2 1 1 2444 2445 2524 2523
1847  3 2 1 1 2445 2446 2525 2524
1848  3 2 1 1 2446 2447 2526 2525
1849  3 2 1 1 2447 2448 2527 2526
1850  3 2 1 1 2448 2449 2528 2527
1851  3 2 1 1 2449 2450 2529 2528
1852  3 2 1 1 2450 2451 2530 2529
1853  3 2 1 1 2451 2452 2531 2530
1854  3 2 1 1 2452 2453 2532 2531
1855  3 2 1 1 2453 2454 2533 2532
1856  3 2 1 1 2454 2455 2534 2533
1857  3 2 1 1 2455 2456 2535 2534
1858  3 2 1 1 2456 2457 2536 2535
1859  3 2 1 1 2457 2458 2537 2536
1860  3 2 1 1 2458 2459 2538 2537
1861  3 2 1 1 2459 2460 2539 2538
1862  3 2 1 1 2460 2461 2540 2539
1863  3 2 1 1 2461 2462 2541 2540
1864  3 2 1 1 2462 2463 2542 2541
1865  3 2 1 1 2463 2464 2543 2542
1866  3 2 1 1 2464 2465 2544 2543
1867  3 2 1 1 2465 2466 2545 2544
1868  3 2 1 1 2466 2467 2546 2545
1869  3 2 1 1 2467 2468 2547 2546
1870  3 2 1 1 2468 2469 2548 2547
1871  3 2 1 1 2469 2470 2549 2548
1872  3 2 1 1 2470 2471 2550 2549
1873  3 2 1 1 2471 2472 2551 2550
1874  3 2 1 1 2472 2473 2552 2551
1875  3 2 1 1 2473 2474 2553 2552
1876  3 2 1 1 2474 2475 2554 2553
1877  3 2 1 1 2475 2476 2555 2554
1878  3 2 1 1 2476 2477 2556 2555
1879  3 2 1 1 2477 2478 2557 2556
1880  3 2 1 1 2478 2479 2558 2557
1881  3 2 1 1 2479 2480 2559 2558
1882  3 2 1 1 2480 2481 2560 2559
1883  3 2 1 1 2481 2482 2561 2560
1884  3 2 1 1 2482 2483 2562 2561
1885  3 2 1 1 2483 2484 2563 2562
1886  3 2 1 1 2484 2485 2564 2563
1887  3 2 1 1 2485 2486 2565 2564
1888  3 2 1 1 2486 2487 2566 2565
1889  3 2 1 1 2487 2488 2567 2566
1890  3 2 1 1 2488 2489 2568 2567
1891  3 2 1 1 2489 2490 2569 2568
1892  3 2 1 1 2490 2491 2570 2569
1893  3 2 1 1 2491 2492 2571 2570
1894  3 2 1 1 2492 2493 2572 2571
1895  3 2 1 1 2493 2494 2573 2572
1896  3 2 1 1 2494 2495 2574 2573
1897  3 2 1 1 2495 2496 2575 2574
1898  3 2 1 1 2496 2497 2576 2575
1899  3 2 1 1 2497 2498 2577 2576
1900  3 2 1 1 2498 2499 2578 2577
1901  3 2 1 1 2499 2500 2579 2578
1902  3 2 1 1 2500 2501 2580 2579
1903  3 2 1 1 2501 2502 2581 2580
1904  3 2 1 1 2502 2503 2582 2581
1905  3 2 1 1 2503 2504 2583 2582
1906  3 2 1 1 2504 2505 2584 2583
1907  3 2 1 1 2505 2506 2585 2584
1908  3 2 1 1 2506 2507 2586 2585
1909  3 2 1 1 2507 2508 2587 2586
1910  3 2 1 1 2508 2509 2588 2587
1911  3 2 1 1 2509 2510 2589 2588
1912  3 2 1 1 2510 2511 2590 2589
1913  3 2 1 1 2511 2512 2591 2590
1914  3 2 1 1 2512 2513 2592 2591
1915  3 2 1 1 2513 2514 2593 2592
1916  3 2 1 1 2514 2515 2594 2593
1917  3 2 1 1 2515 2516 2595 2594
1918  3 2 1 1 2516 2517 2596 2595
1919  3 2 1 1 2517 2518 2597 2596
1920  3 2 1 1 2518  409  410 2597
1921  3 2 1 1  364 2519 2598  363
1922  3 2 1 1 2519 2520 2599 2598
1923  3 2 1 1 2520 2521 2600 2599
1924  3 2 1 1 2521 2522 2601 2600
1925  3 2 1 1 2522 2523 2602 2601
1926  3 2 1 1 2523 2524 2603 2602
1927  3 2 1 1 2524 2525 2604 2603
1928  3 2 1 1 2525 2526 2605 2604
1929  3 2 1 1 2526 2527 2606 2605
1930  3 2 1 1 2527 2528 2607 2606
1931  3 2 1 1 2528 2529 2608 2607
1932  3 2 1 1 2529 2530 2609 2608
1933  3 2 1 1 2530 2531 2610 2609
1934  3 2 1 1 2531 2532 2611 2610
1935  3 2 1 1 2532 2533 2612 2611
1936  3 2 1 1 2533 2534 2613 2612
1937  3 2 1 1 2534 2535 2614 2613
1938  3 2 1 1 2535 2536 2615 2614
1939  3 2 1 1 2536 2537 2616 2615
1940  3 2 1 1 2537 2538 2617 2616
1941  3 2 1 1 2538 2539 2618 2617
1942  3 2 1 1 2539 2540 2619 2618
1943  3 2 1 1 2540 2541 2620 2619
1944  3 2 1 1 2541 2542 2621 2620
1945  3 2 1 1 2542 2543 2622 2621
1946  3 2 1 1 2543 2544 2623 2622
1947  3 2 1 1 2544 2545 2624 2623
1948  3 2 1 1 2545 2546 2625 2624
1949  3 2 1 1 2546 2547 2626 2625
1950  3 2 1 1 2547 2548 2627 2626
1951  3 2 1 1 2548 2549 2628 2627
1952  3 2 1 1 2549 2550 2629 2628
1953  3 2 1 1 2550 2551 2630 2629
1954  3 2 1 1 2551 2552 2631 2630
1955  3 2 1 1 2552 2553 2632 2631
1956  3 2 1 1 2553 2554 2633 2632
1957  3 2 1 1 2554 2555 2634 2633
1958  3 2 1 1 2555 2556 2635 2634
1959  3 2 1 1 2556 2557 2636 2635
1960  3 2 1 1 2557 2558 2637 2636
1961  3 2 1 1 2558 2559 2638 2637
1962  3 2 1 1 2559 2560 2639 2638
1963  3 2 1 1 2560 2561 2640 2639
1964  3 2 1 1 2561 2562 2641 2640
1965  3 2 1 1 2562 2563 2642 2641
1966  3 2 1 1 2563 2564 2643 2642
1967  3 2 1 1 2564 2565 2644 2643
1968  3 2 1 1 2565 2566 2645 2644
1969  3 2 1 1 2566 2567 2646 2645
1970  3 2 1 1 2567 2568 2647 2646
1971  3 2 1 1 2568 2569 2648 2647
1972  3 2 1 1 2569 2570 2649 2648
1973  3 2 1 1 2570 2571 2650 2649
1974  3 2 1 1 2571 2572 2651 2650
1975  3 2 1 1 2572 2573 2652 2651
1976  3 2 1 1 2573 2574 2653 2652
1977  3 2 1 1 2574 2575 2654 2653
1978  3 2 1 1 2575 2576 2655 2654
1979  3 2 1 1 2576 2577 2656 2655
1980  3 2 1 1 2577 2578 2657 2656
1981  3 2 1 1 2578 2579 2658 2657
1982  3 2 1 1 2579 2580 2659 2658
1983  3 2 1 1 2580 2581 2660 2659
1984  3 2 1 1 2581 2582 2661 2660
1985  3 2 1 1 2582 2583 2662 2661
1986  3 2 1 1 2583 2584 2663 2662
1987  3 2 1 1 2584 2585 2664 2663
1988  3 2 1 1 2585 2586 2665 2664
1989  3 2 1 1 2586 2587 2666 2665
1990  3 2 1 1 2587 2588 2667 2666
1991  3 2 1 1 2588 2589 2668 2667
1992  3 2 1 1 2589 2590 2669 2668
1993  3 2 1 1 2590 2591 2670 2669
1994  3 2 1 1 2591 2592 2671 2670
1995  3 2 1 1 2592 2593 2672 2671
1996  3 2 1 1 2593 2594 2673 2672
1997  3 2 1 1 2594 2595 2674 2673
1998  3 2 1 1 2595 2596 2675 2674
1999  3 2 1 1 2596 2597 2676 2675
2000  3 2 1 1 2597  410  411 2676
2001  3 2 1 1  363 2598 2677  362
2002  3 2 1 1 2598 2599 2678 2677
2003  3 2 1 1 2599 2600 2679 2678
2004  3 2 1 1 2600 2601 2680 2679
2005  3 2 1 1 2601 2602 2681 2680
2006  3 2 1 1 2602 2603 2682 2681
2007  3 2 1 1 2603 2604 2683 2682
2008  3 2 1 1 2604 2605 2684 2683
2009  3 2 1 1 2605 2606 2685 2684
2010  3 2 1 1 2606 2607 2686 2685
2011  3 2 1 1 2607 2608 2687 2686
2012  3 2 1 1 2608 2609 2688 2687
2013  3 2 1 1 2609 2610 2689 2688
2014  3 2 1 1 2610 2611 2690 2689
2015  3 2 1 1 2611 2612 2691 2690
2016  3 2 1 1 2612 2613 2692 2691
2017  3 2 1 1 2613 2614 2693 2692
2018  3 2 1 1 2614 2615 2694 2693
2019  3 2 1 1 2615 2616 2695 2694
2020  3 2 1 1 2616 2617 2696 2695
2021  3 2 1 1 2617 2618 2697 2696
2022  3 2 1 1 2618 2619 2698 2697
2023  3 2 1 1 2619 2620 2699 2698
2024  3 2 1 1 2620 2621 2700 2699
2025  3 2 1 1 2621 2622 2701 2700
2026  3 2 1 1 2622 2623 2702 2701
2027  3 2 1 1 2623 2624 2703 2702
2028  3 2 1 1 2624 2625 2704 2703
2029  3 2 1 1 2625 2626 2705 2704
2030  3 2 1 1 2626 2627 2706 2705
2031  3 2 1 1 2627 2628 2707 2706
2032  3 2 1 1 2628 2629 2708 2707
2033  3 2 1 1 2629 2630 2709 2708
2034  3 2 1 1 2630 2631 2710 2709
2035  3 2 1 1 2631 2632 2711 2710
2036  3 2 1 1 2632 2633 2712 2711
2037  3 2 1 1 2633 2634 2713 2712
2038  3 2 1 1 2634 2635 2714 2713
2039  3 2 1 1 2635 2636 2715 2714
2040  3 2 1 1 2636 2637 2716 2715
2041  3 2 1 1 2637 2638 2717 2716
2042  3 2 1 1 2638 2639 2718 2717
2043  3 2 1 1 2639 2640 2719 2718
2044  3 2 1 1 2640 2641 2720 2719
2045  3 2 1 1 2641 2642 2721 2720
2046  3 2 1 1 2642 2643 2722 2721
2047  3 2 1 1 2643 2644 2723 2722
2048  3 2 1 1 2644 2645 2724 2723
2049  3 2 1 1 2645 2646 2725 2724
2050  3 2 1 1 2646 2647 2726 2725
2051  3 2 1 1 2647 2648 2727 2726
2052  3 2 1 1 2648 2649 2728 2727
2053  3 2 1 1 2649 2650 2729 2728
2054  3 2 1 1 2650 2651 2730 2729
2055  3 2 1 1 2651 2652 2731 2730
2056  3 2 1 1 2652 2653 2732 2731
2057  3 2 1 1 2653 2654 2733 2732
2058  3 2 1 1 2654 2655 2734 2733
2059  3 2 1 1 2655 2656 2735 2734
2060  3 2 1 1 2656 2657 2736 2735
2061  3 2 1 1 2657 2658 2737 2736
2062  3 2 1 1 2658 2659 2738 2737
2063  3 2 1 1 2659 2660 2739 2738
2064  3 2 1 1 2660 2661 2740 2739
2065  3 2 1 1 2661 2662 2741 2740
2066  3 2 1 1 2662 2663 2742 2741
2067  3 2 1 1 2663 2664 2743 2742
2068  3 2 1 1 2664 2665 2744 2743
2069  3 2 1 1 2665 2666 2745 2744
2070  3 2 1 1 2666 2667 2746 2745
2071  3 2 1 1 2667 2668 2747 2746
2072  3 2 1 1 2668 2669 2748 2747
2073  3 2 1 1 2669 2670 2749 2748
2074  3 2 1 1 2670 2671 2750 2749
2075  3 2 1 1 2671 2672 2751 2750
2076  3 2 1 1 2672 2673 2752 2751
2077  3 2 1 1 2673 2674 2753 2752
2078  3 2 1 1 2674 2675 2754 2753
2079  3 2 1 1 2675 2676 2755 2754
2080  3 2 1 1 2676  411    8 2755
2081  3 2 1 1  362 2677 2756  361
2082  3 2 1 1 2677 2678 2757 2756
2083  3 2 1 1 2678 2679 2758 2757
2084  3 2 1 1 2679 2680 2759 2758
2085  3 2 1 1 2680 2681 2760 2759
2086  3 2 1 1 2681 2682 2761 2760
2087  3 2 1 1 2682 2683 2762 2761
2088  3 2 1 1 2683 2684 2763 2762
2089  3 2 1 1 2684 2685 2764 2763
2090  3 2 1 1 2685 2686 2765 2764
2091  3 2 1 1 2686 2687 2766 2765
2092  3 2 1 1 2687 2688 2767 2766
2093  3 2 1 1 2688 2689 2768 2767
2094  3 2 1 1 2689 2690 2769 2768
2095  3 2 1 1 2690 2691 2770 2769
2096  3 2 1 1 2691 2692 2771 2770
2097  3 2 1 1 2692 2693 2772 2771
2098  3 2 1 1 2693 2694 2773 2772
2099  3 2 1 1 2694 2695 2774 2773
2100  3 2 1 1 2695 2696 2775 2774
2101  3 2 1 1 2696 2697 2776 2775
2102  3 2 1 1 2697 2698 2777 2776
2103  3 2 1 1 2698 2699 2778 2777
2104  3 2 1 1 2699 2700 2779 2778
2105  3 2 1 1 2700 2701 2780 2779
2106  3 2 1 1 2701 2702 2781 2780
2107  3 2 1 1 2702 2703 2782 2781
2108  3 2 1 1 2703 2704 2783 2782
2109  3 2 1 1 2704 2705 2784 2783
2110  3 2 1 1 2705 2706 2785 2784
2111  3 2 1 1 2706 2707 2786 2785
2112  3 2 1 1 2707 2708 2787 2786
2113  3 2 1 1 2708 2709 2788 2787
2114  3 2 1 1 2709 2710 2789 2788
2115  3 2 1 1 2710 2711 2790 2789
2116  3 2 1 1 2711 2712 2791 2790
2117  3 2 1 1 2712 2713 2792 2791
2118  3 2 1 1 2713 2714 2793 2792
2119  3 2 1 1 2714 2715 2794 2793
2120  3 2 1 1 2715 2716 2795 2794
2121  3 2 1 1 2716 2717 2796 2795
2122  3 2 1 1 2717 2718 2797 2796
2123  3 2 1 1 2718 2719 2798 2797
2124  3 2 1 1 2719 2720 2799 2798
2125  3 2 1 1 2720 2721 2800 2799
2126  3 2 1 1 2721 2722 2801 2800
2127  3 2 1 1 2722 2723 2802 2801
2128  3 2 1 1 2723 2724 2803 2802
2129  3 2 1 1 2724 2725 2804 2803
2130  3 2 1 1 2725 2726 2805 2804
2131  3 2 1 1 2726 2727 2806 2805
2132  3 2 1 1 2727 2728 2807 2806
2133  3 2 1 1 2728 2729 2808 2807
2134  3 2 1 1 2729 2730 2809 2808
2135  3 2 1 1 2730 2731 2810 2809
2136  3 2 1 1 2731 2732 2811 2810
2137  3 2 1 1 2732 2733 2812 2811
2138  3 2 1 1 2733 2734 2813 2812
2139  3 2 1 1 2734 2735 2814 2813
2140  3 2 1 1 2735 2736 2815 2814
2141  3 2 1 1 2736 2737 2816 2815
2142  3 2 1 1 2737 2738 2817 2816
2143  3 2 1 1 2738 2739 2818 2817
2144  3 2 1 1 2739 2740 2819 2818
2145  3 2 1 1 2740 2741 2820 2819
2146  3 2 1 1 2741 2742 2821 2820
2147  3 2 1 1 2742 2743 2822 2821
2148  3 2 1 1 2743 2744 2823 2822
2149  3 2 1 1 2744 2745 2824 2823
2150  3 2 1 1 2745 2746 2825 2824
2151  3 2 1 1 2746 2747 2826 2825
2152  3 2 1 1 2747 2748 2827 2826
2153  3 2 1 1 2748 2749 2828 2827
2154  3 2 1 1 2749 2750 2829 2828
2155  3 2 1 1 2750 2751 2830 2829
2156  3 2 1 1 2751 2752 2831 2830
2157  3 2 1 1 2752 2753 2832 2831
2158  3 2 1 1 2753 2754 2833 2832
2159  3 2 1 1 2754 2755 2834 2833
2160  3 2 1 1 2755    8  261 2834
2161  3 2 1 1  361 2756 2835  360
2162  3 2 1 1 2756 2757 2836 2835
2163  3 2 1 1 2757 2758 2837 2836
2164  3 2 1 1 2758 2759 2838 2837
2165  3 2 1 1 2759 2760 2839 2838
2166  3 2 1 1 2760 2761 2840 2839
2167  3 2 1 1 2761 2762 2841 2840
2168  3 2 1 1 2762 2763 2842 2841
2169  3 2 1 1 2763 2764 2843 2842
2170  3 2 1 1 2764 2765 2844 2843
2171  3 2 1 1 2765 2766 2845 2844
2172  3 2 1 1 2766 2767 2846 2845
2173  3 2 1 1 2767 2768 2847 2846
2174  3 2 1 1 2768 2769 2848 2847
2175  3 2 1 1 2769 2770 2849 2848
2176  3 2 1 1 2770 2771 2850 2849
2177  3 2 1 1 2771 2772 2851 2850
2178  3 2 1 1 2772 2773 2852 2851
2179  3 2 1 1 2773 2774 2853 2852
2180  3 2 1 1 2774 2775 2854 2853
2181  3 2 1 1 2775 2776 2855 2854
2182  3 2 1 1 2776 2777 2856 2855
2183  3 2 1 1 2777 2778 2857 2856
2184  3 2 1 1 2778 2779 2858 2857
2185  3 2 1 1 2779 2780 2859 2858
2186  3 2 1 1 2780 2781 2860 2859
2187  3 2 1 1 2781 2782 2861 2860
2188  3 2 1 1 2782 2783 2862 2861
2189  3 2 1 1 2783 2784 2863 2862
2190  3 2 1 1 2784 2785 2864 2863
2191  3 2 1 1 2785 2786 2865 2864
2192  3 2 1 1 2786 2787 2866 2865
2193  3 2 1 1 2787 2788 2867 2866
2194  3 2 1 1 2788 2789 2868 2867
2195  3 2 1 1 2789 2790 2869 2868
2196  3 2 1 1 2790 2791 2870 2869
2197  3 2 1 1 2791 2792 2871 2870
2198  3 2 1 1 2792 2793 2872 2871
2199  3 2 1 1 2793 2794 2873 2872
2200  3 2 1 1 2794 2795 2874 2873
2201  3 2 1 1 2795 2796 2875 2874
2202  3 2 1 1 2796 2797 2876 2875
2203  3 2 1 1 2797 2798 2877 2876
2204  3 2 1 1 2798 2799 2878 2877
2205  3 2 1 1 2799 2800 2879 2878
2206  3 2 1 1 2800 2801 2880 2879
2207  3 2 1 1 2801 2802 2881 2880
2208  3 2 1 1 2802 2803 2882 2881
2209  3 2 1 1 2803 2804 2883 2882
2210  3 2 1 1 2804 2805 2884 2883
2211  3 2 1 1 2805 2806 2885 2884
2212  3 2 1 1 2806 2807 2886 2885
2213  3 2 1 1 2807 2808 2887 2886
2214  3 2 1 1 2808 2809 2888 2887
2215  3 2 1 1 2809 2810 2889 2888
2216  3 2 1 1 2810 2811 2890 2889
2217  3 2 1 1 2811 2812 2891 2890
2218  3 2 1 1 2812 2813 2892 2891
2219  3 2 1 1 2813 2814 2893 2892
2220  3 2 1 1 2814 2815 2894 2893
2221  3 2 1 1 2815 2816 2895 2894
2222  3 2 1 1 2816 2817 2896 2895
2223  3 2 1 1 2817 2818 2897 2896
2224  3 2 1 1 2818 2819 2898 2897
2225  3 2 1 1 2819 2820 2899 2898
2226  3 2 1 1 2820 2821 2900 2899
2227  3 2 1 1 2821 2822 2901 2900
2228  3 2 1 1 2822 2823 2902 2901
2229  3 2 1 1 2823 2824 2903 2902
2230  3 2 1 1 2824 2825 2904 2903
2231  3 2 1 1 2825 2826 2905 2904
2232  3 2 1 1 2826 2827 2906 2905
2233  3 2 1 1 2827 2828 2907 2906
2234  3 2 1 1 2828 2829 2908 2907
2235  3 2 1 1 2829 2830 2909 2908
2236  3 2 1 1 2830 2831 2910 2909
2237  3 2 1 1 2831 2832 2911 2910
2238  3 2 1 1 2832 2833 2912 2911
2239  3 2 1 1 2833 2834 2913 2912
2240  3 2 1 1 2834  261  262 2913
2241  3 2 1 1  360 2835 2914  359
2242  3 2 1 1 2835 2836 2915 2914
2243  3 2 1 1 2836 2837 2916 2915
2244  3 2 1 1 2837 2838 2917 2916
2245  3 2 1 1 2838 2839 2918 2917
2246  3 2 1 1 2839 2840 2919 2918
2247  3 2 1 1 2840 2841 2920 2919
2248  3 2 1 1 2841 2842 2921 2920
2249  3 2 1 1 2842 2843 2922 2921
2250  3 2 1 1 2843 2844 2923 2922
2251  3 2 1 1 2844 2845 2924 2923
2252  3 2 1 1 2845 2846 2925 2924
2253  3 2 1 1 2846 2847 2926 2925
2254  3 2 1 1 2847 2848 2927 2926
2255  3 2 1 1 2848 2849 2928 2927
2256  3 2 1 1 2849 2850 2929 2928
2257  3 2 1 1 2850 2851 2930 2929
2258  3 2 1 1 2851 2852 2931 2930
2259  3 2 1 1 2852 2853 2932 2931
2260  3 2 1 1 2853 2854 2933 2932
2261  3 2 1 1 2854 2855 2934 2933
2262  3 2 1 1 2855 2856 2935 2934
2263  3 2 1 1 2856 2857 2936 2935
2264  3 2 1 1 2857 2858 2937 2936
2265  3 2 1 1 2858 2859 2938 2937
2266  3 2 1 1 2859 2860 2939 2938
2267  3 2 1 1 2860 2861 2940 2939
2268  3 2 1 1 2861 2862 2941 2940
2269  3 2 1 1 2862 2863 2942 2941
2270  3 2 1 1 2863 2864 2943 2942
2271  3 2 1 1 2864 2865 2944 2943
2272  3 2 1 1 2865 2866 2945 2944
2273  3 2 1 1 2866 2867 2946 2945
2274  3 2 1 1 2867 2868 2947 2946
2275  3 2 1 1 2868 2869 2948 2947
2276  3 2 1 1 2869 2870 2949 2948
2277  3 2 1 1 2870 2871 2950 2949
2278  3 2 1 1 2871 2872 2951 2950
2279  3 2 1 1 2872 2873 2952 2951
2280  3 2 1 1 2873 2874 2953 2952
2281  3 2 1 1 2874 2875 2954 2953
2282  3 2 1 1 2875 2876 2955 2954
2283  3 2 1 1 2876 2877 2956 2955
2284  3 2 1 1 2877 2878 2957 2956
2285  3 2 1 1 2878 2879 2958 2957
2286  3 2 1 1 2879 2880 2959 2958
2287  3 2 1 1 2880 2881 2960 2959
2288  3 2 1 1 2881 2882 2961 2960
2289  3 2 1 1 2882 2883 2962 2961
2290  3 2 1 1 2883 2884 2963 2962
2291  3 2 1 1 2884 2885 2964 2963
2292  3 2 1 1 2885 2886 2965 2964
2293  3 2 1 1 2886 2887 2966 2965
2294  3 2 1 1 2887 2888 2967 2966
2295  3 2 1 1 2888 2889 2968 2967
2296  3 2 1 1 2889 2890 2969 2968
2297  3 2 1 1 2890 2891 2970 2969
2298  3 2 1 1 2891 2892 2971 2970
2299  3 2 1 1 2892 2893 2972 2971
2300  3 2 1 1 2893 2894 2973 2972
2301  3 2 1 1 2894 2895 2974 2973
2302  3 2 1 1 2895 2896 2975 2974
2303  3 2 1 1 2896 2897 2976 2975
2304  3 2 1 1 2897 2898 2977 2976
2305  3 2 1 1 2898 2899 2978 2977
2306  3 2 1 1 2899 2900 2979 2978
2307  3 2 1 1 2900 2901 2980 2979
2308  3 2 1 1 2901 2902 2981 2980
2309  3 2 1 1 2902 2903 2982 2981
2310  3 2 1 1 2903 2904 2983 2982
2311  3 2 1 1 2904 2905 2984 2983
2312  3 2 1 1 2905 2906 2985 2984
2313  3 2 1 1 2906 2907 2986 2985
2314  3 2 1 1 2907 2908 2987 2986
2315  3 2 1 1 2908 2909 2988 2987
2316  3 2 1 1 2909 2910 2989 2988
2317  3 2 1 1 2910 2911 2990 2989
2318  3 2 1 1 2911 2912 2991 2990
2319  3 2 1 1 2912 2913 2992 2991
2320  3 2 1 1 2913  262  263 2992
2321  3 2 1 1  359 2914 2993  358
2322  3 2 1 1 2914 2915 2994 2993
2323  3 2 1 1 2915 2916 2995 2994
2324  3 2 1 1 2916 2917 2996 2995
2325  3 2 1 1 2917 2918 2997 2996
2326  3 2 1 1 2918 2919 2998 2997
2327  3 2 1 1 2919 2920 2999 2998
2328  3 2 1 1 2920 2921 3000 2999
2329  3 2 1 1 2921 2922 3001 3000
2330  3 2 1 1 2922 2923 3002 3001
2331  3 2 1 1 2923 2924 3003 3002
2332  3 2 1 1 2924 2925 3004 3003
2333  3 2 1 1 2925 2926 3005 3004
2334  3 2 1 1 2926 2927 3006 3005
2335  3 2 1 1 2927 2928 3007 3006
2336  3 2 1 1 2928 2929 3008 3007
2337  3 2 1 1 2929 2930 3009 3008
2338  3 2 1 1 2930 2931 3010 3009
2339  3 2 1 1 2931 2932 3011 3010
2340  3 2 1 1 2932 2933 3012 3011
2341  3 2 1 1 2933 2934 3013 3012
2342  3 2 1 1 2934 2935 3014 3013
2343  3 2 1 1 2935 2936 3015 3014
2344  3 2 1 1 2936 2937 3016 3015
2345  3 2 1 1 2937 2938 3017 3016
2346  3 2 1 1 2938 2939 3018 3017
2347  3 2 1 1 2939 2940 3019 3018
2348  3 2 1 1 2940 2941 3020 3019
2349  3 2 1 1 2941 2942 3021 3020
2350  3 2 1 1 2942 2943 3022 3021
2351  3 2 1 1 2943 2944 3023 3022
2352  3 2 1 1 2944 2945 3024 3023
2353  3 2 1 1 2945 2946 3025 3024
2354  3 2 1 1 2946 2947 3026 3025
2355  3 2 1 1 2947 2948 3027 3026
2356  3 2 1 1 2948 2949 3028 3027
2357  3 2 1 1 2949 2950 3029 3028
2358  3 2 1 1 2950 2951 3030 3029
2359  3 2 1 1 2951 2952 3031 3030
2360  3 2 1 1 2952 2953 3032 3031
2361  3 2 1 1 2953 2954 3033 3032
2362  3 2 1 1 2954 2955 3034 3033
2363  3 2 1 1 2955 2956 3035 3034
2364  3 2 1 1 2956 2957 3036 3035
2365  3 2 1 1 2957 2958 3037 3036
2366  3 2 1 1 2958 2959 3038 3037
2367  3 2 1 1 2959 2960 3039 3038
2368  3 2 1 1 2960 2961 3040 3039
2369  3 2 1 1 2961 2962 3041 3040
2370  3 2 1 1 2962 2963 3042 3041
2371  3 2 1 1 2963 2964 3043 3042
2372  3 2 1 1 2964 2965 3044 3043
2373  3 2 1 1 2965 2966 3045 3044
2374  3 2 1 1 2966 2967 3046 3045
2375  3 2 1 1 2967 2968 3047 3046
2376  3 2 1 1 2968 2969 3048 3047
2377  3 2 1 1 2969 2970 3049 3048
2378  3 2 1 1 2970 2971 3050 3049
2379  3 2 1 1 2971 2972 3051 3050
2380  3 2 1 1 2972 2973 3052 3051
2381  3 2 1 1 2973 2974 3053 3052
2382  3 2 1 1 2974 2975 3054 3053
2383  3 2 1 1 2975 2976 3055 3054
2384  3 2 1 1 2976 2977 3056 3055
2385  3 2 1 1 2977 2978 3057 3056
2386  3 2 1 1 2978 2979 3058 3057
2387  3 2 1 1 2979 2980 3059 3058
2388  3 2 1 1 2980 2981 3060 3059
2389  3 2 1 1 2981 2982 3061 3060
2390  3 2 1 1 2982 2983 3062 3061
2391  3 2 1 1 2983 2984 3063 3062
2392  3 2 1 1 2984 2985 3064 3063
2393  3 2 1 1 2985 2986 3065 3064
2394  3 2 1 1 2986 2987 3066 3065
2395  3 2 1 1 2987 2988 3067 3066
2396  3 2 1 1 2988 2989 3068 3067
2397  3 2 1 1 2989 2990 3069 3068
2398  3 2 1 1 2990 2991 3070 3069
2399  3 2 1 1 2991 2992 3071 3070
2400  3 2 1 1 2992  263  264 3071
2401  3 2 1 1  358 2993 3072  357
2402  3 2 1 1 2993 2994 3073 3072
2403  3 2 1 1 2994 2995 3074 3073
2404  3 2 1 1 2995 2996 3075 3074
2405  3 2 1 1 2996 2997 3076 3075
2406  3 2 1 1 2997 2998 3077 3076
2407  3 2 1 1 2998 2999 3078 3077
2408  3 2 1 1 2999 3000 3079 3078
2409  3 2 1 1 3000 3001 3080 3079
2410  3 2 1 1 3001 3002 3081 3080
2411  3 2 1 1 3002 3003 3082 3081
2412  3 2 1 1 3003 3004 3083 3082
2413  3 2 1 1 3004 3005 3084 3083
2414  3 2 1 1 3005 3006 3085 3084
2415  3 2 1 1 3006 3007 3086 3085
2416  3 2 1 1 3007 3008 3087 3086
2417  3 2 1 1 3008 3009 3088 3087
2418  3 2 1 1 3009 3010 3089 3088
2419  3 2 1 1 3010 3011 3090 3089
2420  3 2 1 1 3011 3012 3091 3090
2421  3 2 1 1 3012 3013 3092 3091
2422  3 2 1 1 3013 3014 3093 3092
2423  3 2 1 1 3014 3015 3094 3093
2424  3 2 1 1 3015 3016 3095 3094
2425  3 2 1 1 3016 3017 3096 3095
2426  3 2 1 1 3017 3018 3097 3096
2427  3 2 1 1 3018 3019 3098 3097
2428  3 2 1 1 3019 3020 3099 3098
2429  3 2 1 1 3020 3021 3100 3099
2430  3 2 1 1 3021 3022 3101 3100
2431  3 2 1 1 3022 3023 3102 3101
2432  3 2 1 1 3023 3024 3103 3102
2433  3 2 1 1 3024 3025 3104 3103
2434  3 2 1 1 3025 3026 3105 3104
2435  3 2 1 1 3026 3027 3106 3105
2436  3 2 1 1 3027 3028 3107 3106
2437  3 2 1 1 3028 3029 3108 3107
2438  3 2 1 1 3029 3030 3109 3108
2439  3 2 1 1 3030 3031 3110 3109
2440  3 2 1 1 3031 3032 3111 3110
2441  3 2 1 1 3032 3033 3112 3111
2442  3 2 1 1 3033 3034 3113 3112
2443  3 2 1 1 3034 3035 3114 3113
2444  3 2 1 1 3035 3036 3115 3114
2445  3 2 1 1 3036 3037 3116 3115
2446  3 2 1 1 3037 3038 3117 3116
2447  3 2 1 1 3038 3039 3118 3117
2448  3 2 1 1 3039 3040 3119 3118
2449  3 2 1 1 3040 3041 3120 3119
2450  3 2 1 1 3041 3042 3121 3120
2451  3 2 1 1 3042 3043 3122 3121
2452  3 2 1 1 3043 3044 3123 3122
2453  3 2 1 1 3044 3045 3124 3123
2454  3 2 1 1 3045 3046 3125 3124
2455  3 2 1 1 3046 3047 3126 3125
2456  3 2 1 1 3047 3048 3127 3126
2457  3 2 1 1 3048 3049 3128 3127
2458  3 2 1 1 3049 3050 3129 3128
2459  3 2 1 1 3050 3051 3130 3129
2460  3 2 1 1 3051 3052 3131 3130
2461  3 2 1 1 3052 3053 3132 3131
2462  3 2 1 1 3053 3054 3133 3132
2463  3 2 1 1 3054 3055 3134 3133
2464  3 2 1 1 3055 3056 3135 3134
2465  3 2 1 1 3056 3057 3136 3135
2466  3 2 1 1 3057 3058 3137 3136
2467  3 2 1 1 3058 3059 3138 3137
2468  3 2 1 1 3059 3060 3139 3138
2469  3 2 1 1 3060 3061 3140 3139
2470  3 2 1 1 3061 3062 3141 3140
2471  3 2 1 1 3062 3063 3142 3141
2472  3 2 1 1 3063 3064 3143 3142
2473  3 2 1 1 3064 3065 3144 3143
2474  3 2 1 1 3065 3066 3145 3144
2475  3 2 1 1 3066 3067 3146 3145
2476  3 2 1 1 3067 3068 3147 3146
2477  3 2 1 1 3068 3069 3148 3147
2478  3 2 1 1 3069 3070 3149 3148
2479  3 2 1 1 3070 3071 3150 3149
2480  3 2 1 1 3071  264  265 3150
2481  3 2 1 1  357 3072 3151  356
2482  3 2 1 1 3072 3073 3152 3151
2483  3 2 1 1 3073 3074 3153 3152
2484  3 2 1 1 3074 3075 3154 3153
2485  3 2 1 1 3075 3076 3155 3154
2486  3 2 1 1 3076 3077 3156 3155
2487  3 2 1 1 3077 3078 3157 3156
2488  3 2 1 1 3078 3079 3158 3157
2489  3 2 1 1 3079 3080 3159 3158
2490  3 2 1 1 3080 3081 3160 3159
2491  3 2 1 1 3081 3082 3161 3160
2492  3 2 1 1 3082 3083 3162 3161
2493  3 2 1 1 3083 3084 3163 3162
2494  3 2 1 1 3084 3085 3164 3163
2495  3 2 1 1 3085 3086 3165 3164
2496  3 2 1 1 3086 3087 3166 3165
2497  3 2 1 1 3087 3088 3167 3166
2498  3 2 1 1 3088 3089 3168 3167
2499  3 2 1 1 3089 3090 3169 3168
2500  3 2 1 1 3090 3091 3170 3169
2501  3 2 1 1 3091 3092 3171 3170
2502  3 2 1 1 3092 3093 3172 3171
2503  3 2 1 1 3093 3094 3173 3172
2504  3 2 1 1 3094 3095 3174 3173
2505  3 2 1 1 3095 3096 3175 3174
2506  3 2 1 1 3096 3097 3176 3175
2507  3 2 1 1 3097 3098 3177 3176
2508  3 2 1 1 3098 3099 3178 3177
2509  3 2 1 1 3099 3100 3179 3178
2510  3 2 1 1 3100 3101 3180 3179
2511  3 2 1 1 3101 3102 3181 3180
2512  3 2 1 1 3102 3103 3182 3181
2513  3 2 1 1 3103 3104 3183 3182
2514  3 2 1 1 3104 3105 3184 3183
2515  3 2 1 1 3105 3106 3185 3184
2516  3 2 1 1 3106 3107 3186 3185
2517  3 2 1 1 3107 3108 3187 3186
2518  3 2 1 1 3108 3109 3188 3187
2519  3 2 1 1 3109 3110 3189 3188
2520  3 2 1 1 3110 3111 3190 3189
2521  3 2 1 1 3111 3112 3191 3190
2522  3 2 1 1 3112 3113 3192 3191
2523  3 2 1 1 3113 3114 3193 3192
2524  3 2 1 1 3114 3115 3194 3193
2525  3 2 1 1 3115 3116 3195 3194
2526  3 2 1 1 3116 3117 3196 3195
2527  3 2 1 1 3117 3118 3197 3196
2528  3 2 1 1 3118 3119 3198 3197
2529  3 2 1 1 3119 3120 3199 3198
2530  3 2 1 1 3120 3121 3200 3199
2531  3 2 1 1 3121 3122 3201 3200
2532  3 2 1 1 3122 3123 3202 3201
2533  3 2 1 1 3123 3124 3203 3202
2534  3 2 1 1 3124 3125 3204 3203
2535  3 2 1 1 3125 3126 3205 3204
2536  3 2 1 1 3126 3127 3206 3205
2537  3 2 1 1 3127 3128 3207 3206
2538  3 2 1 1 3128 3129 3208 3207
2539  3 2 1 1 3129 3130 3209 3208
2540  3 2 1 1 3130 3131 3210 3209
2541  3 2 1 1 3131 3132 3211 3210
2542  3 2 1 1 3132 3133 3212 3211
2543  3 2 1 1 3133 3134 3213 3212
2544  3 2 1 1 3134 3135 3214 3213
2545  3 2 1 1 3135 3136 3215 3214
2546  3 2 1 1 3136 3137 3216 3215
2547  3 2 1 1 3137 3138 3217 3216
2548  3 2 1 1 3138 3139 3218 3217
2549  3 2 1 1 3139 3140 3219 3218
2550  3 2 1 1 3140 3141 3220 3219
2551  3 2 1 1 3141 3142 3221 3220
2552  3 2 1 1 3142 3143 3222 3221
2553  3 2 1 1 3143 3144 3223 3222
2554  3 2 1 1 3144 3145 3224 3223
2555  3 2 1 1 3145 3146 3225 3224
2556  3 2 1 1 3146 3147 3226 3225
2557  3 2 1 1 3147 3148 3227 3226
2558  3 2 1 1 3148 3149 3228 3227
2559  3 2 1 1 3149 3150 3229 3228
2560  3 2 1 1 3150  265  266 3229
2561  3 2 1 1  356 3151 3230  355
2562  3 2 1 1 3151 3152 3231 3230
2563  3 2 1 1 3152 3153 3232 3231
2564  3 2 1 1 3153 3154 3233 3232
2565  3 2 1 1 3154 3155 3234 3233
2566  3 2 1 1 3155 3156 3235 3234
2567  3 2 1 1 3156 3157 3236 3235
2568  3 2 1 1 3157 3158 3237 3236
2569  3 2 1 1 3158 3159 3238 3237
2570  3 2 1 1 3159 3160 3239 3238
2571  3 2 1 1 3160 3161 3240 3239
2572  3 2 1 1 3161 3162 3241 3240
2573  3 2 1 1 3162 3163 3242 3241
2574  3 2 1 1 3163 3164 3243 3242
2575  3 2 1 1 3164 3165 3244 3243
2576  3 2 1 1 3165 3166 3245 3244
2577  3 2 1 1 3166 3167 3246 3245
2578  3 2 1 1 3167 3168 3247 3246
2579  3 2 1 1 3168 3169 3248 3247
2580  3 2 1 1 3169 3170 3249 3248
2581  3 2 1 1 3170 3171 3250 3249
2582  3 2 1 1 3171 3172 3251 3250
2583  3 2 1 1 3172 3173 3252 3251
2584  3 2 1 1 3173 3174 3253 3252
2585  3 2 1 1 3174 3175 3254 3253
2586  3 2 1 1 3175 3176 3255 3254
2587  3 2 1 1 3176 3177 3256 3255
2588  3 2 1 1 3177 3178 3257 3256
2589  3 2 1 1 3178 3179 3258 3257
2590  3 2 1 1 3179 3180 3259 3258
2591  3 2 1 1 3180 3181 3260 3259
2592  3 2 1 1 3181 3182 3261 3260
2593  3 2 1 1 3182 3183 3262 3261
2594  3 2 1 1 3183 3184 3263 3262
2595  3 2 1 1 3184 3185 3264 3263
2596  3 2 1 1 3185 3186 3265 3264
2597  3 2 1 1 3186 3187 3266 3265
2598  3 2 1 1 3187 3188 3267 3266
2599  3 2 1 1 3188 3189 3268 3267
2600  3 2 1 1 3189 3190 3269 3268
2601  3 2 1 1 3190 3191 3270 3269
2602  3 2 1 1 3191 3192 3271 3270
2603  3 2 1 1 3192 3193 3272 3271
2604  3 2 1 1 3193 3194 3273 3272
2605  3 2 1 1 3194 3195 3274 3273
2606  3 2 1 1 3195 3196 3275 3274
2607  3 2 1 1 3196 3197 3276 3275
2608  3 2 1 1 3197 3198 3277 3276
2609  3 2 1 1 3198 3199 3278 3277
2610  3 2 1 1 3199 3200 3279 3278
2611  3 2 1 1 3200 3201 3280 3279
2612  3 2 1 1 3201 3202 3281 3280
2613  3 2 1 1 3202 3203 3282 3281
2614  3 2 1 1 3203 3204 3283 3282
2615  3 2 1 1 3204 3205 3284 3283
2616  3 2 1 1 3205 3206 3285 3284
2617  3 2 1 1 3206 3207 3286 3285
2618  3 2 1 1 3207 3208 3287 3286
2619  3 2 1 1 3208 3209 3288 3287
2620  3 2 1 1 3209 3210 3289 3288
2621  3 2 1 1 3210 3211 3290 3289
2622  3 2 1 1 3211 3212 3291 3290
2623  3 2 1 1 3212 3213 3292 3291
2624  3 2 1 1 3213 3214 3293 3292
2625  3 2 1 1 3214 3215 3294 3293
2626  3 2 1 1 3215 3216 3295 3294
2627  3 2 1 1 3216 3217 3296 3295
2628  3 2 1 1 3217 3218 3297 3296
2629  3 2 1 1 3218 3219 3298 3297
2630  3 2 1 1 3219 3220 3299 3298
2631  3 2 1 1 3220 3221 3300 3299
2632  3 2 1 1 3221 3222 3301 3300
2633  3 2 1 1 3222 3223 3302 3301
2634  3 2 1 1 3223 3224 3303 3302
2635  3 2 1 1 3224 3225 3304 3303
2636  3 2 1 1 3225 3226 3305 3304
2637  3 2 1 1 3226 3227 3306 3305
2638  3 2 1 1 3227 3228 3307 3306
2639  3 2 1 1 3228 3229 3308 3307
2640  3 2 1 1 3229  266  267 3308
2641  3 2 1 1  355 3230 3309  354
2642  3 2 1 1 3230 3231 3310 3309
2643  3 2 1 1 3231 3232 3311 3310
2644  3 2 1 1 3232 3233 3312 3311
2645  3 2 1 1 3233 3234 3313 3312
2646  3 2 1 1 3234 3235 3314 3313
2647  3 2 1 1 3235 3236 3315 3314
2648  3 2 1 1 3236 3237 3316 3315
2649  3 2 1 1 3237 3238 3317 3316
2650  3 2 1 1 3238 3239 3318 3317
2651  3 2 1 1 3239 3240 3319 3318
2652  3 2 1 1 3240 3241 3320 3319
2653  3 2 1 1 3241 3242 3321 3320
2654  3 2 1 1 3242 3243 3322 3321
2655  3 2 1 1 3243 3244 3323 3322
2656  3 2 1 1 3244 3245 3324 3323
2657  3 2 1 1 3245 3246 3325 3324
2658  3 2 1 1 3246 3247 3326 3325
2659  3 2 1 1 3247 3248 3327 3326
2660  3 2 1 1 3248 3249 3328 3327
2661  3 2 1 1 3249 3250 3329 3328
2662  3 2 1 1 3250 3251 3330 3329
2663  3 2 1 1 3251 3252 3331 3330
2664  3 2 1 1 3252 3253 3332 3331
2665  3 2 1 1 3253 3254 3333 3332
2666  3 2 1 1 3254 3255 3334 3333
2667  3 2 1 1 3255 3256 3335 3334
2668  3 2 1 1 3256 3257 3336 3335
2669  3 2 1 1 3257 3258 3337 3336
2670  3 2 1 1 3258 3259 3338 3337
2671  3 2 1 1 3259 3260 3339 3338
2672  3 2 1 1 3260 3261 3340 3339
2673  3 2 1 1 3261 3262 3341 3340
2674  3 2 1 1 3262 3263 3342 3341
2675  3 2 1 1 3263 3264 3343 3342
2676  3 2 1 1 3264 3265 3344 3343
2677  3 2 1 1 3265 3266 3345 3344
2678  3 2 1 1 3266 3267 3346 3345
2679  3 2 1 1 3267 3268 3347 3346
2680  3 2 1 1 3268 3269 3348 3347
2681  3 2 1 1 3269 3270 3349 3348
2682  3 2 1 1 3270 3271 3350 3349
2683  3 2 1 1 3271 3272 3351 3350
2684  3 2 1 1 3272 3273 3352 3351
2685  3 2 1 1 3273 3274 3353 3352
2686  3 2 1 1 3274 3275 3354 3353
2687  3 2 1 1 3275 3276 3355 3354
2688  3 2 1 1 3276 3277 3356 3355
2689  3 2 1 1 3277 3278 3357 3356
2690  3 2 1 1 3278 3279 3358 3357
2691  3 2 1 1 3279 3280 3359 3358
2692  3 2 1 1 3280 3281 3360 3359
2693  3 2 1 1 3281 3282 3361 3360
2694  3 2 1 1 3282 3283 3362 3361
2695  3 2 1 1 3283 3284 3363 3362
2696  3 2 1 1 3284 3285 3364 3363
2697  3 2 1 1 3285 3286 3365 3364
2698  3 2 1 1 3286 3287 3366 3365
2699  3 2 1 1 3287 3288 3367 3366
2700  3 2 1 1 3288 3289 3368 3367
2701  3 2 1 1 3289 3290 3369 3368
2702  3 2 1 1 3290 3291 3370 3369
2703  3 2 1 1 3291 3292 3371 3370
2704  3 2 1 1 3292 3293 3372 3371
2705  3 2 1 1 3293 3294 3373 3372
2706  3 2 1 1 3294 3295 3374 3373
2707  3 2 1 1 3295 3296 3375 3374
2708  3 2 1 1 3296 3297 3376 3375
2709  3 2 1 1 3297 3298 3377 3376
2710  3 2 1 1 3298 3299 3378 3377
2711  3 2 1 1 3299 3300 3379 3378
2712  3 2 1 1 3300 3301 3380 3379
2713  3 2 1 1 3301 3302 3381 3380
2714  3 2 1 1 3302 3303 3382 3381
2715  3 2 1 1 3303 3304 3383 3382
2716  3 2 1 1 3304 3305 3384 3383
2717  3 2 1 1 3305 3306 3385 3384
2718  3 2 1 1 3306 3307 3386 3385
2719  3 2 1 1 3307 3308 3387 3386
2720  3 2 1 1 3308  267  268 3387
2721  3 2 1 1  354 3309 3388  353
2722  3 2 1 1 3309 3310 3389 3388
2723  3 2 1 1 3310 3311 3390 3389
2724  3 2 1 1 3311 3312 3391 3390
2725  3 2 1 1 3312 3313 3392 3391
2726  3 2 1 1 3313 3314 3393 3392
2727  3 2 1 1 3314 3315 3394 3393
2728  3 2 1 1 3315 3316 3395 3394
2729  3 2 1 1 3316 3317 3396 3395
2730  3 2 1 1 3317 3318 3397 3396
2731  3 2 1 1 3318 3319 3398 3397
2732  3 2 1 1 3319 3320 3399 3398
2733  3 2 1 1 3320 3321 3400 3399
2734  3 2 1 1 3321 3322 3401 3400
2735  3 2 1 1 3322 3323 3402 3401
2736  3 2 1 1 3323 3324 3403 3402
2737  3 2 1 1 3324 3325 3404 3403
2738  3 2 1 1 3325 3326 3405 3404
2739  3 2 1 1 3326 3327 3406 3405
2740  3 2 1 1 3327 3328 3407 3406
2741  3 2 1 1 3328 3329 3408 3407
2742  3 2 1 1 3329 3330 3409 3408
2743  3 2 1 1 3330 3331 3410 3409
2744  3 2 1 1 3331 3332 3411 3410
2745  3 2 1 1 3332 3333 3412 3411
2746  3 2 1 1 3333 3334 3413 3412
2747  3 2 1 1 3334 3335 3414 3413
2748  3 2 1 1 3335 3336 3415 3414
2749  3 2 1 1 3336 3337 3416 3415
2750  3 2 1 1 3337 3338 3417 3416
2751  3 2 1 1 3338 3339 3418 3417
2752  3 2 1 1 3339 3340 3419 3418
2753  3 2 1 1 3340 3341 3420 3419
2754  3 2 1 1 3341 3342 3421 3420
2755  3 2 1 1 3342 3343 3422 3421
2756  3 2 1 1 3343 3344 3423 3422
2757  3 2 1 1 3344 3345 3424 3423
2758  3 2 1 1 3345 3346 3425 3424
2759  3 2 1 1 3346 3347 3426 3425
2760  3 2 1 1 3347 3348 3427 3426
2761  3 2 1 1 3348 3349 3428 3427
2762  3 2 1 1 3349 3350 3429 3428
2763  3 2 1 1 3350 3351 3430 3429
2764  3 2 1 1 3351 3352 3431 3430
2765  3 2 1 1 3352 3353 3432 3431
2766  3 2 1 1 3353 3354 3433 3432
2767  3 2 1 1 3354 3355 3434 3433
2768  3 2 1 1 3355 3356 3435 3434
2769  3 2 1 1 3356 3357 3436 3435
2770  3 2 1 1 3357 3358 3437 3436
2771  3 2 1 1 3358 3359 3438 3437
2772  3 2 1 1 3359 3360 3439 3438
2773  3 2 1 1 3360 3361 3440 3439
2774  3 2 1 1 3361 3362 3441 3440
2775  3 2 1 1 3362 3363 3442 3441
2776  3 2 1 1 3363 3364 3443 3442
2777  3 2 1 1 3364 3365 3444 3443
2778  3 2 1 1 3365 3366 3445 3444
2779  3 2 1 1 3366 3367 3446 3445
2780  3 2 1 1 3367 3368 3447 3446
2781  3 2 1 1 3368 3369 3448 3447
2782  3 2 1 1 3369 3370 3449 3448
2783  3 2 1 1 3370 3371 3450 3449
2784  3 2 1 1 3371 3372 3451 3450
2785  3 2 1 1 3372 3373 3452 3451
2786  3 2 1 1 3373 3374 3453 3452
2787  3 2 1 1 3374 3375 3454 3453
2788  3 2 1 1 3375 3376 3455 3454
2789  3 2 1 1 3376 3377 3456 3455
2790  3 2 1 1 3377 3378 3457 3456
2791  3 2 1 1 3378 3379 3458 3457
2792  3 2 1 1 3379 3380 3459 3458
2793  3 2 1 1 3380 3381 3460 3459
2794  3 2 1 1 3381 3382 3461 3460
2795  3 2 1 1 3382 3383 3462 3461
2796  3 2 1 1 3383 3384 3463 3462
2797  3 2 1 1 3384 3385 3464 3463
2798  3 2 1 1 3385 3386 3465 3464
2799  3 2 1 1 3386 3387 3466 3465
2800  3 2 1 1 3387  268  269 3466
2801  3 2 1 1  353 3388 3467  352
2802  3 2 1 1 3388 3389 3468 3467
2803  3 2 1 1 3389 3390 3469 3468
2804  3 2 1 1 3390 3391 3470 3469
2805  3 2 1 1 3391 3392 3471 3470
2806  3 2 1 1 3392 3393 3472 3471
2807  3 2 1 1 3393 3394 3473 3472
2808  3 2 1 1 3394 3395 3474 3473
2809  3 2 1 1 3395 3396 3475 3474
2810  3 2 1 1 3396 3397 3476 3475
2811  3 2 1 1 3397 3398 3477 3476
2812  3 2 1 1 3398 3399 3478 3477
2813  3 2 1 1 3399 3400 3479 3478
2814  3 2 1 1 3400 3401 3480 3479
2815  3 2 1 1 3401 3402 3481 3480
2816  3 2 1 1 3402 3403 3482 3481
2817  3 2 1 1 3403 3404 3483 3482
2818  3 2 1 1 3404 3405 3484 3483
2819  3 2 1 1 3405 3406 3485 3484
2820  3 2 1 1 3406 3407 3486 3485
2821  3 2 1 1 3407 3408 3487 3486
2822  3 2 1 1 3408 3409 3488 3487
2823  3 2 1 1 3409 3410 3489 3488
2824  3 2 1 1 3410 3411 3490 3489
2825  3 2 1 1 3411 3412 3491 3490
2826  3 2 1 1 3412 3413 3492 3491
2827  3 2 1 1 3413 3414 3493 3492
2828  3 2 1 1 3414 3415 3494 3493
2829  3 2 1 1 3415 3416 3495 3494
2830  3 2 1 1 3416 3417 3496 3495
2831  3 2 1 1 3417 3418 3497 3496
2832  3 2 1 1 3418 3419 3498 3497
2833  3 2 1 1 3419 3420 3499 3498
2834  3 2 1 1 3420 3421 3500 3499
2835  3 2 1 1 3421 3422 3501 3500
2836  3 2 1 1 3422 3423 3502 3501
2837  3 2 1 1 3423 3424 3503 3502
2838  3 2 1 1 3424 3425 3504 3503
2839  3 2 1 1 3425 3426 3505 3504
2840  3 2 1 1 3426 3427 3506 3505
2841  3 2 1 1 3427 3428 3507 3506
2842  3 2 1 1 3428 3429 3508 3507
2843  3 2 1 1 3429 3430 3509 3508
2844  3 2 1 1 3430 3431 3510 3509
2845  3 2 1 1 3431 3432 3511 3510
2846  3 2 1 1 3432 3433 3512 3511
2847  3 2 1 1 3433 3434 3513 3512
2848  3 2 1 1 3434 3435 3514 3513
2849  3 2 1 1 3435 3436 3515 3514
2850  3 2 1 1 3436 3437 3516 3515
2851  3 2 1 1 3437 3438 3517 3516
2852  3 2 1 1 3438 3439 3518 3517
2853  3 2 1 1 3439 3440 3519 3518
2854  3 2 1 1 3440 3441 3520 3519
2855  3 2 1 1 3441 3442 3521 3520
2856  3 2 1 1 3442 3443 3522 3521
2857  3 2 1 1 3443 3444 3523 3522
2858  3 2 1 1 3444 3445 3524 3523
2859  3 2 1 1 3445 3446 3525 3524
2860  3 2 1 1 3446 3447 3526 3525
2861  3 2 1 1 3447 3448 3527 3526
2862  3 2 1 1 3448 3449 3528 3527
2863  3 2 1 1 3449 3450 3529 3528
2864  3 2 1 1 3450 3451 3530 3529
2865  3 2 1 1 3451 3452 3531 3530
2866  3 2 1 1 3452 3453 3532 3531
2867  3 2 1 1 3453 3454 3533 3532
2868  3 2 1 1 3454 3455 3534 3533
2869  3 2 1 1 3455 3456 3535 3534
2870  3 2 1 1 3456 3457 3536 3535
2871  3 2 1 1 3457 3458 3537 3536
2872  3 2 1 1 3458 3459 3538 3537
2873  3 2 1 1 3459 3460 3539 3538
2874  3 2 1 1 3460 3461 3540 3539
2875  3 2 1 1 3461 3462 3541 3540
2876  3 2 1 1 3462 3463 3542 3541
2877  3 2 1 1 3463 3464 3543 3542
2878  3 2 1 1 3464 3465 3544 3543
2879  3 2 1 1 3465 3466 3545 3544
2880  3 2 1 1 3466  269  270 3545
2881  3 2 1 1  352 3467 3546  351
2882  3 2 1 1 3467 3468 3547 3546
2883  3 2 1 1 3468 3469 3548 3547
2884  3 2 1 1 3469 3470 3549 3548
2885  3 2 1 1 3470 3471 3550 3549
2886  3 2 1 1 3471 3472 3551 3550
2887  3 2 1 1 3472 3473 3552 3551
2888  3 2 1 1 3473 3474 3553 3552
2889  3 2 1 1 3474 3475 3554 3553
2890  3 2 1 1 3475 3476 3555 3554
2891  3 2 1 1 3476 3477 3556 3555
2892  3 2 1 1 3477 3478 3557 3556
2893  3 2 1 1 3478 3479 3558 3557
2894  3 2 1 1 3479 3480 3559 3558
2895  3 2 1 1 3480 3481 3560 3559
2896  3 2 1 1 3481 3482 3561 3560
2897  3 2 1 1 3482 3483 3562 3561
2898  3 2 1 1 3483 3484 3563 3562
2899  3 2 1 1 3484 3485 3564 3563
2900  3 2 1 1 3485 3486 3565 3564
2901  3 2 1 1 3486 3487 3566 3565
2902  3 2 1 1 3487 3488 3567 3566
2903  3 2 1 1 3488 3489 3568 3567
2904  3 2 1 1 3489 3490 3569 3568
2905  3 2 1 1 3490 3491 3570 3569
2906  3 2 1 1 3491 3492 3571 3570
2907  3 2 1 1 3492 3493 3572 3571
2908  3 2 1 1 3493 3494 3573 3572
2909  3 2 1 1 3494 3495 3574 3573
2910  3 2 1 1 3495 3496 3575 3574
2911  3 2 1 1 3496 3497 3576 3575
2912  3 2 1 1 3497 3498 3577 3576
2913  3 2 1 1 3498 3499 3578 3577
2914  3 2 1 1 3499 3500 3579 3578
2915  3 2 1 1 3500 3501 3580 3579
2916  3 2 1 1 3501 3502 3581 3580
2917  3 2 1 1 3502 3503 3582 3581
2918  3 2 1 1 3503 3504 3583 3582
2919  3 2 1 1 3504 3505 3584 3583
2920  3 2 1 1 3505 3506 3585 3584
2921  3 2 1 1 3506 3507 3586 3585
2922  3 2 1 1 3507 3508 3587 3586
2923  3 2 1 1 3508 3509 3588 3587
2924  3 2 1 1 3509 3510 3589 3588
2925  3 2 1 1 3510 3511 3590 3589
2926  3 2 1 1 3511 3512 3591 3590
2927  3 2 1 1 3512 3513 3592 3591
2928  3 2 1 1 3513 3514 3593 3592
2929  3 2 1 1 3514 3515 3594 3593
2930  3 2 1 1 3515 3516 3595 3594
2931  3 2 1 1 3516 3517 3596 3595
2932  3 2 1 1 3517 3518 3597 3596
2933  3 2 1 1 3518 3519 3598 3597
2934  3 2 1 1 3519 3520 3599 3598
2935  3 2 1 1 3520 3521 3600 3599
2936  3 2 1 1 3521 3522 3601 3600
2937  3 2 1 1 3522 3523 3602 3601
2938  3 2 1 1 3523 3524 3603 3602
2939  3 2 1 1 3524 3525 3604 3603
2940  3 2 1 1 3525 3526 3605 3604
2941  3 2 1 1 3526 3527 3606 3605
2942  3 2 1 1 3527 3528 3607 3606
2943  3 2 1 1 3528 3529 3608 3607
2944  3 2 1 1 3529 3530 3609 3608
2945  3 2 1 1 3530 3531 3610 3609
2946  3 2 1 1 3531 3532 3611 3610
2947  3 2 1 1 3532 3533 3612 3611
2948  3 2 1 1 3533 3534 3613 3612
2949  3 2 1 1 3534 3535 3614 3613
2950  3 2 1 1 3535 3536 3615 3614
2951  3 2 1 1 3536 3537 3616 3615
2952  3 2 1 1 3537 3538 3617 3616
2953  3 2 1 1 3538 3539 3618 3617
2954  3 2 1 1 3539 3540 3619 3618
2955  3 2 1 1 3540 3541 3620 3619
2956  3 2 1 1 3541 3542 3621 3620
2957  3 2 1 1 3542 3543 3622 3621
2958  3 2 1 1 3543 3544 3623 3622
2959  3 2 1 1 3544 3545 3624 3623
2960  3 2 1 1 3545  270  271 3624
2961  3 2 1 1  351 3546  350   10
2962  3 2 1 1 3546 3547  349  350
2963  3 2 1 1 3547 3548  348  349
2964  3 2 1 1 3548 3549  347  348
2965  3 2 1 1 3549 3550  346  347
2966  3 2 1 1 3550 3551  345  346
2967  3 2 1 1 3551 3552  344  345
2968  3 2 1 1 3552 3553  343  344
2969  3 2 1 1 3553 3554  342  343
2970  3 2 1 1 3554 3555  341  342
2971  3 2 1 1 3555 3556  340  341
2972  3 2 1 1 3556 3557  339  340
2973  3 2 1 1 3557 3558  338  339
2974  3 2 1 1 3558 3559  337  338
2975  3 2 1 1 3559 3560  336  337
2976  3 2 1 1 3560 3561  335  336
2977  3 2 1 1 3561 3562  334  335
2978  3 2 1 1 3562 3563  333  334
2979  3 2 1 1 3563 3564  332  333
2980  3 2 1 1 3564 3565  331  332
2981  3 2 1 1 3565 3566  330  331
2982  3 2 1 1 3566 3567  329  330
2983  3 2 1 1 3567 3568  328  329
2984  3 2 1 1 3568 3569  327  328
2985  3 2 1 1 3569 3570  326  327
2986  3 2 1 1 3570 3571  325  326
2987  3 2 1 1 3571 3572  324  325
2988  3 2 1 1 3572 3573  323  324
2989  3 2 1 1 3573 3574  322  323
2990  3 2 1 1 3574 3575  321  322
2991  3 2 1 1 3575 3576  320  321
2992  3 2 1 1 3576 3577  319  320
2993  3 2 1 1 3577 3578  318  319
2994  3 2 1 1 3578 3579  317  318
2995  3 2 1 1 3579 3580  316  317
2996  3 2 1 1 3580 3581  315  316
2997  3 2 1 1 3581 3582  314  315
2998  3 2 1 1 3582 3583  313  314
2999  3 2 1 1 3583 3584  312  313
3000  3 2 1 1 3584 3585  311  312
3001  3 2 1 1 3585 3586  310  311
3002  3 2 1 1 3586 3587  309  310
3003  3 2 1 1 3587 3588  308  309
3004  3 2 1 1 3588 3589  307  308
3005  3 2 1 1 3589 3590  306  307
3006  3 2 1 1 3590 3591  305  306
3007  3 2 1 1 3591 3592  304  305
3008  3 2 1 1 3592 3593  303  304
3009  3 2 1 1 3593 3594  302  303
3010  3 2 1 1 3594 3595  301  302
3011  3 2 1 1 3595 3596  300  301
3012  3 2 1 1 3596 3597  299  300
3013  3 2 1 1 3597 3598  298  299
3014  3 2 1 1 3598 3599  297  298
3015  3 2 1 1 3599 3600  296  297
3016  3 2 1 1 3600 3601  295  296
3017  3 2 1 1 3601 3602  294  295
3018  3 2 1 1 3602 3603  293  294
3019  3 2 1 1 3603 3604  292  293
3020  3 2 1 1 3604 3605  291  292
3021  3 2 1 1 3605 3606  290  291
3022  3 2 1 1 3606 3607  289  290
3023  3 2 1 1 3607 3608  288  289
3024  3 2 1 1 3608 3609  287  288
3025  3 2 1 1 3609 3610  286  287
3026  3 2 1 1 3610 3611  285  286
3027  3 2 1 1 3611 3612  284  285
3028  3 2 1 1 3612 3613  283  284
3029  3 2 1 1 3613 3614  282  283
3030  3 2 1 1 3614 3615  281  282
3031  3 2 1 1 3615 3616  280  281
3032  3 2 1 1 3616 3617  279  280
3033  3 2 1 1 3617 3618  278  279
3034  3 2 1 1 3618 3619  277  278
3035  3 2 1 1 3619 3620  276  277
3036  3 2 1 1 3620 3621  275  276
3037  3 2 1 1 3621 3622  274  275
3038  3 2 1 1 3622 3623  273  274
3039  3 2 1 1 3623 3624  272  273
3040  3 2 1 1 3624  271    9  272
3041  3 2 1 1    2   96 3625  387
3042  3 2 1 1   96   97 3626 3625
3043  3 2 1 1   97   98 3627 3626
3044  3 2 1 1   98   99 3628 3627
3045  3 2 1 1   99  100 3629 3628
3046  3 2 1 1  100  101 3630 3629
3047  3 2 1 1  101  102 3631 3630
3048  3 2 1 1  102  103 3632 3631
3049  3 2 1 1  103  104 3633 3632
3050  3 2 1 1  104  105 3634 3633
3051  3 2 1 1  105  106 3635 3634
3052  3 2 1 1  106  107 3636 3635
3053  3 2 1 1  107  108 3637 3636
3054  3 2 1 1  108  109 3638 3637
3055  3 2 1 1  109  110 3639 3638
3056  3 2 1 1  110  111 3640 3639
3057  3 2 1 1  111  112 3641 3640
3058  3 2 1 1  112  113 3642 3641
3059  3 2 1 1  113  114 3643 3642
3060  3 2 1 1  114  115 3644 3643
3061  3 2 1 1  115  116 3645 3644
3062  3 2 1 1  116  117 3646 3645
3063  3 2 1 1  117  118 3647 3646
3064  3 2 1 1  118  119 3648 3647
3065  3 2 1 1  119  120 3649 3648
3066  3 2 1 1  120  121 3650 3649
3067  3 2 1 1  121  122 3651 3650
3068  3 2 1 1  122  123 3652 3651
3069  3 2 1 1  123  124 3653 3652
3070  3 2 1 1  124  125 3654 3653
3071  3 2 1 1  125  126 3655 3654
3072  3 2 1 1  126  127 3656 3655
3073  3 2 1 1  127  128 3657 3656
3074  3 2 1 1  128  129 3658 3657
3075  3 2 1 1  129  130 3659 3658
3076  3 2 1 1  130  131 3660 3659
3077  3 2 1 1  131  132 3661 3660
3078  3 2 1 1  132  133 3662 3661
3079  3 2 1 1  133  134 3663 3662
3080  3 2 1 1  134  135 3664 3663
3081  3 2 1 1  135  136 3665 3664
3082  3 2 1 1  136  137 3666 3665
3083  3 2 1 1  137  138 3667 3666
3084  3 2 1 1  138  139 3668 3667
3085  3 2 1 1  139  140 3669 3668
3086  3 2 1 1  140  141 3670 3669
3087  3 2 1 1  141  142 3671 3670
3088  3 2 1 1  142  143 3672 3671
3089  3 2 1 1  143  144 3673 3672
3090  3 2 1 1  144  145 3674 3673
3091  3 2 1 1  145  146 3675 3674
3092  3 2 1 1  146  147 3676 3675
3093  3 2 1 1  147  148 3677 3676
3094  3 2 1 1  148  149 3678 3677
3095  3 2 1 1  149  150 3679 3678
3096  3 2 1 1  150  151 3680 3679
3097  3 2 1 1  151  152 3681 3680
3098  3 2 1 1  152  153 3682 3681
3099  3 2 1 1  153  154 3683 3682
3100  3 2 1 1  154  155 3684 3683
3101  3 2 1 1  155  156 3685 3684
3102  3 2 1 1  156  157 3686 3685
3103  3 2 1 1  157  158 3687 3686
3104  3 2 1 1  158  159 3688 3687
3105  3 2 1 1  159  160 3689 3688
3106  3 2 1 1  160  161 3690 3689
3107  3 2 1 1  161  162 3691 3690
3108  3 2 1 1  162  163 3692 3691
3109  3 2 1 1  163  164 3693 3692
3110  3 2 1 1  164  165 3694 3693
3111  3 2 1 1  165  166 3695 3694
3112  3 2 1 1  166  167 3696 3695
3113  3 2 1 1  167  168 3697 3696
3114  3 2 1 1  168  169 3698 3697
3115  3 2 1 1  169  170 3699 3698
3116  3 2 1 1  170  171 3700 3699
3117  3 2 1 1  171  172 3701 3700
3118  3 2 1 1  172  173 3702 3701
3119  3 2 1 1  173  174 3703 3702
3120  3 2 1 1  174  175 3704 3703
3121  3 2 1 1  175  176 3705 3704
3122  3 2 1 1  176  177 3706 3705
3123  3 2 1 1  177  178 3707 3706
3124  3 2 1 1  178  179 3708 3707
3125  3 2 1 1  179  180 3709 3708
3126  3 2 1 1  180  181 3710 3709
3127  3 2 1 1  181  182 3711 3710
3128  3 2 1 1  182  183 3712 3711
3129  3 2 1 1  183  184 3713 3712
3130  3 2 1 1  184  185 3714 3713
3131  3 2 1 1  185  186 3715 3714
3132  3 2 1 1  186  187 3716 3715
3133  3 2 1 1  187  188 3717 3716
3134  3 2 1 1  188  189 3718 3717
3135  3 2 1 1  189  190 3719 3718
3136  3 2 1 1  190  191 3720 3719
3137  3 2 1 1  191  192 3721 3720
3138  3 2 1 1  192  193 3722 3721
3139  3 2 1 1  193  194 3723 3722
3140  3 2 1 1  194    3  412 3723
3141  3 2 1 1  387 3625 3724  388
3142  3 2 1 1 3625 3626 3725 3724
3143  3 2 1 1 3626 3627 3726 3725
3144  3 2 1 1 3627 3628 3727 3726
3145  3 2 1 1 3628 3629 3728 3727
3146  3 2 1 1 3629 3630 3729 3728
3147  3 2 1 1 3630 3631 3730 3729
3148  3 2 1 1 3631 3632 3731 3730
3149  3 2 1 1 3632 3633 3732 3731
3150  3 2 1 1 3633 3634 3733 3732
3151  3 2 1 1 3634 3635 3734 3733
3152  3 2 1 1 3635 3636 3735 3734
3153  3 2 1 1 3636 3637 3736 3735
3154  3 2 1 1 3637 3638 3737 3736
3155  3 2 1 1 3638 3639 3738 3737
3156  3 2 1 1 3639 3640 3739 3738
3157  3 2 1 1 3640 3641 3740 3739
3158  3 2 1 1 3641 3642 3741 3740
3159  3 2 1 1 3642 3643 3742 3741
3160  3 2 1 1 3643 3644 3743 3742
3161  3 2 1 1 3644 3645 3744 3743
3162  3 2 1 1 3645 3646 3745 3744
3163  3 2 1 1 3646 3647 3746 3745
3164  3 2 1 1 3647 3648 3747 3746
3165  3 2 1 1 3648 3649 3748 3747
3166  3 2 1 1 3649 3650 3749 3748
3167  3 2 1 1 3650 3651 3750 3749
3168  3 2 1 1 3651 3652 3751 3750
3169  3 2 1 1 3652 3653 3752 3751
3170  3 2 1 1 3653 3654 3753 3752
3171  3 2 1 1 3654 3655 3754 3753
3172  3 2 1 1 3655 3656 3755 3754
3173  3 2 1 1 3656 3657 3756 3755
3174  3 2 1 1 3657 3658 3757 3756
3175  3 2 1 1 3658 3659 3758 3757
3176  3 2 1 1 3659 3660 3759 3758
3177  3 2 1 1 3660 3661 3760 3759
3178  3 2 1 1 3661 3662 3761 3760
3179  3 2 1 1 3662 3663 3762 3761
3180  3 2 1 1 3663 3664 3763 3762
3181  3 2 1 1 3664 3665 3764 3763
3182  3 2 1 1 3665 3666 3765 3764
3183  3 2 1 1 3666 3667 3766 3765
3184  3 2 1 1 3667 3668 3767 3766
3185  3 2 1 1 3668 3669 3768 3767
3186  3 2 1 1 3669 3670 3769 3768
3187  3 2 1 1 3670 3671 3770 3769
3188  3 2 1 1 3671 3672 3771 3770
3189  3 2 1 1 3672 3673 3772 3771
3190  3 2 1 1 3673 3674 3773 3772
3191  3 2 1 1 3674 3675 3774 3773
3192  3 2 1 1 3675 3676 3775 3774
3193  3 2 1 1 3676 3677 3776 3775
3194  3 2 1 1 3677 3678 3777 3776
3195  3 2 1 1 3678 3679 3778 3777
3196  3 2 1 1 3679 3680 3779 3778
3197  3 2 1 1 3680 3681 3780 3779
3198  3 2 1 1 3681 3682 3781 3780
3199  3 2 1 1 3682 3683 3782 3781
3200  3 2 1 1 3683 3684 3783 3782
3201  3 2 1 1 3684 3685 3784 3783
3202  3 2 1 1 3685 3686 3785 3784
3203  3 2 1 1 3686 3687 3786 3785
3204  3 2 1 1 3687 3688 3787 3786
3205  3 2 1 1 3688 3689 3788 3787
3206  3 2 1 1 3689 3690 3789 3788
3207  3 2 1 1 3690 3691 3790 3789
3208  3 2 1 1 3691 3692 3791 3790
3209  3 2 1 1 3692 3693 3792 3791
3210  3 2 1 1 3693 3694 3793 3792
3211  3 2 1 1 3694 3695 3794 3793
3212  3 2 1 1 3695 3696 3795 3794
3213  3 2 1 1 3696 3697 3796 3795
3214  3 2 1 1 3697 3698 3797 3796
3215  3 2 1 1 3698 3699 3798 3797
3216  3 2 1 1 3699 3700 3799 3798
3217  3 2 1 1 3700 3701 3800 3799
3218  3 2 1 1 3701 3702 3801 3800
3219  3 2 1 1 3702 3703 3802 3801
3220  3 2 1 1 3703 3704 3803 3802
3221  3 2 1 1 3704 3705 3804 3803
3222  3 2 1 1 3705 3706 3805 3804
3223  3 2 1 1 3706 3707 3806 3805
3224  3 2 1 1 3707 3708 3807 3806
3225  3 2 1 1 3708 3709 3808 3807
3226  3 2 1 1 3709 3710 3809 3808
3227  3 2 1 1 3710 3711 3810 3809
3228  3 2 1 1 3711 3712 3811 3810
3229  3 2 1 1 3712 3713 3812 3811
3230  3 2 1 1 3713 3714 3813 3812
3231  3 2 1 1 3714 3715 3814 3813
3232  3 2 1 1 3715 3716 3815 3814
3233  3 2 1 1 3716 3717 3816 3815
3234  3 2 1 1 3717 3718 3817 3816
3235  3 2 1 1 3718 3719 3818 3817
3236  3 2 1 1 3719 3720 3819 3818
3237  3 2 1 1 3720 3721 3820 3819
3238  3 2 1 1 3721 3722 3821 3820
3239  3 2 1 1 3722 3723 3822 3821
3240  3 2 1 1 3723  412  413 3822
3241  3 2 1 1  388 3724 3823  389
3242  3 2 1 1 3724 3725 3824 3823
3243  3 2 1 1 3725 3726 3825 3824
3244  3 2 1 1 3726 3727 3826 3825
3245  3 2 1 1 3727 3728 3827 3826
3246  3 2 1 1 3728 3729 3828 3827
3247  3 2 1 1 3729 3730 3829 3828
3248  3 2 1 1 3730 3731 3830 3829
3249  3 2 1 1 3731 3732 3831 3830
3250  3 2 1 1 3732 3733 3832 3831
3251  3 2 1 1 3733 3734 3833 3832
3252  3 2 1 1 3734 3735 3834 3833
3253  3 2 1 1 3735 3736 3835 3834
3254  3 2 1 1 3736 3737 3836 3835
3255  3 2 1 1 3737 3738 3837 3836
3256  3 2 1 1 3738 3739 3838 3837
3257  3 2 1 1 3739 3740 3839 3838
3258  3 2 1 1 3740 3741 3840 3839
3259  3 2 1 1 3741 3742 3841 3840
3260  3 2 1 1 3742 3743 3842 3841
3261  3 2 1 1 3743 3744 3843 3842
3262  3 2 1 1 3744 3745 3844 3843
3263  3 2 1 1 3745 3746 3845 3844
3264  3 2 1 1 3746 3747 3846 3845
3265  3 2 1 1 3747 3748 3847 3846
3266  3 2 1 1 3748 3749 3848 3847
3267  3 2 1 1 3749 3750 3849 3848
3268  3 2 1 1 3750 3751 3850 3849
3269  3 2 1 1 3751 3752 3851 3850
3270  3 2 1 1 3752 3753 3852 3851
3271  3 2 1 1 3753 3754 3853 3852
3272  3 2 1 1 3754 3755 3854 3853
3273  3 2 1 1 3755 3756 3855 3854
3274  3 2 1 1 3756 3757 3856 3855
3275  3 2 1 1 3757 3758 3857 3856
3276  3 2 1 1 3758 3759 3858 3857
3277  3 2 1 1 3759 3760 3859 3858
3278  3 2 1 1 3760 3761 3860 3859
3279  3 2 1 1 3761 3762 3861 3860
3280  3 2 1 1 3762 3763 3862 3861
3281  3 2 1 1 3763 3764 3863 3862
3282  3 2 1 1 3764 3765 3864 3863
3283  3 2 1 1 3765 3766 3865 3864
3284  3 2 1 1 3766 3767 3866 3865
3285  3 2 1 1 3767 3768 3867 3866
3286  3 2 1 1 3768 3769 3868 3867
3287  3 2 1 1 3769 3770 3869 3868
3288  3 2 1 1 3770 3771 3870 3869
3289  3 2 1 1 3771 3772 3871 3870
3290  3 2 1 1 3772 3773 3872 3871
3291  3 2 1 1 3773 3774 3873 3872
3292  3 2 1 1 3774 3775 3874 3873
3293  3 2 1 1 3775 3776 3875 3874
3294  3 2 1 1 3776 3777 3876 3875
3295  3 2 1 1 3777 3778 3877 3876
3296  3 2 1 1 3778 3779 3878 3877
3297  3 2 1 1 3779 3780 3879 3878
3298  3 2 1 1 3780 3781 3880 3879
3299  3 2 1 1 3781 3782 3881 3880
3300  3 2 1 1 3782 3783 3882 3881
3301  3 2 1 1 3783 3784 3883 3882
3302  3 2 1 1 3784 3785 3884 3883
3303  3 2 1 1 3785 3786 3885 3884
3304  3 2 1 1 3786 3787 3886 3885
3305  3 2 1 1 3787 3788 3887 3886
3306  3 2 1 1 3788 3789 3888 3887
3307  3 2 1 1 3789 3790 3889 3888
3308  3 2 1 1 3790 3791 3890 3889
3309  3 2 1 1 3791 3792 3891 3890
3310  3 2 1 1 3792 3793 3892 3891
3311  3 2 1 1 3793 3794 3893 3892
3312  3 2 1 1 3794 3795 3894 3893
3313  3 2 1 1 3795 3796 3895 3894
3314  3 2 1 1 3796 3797 3896 3895
3315  3 2 1 1 3797 3798 3897 3896
3316  3 2 1 1 3798 3799 3898 3897
3317  3 2 1 1 3799 3800 3899 3898
3318  3 2 1 1 3800 3801 3900 3899
3319  3 2 1 1 3801 3802 3901 3900
3320  3 2 1 1 3802 3803 3902 3901
3321  3 2 1 1 3803 3804 3903 3902
3322  3 2 1 1 3804 3805 3904 3903
3323  3 2 1 1 3805 3806 3905 3904
3324  3 2 1 1 3806 3807 3906 3905
3325  3 2 1 1 3807 3808 3907 3906
3326  3 2 1 1 3808 3809 3908 3907
3327  3 2 1 1 3809 3810 3909 3908
3328  3 2 1 1 3810 3811 3910 3909
3329  3 2 1 1 3811 3812 3911 3910
3330  3 2 1 1 3812 3813 3912 3911
3331  3 2 1 1 3813 3814 3913 3912
3332  3 2 1 1 3814 3815 3914 3913
3333  3 2 1 1 3815 3816 3915 3914
3334  3 2 1 1 3816 3817 3916 3915
3335  3 2 1 1 3817 3818 3917 3916
3336  3 2 1 1 3818 3819 3918 3917
3337  3 2 1 1 3819 3820 3919 3918
3338  3 2 1 1 3820 3821 3920 3919
3339  3 2 1 1 3821 3822 3921 3920
3340  3 2 1 1 3822  413  414 3921
3341  3 2 1 1  389 3823 3922  390
3342  3 2 1 1 3823 3824 3923 3922
3343  3 2 1 1 3824 3825 3924 3923
3344  3 2 1 1 3825 3826 3925 3924
3345  3 2 1 1 3826 3827 3926 3925
3346  3 2 1 1 3827 3828 3927 3926
3347  3 2 1 1 3828 3829 3928 3927
3348  3 2 1 1 3829 3830 3929 3928
3349  3 2 1 1 3830 3831 3930 3929
3350  3 2 1 1 3831 3832 3931 3930
3351  3 2 1 1 3832 3833 3932 3931
3352  3 2 1 1 3833 3834 3933 3932
3353  3 2 1 1 3834 3835 3934 3933
3354  3 2 1 1 3835 3836 3935 3934
3355  3 2 1 1 3836 3837 3936 3935
3356  3 2 1 1 3837 3838 3937 3936
3357  3 2 1 1 3838 3839 3938 3937
3358  3 2 1 1 3839 3840 3939 3938
3359  3 2 1 1 3840 3841 3940 3939
3360  3 2 1 1 3841 3842 3941 3940
3361  3 2 1 1 3842 3843 3942 3941
3362  3 2 1 1 3843 3844 3943 3942
3363  3 2 1 1 3844 3845 3944 3943
3364  3 2 1 1 3845 3846 3945 3944
3365  3 2 1 1 3846 3847 3946 3945
3366  3 2 1 1 3847 3848 3947 3946
3367  3 2 1 1 3848 3849 3948 3947
3368  3 2 1 1 3849 3850 3949 3948
3369  3 2 1 1 3850 3851 3950 3949
3370  3 2 1 1 3851 3852 3951 3950
3371  3 2 1 1 3852 3853 3952 3951
3372  3 2 1 1 3853 3854 3953 3952
3373  3 2 1 1 3854 3855 3954 3953
3374  3 2 1 1 3855 3856 3955 3954
3375  3 2 1 1 3856 3857 3956 3955
3376  3 2 1 1 3857 3858 3957 3956
3377  3 2 1 1 3858 3859 3958 3957
3378  3 2 1 1 3859 3860 3959 3958
3379  3 2 1 1 3860 3861 3960 3959
3380  3 2 1 1 3861 3862 3961 3960
3381  3 2 1 1 3862 3863 3962 3961
3382  3 2 1 1 3863 3864 3963 3962
3383  3 2 1 1 3864 3865 3964 3963
3384  3 2 1 1 3865 3866 3965 3964
3385  3 2 1 1 3866 3867 3966 3965
3386  3 2 1 1 3867 3868 3967 3966
3387  3 2 1 1 3868 3869 3968 3967
3388  3 2 1 1 3869 3870 3969 3968
3389  3 2 1 1 3870 3871 3970 3969
3390  3 2 1 1 3871 3872 3971 3970
3391  3 2 1 1 3872 3873 3972 3971
3392  3 2 1 1 3873 3874 3973 3972
3393  3 2 1 1 3874 3875 3974 3973
3394  3 2 1 1 3875 3876 3975 3974
3395  3 2 1 1 3876 3877 3976 3975
3396  3 2 1 1 3877 3878 3977 3976
3397  3 2 1 1 3878 3879 3978 3977
3398  3 2 1 1 3879 3880 3979 3978
3399  3 2 1 1 3880 3881 3980 3979
3400  3 2 1 1 3881 3882 3981 3980
3401  3 2 1 1 3882 3883 3982 3981
3402  3 2 1 1 3883 3884 3983 3982
3403  3 2 1 1 3884 3885 3984 3983
3404  3 2 1 1 3885 3886 3985 3984
3405  3 2 1 1 3886 3887 3986 3985
3406  3 2 1 1 3887 3888 3987 3986
3407  3 2 1 1 3888 3889 3988 3987
3408  3 2 1 1 3889 3890 3989 3988
3409  3 2 1 1 3890 3891 3990 3989
3410  3 2 1 1 3891 3892 3991 3990
3411  3 2 1 1 3892 3893 3992 3991
3412  3 2 1 1 3893 3894 3993 3992
3413  3 2 1 1 3894 3895 3994 3993
3414  3 2 1 1 3895 3896 3995 3994
3415  3 2 1 1 3896 3897 3996 3995
3416  3 2 1 1 3897 3898 3997 3996
3417  3 2 1 1 3898 3899 3998 3997
3418  3 2 1 1 3899 3900 3999 3998
3419  3 2 1 1 3900 3901 4000 3999
3420  3 2 1 1 3901 3902 4001 4000
3421  3 2 1 1 3902 3903 4002 4001
3422  3 2 1 1 3903 3904 4003 4002
3423  3 2 1 1 3904 3905 4004 4003
3424  3 2 1 1 3905 3906 4005 4004
3425  3 2 1 1 3906 3907 4006 4005
3426  3 2 1 1 3907 3908 4007 4006
3427  3 2 1 1 3908 3909 4008 4007
3428  3 2 1 1 3909 3910 4009 4008
3429  3 2 1 1 3910 3911 4010 4009
3430  3 2 1 1 3911 3912 4011 4010
3431  3 2 1 1 3912 3913 4012 4011
3432  3 2 1 1 3913 3914 4013 4012
3433  3 2 1 1 3914 3915 4014 4013
3434  3 2 1 1 3915 3916 4015 4014
3435  3 2 1 1 3916 3917 4016 4015
3436  3 2 1 1 3917 3918 4017 4016
3437  3 2 1 1 3918 3919 4018 4017
3438  3 2 1 1 3919 3920 4019 4018
3439  3 2 1 1 3920 3921 4020 4019
3440  3 2 1 1 3921  414  415 4020
3441  3 2 1 1  390 3922 4021  391
3442  3 2 1 1 3922 3923 4022 4021
3443  3 2 1 1 3923 3924 4023 4022
3444  3 2 1 1 3924 3925 4024 4023
3445  3 2 1 1 3925 3926 4025 4024
3446  3 2 1 1 3926 3927 4026 4025
3447  3 2 1 1 3927 3928 4027 4026
3448  3 2 1 1 3928 3929 4028 4027
3449  3 2 1 1 3929 3930 4029 4028
3450  3 2 1 1 3930 3931 4030 4029
3451  3 2 1 1 3931 3932 4031 4030
3452  3 2 1 1 3932 3933 4032 4031
3453  3 2 1 1 3933 3934 4033 4032
3454  3 2 1 1 3934 3935 4034 4033
3455  3 2 1 1 3935 3936 4035 4034
3456  3 2 1 1 3936 3937 4036 4035
3457  3 2 1 1 3937 3938 4037 4036
3458  3 2 1 1 3938 3939 4038 4037
3459  3 2 1 1 3939 3940 4039 4038
3460  3 2 1 1 3940 3941 4040 4039
3461  3 2 1 1 3941 3942 4041 4040
3462  3 2 1 1 3942 3943 4042 4041
3463  3 2 1 1 3943 3944 4043 4042
3464  3 2 1 1 3944 3945 4044 4043
3465  3 2 1 1 3945 3946 4045 4044
3466  3 2 1 1 3946 3947 4046 4045
3467  3 2 1 1 3947 3948 4047 4046
3468  3 2 1 1 3948 3949 4048 4047
3469  3 2 1 1 3949 3950 4049 4048
3470  3 2 1 1 3950 3951 4050 4049
3471  3 2 1 1 3951 3952 4051 4050
3472  3 2 1 1 3952 3953 4052 4051
3473  3 2 1 1 3953 3954 4053 4052
3474  3 2 1 1 3954 3955 4054 4053
3475  3 2 1 1 3955 3956 4055 4054
3476  3 2 1 1 3956 3957 4056 4055
3477  3 2 1 1 3957 3958 4057 4056
3478  3 2 1 1 3958 3959 4058 4057
3479  3 2 1 1 3959 3960 4059 4058
3480  3 2 1 1 3960 3961 4060 4059
3481  3 2 1 1 3961 3962 4061 4060
3482  3 2 1 1 3962 3963 4062 4061
3483  3 2 1 1 3963 3964 4063 4062
3484  3 2 1 1 3964 3965 4064 4063
3485  3 2 1 1 3965 3966 4065 4064
3486  3 2 1 1 3966 3967 4066 4065
3487  3 2 1 1 3967 3968 4067 4066
3488  3 2 1 1 3968 3969 4068 4067
3489  3 2 1 1 3969 3970 4069 4068
3490  3 2 1 1 3970 3971 4070 4069
3491  3 2 1 1 3971 3972 4071 4070
3492  3 2 1 1 3972 3973 4072 4071
3493  3 2 1 1 3973 3974 4073 4072
3494  3 2 1 1 3974 3975 4074 4073
3495  3 2 1 1 3975 3976 4075 4074
3496  3 2 1 1 3976 3977 4076 4075
3497  3 2 1 1 3977 3978 4077 4076
3498  3 2 1 1 3978 3979 4078 4077
3499  3 2 1 1 3979 3980 4079 4078
3500  3 2 1 1 3980 3981 4080 4079
3501  3 2 1 1 3981 3982 4081 4080
3502  3 2 1 1 3982 3983 4082 4081
3503  3 2 1 1 3983 3984 4083 4082
3504  3 2 1 1 3984 3985 4084 4083
3505  3 2 1 1 3985 3986 4085 4084
3506  3 2 1 1 3986 3987 4086 4085
3507  3 2 1 1 3987 3988 4087 4086
3508  3 2 1 1 3988 3989 4088 4087
3509  3 2 1 1 3989 3990 4089 4088
3510  3 2 1 1 3990 3991 4090 4089
3511  3 2 1 1 3991 3992 4091 4090
3512  3 2 1 1 3992 3993 4092 4091
3513  3 2 1 1 3993 3994 4093 4092
3514  3 2 1 1 3994 3995 4094 4093
3515  3 2 1 1 3995 3996 4095 4094
3516  3 2 1 1 3996 3997 4096 4095
3517  3 2 1 1 3997 3998 4097 4096
3518  3 2 1 1 3998 3999 4098 4097
3519  3 2 1 1 3999 4000 4099 4098
3520  3 2 1 1 4000 4001 4100 4099
3521  3 2 1 1 4001 4002 4101 4100
3522  3 2 1 1 4002 4003 4102 4101
3523  3 2 1 1 4003 4004 4103 4102
3524  3 2 1 1 4004 4005 4104 4103
3525  3 2 1 1 4005 4006 4105 4104
3526  3 2 1 1 4006 4007 4106 4105
3527  3 2 1 1 4007 4008 4107 4106
3528  3 2 1 1 4008 4009 4108 4107
3529  3 2 1 1 4009 4010 4109 4108
3530  3 2 1 1 4010 4011 4110 4109
3531  3 2 1 1 4011 4012 4111 4110
3532  3 2 1 1 4012 4013 4112 4111
3533  3 2 1 1 4013 4014 4113 4112
3534  3 2 1 1 4014 4015 4114 4113
3535  3 2 1 1 4015 4016 4115 4114
3536  3 2 1 1 4016 4017 4116 4115
3537  3 2 1 1 4017 4018 4117 4116
3538  3 2 1 1 4018 4019 4118 4117
3539  3 2 1 1 4019 4020 4119 4118
3540  3 2 1 1 4020  415  416 4119
3541  3 2 1 1  391 4021 4120  392
3542  3 2 1 1 4021 4022 4121 4120
3543  3 2 1 1 4022 4023 4122 4121
3544  3 2 1 1 4023 4024 4123 4122
3545  3 2 1 1 4024 4025 4124 4123
3546  3 2 1 1 4025 4026 4125 4124
3547  3 2 1 1 4026 4027 4126 4125
3548  3 2 1 1 4027 4028 4127 4126
3549  3 2 1 1 4028 4029 4128 4127
3550  3 2 1 1 4029 4030 4129 4128
3551  3 2 1 1 4030 4031 4130 4129
3552  3 2 1 1 4031 4032 4131 4130
3553  3 2 1 1 4032 4033 4132 4131
3554  3 2 1 1 4033 4034 4133 4132
3555  3 2 1 1 4034 4035 4134 4133
3556  3 2 1 1 4035 4036 4135 4134
3557  3 2 1 1 4036 4037 4136 4135
3558  3 2 1 1 4037 4038 4137 4136
3559  3 2 1 1 4038 4039 4138 4137
3560  3 2 1 1 4039 4040 4139 4138
3561  3 2 1 1 4040 4041 4140 4139
3562  3 2 1 1 4041 4042 4141 4140
3563  3 2 1 1 4042 4043 4142 4141
3564  3 2 1 1 4043 4044 4143 4142
3565  3 2 1 1 4044 4045 4144 4143
3566  3 2 1 1 4045 4046 4145 4144
3567  3 2 1 1 4046 4047 4146 4145
3568  3 2 1 1 4047 4048 4147 4146
3569  3 2 1 1 4048 4049 4148 4147
3570  3 2 1 1 4049 4050 4149 4148
3571  3 2 1 1 4050 4051 4150 4149
3572  3 2 1 1 4051 4052 4151 4150
3573  3 2 1 1 4052 4053 4152 4151
3574  3 2 1 1 4053 4054 4153 4152
3575  3 2 1 1 4054 4055 4154 4153
3576  3 2 1 1 4055 4056 4155 4154
3577  3 2 1 1 4056 4057 4156 4155
3578  3 2 1 1 4057 4058 4157 4156
3579  3 2 1 1 4058 4059 4158 4157
3580  3 2 1 1 4059 4060 4159 4158
3581  3 2 1 1 4060 4061 4160 4159
3582  3 2 1 1 4061 4062 4161 4160
3583  3 2 1 1 4062 4063 4162 4161
3584  3 2 1 1 4063 4064 4163 4162
3585  3 2 1 1 4064 4065 4164 4163
3586  3 2 1 1 4065 4066 4165 4164
3587  3 2 1 1 4066 4067 4166 4165
3588  3 2 1 1 4067 4068 4167 4166
3589  3 2 1 1 4068 4069 4168 4167
3590  3 2 1 1 4069 4070 4169 4168
3591  3 2 1 1 4070 4071 4170 4169
3592  3 2 1 1 4071 4072 4171 4170
3593  3 2 1 1 4072 4073 4172 4171
3594  3 2 1 1 4073 4074 4173 4172
3595  3 2 1 1 4074 4075 4174 4173
3596  3 2 1 1 4075 4076 4175 4174
3597  3 2 1 1 4076 4077 4176 4175
3598  3 2 1 1 4077 4078 4177 4176
3599  3 2 1 1 4078 4079 4178 4177
3600  3 2 1 1 4079 4080 4179 4178
3601  3 2 1 1 4080 4081 4180 4179
3602  3 2 1 1 4081 4082 4181 4180
3603  3 2 1 1 4082 4083 4182 4181
3604  3 2 1 1 4083 4084 4183 4182
3605  3 2 1 1 4084 4085 4184 4183
3606  3 2 1 1 4085 4086 4185 4184
3607  3 2 1 1 4086 4087 4186 4185
3608  3 2 1 1 4087 4088 4187 4186
3609  3 2 1 1 4088 4089 4188 4187
3610  3 2 1 1 4089 4090 4189 4188
3611  3 2 1 1 4090 4091 4190 4189
3612  3 2 1 1 4091 4092 4191 4190
3613  3 2 1 1 4092 4093 4192 4191
3614  3 2 1 1 4093 4094 4193 4192
3615  3 2 1 1 4094 4095 4194 4193
3616  3 2 1 1 4095 4096 4195 4194
3617  3 2 1 1 4096 4097 4196 4195
3618  3 2 1 1 4097 4098 4197 4196
3619  3 2 1 1 4098 4099 4198 4197
3620  3 2 1 1 4099 4100 4199 4198
3621  3 2 1 1 4100 4101 4200 4199
3622  3 2 1 1 4101 4102 4201 4200
3623  3 2 1 1 4102 4103 4202 4201
3624  3 2 1 1 4103 4104 4203 4202
3625  3 2 1 1 4104 4105 4204 4203
3626  3 2 1 1 4105 4106 4205 4204
3627  3 2 1 1 4106 4107 4206 4205
3628  3 2 1 1 4107 4108 4207 4206
3629  3 2 1 1 4108 4109 4208 4207
3630  3 2 1 1 4109 4110 4209 4208
3631  3 2 1 1 4110 4111 4210 4209
3632  3 2 1 1 4111 4112 4211 4210
3633  3 2 1 1 4112 4113 4212 4211
3634  3 2 1 1 4113 4114 4213 4212
3635  3 2 1 1 4114 4115 4214 4213
3636  3 2 1 1 4115 4116 4215 4214
3637  3 2 1 1 4116 4117 4216 4215
3638  3 2 1 1 4117 4118 4217 4216
3639  3 2 1 1 4118 4119 4218 4217
3640  3 2 1 1 4119  416  417 4218
3641  3 2 1 1  392 4120 4219  393
3642  3 2 1 1 4120 4121 4220 4219
3643  3 2 1 1 4121 4122 4221 4220
3644  3 2 1 1 4122 4123 4222 4221
3645  3 2 1 1 4123 4124 4223 4222
3646  3 2 1 1 4124 4125 4224 4223
3647  3 2 1 1 4125 4126 4225 4224
3648  3 2 1 1 4126 4127 4226 4225
3649  3 2 1 1 4127 4128 4227 4226
3650  3 2 1 1 4128 4129 4228 4227
3651  3 2 1 1 4129 4130 4229 4228
3652  3 2 1 1 4130 4131 4230 4229
3653  3 2 1 1 4131 4132 4231 4230
3654  3 2 1 1 4132 4133 4232 4231
3655  3 2 1 1 4133 4134 4233 4232
3656  3 2 1 1 4134 4135 4234 4233
3657  3 2 1 1 4135 4136 4235 4234
3658  3 2 1 1 4136 4137 4236 4235
3659  3 2 1 1 4137 4138 4237 4236
3660  3 2 1 1 4138 4139 4238 4237
3661  3 2 1 1 4139 4140 4239 4238
3662  3 2 1 1 4140 4141 4240 4239
3663  3 2 1 1 4141 4142 4241 4240
3664  3 2 1 1 4142 4143 4242 4241
3665  3 2 1 1 4143 4144 4243 4242
3666  3 2 1 1 4144 4145 4244 4243
3667  3 2 1 1 4145 4146 4245 4244
3668  3 2 1 1 4146 4147 4246 4245
3669  3 2 1 1 4147 4148 4247 4246
3670  3 2 1 1 4148 4149 4248 4247
3671  3 2 1 1 4149 4150 4249 4248
3672  3 2 1 1 4150 4151 4250 4249
3673  3 2 1 1 4151 4152 4251 4250
3674  3 2 1 1 4152 4153 4252 4251
3675  3 2 1 1 4153 4154 4253 4252
3676  3 2 1 1 4154 4155 4254 4253
3677  3 2 1 1 4155 4156 4255 4254
3678  3 2 1 1 4156 4157 4256 4255
3679  3 2 1 1 4157 4158 4257 4256
3680  3 2 1 1 4158 4159 4258 4257
3681  3 2 1 1 4159 4160 4259 4258
3682  3 2 1 1 4160 4161 4260 4259
3683  3 2 1 1 4161 4162 4261 4260
3684  3 2 1 1 4162 4163 4262 4261
3685  3 2 1 1 4163 4164 4263 4262
3686  3 2 1 1 4164 4165 4264 4263
3687  3 2 1 1 4165 4166 4265 4264
3688  3 2 1 1 4166 4167 4266 4265
3689  3 2 1 1 4167 4168 4267 4266
3690  3 2 1 1 4168 4169 4268 4267
3691  3 2 1 1 4169 4170 4269 4268
3692  3 2 1 1 4170 4171 4270 4269
3693  3 2 1 1 4171 4172 4271 4270
3694  3 2 1 1 4172 4173 4272 4271
3695  3 2 1 1 4173 4174 4273 4272
3696  3 2 1 1 4174 4175 4274 4273
3697  3 2 1 1 4175 4176 4275 4274
3698  3 2 1 1 4176 4177 4276 4275
3699  3 2 1 1 4177 4178 4277 4276
3700  3 2 1 1 4178 4179 4278 4277
3701  3 2 1 1 4179 4180 4279 4278
3702  3 2 1 1 4180 4181 4280 4279
3703  3 2 1 1 4181 4182 4281 4280
3704  3 2 1 1 4182 4183 4282 4281
3705  3 2 1 1 4183 4184 4283 4282
3706  3 2 1 1 4184 4185 4284 4283
3707  3 2 1 1 4185 4186 4285 4284
3708  3 2 1 1 4186 4187 4286 4285
3709  3 2 1 1 4187 4188 4287 4286
3710  3 2 1 1 4188 4189 4288 4287
3711  3 2 1 1 4189 4190 4289 4288
3712  3 2 1 1 4190 4191 4290 4289
3713  3 2 1 1 4191 4192 4291 4290
3714  3 2 1 1 4192 4193 4292 4291
3715  3 2 1 1 4193 4194 4293 4292
3716  3 2 1 1 4194 4195 4294 4293
3717  3 2 1 1 4195 4196 4295 4294
3718  3 2 1 1 4196 4197 4296 4295
3719  3 2 1 1 4197 4198 4297 4296
3720  3 2 1 1 4198 4199 4298 4297
3721  3 2 1 1 4199 4200 4299 4298
3722  3 2 1 1 4200 4201 4300 4299
3723  3 2 1 1 4201 4202 4301 4300
3724  3 2 1 1 4202 4203 4302 4301
3725  3 2 1 1 4203 4204 4303 4302
3726  3 2 1 1 4204 4205 4304 4303
3727  3 2 1 1 4205 4206 4305 4304
3728  3 2 1 1 4206 4207 4306 4305
3729  3 2 1 1 4207 4208 4307 4306
3730  3 2 1 1 4208 4209 4308 4307
3731  3 2 1 1 4209 4210 4309 4308
3732  3 2 1 1 4210 4211 4310 4309
3733  3 2 1 1 4211 4212 4311 4310
3734  3 2 1 1 4212 4213 4312 4311
3735  3 2 1 1 4213 4214 4313 4312
3736  3 2 1 1 4214 4215 4314 4313
3737  3 2 1 1 4215 4216 4315 4314
3738  3 2 1 1 4216 4217 4316 4315
3739  3 2 1 1 4217 4218 4317 4316
3740  3 2 1 1 4218  417  418 4317
3741  3 2 1 1  393 4219 4318  394
3742  3 2 1 1 4219 4220 4319 4318
3743  3 2 1 1 4220 4221 4320 4319
3744  3 2 1 1 4221 4222 4321 4320
3745  3 2 1 1 4222 4223 4322 4321
3746  3 2 1 1 4223 4224 4323 4322
3747  3 2 1 1 4224 4225 4324 4323
3748  3 2 1 1 4225 4226 4325 4324
3749  3 2 1 1 4226 4227 4326 4325
3750  3 2 1 1 4227 4228 4327 4326
3751  3 2 1 1 4228 4229 4328 4327
3752  3 2 1 1 4229 4230 4329 4328
3753  3 2 1 1 4230 4231 4330 4329
3754  3 2 1 1 4231 4232 4331 4330
3755  3 2 1 1 4232 4233 4332 4331
3756  3 2 1 1 4233 4234 4333 4332
3757  3 2 1 1 4234 4235 4334 4333
3758  3 2 1 1 4235 4236 4335 4334
3759  3 2 1 1 4236 4237 4336 4335
3760  3 2 1 1 4237 4238 4337 4336
3761  3 2 1 1 4238 4239 4338 4337
3762  3 2 1 1 4239 4240 4339 4338
3763  3 2 1 1 4240 4241 4340 4339
3764  3 2 1 1 4241 4242 4341 4340
3765  3 2 1 1 4242 4243 4342 4341
3766  3 2 1 1 4243 4244 4343 4342
3767  3 2 1 1 4244 4245 4344 4343
3768  3 2 1 1 4245 4246 4345 4344
3769  3 2 1 1 4246 4247 4346 4345
3770  3 2 1 1 4247 4248 4347 4346
3771  3 2 1 1 4248 4249 4348 4347
3772  3 2 1 1 4249 4250 4349 4348
3773  3 2 1 1 4250 4251 4350 4349
3774  3 2 1 1 4251 4252 4351 4350
3775  3 2 1 1 4252 4253 4352 4351
3776  3 2 1 1 4253 4254 4353 4352
3777  3 2 1 1 4254 4255 4354 4353
3778  3 2 1 1 4255 4256 4355 4354
3779  3 2 1 1 4256 4257 4356 4355
3780  3 2 1 1 4257 4258 4357 4356
3781  3 2 1 1 4258 4259 4358 4357
3782  3 2 1 1 4259 4260 4359 4358
3783  3 2 1 1 4260 4261 4360 4359
3784  3 2 1 1 4261 4262 4361 4360
3785  3 2 1 1 4262 4263 4362 4361
3786  3 2 1 1 4263 4264 4363 4362
3787  3 2 1 1 4264 4265 4364 4363
3788  3 2 1 1 4265 4266 4365 4364
3789  3 2 1 1 4266 4267 4366 4365
3790  3 2 1 1 4267 4268 4367 4366
3791  3 2 1 1 4268 4269 4368 4367
3792  3 2 1 1 4269 4270 4369 4368
3793  3 2 1 1 4270 4271 4370 4369
3794  3 2 1 1 4271 4272 4371 4370
3795  3 2 1 1 4272 4273 4372 4371
3796  3 2 1 1 4273 4274 4373 4372
3797  3 2 1 1 4274 4275 4374 4373
3798  3 2 1 1 4275 4276 4375 4374
3799  3 2 1 1 4276 4277 4376 4375
3800  3 2 1 1 4277 4278 4377 4376
3801  3 2 1 1 4278 4279 4378 4377
3802  3 2 1 1 4279 4280 4379 4378
3803  3 2 1 1 4280 4281 4380 4379
3804  3 2 1 1 4281 4282 4381 4380
3805  3 2 1 1 4282 4283 4382 4381
3806  3 2 1 1 4283 4284 4383 4382
3807  3 2 1 1 4284 4285 4384 4383
3808  3 2 1 1 4285 4286 4385 4384
3809  3 2 1 1 4286 4287 4386 4385
3810  3 2 1 1 4287 4288 4387 4386
3811  3 2 1 1 4288 4289 4388 4387
3812  3 2 1 1 4289 4290 4389 4388
3813  3 2 1 1 4290 4291 4390 4389
3814  3 2 1 1 4291 4292 4391 4390
3815  3 2 1 1 4292 4293 4392 4391
3816  3 2 1 1 4293 4294 4393 4392
3817  3 2 1 1 4294 4295 4394 4393
3818  3 2 1 1 4295 4296 4395 4394
3819  3 2 1 1 4296 4297 4396 4395
3820  3 2 1 1 4297 4298 4397 4396
3821  3 2 1 1 4298 4299 4398 4397
3822  3 2 1 1 4299 4300 4399 4398
3823  3 2 1 1 4300 4301 4400 4399
3824  3 2 1 1 4301 4302 4401 4400
3825  3 2 1 1 4302 4303 4402 4401
3826  3 2 1 1 4303 4304 4403 4402
3827  3 2 1 1 4304 4305 4404 4403
3828  3 2 1 1 4305 4306 4405 4404
3829  3 2 1 1 4306 4307 4406 4405
3830  3 2 1 1 4307 4308 4407 4406
3831  3 2 1 1 4308 4309 4408 4407
3832  3 2 1 1 4309 4310 4409 4408
3833  3 2 1 1 4310 4311 4410 4409
3834  3 2 1 1 4311 4312 4411 4410
3835  3 2 1 1 4312 4313 4412 4411
3836  3 2 1 1 4313 4314 4413 4412
3837  3 2 1 1 4314 4315 4414 4413
3838  3 2 1 1 4315 4316 4415 4414
3839  3 2 1 1 4316 4317 4416 4415
3840  3 2 1 1 4317  418  419 4416
3841  3 2 1 1  394 4318 4417  395
3842  3 2 1 1 4318 4319 4418 4417
3843  3 2 1 1 4319 4320 4419 4418
3844  3 2 1 1 4320 4321 4420 4419
3845  3 2 1 1 4321 4322 4421 4420
3846  3 2 1 1 4322 4323 4422 4421
3847  3 2 1 1 4323 4324 4423 4422
3848  3 2 1 1 4324 4325 4424 4423
3849  3 2 1 1 4325 4326 4425 4424
3850  3 2 1 1 4326 4327 4426 4425
3851  3 2 1 1 4327 4328 4427 4426
3852  3 2 1 1 4328 4329 4428 4427
3853  3 2 1 1 4329 4330 4429 4428
3854  3 2 1 1 4330 4331 4430 4429
3855  3 2 1 1 4331 4332 4431 4430
3856  3 2 1 1 4332 4333 4432 4431
3857  3 2 1 1 4333 4334 4433 4432
3858  3 2 1 1 4334 4335 4434 4433
3859  3 2 1 1 4335 4336 4435 4434
3860  3 2 1 1 4336 4337 4436 4435
3861  3 2 1 1 4337 4338 4437 4436
3862  3 2 1 1 4338 4339 4438 4437
3863  3 2 1 1 4339 4340 4439 4438
3864  3 2 1 1 4340 4341 4440 4439
3865  3 2 1 1 4341 4342 4441 4440
3866  3 2 1 1 4342 4343 4442 4441
3867  3 2 1 1 4343 4344 4443 4442
3868  3 2 1 1 4344 4345 4444 4443
3869  3 2 1 1 4345 4346 4445 4444
3870  3 2 1 1 4346 4347 4446 4445
3871  3 2 1 1 4347 4348 4447 4446
3872  3 2 1 1 4348 4349 4448 4447
3873  3 2 1 1 4349 4350 4449 4448
3874  3 2 1 1 4350 4351 4450 4449
3875  3 2 1 1 4351 4352 4451 4450
3876  3 2 1 1 4352 4353 4452 4451
3877  3 2 1 1 4353 4354 4453 4452
3878  3 2 1 1 4354 4355 4454 4453
3879  3 2 1 1 4355 4356 4455 4454
3880  3 2 1 1 4356 4357 4456 4455
3881  3 2 1 1 4357 4358 4457 4456
3882  3 2 1 1 4358 4359 4458 4457
3883  3 2 1 1 4359 4360 4459 4458
3884  3 2 1 1 4360 4361 4460 4459
3885  3 2 1 1 4361 4362 4461 4460
3886  3 2 1 1 4362 4363 4462 4461
3887  3 2 1 1 4363 4364 4463 4462
3888  3 2 1 1 4364 4365 4464 4463
3889  3 2 1 1 4365 4366 4465 4464
3890  3 2 1 1 4366 4367 4466 4465
3891  3 2 1 1 4367 4368 4467 4466
3892  3 2 1 1 4368 4369 4468 4467
3893  3 2 1 1 4369 4370 4469 4468
3894  3 2 1 1 4370 4371 4470 4469
3895  3 2 1 1 4371 4372 4471 4470
3896  3 2 1 1 4372 4373 4472 4471
3897  3 2 1 1 4373 4374 4473 4472
3898  3 2 1 1 4374 4375 4474 4473
3899  3 2 1 1 4375 4376 4475 4474
3900  3 2 1 1 4376 4377 4476 4475
3901  3 2 1 1 4377 4378 4477 4476
3902  3 2 1 1 4378 4379 4478 4477
3903  3 2 1 1 4379 4380 4479 4478
3904  3 2 1 1 4380 4381 4480 4479
3905  3 2 1 1 4381 4382 4481 4480
3906  3 2 1 1 4382 4383 4482 4481
3907  3 2 1 1 4383 4384 4483 4482
3908  3 2 1 1 4384 4385 4484 4483
3909  3 2 1 1 4385 4386 4485 4484
3910  3 2 1 1 4386 4387 4486 4485
3911  3 2 1 1 4387 4388 4487 4486
3912  3 2 1 1 4388 4389 4488 4487
3913  3 2 1 1 4389 4390 4489 4488
3914  3 2 1 1 4390 4391 4490 4489
3915  3 2 1 1 4391 4392 4491 4490
3916  3 2 1 1 4392 4393 4492 4491
3917  3 2 1 1 4393 4394 4493 4492
3918  3 2 1 1 4394 4395 4494 4493
3919  3 2 1 1 4395 4396 4495 4494
3920  3 2 1 1 4396 4397 4496 4495
3921  3 2 1 1 4397 4398 4497 4496
3922  3 2 1 1 4398 4399 4498 4497
3923  3 2 1 1 4399 4400 4499 4498
3924  3 2 1 1 4400 4401 4500 4499
3925  3 2 1 1 4401 4402 4501 4500
3926  3 2 1 1 4402 4403 4502 4501
3927  3 2 1 1 4403 4404 4503 4502
3928  3 2 1 1 4404 4405 4504 4503
3929  3 2 1 1 4405 4406 4505 4504
3930  3 2 1 1 4406 4407 4506 4505
3931  3 2 1 1 4407 4408 4507 4506
3932  3 2 1 1 4408 4409 4508 4507
3933  3 2 1 1 4409 4410 4509 4508
3934  3 2 1 1 4410 4411 4510 4509
3935  3 2 1 1 4411 4412 4511 4510
3936  3 2 1 1 4412 4413 4512 4511
3937  3 2 1 1 4413 4414 4513 4512
3938  3 2 1 1 4414 4415 4514 4513
3939  3 2 1 1 4415 4416 4515 4514
3940  3 2 1 1 4416  419  420 4515
3941  3 2 1 1  395 4417 4516  396
3942  3 2 1 1 4417 4418 4517 4516
3943  3 2 1 1 4418 4419 4518 4517
3944  3 2 1 1 4419 4420 4519 4518
3945  3 2 1 1 4420 4421 4520 4519
3946  3 2 1 1 4421 4422 4521 4520
3947  3 2 1 1 4422 4423 4522 4521
3948  3 2 1 1 4423 4424 4523 4522
3949  3 2 1 1 4424 4425 4524 4523
3950  3 2 1 1 4425 4426 4525 4524
3951  3 2 1 1 4426 4427 4526 4525
3952  3 2 1 1 4427 4428 4527 4526
3953  3 2 1 1 4428 4429 4528 4527
3954  3 2 1 1 4429 4430 4529 4528
3955  3 2 1 1 4430 4431 4530 4529
3956  3 2 1 1 4431 4432 4531 4530
3957  3 2 1 1 4432 4433 4532 4531
3958  3 2 1 1 4433 4434 4533 4532
3959  3 2 1 1 4434 4435 4534 4533
3960  3 2 1 1 4435 4436 4535 4534
3961  3 2 1 1 4436 4437 4536 4535
3962  3 2 1 1 4437 4438 4537 4536
3963  3 2 1 1 4438 4439 4538 4537
3964  3 2 1 1 4439 4440 4539 4538
3965  3 2 1 1 4440 4441 4540 4539
3966  3 2 1 1 4441 4442 4541 4540
3967  3 2 1 1 4442 4443 4542 4541
3968  3 2 1 1 4443 4444 4543 4542
3969  3 2 1 1 4444 4445 4544 4543
3970  3 2 1 1 4445 4446 4545 4544
3971  3 2 1 1 4446 4447 4546 4545
3972  3 2 1 1 4447 4448 4547 4546
3973  3 2 1 1 4448 4449 4548 4547
3974  3 2 1 1 4449 4450 4549 4548
3975  3 2 1 1 4450 4451 4550 4549
3976  3 2 1 1 4451 4452 4551 4550
3977  3 2 1 1 4452 4453 4552 4551
3978  3 2 1 1 4453 4454 4553 4552
3979  3 2 1 1 4454 4455 4554 4553
3980  3 2 1 1 4455 4456 4555 4554
3981  3 2 1 1 4456 4457 4556 4555
3982  3 2 1 1 4457 4458 4557 4556
3983  3 2 1 1 4458 4459 4558 4557
3984  3 2 1 1 4459 4460 4559 4558
3985  3 2 1 1 4460 4461 4560 4559
3986  3 2 1 1 4461 4462 4561 4560
3987  3 2 1 1 4462 4463 4562 4561
3988  3 2 1 1 4463 4464 4563 4562
3989  3 2 1 1 4464 4465 4564 4563
3990  3 2 1 1 4465 4466 4565 4564
3991  3 2 1 1 4466 4467 4566 4565
3992  3 2 1 1 4467 4468 4567 4566
3993  3 2 1 1 4468 4469 4568 4567
3994  3 2 1 1 4469 4470 4569 4568
3995  3 2 1 1 4470 4471 4570 4569
3996  3 2 1 1 4471 4472 4571 4570
3997  3 2 1 1 4472 4473 4572 4571
3998  3 2 1 1 4473 4474 4573 4572
3999  3 2 1 1 4474 4475 4574 4573
4000  3 2 1 1 4475 4476 4575 4574
4001  3 2 1 1 4476 4477 4576 4575
4002  3 2 1 1 4477 4478 4577 4576
4003  3 2 1 1 4478 4479 4578 4577
4004  3 2 1 1 4479 4480 4579 4578
4005  3 2 1 1 4480 4481 4580 4579
4006  3 2 1 1 4481 4482 4581 4580
4007  3 2 1 1 4482 4483 4582 4581
4008  3 2 1 1 4483 4484 4583 4582
4009  3 2 1 1 4484 4485 4584 4583
4010  3 2 1 1 4485 4486 4585 4584
4011  3 2 1 1 4486 4487 4586 4585
4012  3 2 1 1 4487 4488 4587 4586
4013  3 2 1 1 4488 4489 4588 4587
4014  3 2 1 1 4489 4490 4589 4588
4015  3 2 1 1 4490 4491 4590 4589
4016  3 2 1 1 4491 4492 4591 4590
4017  3 2 1 1 4492 4493 4592 4591
4018  3 2 1 1 4493 4494 4593 4592
4019  3 2 1 1 4494 4495 4594 4593
4020  3 2 1 1 4495 4496 4595 4594
4021  3 2 1 1 4496 4497 4596 4595
4022  3 2 1 1 4497 4498 4597 4596
4023  3 2 1 1 4498 4499 4598 4597
4024  3 2 1 1 4499 4500 4599 4598
4025  3 2 1 1 4500 4501 4600 4599
4026  3 2 1 1 4501 4502 4601 4600
4027  3 2 1 1 4502 4503 4602 4601
4028  3 2 1 1 4503 4504 4603 4602
4029  3 2 1 1 4504 4505 4604 4603
4030  3 2 1 1 4505 4506 4605 4604
4031  3 2 1 1 4506 4507 4606 4605
4032  3 2 1 1 4507 4508 4607 4606
4033  3 2 1 1 4508 4509 4608 4607
4034  3 2 1 1 4509 4510 4609 4608
4035  3 2 1 1 4510 4511 4610 4609
4036  3 2 1 1 4511 4512 4611 4610
4037  3 2 1 1 4512 4513 4612 4611
4038  3 2 1 1 4513 4514 4613 4612
4039  3 2 1 1 4514 4515 4614 4613
4040  3 2 1 1 4515  420  421 4614
4041  3 2 1 1  396 4516 4615  397
4042  3 2 1 1 4516 4517 4616 4615
4043  3 2 1 1 4517 4518 4617 4616
4044  3 2 1 1 4518 4519 4618 4617
4045  3 2 1 1 4519 4520 4619 4618
4046  3 2 1 1 4520 4521 4620 4619
4047  3 2 1 1 4521 4522 4621 4620
4048  3 2 1 1 4522 4523 4622 4621
4049  3 2 1 1 4523 4524 4623 4622
4050  3 2 1 1 4524 4525 4624 4623
4051  3 2 1 1 4525 4526 4625 4624
4052  3 2 1 1 4526 4527 4626 4625
4053  3 2 1 1 4527 4528 4627 4626
4054  3 2 1 1 4528 4529 4628 4627
4055  3 2 1 1 4529 4530 4629 4628
4056  3 2 1 1 4530 4531 4630 4629
4057  3 2 1 1 4531 4532 4631 4630
4058  3 2 1 1 4532 4533 4632 4631
4059  3 2 1 1 4533 4534 4633 4632
4060  3 2 1 1 4534 4535 4634 4633
4061  3 2 1 1 4535 4536 4635 4634
4062  3 2 1 1 4536 4537 4636 4635
4063  3 2 1 1 4537 4538 4637 4636
4064  3 2 1 1 4538 4539 4638 4637
4065  3 2 1 1 4539 4540 4639 4638
4066  3 2 1 1 4540 4541 4640 4639
4067  3 2 1 1 4541 4542 4641 4640
4068  3 2 1 1 4542 4543 4642 4641
4069  3 2 1 1 4543 4544 4643 4642
4070  3 2 1 1 4544 4545 4644 4643
4071  3 2 1 1 4545 4546 4645 4644
4072  3 2 1 1 4546 4547 4646 4645
4073  3 2 1 1 4547 4548 4647 4646
4074  3 2 1 1 4548 4549 4648 4647
4075  3 2 1 1 4549 4550 4649 4648
4076  3 2 1 1 4550 4551 4650 4649
4077  3 2 1 1 4551 4552 4651 4650
4078  3 2 1 1 4552 4553 4652 4651
4079  3 2 1 1 4553 4554 4653 4652
4080  3 2 1 1 4554 4555 4654 4653
4081  3 2 1 1 4555 4556 4655 4654
4082  3 2 1 1 4556 4557 4656 4655
4083  3 2 1 1 4557 4558 4657 4656
4084  3 2 1 1 4558 4559 4658 4657
4085  3 2 1 1 4559 4560 4659 4658
4086  3 2 1 1 4560 4561 4660 4659
4087  3 2 1 1 4561 4562 4661 4660
4088  3 2 1 1 4562 4563 4662 4661
4089  3 2 1 1 4563 4564 4663 4662
4090  3 2 1 1 4564 4565 4664 4663
4091  3 2 1 1 4565 4566 4665 4664
4092  3 2 1 1 4566 4567 4666 4665
4093  3 2 1 1 4567 4568 4667 4666
4094  3 2 1 1 4568 4569 4668 4667
4095  3 2 1 1 4569 4570 4669 4668
4096  3 2 1 1 4570 4571 4670 4669
4097  3 2 1 1 4571 4572 4671 4670
4098  3 2 1 1 4572 4573 4672 4671
4099  3 2 1 1 4573 4574 4673 4672
4100  3 2 1 1 4574 4575 4674 4673
4101  3 2 1 1 4575 4576 4675 4674
4102  3 2 1 1 4576 4577 4676 4675
4103  3 2 1 1 4577 4578 4677 4676
4104  3 2 1 1 4578 4579 4678 4677
4105  3 2 1 1 4579 4580 4679 4678
4106  3 2 1 1 4580 4581 4680 4679
4107  3 2 1 1 4581 4582 4681 4680
4108  3 2 1 1 4582 4583 4682 4681
4109  3 2 1 1 4583 4584 4683 4682
4110  3 2 1 1 4584 4585 4684 4683
4111  3 2 1 1 4585 4586 4685 4684
4112  3 2 1 1 4586 4587 4686 4685
4113  3 2 1 1 4587 4588 4687 4686
4114  3 2 1 1 4588 4589 4688 4687
4115  3 2 1 1 4589 4590 4689 4688
4116  3 2 1 1 4590 4591 4690 4689
4117  3 2 1 1 4591 4592 4691 4690
4118  3 2 1 1 4592 4593 4692 4691
4119  3 2 1 1 4593 4594 4693 4692
4120  3 2 1 1 4594 4595 4694 4693
4121  3 2 1 1 4595 4596 4695 4694
4122  3 2 1 1 4596 4597 4696 4695
4123  3 2 1 1 4597 4598 4697 4696
4124  3 2 1 1 4598 4599 4698 4697
4125  3 2 1 1 4599 4600 4699 4698
4126  3 2 1 1 4600 4601 4700 4699
4127  3 2 1 1 4601 4602 4701 4700
4128  3 2 1 1 4602 4603 4702 4701
4129  3 2 1 1 4603 4604 4703 4702
4130  3 2 1 1 4604 4605 4704 4703
4131  3 2 1 1 4605 4606 4705 4704
4132  3 2 1 1 4606 4607 4706 4705
4133  3 2 1 1 4607 4608 4707 4706
4134  3 2 1 1 4608 4609 4708 4707
4135  3 2 1 1 4609 4610 4709 4708
4136  3 2 1 1 4610 4611 4710 4709
4137  3 2 1 1 4611 4612 4711 4710
4138  3 2 1 1 4612 4613 4712 4711
4139  3 2 1 1 4613 4614 4713 4712
4140  3 2 1 1 4614  421  422 4713
4141  3 2 1 1  397 4615 4714  398
4142  3 2 1 1 4615 4616 4715 4714
4143  3 2 1 1 4616 4617 4716 4715
4144  3 2 1 1 4617 4618 4717 4716
4145  3 2 1 1 4618 4619 4718 4717
4146  3 2 1 1 4619 4620 4719 4718
4147  3 2 1 1 4620 4621 4720 4719
4148  3 2 1 1 4621 4622 4721 4720
4149  3 2 1 1 4622 4623 4722 4721
4150  3 2 1 1 4623 4624 4723 4722
4151  3 2 1 1 4624 4625 4724 4723
4152  3 2 1 1 4625 4626 4725 4724
4153  3 2 1 1 4626 4627 4726 4725
4154  3 2 1 1 4627 4628 4727 4726
4155  3 2 1 1 4628 4629 4728 4727
4156  3 2 1 1 4629 4630 4729 4728
4157  3 2 1 1 4630 4631 4730 4729
4158  3 2 1 1 4631 4632 4731 4730
4159  3 2 1 1 4632 4633 4732 4731
4160  3 2 1 1 4633 4634 4733 4732
4161  3 2 1 1 4634 4635 4734 4733
4162  3 2 1 1 4635 4636 4735 4734
4163  3 2 1 1 4636 4637 4736 4735
4164  3 2 1 1 4637 4638 4737 4736
4165  3 2 1 1 4638 4639 4738 4737
4166  3 2 1 1 4639 4640 4739 4738
4167  3 2 1 1 4640 4641 4740 4739
4168  3 2 1 1 4641 4642 4741 4740
4169  3 2 1 1 4642 4643 4742 4741
4170  3 2 1 1 4643 4644 4743 4742
4171  3 2 1 1 4644 4645 4744 4743
4172  3 2 1 1 4645 4646 4745 4744
4173  3 2 1 1 4646 4647 4746 4745
4174  3 2 1 1 4647 4648 4747 4746
4175  3 2 1 1 4648 4649 4748 4747
4176  3 2 1 1 4649 4650 4749 4748
4177  3 2 1 1 4650 4651 4750 4749
4178  3 2 1 1 4651 4652 4751 4750
4179  3 2 1 1 4652 4653 4752 4751
4180  3 2 1 1 4653 4654 4753 4752
4181  3 2 1 1 4654 4655 4754 4753
4182  3 2 1 1 4655 4656 4755 4754
4183  3 2 1 1 4656 4657 4756 4755
4184  3 2 1 1 4657 4658 4757 4756
4185  3 2 1 1 4658 4659 4758 4757
4186  3 2 1 1 4659 4660 4759 4758
4187  3 2 1 1 4660 4661 4760 4759
4188  3 2 1 1 4661 4662 4761 4760
4189  3 2 1 1 4662 4663 4762 4761
4190  3 2 1 1 4663 4664 4763 4762
4191  3 2 1 1 4664 4665 4764 4763
4192  3 2 1 1 4665 4666 4765 4764
4193  3 2 1 1 4666 4667 4766 4765
4194  3 2 1 1 4667 4668 4767 4766
4195  3 2 1 1 4668 4669 4768 4767
4196  3 2 1 1 4669 4670 4769 4768
4197  3 2 1 1 4670 4671 4770 4769
4198  3 2 1 1 4671 4672 4771 4770
4199  3 2 1 1 4672 4673 4772 4771
4200  3 2 1 1 4673 4674 4773 4772
4201  3 2 1 1 4674 4675 4774 4773
4202  3 2 1 1 4675 4676 4775 4774
4203  3 2 1 1 4676 4677 4776 4775
4204  3 2 1 1 4677 4678 4777 4776
4205  3 2 1 1 4678 4679 4778 4777
4206  3 2 1 1 4679 4680 4779 4778
4207  3 2 1 1 4680 4681 4780 4779
4208  3 2 1 1 4681 4682 4781 4780
4209  3 2 1 1 4682 4683 4782 4781
4210  3 2 1 1 4683 4684 4783 4782
4211  3 2 1 1 4684 4685 4784 4783
4212  3 2 1 1 4685 4686 4785 4784
4213  3 2 1 1 4686 4687 4786 4785
4214  3 2 1 1 4687 4688 4787 4786
4215  3 2 1 1 4688 4689 4788 4787
4216  3 2 1 1 4689 4690 4789 4788
4217  3 2 1 1 4690 4691 4790 4789
4218  3 2 1 1 4691 4692 4791 4790
4219  3 2 1 1 4692 4693 4792 4791
4220  3 2 1 1 4693 4694 4793 4792
4221  3 2 1 1 4694 4695 4794 4793
4222  3 2 1 1 4695 4696 4795 4794
4223  3 2 1 1 4696 4697 4796 4795
4224  3 2 1 1 4697 4698 4797 4796
4225  3 2 1 1 4698 4699 4798 4797
4226  3 2 1 1 4699 4700 4799 4798
4227  3 2 1 1 4700 4701 4800 4799
4228  3 2 1 1 4701 4702 4801 4800
4229  3 2 1 1 4702 4703 4802 4801
4230  3 2 1 1 4703 4704 4803 4802
4231  3 2 1 1 4704 4705 4804 4803
4232  3 2 1 1 4705 4706 4805 4804
4233  3 2 1 1 4706 4707 4806 4805
4234  3 2 1 1 4707 4708 4807 4806
4235  3 2 1 1 4708 4709 4808 4807
4236  3 2 1 1 4709 4710 4809 4808
4237  3 2 1 1 4710 4711 4810 4809
4238  3 2 1 1 4711 4712 4811 4810
4239  3 2 1 1 4712 4713 4812 4811
4240  3 2 1 1 4713  422  423 4812
4241  3 2 1 1  398 4714 4813  399
4242  3 2 1 1 4714 4715 4814 4813
4243  3 2 1 1 4715 4716 4815 4814
4244  3 2 1 1 4716 4717 4816 4815
4245  3 2 1 1 4717 4718 4817 4816
4246  3 2 1 1 4718 4719 4818 4817
4247  3 2 1 1 4719 4720 4819 4818
4248  3 2 1 1 4720 4721 4820 4819
4249  3 2 1 1 4721 4722 4821 4820
4250  3 2 1 1 4722 4723 4822 4821
4251  3 2 1 1 4723 4724 4823 4822
4252  3 2 1 1 4724 4725 4824 4823
4253  3 2 1 1 4725 4726 4825 4824
4254  3 2 1 1 4726 4727 4826 4825
4255  3 2 1 1 4727 4728 4827 4826
4256  3 2 1 1 4728 4729 4828 4827
4257  3 2 1 1 4729 4730 4829 4828
4258  3 2 1 1 4730 4731 4830 4829
4259  3 2 1 1 4731 4732 4831 4830
4260  3 2 1 1 4732 4733 4832 4831
4261  3 2 1 1 4733 4734 4833 4832
4262  3 2 1 1 4734 4735 4834 4833
4263  3 2 1 1 4735 4736 4835 4834
4264  3 2 1 1 4736 4737 4836 4835
4265  3 2 1 1 4737 4738 4837 4836
4266  3 2 1 1 4738 4739 4838 4837
4267  3 2 1 1 4739 4740 4839 4838
4268  3 2 1 1 4740 4741 4840 4839
4269  3 2 1 1 4741 4742 4841 4840
4270  3 2 1 1 4742 4743 4842 4841
4271  3 2 1 1 4743 4744 4843 4842
4272  3 2 1 1 4744 4745 4844 4843
4273  3 2 1 1 4745 4746 4845 4844
4274  3 2 1 1 4746 4747 4846 4845
4275  3 2 1 1 4747 4748 4847 4846
4276  3 2 1 1 4748 4749 4848 4847
4277  3 2 1 1 4749 4750 4849 4848
4278  3 2 1 1 4750 4751 4850 4849
4279  3 2 1 1 4751 4752 4851 4850
4280  3 2 1 1 4752 4753 4852 4851
4281  3 2 1 1 4753 4754 4853 4852
4282  3 2 1 1 4754 4755 4854 4853
4283  3 2 1 1 4755 4756 4855 4854
4284  3 2 1 1 4756 4757 4856 4855
4285  3 2 1 1 4757 4758 4857 4856
4286  3 2 1 1 4758 4759 4858 4857
4287  3 2 1 1 4759 4760 4859 4858
4288  3 2 1 1 4760 4761 4860 4859
4289  3 2 1 1 4761 4762 4861 4860
4290  3 2 1 1 4762 4763 4862 4861
4291  3 2 1 1 4763 4764 4863 4862
4292  3 2 1 1 4764 4765 4864 4863
4293  3 2 1 1 4765 4766 4865 4864
4294  3 2 1 1 4766 4767 4866 4865
4295  3 2 1 1 4767 4768 4867 4866
4296  3 2 1 1 4768 4769 4868 4867
4297  3 2 1 1 4769 4770 4869 4868
4298  3 2 1 1 4770 4771 4870 4869
4299  3 2 1 1 4771 4772 4871 4870
4300  3 2 1 1 4772 4773 4872 4871
4301  3 2 1 1 4773 4774 4873 4872
4302  3 2 1 1 4774 4775 4874 4873
4303  3 2 1 1 4775 4776 4875 4874
4304  3 2 1 1 4776 4777 4876 4875
4305  3 2 1 1 4777 4778 4877 4876
4306  3 2 1 1 4778 4779 4878 4877
4307  3 2 1 1 4779 4780 4879 4878
4308  3 2 1 1 4780 4781 4880 4879
4309  3 2 1 1 4781 4782 4881 4880
4310  3 2 1 1 4782 4783 4882 4881
4311  3 2 1 1 4783 4784 4883 4882
4312  3 2 1 1 4784 4785 4884 4883
4313  3 2 1 1 4785 4786 4885 4884
4314  3 2 1 1 4786 4787 4886 4885
4315  3 2 1 1 4787 4788 4887 4886
4316  3 2 1 1 4788 4789 4888 4887
4317  3 2 1 1 4789 4790 4889 4888
4318  3 2 1 1 4790 4791 4890 4889
4319  3 2 1 1 4791 4792 4891 4890
4320  3 2 1 1 4792 4793 4892 4891
4321  3 2 1 1 4793 4794 4893 4892
4322  3 2 1 1 4794 4795 4894 4893
4323  3 2 1 1 4795 4796 4895 4894
4324  3 2 1 1 4796 4797 4896 4895
4325  3 2 1 1 4797 4798 4897 4896
4326  3 2 1 1 4798 4799 4898 4897
4327  3 2 1 1 4799 4800 4899 4898
4328  3 2 1 1 4800 4801 4900 4899
4329  3 2 1 1 4801 4802 4901 4900
4330  3 2 1 1 4802 4803 4902 4901
4331  3 2 1 1 4803 4804 4903 4902
4332  3 2 1 1 4804 4805 4904 4903
4333  3 2 1 1 4805 4806 4905 4904
4334  3 2 1 1 4806 4807 4906 4905
4335  3 2 1 1 4807 4808 4907 4906
4336  3 2 1 1 4808 4809 4908 4907
4337  3 2 1 1 4809 4810 4909 4908
4338  3 2 1 1 4810 4811 4910 4909
4339  3 2 1 1 4811 4812 4911 4910
4340  3 2 1 1 4812  423  424 4911
4341  3 2 1 1  399 4813 4912  400
4342  3 2 1 1 4813 4814 4913 4912
4343  3 2 1 1 4814 4815 4914 4913
4344  3 2 1 1 4815 4816 4915 4914
4345  3 2 1 1 4816 4817 4916 4915
4346  3 2 1 1 4817 4818 4917 4916
4347  3 2 1 1 4818 4819 4918 4917
4348  3 2 1 1 4819 4820 4919 4918
4349  3 2 1 1 4820 4821 4920 4919
4350  3 2 1 1 4821 4822 4921 4920
4351  3 2 1 1 4822 4823 4922 4921
4352  3 2 1 1 4823 4824 4923 4922
4353  3 2 1 1 4824 4825 4924 4923
4354  3 2 1 1 4825 4826 4925 4924
4355  3 2 1 1 4826 4827 4926 4925
4356  3 2 1 1 4827 4828 4927 4926
4357  3 2 1 1 4828 4829 4928 4927
4358  3 2 1 1 4829 4830 4929 4928
4359  3 2 1 1 4830 4831 4930 4929
4360  3 2 1 1 4831 4832 4931 4930
4361  3 2 1 1 4832 4833 4932 4931
4362  3 2 1 1 4833 4834 4933 4932
4363  3 2 1 1 4834 4835 4934 4933
4364  3 2 1 1 4835 4836 4935 4934
4365  3 2 1 1 4836 4837 4936 4935
4366  3 2 1 1 4837 4838 4937 4936
4367  3 2 1 1 4838 4839 4938 4937
4368  3 2 1 1 4839 4840 4939 4938
4369  3 2 1 1 4840 4841 4940 4939
4370  3 2 1 1 4841 4842 4941 4940
4371  3 2 1 1 4842 4843 4942 4941
4372  3 2 1 1 4843 4844 4943 4942
4373  3 2 1 1 4844 4845 4944 4943
4374  3 2 1 1 4845 4846 4945 4944
4375  3 2 1 1 4846 4847 4946 4945
4376  3 2 1 1 4847 4848 4947 4946
4377  3 2 1 1 4848 4849 4948 4947
4378  3 2 1 1 4849 4850 4949 4948
4379  3 2 1 1 4850 4851 4950 4949
4380  3 2 1 1 4851 4852 4951 4950
4381  3 2 1 1 4852 4853 4952 4951
4382  3 2 1 1 4853 4854 4953 4952
4383  3 2 1 1 4854 4855 4954 4953
4384  3 2 1 1 4855 4856 4955 4954
4385  3 2 1 1 4856 4857 4956 4955
4386  3 2 1 1 4857 4858 4957 4956
4387  3 2 1 1 4858 4859 4958 4957
4388  3 2 1 1 4859 4860 4959 4958
4389  3 2 1 1 4860 4861 4960 4959
4390  3 2 1 1 4861 4862 4961 4960
4391  3 2 1 1 4862 4863 4962 4961
4392  3 2 1 1 4863 4864 4963 4962
4393  3 2 1 1 4864 4865 4964 4963
4394  3 2 1 1 4865 4866 4965 4964
4395  3 2 1 1 4866 4867 4966 4965
4396  3 2 1 1 4867 4868 4967 4966
4397  3 2 1 1 4868 4869 4968 4967
4398  3 2 1 1 4869 4870 4969 4968
4399  3 2 1 1 4870 4871 4970 4969
4400  3 2 1 1 4871 4872 4971 4970
4401  3 2 1 1 4872 4873 4972 4971
4402  3 2 1 1 4873 4874 4973 4972
4403  3 2 1 1 4874 4875 4974 4973
4404  3 2 1 1 4875 4876 4975 4974
4405  3 2 1 1 4876 4877 4976 4975
4406  3 2 1 1 4877 4878 4977 4976
4407  3 2 1 1 4878 4879 4978 4977
4408  3 2 1 1 4879 4880 4979 4978
4409  3 2 1 1 4880 4881 4980 4979
4410  3 2 1 1 4881 4882 4981 4980
4411  3 2 1 1 4882 4883 4982 4981
4412  3 2 1 1 4883 4884 4983 4982
4413  3 2 1 1 4884 4885 4984 4983
4414  3 2 1 1 4885 4886 4985 4984
4415  3 2 1 1 4886 4887 4986 4985
4416  3 2 1 1 4887 4888 4987 4986
4417  3 2 1 1 4888 4889 4988 4987
4418  3 2 1 1 4889 4890 4989 4988
4419  3 2 1 1 4890 4891 4990 4989
4420  3 2 1 1 4891 4892 4991 4990
4421  3 2 1 1 4892 4893 4992 4991
4422  3 2 1 1 4893 4894 4993 4992
4423  3 2 1 1 4894 4895 4994 4993
4424  3 2 1 1 4895 4896 4995 4994
4425  3 2 1 1 4896 4897 4996 4995
4426  3 2 1 1 4897 4898 4997 4996
4427  3 2 1 1 4898 4899 4998 4997
4428  3 2 1 1 4899 4900 4999 4998
4429  3 2 1 1 4900 4901 5000 4999
4430  3 2 1 1 4901 4902 5001 5000
4431  3 2 1 1 4902 4903 5002 5001
4432  3 2 1 1 4903 4904 5003 5002
4433  3 2 1 1 4904 4905 5004 5003
4434  3 2 1 1 4905 4906 5005 5004
4435  3 2 1 1 4906 4907 5006 5005
4436  3 2 1 1 4907 4908 5007 5006
4437  3 2 1 1 4908 4909 5008 5007
4438  3 2 1 1 4909 4910 5009 5008
4439  3 2 1 1 4910 4911 5010 5009
4440  3 2 1 1 4911  424  425 5010
4441  3 2 1 1  400 4912 5011  401
4442  3 2 1 1 4912 4913 5012 5011
4443  3 2 1 1 4913 4914 5013 5012
4444  3 2 1 1 4914 4915 5014 5013
4445  3 2 1 1 4915 4916 5015 5014
4446  3 2 1 1 4916 4917 5016 5015
4447  3 2 1 1 4917 4918 5017 5016
4448  3 2 1 1 4918 4919 5018 5017
4449  3 2 1 1 4919 4920 5019 5018
4450  3 2 1 1 4920 4921 5020 5019
4451  3 2 1 1 4921 4922 5021 5020
4452  3 2 1 1 4922 4923 5022 5021
4453  3 2 1 1 4923 4924 5023 5022
4454  3 2 1 1 4924 4925 5024 5023
4455  3 2 1 1 4925 4926 5025 5024
4456  3 2 1 1 4926 4927 5026 5025
4457  3 2 1 1 4927 4928 5027 5026
4458  3 2 1 1 4928 4929 5028 5027
4459  3 2 1 1 4929 4930 5029 5028
4460  3 2 1 1 4930 4931 5030 5029
4461  3 2 1 1 4931 4932 5031 5030
4462  3 2 1 1 4932 4933 5032 5031
4463  3 2 1 1 4933 4934 5033 5032
4464  3 2 1 1 4934 4935 5034 5033
4465  3 2 1 1 4935 4936 5035 5034
4466  3 2 1 1 4936 4937 5036 5035
4467  3 2 1 1 4937 4938 5037 5036
4468  3 2 1 1 4938 4939 5038 5037
4469  3 2 1 1 4939 4940 5039 5038
4470  3 2 1 1 4940 4941 5040 5039
4471  3 2 1 1 4941 4942 5041 5040
4472  3 2 1 1 4942 4943 5042 5041
4473  3 2 1 1 4943 4944 5043 5042
4474  3 2 1 1 4944 4945 5044 5043
4475  3 2 1 1 4945 4946 5045 5044
4476  3 2 1 1 4946 4947 5046 5045
4477  3 2 1 1 4947 4948 5047 5046
4478  3 2 1 1 4948 4949 5048 5047
4479  3 2 1 1 4949 4950 5049 5048
4480  3 2 1 1 4950 4951 5050 5049
4481  3 2 1 1 4951 4952 5051 5050
4482  3 2 1 1 4952 4953 5052 5051
4483  3 2 1 1 4953 4954 5053 5052
4484  3 2 1 1 4954 4955 5054 5053
4485  3 2 1 1 4955 4956 5055 5054
4486  3 2 1 1 4956 4957 5056 5055
4487  3 2 1 1 4957 4958 5057 5056
4488  3 2 1 1 4958 4959 5058 5057
4489  3 2 1 1 4959 4960 5059 5058
4490  3 2 1 1 4960 4961 5060 5059
4491  3 2 1 1 4961 4962 5061 5060
4492  3 2 1 1 4962 4963 5062 5061
4493  3 2 1 1 4963 4964 5063 5062
4494  3 2 1 1 4964 4965 5064 5063
4495  3 2 1 1 4965 4966 5065 5064
4496  3 2 1 1 4966 4967 5066 5065
4497  3 2 1 1 4967 4968 5067 5066
4498  3 2 1 1 4968 4969 5068 5067
4499  3 2 1 1 4969 4970 5069 5068
4500  3 2 1 1 4970 4971 5070 5069
4501  3 2 1 1 4971 4972 5071 5070
4502  3 2 1 1 4972 4973 5072 5071
4503  3 2 1 1 4973 4974 5073 5072
4504  3 2 1 1 4974 4975 5074 5073
4505  3 2 1 1 4975 4976 5075 5074
4506  3 2 1 1 4976 4977 5076 5075
4507  3 2 1 1 4977 4978 5077 5076
4508  3 2 1 1 4978 4979 5078 5077
4509  3 2 1 1 4979 4980 5079 5078
4510  3 2 1 1 4980 4981 5080 5079
4511  3 2 1 1 4981 4982 5081 5080
4512  3 2 1 1 4982 4983 5082 5081
4513  3 2 1 1 4983 4984 5083 5082
4514  3 2 1 1 4984 4985 5084 5083
4515  3 2 1 1 4985 4986 5085 5084
4516  3 2 1 1 4986 4987 5086 5085
4517  3 2 1 1 4987 4988 5087 5086
4518  3 2 1 1 4988 4989 5088 5087
4519  3 2 1 1 4989 4990 5089 5088
4520  3 2 1 1 4990 4991 5090 5089
4521  3 2 1 1 4991 4992 5091 5090
4522  3 2 1 1 4992 4993 5092 5091
4523  3 2 1 1 4993 4994 5093 5092
4524  3 2 1 1 4994 4995 5094 5093
4525  3 2 1 1 4995 4996 5095 5094
4526  3 2 1 1 4996 4997 5096 5095
4527  3 2 1 1 4997 4998 5097 5096
4528  3 2 1 1 4998 4999 5098 5097
4529  3 2 1 1 4999 5000 5099 5098
4530  3 2 1 1 5000 5001 5100 5099
4531  3 2 1 1 5001 5002 5101 5100
4532  3 2 1 1 5002 5003 5102 5101
4533  3 2 1 1 5003 5004 5103 5102
4534  3 2 1 1 5004 5005 5104 5103
4535  3 2 1 1 5005 5006 5105 5104
4536  3 2 1 1 5006 5007 5106 5105
4537  3 2 1 1 5007 5008 5107 5106
4538  3 2 1 1 5008 5009 5108 5107
4539  3 2 1 1 5009 5010 5109 5108
4540  3 2 1 1 5010  425    6 5109
4541  3 2 1 1  401 5011 5110  402
4542  3 2 1 1 5011 5012 5111 5110
4543  3 2 1 1 5012 5013 5112 5111
4544  3 2 1 1 5013 5014 5113 5112
4545  3 2 1 1 5014 5015 5114 5113
4546  3 2 1 1 5015 5016 5115 5114
4547  3 2 1 1 5016 5017 5116 5115
4548  3 2 1 1 5017 5018 5117 5116
4549  3 2 1 1 5018 5019 5118 5117
4550  3 2 1 1 5019 5020 5119 5118
4551  3 2 1 1 5020 5021 5120 5119
4552  3 2 1 1 5021 5022 5121 5120
4553  3 2 1 1 5022 5023 5122 5121
4554  3 2 1 1 5023 5024 5123 5122
4555  3 2 1 1 5024 5025 5124 5123
4556  3 2 1 1 5025 5026 5125 5124
4557  3 2 1 1 5026 5027 5126 5125
4558  3 2 1 1 5027 5028 5127 5126
4559  3 2 1 1 5028 5029 5128 5127
4560  3 2 1 1 5029 5030 5129 5128
4561  3 2 1 1 5030 5031 5130 5129
4562  3 2 1 1 5031 5032 5131 5130
4563  3 2 1 1 5032 5033 5132 5131
4564  3 2 1 1 5033 5034 5133 5132
4565  3 2 1 1 5034 5035 5134 5133
4566  3 2 1 1 5035 5036 5135 5134
4567  3 2 1 1 5036 5037 5136 5135
4568  3 2 1 1 5037 5038 5137 5136
4569  3 2 1 1 5038 5039 5138 5137
4570  3 2 1 1 5039 5040 5139 5138
4571  3 2 1 1 5040 5041 5140 5139
4572  3 2 1 1 5041 5042 5141 5140
4573  3 2 1 1 5042 5043 5142 5141
4574  3 2 1 1 5043 5044 5143 5142
4575  3 2 1 1 5044 5045 5144 5143
4576  3 2 1 1 5045 5046 5145 5144
4577  3 2 1 1 5046 5047 5146 5145
4578  3 2 1 1 5047 5048 5147 5146
4579  3 2 1 1 5048 5049 5148 5147
4580  3 2 1 1 5049 5050 5149 5148
4581  3 2 1 1 5050 5051 5150 5149
4582  3 2 1 1 5051 5052 5151 5150
4583  3 2 1 1 5052 5053 5152 5151
4584  3 2 1 1 5053 5054 5153 5152
4585  3 2 1 1 5054 5055 5154 5153
4586  3 2 1 1 5055 5056 5155 5154
4587  3 2 1 1 5056 5057 5156 5155
4588  3 2 1 1 5057 5058 5157 5156
4589  3 2 1 1 5058 5059 5158 5157
4590  3 2 1 1 5059 5060 5159 5158
4591  3 2 1 1 5060 5061 5160 5159
4592  3 2 1 1 5061 5062 5161 5160
4593  3 2 1 1 5062 5063 5162 5161
4594  3 2 1 1 5063 5064 5163 5162
4595  3 2 1 1 5064 5065 5164 5163
4596  3 2 1 1 5065 5066 5165 5164
4597  3 2 1 1 5066 5067 5166 5165
4598  3 2 1 1 5067 5068 5167 5166
4599  3 2 1 1 5068 5069 5168 5167
4600  3 2 1 1 5069 5070 5169 5168
4601  3 2 1 1 5070 5071 5170 5169
4602  3 2 1 1 5071 5072 5171 5170
4603  3 2 1 1 5072 5073 5172 5171
4604  3 2 1 1 5073 5074 5173 5172
4605  3 2 1 1 5074 5075 5174 5173
4606  3 2 1 1 5075 5076 5175 5174
4607  3 2 1 1 5076 5077 5176 5175
4608  3 2 1 1 5077 5078 5177 5176
4609  3 2 1 1 5078 5079 5178 5177
4610  3 2 1 1 5079 5080 5179 5178
4611  3 2 1 1 5080 5081 5180 5179
4612  3 2 1 1 5081 5082 5181 5180
4613  3 2 1 1 5082 5083 5182 5181
4614  3 2 1 1 5083 5084 5183 5182
4615  3 2 1 1 5084 5085 5184 5183
4616  3 2 1 1 5085 5086 5185 5184
4617  3 2 1 1 5086 5087 5186 5185
4618  3 2 1 1 5087 5088 5187 5186
4619  3 2 1 1 5088 5089 5188 5187
4620  3 2 1 1 5089 5090 5189 5188
4621  3 2 1 1 5090 5091 5190 5189
4622  3 2 1 1 5091 5092 5191 5190
4623  3 2 1 1 5092 5093 5192 5191
4624  3 2 1 1 5093 5094 5193 5192
4625  3 2 1 1 5094 5095 5194 5193
4626  3 2 1 1 5095 5096 5195 5194
4627  3 2 1 1 5096 5097 5196 5195
4628  3 2 1 1 5097 5098 5197 5196
4629  3 2 1 1 5098 5099 5198 5197
4630  3 2 1 1 5099 5100 5199 5198
4631  3 2 1 1 5100 5101 5200 5199
4632  3 2 1 1 5101 5102 5201 5200
4633  3 2 1 1 5102 5103 5202 5201
4634  3 2 1 1 5103 5104 5203 5202
4635  3 2 1 1 5104 5105 5204 5203
4636  3 2 1 1 5105 5106 5205 5204
4637  3 2 1 1 5106 5107 5206 5205
4638  3 2 1 1 5107 5108 5207 5206
4639  3 2 1 1 5108 5109 5208 5207
4640  3 2 1 1 5109    6  251 5208
4641  3 2 1 1  402 5110 5209  403
4642  3 2 1 1 5110 5111 5210 5209
4643  3 2 1 1 5111 5112 5211 5210
4644  3 2 1 1 5112 5113 5212 5211
4645  3 2 1 1 5113 5114 5213 5212
4646  3 2 1 1 5114 5115 5214 5213
4647  3 2 1 1 5115 5116 5215 5214
4648  3 2 1 1 5116 5117 5216 5215
4649  3 2 1 1 5117 5118 5217 5216
4650  3 2 1 1 5118 5119 5218 5217
4651  3 2 1 1 5119 5120 5219 5218
4652  3 2 1 1 5120 5121 5220 5219
4653  3 2 1 1 5121 5122 5221 5220
4654  3 2 1 1 5122 5123 5222 5221
4655  3 2 1 1 5123 5124 5223 5222
4656  3 2 1 1 5124 5125 5224 5223
4657  3 2 1 1 5125 5126 5225 5224
4658  3 2 1 1 5126 5127 5226 5225
4659  3 2 1 1 5127 5128 5227 5226
4660  3 2 1 1 5128 5129 5228 5227
4661  3 2 1 1 5129 5130 5229 5228
4662  3 2 1 1 5130 5131 5230 5229
4663  3 2 1 1 5131 5132 5231 5230
4664  3 2 1 1 5132 5133 5232 5231
4665  3 2 1 1 5133 5134 5233 5232
4666  3 2 1 1 5134 5135 5234 5233
4667  3 2 1 1 5135 5136 5235 5234
4668  3 2 1 1 5136 5137 5236 5235
4669  3 2 1 1 5137 5138 5237 5236
4670  3 2 1 1 5138 5139 5238 5237
4671  3 2 1 1 5139 5140 5239 5238
4672  3 2 1 1 5140 5141 5240 5239
4673  3 2 1 1 5141 5142 5241 5240
4674  3 2 1 1 5142 5143 5242 5241
4675  3 2 1 1 5143 5144 5243 5242
4676  3 2 1 1 5144 5145 5244 5243
4677  3 2 1 1 5145 5146 5245 5244
4678  3 2 1 1 5146 5147 5246 5245
4679  3 2 1 1 5147 5148 5247 5246
4680  3 2 1 1 5148 5149 5248 5247
4681  3 2 1 1 5149 5150 5249 5248
4682  3 2 1 1 5150 5151 5250 5249
4683  3 2 1 1 5151 5152 5251 5250
4684  3 2 1 1 5152 5153 5252 5251
4685  3 2 1 1 5153 5154 5253 5252
4686  3 2 1 1 5154 5155 5254 5253
4687  3 2 1 1 5155 5156 5255 5254
4688  3 2 1 1 5156 5157 5256 5255
4689  3 2 1 1 5157 5158 5257 5256
4690  3 2 1 1 5158 5159 5258 5257
4691  3 2 1 1 5159 5160 5259 5258
4692  3 2 1 1 5160 5161 5260 5259
4693  3 2 1 1 5161 5162 5261 5260
4694  3 2 1 1 5162 5163 5262 5261
4695  3 2 1 1 5163 5164 5263 5262
4696  3 2 1 1 5164 5165 5264 5263
4697  3 2 1 1 5165 5166 5265 5264
4698  3 2 1 1 5166 5167 5266 5265
4699  3 2 1 1 5167 5168 5267 5266
4700  3 2 1 1 5168 5169 5268 5267
4701  3 2 1 1 5169 5170 5269 5268
4702  3 2 1 1 5170 5171 5270 5269
4703  3 2 1 1 5171 5172 5271 5270
4704  3 2 1 1 5172 5173 5272 5271
4705  3 2 1 1 5173 5174 5273 5272
4706  3 2 1 1 5174 5175 5274 5273
4707  3 2 1 1 5175 5176 5275 5274
4708  3 2 1 1 5176 5177 5276 5275
4709  3 2 1 1 5177 5178 5277 5276
4710  3 2 1 1 5178 5179 5278 5277
4711  3 2 1 1 5179 5180 5279 5278
4712  3 2 1 1 5180 5181 5280 5279
4713  3 2 1 1 5181 5182 5281 5280
4714  3 2 1 1 5182 5183 5282 5281
4715  3 2 1 1 5183 5184 5283 5282
4716  3 2 1 1 5184 5185 5284 5283
4717  3 2 1 1 5185 5186 5285 5284
4718  3 2 1 1 5186 5187 5286 5285
4719  3 2 1 1 5187 5188 5287 5286
4720  3 2 1 1 5188 5189 5288 5287
4721  3 2 1 1 5189 5190 5289 5288
4722  3 2 1 1 5190 5191 5290 5289
4723  3 2 1 1 5191 5192 5291 5290
4724  3 2 1 1 5192 5193 5292 5291
4725  3 2 1 1 5193 5194 5293 5292
4726  3 2 1 1 5194 5195 5294 5293
4727  3 2 1 1 5195 5196 5295 5294
4728  3 2 1 1 5196 5197 5296 5295
4729  3 2 1 1 5197 5198 5297 5296
4730  3 2 1 1 5198 5199 5298 5297
4731  3 2 1 1 5199 5200 5299 5298
4732  3 2 1 1 5200 5201 5300 5299
4733  3 2 1 1 5201 5202 5301 5300
4734  3 2 1 1 5202 5203 5302 5301
4735  3 2 1 1 5203 5204 5303 5302
4736  3 2 1 1 5204 5205 5304 5303
4737  3 2 1 1 5205 5206 5305 5304
4738  3 2 1 1 5206 5207 5306 5305
4739  3 2 1 1 5207 5208 5307 5306
4740  3 2 1 1 5208  251  252 5307
4741  3 2 1 1  403 5209 5308  404
4742  3 2 1 1 5209 5210 5309 5308
4743  3 2 1 1 5210 5211 5310 5309
4744  3 2 1 1 5211 5212 5311 5310
4745  3 2 1 1 5212 5213 5312 5311
4746  3 2 1 1 5213 5214 5313 5312
4747  3 2 1 1 5214 5215 5314 5313
4748  3 2 1 1 5215 5216 5315 5314
4749  3 2 1 1 5216 5217 5316 5315
4750  3 2 1 1 5217 5218 5317 5316
4751  3 2 1 1 5218 5219 5318 5317
4752  3 2 1 1 5219 5220 5319 5318
4753  3 2 1 1 5220 5221 5320 5319
4754  3 2 1 1 5221 5222 5321 5320
4755  3 2 1 1 5222 5223 5322 5321
4756  3 2 1 1 5223 5224 5323 5322
4757  3 2 1 1 5224 5225 5324 5323
4758  3 2 1 1 5225 5226 5325 5324
4759  3 2 1 1 5226 5227 5326 5325
4760  3 2 1 1 5227 5228 5327 5326
4761  3 2 1 1 5228 5229 5328 5327
4762  3 2 1 1 5229 5230 5329 5328
4763  3 2 1 1 5230 5231 5330 5329
4764  3 2 1 1 5231 5232 5331 5330
4765  3 2 1 1 5232 5233 5332 5331
4766  3 2 1 1 5233 5234 5333 5332
4767  3 2 1 1 5234 5235 5334 5333
4768  3 2 1 1 5235 5236 5335 5334
4769  3 2 1 1 5236 5237 5336 5335
4770  3 2 1 1 5237 5238 5337 5336
4771  3 2 1 1 5238 5239 5338 5337
4772  3 2 1 1 5239 5240 5339 5338
4773  3 2 1 1 5240 5241 5340 5339
4774  3 2 1 1 5241 5242 5341 5340
4775  3 2 1 1 5242 5243 5342 5341
4776  3 2 1 1 5243 5244 5343 5342
4777  3 2 1 1 5244 5245 5344 5343
4778  3 2 1 1 5245 5246 5345 5344
4779  3 2 1 1 5246 5247 5346 5345
4780  3 2 1 1 5247 5248 5347 5346
4781  3 2 1 1 5248 5249 5348 5347
4782  3 2 1 1 5249 5250 5349 5348
4783  3 2 1 1 5250 5251 5350 5349
4784  3 2 1 1 5251 5252 5351 5350
4785  3 2 1 1 5252 5253 5352 5351
4786  3 2 1 1 5253 5254 5353 5352
4787  3 2 1 1 5254 5255 5354 5353
4788  3 2 1 1 5255 5256 5355 5354
4789  3 2 1 1 5256 5257 5356 5355
4790  3 2 1 1 5257 5258 5357 5356
4791  3 2 1 1 5258 5259 5358 5357
4792  3 2 1 1 5259 5260 5359 5358
4793  3 2 1 1 5260 5261 5360 5359
4794  3 2 1 1 5261 5262 5361 5360
4795  3 2 1 1 5262 5263 5362 5361
4796  3 2 1 1 5263 5264 5363 5362
4797  3 2 1 1 5264 5265 5364 5363
4798  3 2 1 1 5265 5266 5365 5364
4799  3 2 1 1 5266 5267 5366 5365
4800  3 2 1 1 5267 5268 5367 5366
4801  3 2 1 1 5268 5269 5368 5367
4802  3 2 1 1 5269 5270 5369 5368
4803  3 2 1 1 5270 5271 5370 5369
4804  3 2 1 1 5271 5272 5371 5370
4805  3 2 1 1 5272 5273 5372 5371
4806  3 2 1 1 5273 5274 5373 5372
4807  3 2 1 1 5274 5275 5374 5373
4808  3 2 1 1 5275 5276 5375 5374
4809  3 2 1 1 5276 5277 5376 5375
4810  3 2 1 1 5277 5278 5377 5376
4811  3 2 1 1 5278 5279 5378 5377
4812  3 2 1 1 5279 5280 5379 5378
4813  3 2 1 1 5280 5281 5380 5379
4814  3 2 1 1 5281 5282 5381 5380
4815  3 2 1 1 5282 5283 5382 5381
4816  3 2 1 1 5283 5284 5383 5382
4817  3 2 1 1 5284 5285 5384 5383
4818  3 2 1 1 5285 5286 5385 5384
4819  3 2 1 1 5286 5287 5386 5385
4820  3 2 1 1 5287 5288 5387 5386
4821  3 2 1 1 5288 5289 5388 5387
4822  3 2 1 1 5289 5290 5389 5388
4823  3 2 1 1 5290 5291 5390 5389
4824  3 2 1 1 5291 5292 5391 5390
4825  3 2 1 1 5292 5293 5392 5391
4826  3 2 1 1 5293 5294 5393 5392
4827  3 2 1 1 5294 5295 5394 5393
4828  3 2 1 1 5295 5296 5395 5394
4829  3 2 1 1 5296 5297 5396 5395
4830  3 2 1 1 5297 5298 5397 5396
4831  3 2 1 1 5298 5299 5398 5397
4832  3 2 1 1 5299 5300 5399 5398
4833  3 2 1 1 5300 5301 5400 5399
4834  3 2 1 1 5301 5302 5401 5400
4835  3 2 1 1 5302 5303 5402 5401
4836  3 2 1 1 5303 5304 5403 5402
4837  3 2 1 1 5304 5305 5404 5403
4838  3 2 1 1 5305 5306 5405 5404
4839  3 2 1 1 5306 5307 5406 5405
4840  3 2 1 1 5307  252  253 5406
4841  3 2 1 1  404 5308 5407  405
4842  3 2 1 1 5308 5309 5408 5407
4843  3 2 1 1 5309 5310 5409 5408
4844  3 2 1 1 5310 5311 5410 5409
4845  3 2 1 1 5311 5312 5411 5410
4846  3 2 1 1 5312 5313 5412 5411
4847  3 2 1 1 5313 5314 5413 5412
4848  3 2 1 1 5314 5315 5414 5413
4849  3 2 1 1 5315 5316 5415 5414
4850  3 2 1 1 5316 5317 5416 5415
4851  3 2 1 1 5317 5318 5417 5416
4852  3 2 1 1 5318 5319 5418 5417
4853  3 2 1 1 5319 5320 5419 5418
4854  3 2 1 1 5320 5321 5420 5419
4855  3 2 1 1 5321 5322 5421 5420
4856  3 2 1 1 5322 5323 5422 5421
4857  3 2 1 1 5323 5324 5423 5422
4858  3 2 1 1 5324 5325 5424 5423
4859  3 2 1 1 5325 5326 5425 5424
4860  3 2 1 1 5326 5327 5426 5425
4861  3 2 1 1 5327 5328 5427 5426
4862  3 2 1 1 5328 5329 5428 5427
4863  3 2 1 1 5329 5330 5429 5428
4864  3 2 1 1 5330 5331 5430 5429
4865  3 2 1 1 5331 5332 5431 5430
4866  3 2 1 1 5332 5333 5432 5431
4867  3 2 1 1 5333 5334 5433 5432
4868  3 2 1 1 5334 5335 5434 5433
4869  3 2 1 1 5335 5336 5435 5434
4870  3 2 1 1 5336 5337 5436 5435
4871  3 2 1 1 5337 5338 5437 5436
4872  3 2 1 1 5338 5339 5438 5437
4873  3 2 1 1 5339 5340 5439 5438
4874  3 2 1 1 5340 5341 5440 5439
4875  3 2 1 1 5341 5342 5441 5440
4876  3 2 1 1 5342 5343 5442 5441
4877  3 2 1 1 5343 5344 5443 5442
4878  3 2 1 1 5344 5345 5444 5443
4879  3 2 1 1 5345 5346 5445 5444
4880  3 2 1 1 5346 5347 5446 5445
4881  3 2 1 1 5347 5348 5447 5446
4882  3 2 1 1 5348 5349 5448 5447
4883  3 2 1 1 5349 5350 5449 5448
4884  3 2 1 1 5350 5351 5450 5449
4885  3 2 1 1 5351 5352 5451 5450
4886  3 2 1 1 5352 5353 5452 5451
4887  3 2 1 1 5353 5354 5453 5452
4888  3 2 1 1 5354 5355 5454 5453
4889  3 2 1 1 5355 5356 5455 5454
4890  3 2 1 1 5356 5357 5456 5455
4891  3 2 1 1 5357 5358 5457 5456
4892  3 2 1 1 5358 5359 5458 5457
4893  3 2 1 1 5359 5360 5459 5458
4894  3 2 1 1 5360 5361 5460 5459
4895  3 2 1 1 5361 5362 5461 5460
4896  3 2 1 1 5362 5363 5462 5461
4897  3 2 1 1 5363 5364 5463 5462
4898  3 2 1 1 5364 5365 5464 5463
4899  3 2 1 1 5365 5366 5465 5464
4900  3 2 1 1 5366 5367 5466 5465
4901  3 2 1 1 5367 5368 5467 5466
4902  3 2 1 1 5368 5369 5468 5467
4903  3 2 1 1 5369 5370 5469 5468
4904  3 2 1 1 5370 5371 5470 5469
4905  3 2 1 1 5371 5372 5471 5470
4906  3 2 1 1 5372 5373 5472 5471
4907  3 2 1 1 5373 5374 5473 5472
4908  3 2 1 1 5374 5375 5474 5473
4909  3 2 1 1 5375 5376 5475 5474
4910  3 2 1 1 5376 5377 5476 5475
4911  3 2 1 1 5377 5378 5477 5476
4912  3 2 1 1 5378 5379 5478 5477
4913  3 2 1 1 5379 5380 5479 5478
4914  3 2 1 1 5380 5381 5480 5479
4915  3 2 1 1 5381 5382 5481 5480
4916  3 2 1 1 5382 5383 5482 5481
4917  3 2 1 1 5383 5384 5483 5482
4918  3 2 1 1 5384 5385 5484 5483
4919  3 2 1 1 5385 5386 5485 5484
4920  3 2 1 1 5386 5387 5486 5485
4921  3 2 1 1 5387 5388 5487 5486
4922  3 2 1 1 5388 5389 5488 5487
4923  3 2 1 1 5389 5390 5489 5488
4924  3 2 1 1 5390 5391 5490 5489
4925  3 2 1 1 5391 5392 5491 5490
4926  3 2 1 1 5392 5393 5492 5491
4927  3 2 1 1 5393 5394 5493 5492
4928  3 2 1 1 5394 5395 5494 5493
4929  3 2 1 1 5395 5396 5495 5494
4930  3 2 1 1 5396 5397 5496 5495
4931  3 2 1 1 5397 5398 5497 5496
4932  3 2 1 1 5398 5399 5498 5497
4933  3 2 1 1 5399 5400 5499 5498
4934  3 2 1 1 5400 5401 5500 5499
4935  3 2 1 1 5401 5402 5501 5500
4936  3 2 1 1 5402 5403 5502 5501
4937  3 2 1 1 5403 5404 5503 5502
4938  3 2 1 1 5404 5405 5504 5503
4939  3 2 1 1 5405 5406 5505 5504
4940  3 2 1 1 5406  253  254 5505
4941  3 2 1 1  405 5407 5506  406
4942  3 2 1 1 5407 5408 5507 5506
4943  3 2 1 1 5408 5409 5508 5507
4944  3 2 1 1 5409 5410 5509 5508
4945  3 2 1 1 5410 5411 5510 5509
4946  3 2 1 1 5411 5412 5511 5510
4947  3 2 1 1 5412 5413 5512 5511
4948  3 2 1 1 5413 5414 5513 5512
4949  3 2 1 1 5414 5415 5514 5513
4950  3 2 1 1 5415 5416 5515 5514
4951  3 2 1 1 5416 5417 5516 5515
4952  3 2 1 1 5417 5418 5517 5516
4953  3 2 1 1 5418 5419 5518 5517
4954  3 2 1 1 5419 5420 5519 5518
4955  3 2 1 1 5420 5421 5520 5519
4956  3 2 1 1 5421 5422 5521 5520
4957  3 2 1 1 5422 5423 5522 5521
4958  3 2 1 1 5423 5424 5523 5522
4959  3 2 1 1 5424 5425 5524 5523
4960  3 2 1 1 5425 5426 5525 5524
4961  3 2 1 1 5426 5427 5526 5525
4962  3 2 1 1 5427 5428 5527 5526
4963  3 2 1 1 5428 5429 5528 5527
4964  3 2 1 1 5429 5430 5529 5528
4965  3 2 1 1 5430 5431 5530 5529
4966  3 2 1 1 5431 5432 5531 5530
4967  3 2 1 1 5432 5433 5532 5531
4968  3 2 1 1 5433 5434 5533 5532
4969  3 2 1 1 5434 5435 5534 5533
4970  3 2 1 1 5435 5436 5535 5534
4971  3 2 1 1 5436 5437 5536 5535
4972  3 2 1 1 5437 5438 5537 5536
4973  3 2 1 1 5438 5439 5538 5537
4974  3 2 1 1 5439 5440 5539 5538
4975  3 2 1 1 5440 5441 5540 5539
4976  3 2 1 1 5441 5442 5541 5540
4977  3 2 1 1 5442 5443 5542 5541
4978  3 2 1 1 5443 5444 5543 5542
4979  3 2 1 1 5444 5445 5544 5543
4980  3 2 1 1 5445 5446 5545 5544
4981  3 2 1 1 5446 5447 5546 5545
4982  3 2 1 1 5447 5448 5547 5546
4983  3 2 1 1 5448 5449 5548 5547
4984  3 2 1 1 5449 5450 5549 5548
4985  3 2 1 1 5450 5451 5550 5549
4986  3 2 1 1 5451 5452 5551 5550
4987  3 2 1 1 5452 5453 5552 5551
4988  3 2 1 1 5453 5454 5553 5552
4989  3 2 1 1 5454 5455 5554 5553
4990  3 2 1 1 5455 5456 5555 5554
4991  3 2 1 1 5456 5457 5556 5555
4992  3 2 1 1 5457 5458 5557 5556
4993  3 2 1 1 5458 5459 5558 5557
4994  3 2 1 1 5459 5460 5559 5558
4995  3 2 1 1 5460 5461 5560 5559
4996  3 2 1 1 5461 5462 5561 5560
4997  3 2 1 1 5462 5463 5562 5561
4998  3 2 1 1 5463 5464 5563 5562
4999  3 2 1 1 5464 5465 5564 5563
5000  3 2 1 1 5465 5466 5565 5564
5001  3 2 1 1 5466 5467 5566 5565
5002  3 2 1 1 5467 5468 5567 5566
5003  3 2 1 1 5468 5469 5568 5567
5004  3 2 1 1 5469 5470 5569 5568
5005  3 2 1 1 5470 5471 5570 5569
5006  3 2 1 1 5471 5472 5571 5570
5007  3 2 1 1 5472 5473 5572 5571
5008  3 2 1 1 5473 5474 5573 5572
5009  3 2 1 1 5474 5475 5574 5573
5010  3 2 1 1 5475 5476 5575 5574
5011  3 2 1 1 5476 5477 5576 5575
5012  3 2 1 1 5477 5478 5577 5576
5013  3 2 1 1 5478 5479 5578 5577
5014  3 2 1 1 5479 5480 5579 5578
5015  3 2 1 1 5480 5481 5580 5579
5016  3 2 1 1 5481 5482 5581 5580
5017  3 2 1 1 5482 5483 5582 5581
5018  3 2 1 1 5483 5484 5583 5582
5019  3 2 1 1 5484 5485 5584 5583
5020  3 2 1 1 5485 5486 5585 5584
5021  3 2 1 1 5486 5487 5586 5585
5022  3 2 1 1 5487 5488 5587 5586
5023  3 2 1 1 5488 5489 5588 5587
5024  3 2 1 1 5489 5490 5589 5588
5025  3 2 1 1 5490 5491 5590 5589
5026  3 2 1 1 5491 5492 5591 5590
5027  3 2 1 1 5492 5493 5592 5591
5028  3 2 1 1 5493 5494 5593 5592
5029  3 2 1 1 5494 5495 5594 5593
5030  3 2 1 1 5495 5496 5595 5594
5031  3 2 1 1 5496 5497 5596 5595
5032  3 2 1 1 5497 5498 5597 5596
5033  3 2 1 1 5498 5499 5598 5597
5034  3 2 1 1 5499 5500 5599 5598
5035  3 2 1 1 5500 5501 5600 5599
5036  3 2 1 1 5501 5502 5601 5600
5037  3 2 1 1 5502 5503 5602 5601
5038  3 2 1 1 5503 5504 5603 5602
5039  3 2 1 1 5504 5505 5604 5603
5040  3 2 1 1 5505  254  255 5604
5041  3 2 1 1  406 5506 5605  407
5042  3 2 1 1 5506 5507 5606 5605
5043  3 2 1 1 5507 5508 5607 5606
5044  3 2 1 1 5508 5509 5608 5607
5045  3 2 1 1 5509 5510 5609 5608
5046  3 2 1 1 5510 5511 5610 5609
5047  3 2 1 1 5511 5512 5611 5610
5048  3 2 1 1 5512 5513 5612 5611
5049  3 2 1 1 5513 5514 5613 5612
5050  3 2 1 1 5514 5515 5614 5613
5051  3 2 1 1 5515 5516 5615 5614
5052  3 2 1 1 5516 5517 5616 5615
5053  3 2 1 1 5517 5518 5617 5616
5054  3 2 1 1 5518 5519 5618 5617
5055  3 2 1 1 5519 5520 5619 5618
5056  3 2 1 1 5520 5521 5620 5619
5057  3 2 1 1 5521 5522 5621 5620
5058  3 2 1 1 5522 5523 5622 5621
5059  3 2 1 1 5523 5524 5623 5622
5060  3 2 1 1 5524 5525 5624 5623
5061  3 2 1 1 5525 5526 5625 5624
5062  3 2 1 1 5526 5527 5626 5625
5063  3 2 1 1 5527 5528 5627 5626
5064  3 2 1 1 5528 5529 5628 5627
5065  3 2 1 1 5529 5530 5629 5628
5066  3 2 1 1 5530 5531 5630 5629
5067  3 2 1 1 5531 5532 5631 5630
5068  3 2 1 1 5532 5533 5632 5631
5069  3 2 1 1 5533 5534 5633 5632
5070  3 2 1 1 5534 5535 5634 5633
5071  3 2 1 1 5535 5536 5635 5634
5072  3 2 1 1 5536 5537 5636 5635
5073  3 2 1 1 5537 5538 5637 5636
5074  3 2 1 1 5538 5539 5638 5637
5075  3 2 1 1 5539 5540 5639 5638
5076  3 2 1 1 5540 5541 5640 5639
5077  3 2 1 1 5541 5542 5641 5640
5078  3 2 1 1 5542 5543 5642 5641
5079  3 2 1 1 5543 5544 5643 5642
5080  3 2 1 1 5544 5545 5644 5643
5081  3 2 1 1 5545 5546 5645 5644
5082  3 2 1 1 5546 5547 5646 5645
5083  3 2 1 1 5547 5548 5647 5646
5084  3 2 1 1 5548 5549 5648 5647
5085  3 2 1 1 5549 5550 5649 5648
5086  3 2 1 1 5550 5551 5650 5649
5087  3 2 1 1 5551 5552 5651 5650
5088  3 2 1 1 5552 5553 5652 5651
5089  3 2 1 1 5553 5554 5653 5652
5090  3 2 1 1 5554 5555 5654 5653
5091  3 2 1 1 5555 5556 5655 5654
5092  3 2 1 1 5556 5557 5656 5655
5093  3 2 1 1 5557 5558 5657 5656
5094  3 2 1 1 5558 5559 5658 5657
5095  3 2 1 1 5559 5560 5659 5658
5096  3 2 1 1 5560 5561 5660 5659
5097  3 2 1 1 5561 5562 5661 5660
5098  3 2 1 1 5562 5563 5662 5661
5099  3 2 1 1 5563 5564 5663 5662
5100  3 2 1 1 5564 5565 5664 5663
5101  3 2 1 1 5565 5566 5665 5664
5102  3 2 1 1 5566 5567 5666 5665
5103  3 2 1 1 5567 5568 5667 5666
5104  3 2 1 1 5568 5569 5668 5667
5105  3 2 1 1 5569 5570 5669 5668
5106  3 2 1 1 5570 5571 5670 5669
5107  3 2 1 1 5571 5572 5671 5670
5108  3 2 1 1 5572 5573 5672 5671
5109  3 2 1 1 5573 5574 5673 5672
5110  3 2 1 1 5574 5575 5674 5673
5111  3 2 1 1 5575 5576 5675 5674
5112  3 2 1 1 5576 5577 5676 5675
5113  3 2 1 1 5577 5578 5677 5676
5114  3 2 1 1 5578 5579 5678 5677
5115  3 2 1 1 5579 5580 5679 5678
5116  3 2 1 1 5580 5581 5680 5679
5117  3 2 1 1 5581 5582 5681 5680
5118  3 2 1 1 5582 5583 5682 5681
5119  3 2 1 1 5583 5584 5683 5682
5120  3 2 1 1 5584 5585 5684 5683
5121  3 2 1 1 5585 5586 5685 5684
5122  3 2 1 1 5586 5587 5686 5685
5123  3 2 1 1 5587 5588 5687 5686
5124  3 2 1 1 5588 5589 5688 5687
5125  3 2 1 1 5589 5590 5689 5688
5126  3 2 1 1 5590 5591 5690 5689
5127  3 2 1 1 5591 5592 5691 5690
5128  3 2 1 1 5592 5593 5692 5691
5129  3 2 1 1 5593 5594 5693 5692
5130  3 2 1 1 5594 5595 5694 5693
5131  3 2 1 1 5595 5596 5695 5694
5132  3 2 1 1 5596 5597 5696 5695
5133  3 2 1 1 5597 5598 5697 5696
5134  3 2 1 1 5598 5599 5698 5697
5135  3 2 1 1 5599 5600 5699 5698
5136  3 2 1 1 5600 5601 5700 5699
5137  3 2 1 1 5601 5602 5701 5700
5138  3 2 1 1 5602 5603 5702 5701
5139  3 2 1 1 5603 5604 5703 5702
5140  3 2 1 1 5604  255  256 5703
5141  3 2 1 1  407 5605 5704  408
5142  3 2 1 1 5605 5606 5705 5704
5143  3 2 1 1 5606 5607 5706 5705
5144  3 2 1 1 5607 5608 5707 5706
5145  3 2 1 1 5608 5609 5708 5707
5146  3 2 1 1 5609 5610 5709 5708
5147  3 2 1 1 5610 5611 5710 5709
5148  3 2 1 1 5611 5612 5711 5710
5149  3 2 1 1 5612 5613 5712 5711
5150  3 2 1 1 5613 5614 5713 5712
5151  3 2 1 1 5614 5615 5714 5713
5152  3 2 1 1 5615 5616 5715 5714
5153  3 2 1 1 5616 5617 5716 5715
5154  3 2 1 1 5617 5618 5717 5716
5155  3 2 1 1 5618 5619 5718 5717
5156  3 2 1 1 5619 5620 5719 5718
5157  3 2 1 1 5620 5621 5720 5719
5158  3 2 1 1 5621 5622 5721 5720
5159  3 2 1 1 5622 5623 5722 5721
5160  3 2 1 1 5623 5624 5723 5722
5161  3 2 1 1 5624 5625 5724 5723
5162  3 2 1 1 5625 5626 5725 5724
5163  3 2 1 1 5626 5627 5726 5725
5164  3 2 1 1 5627 5628 5727 5726
5165  3 2 1 1 5628 5629 5728 5727
5166  3 2 1 1 5629 5630 5729 5728
5167  3 2 1 1 5630 5631 5730 5729
5168  3 2 1 1 5631 5632 5731 5730
5169  3 2 1 1 5632 5633 5732 5731
5170  3 2 1 1 5633 5634 5733 5732
5171  3 2 1 1 5634 5635 5734 5733
5172  3 2 1 1 5635 5636 5735 5734
5173  3 2 1 1 5636 5637 5736 5735
5174  3 2 1 1 5637 5638 5737 5736
5175  3 2 1 1 5638 5639 5738 5737
5176  3 2 1 1 5639 5640 5739 5738
5177  3 2 1 1 5640 5641 5740 5739
5178  3 2 1 1 5641 5642 5741 5740
5179  3 2 1 1 5642 5643 5742 5741
5180  3 2 1 1 5643 5644 5743 5742
5181  3 2 1 1 5644 5645 5744 5743
5182  3 2 1 1 5645 5646 5745 5744
5183  3 2 1 1 5646 5647 5746 5745
5184  3 2 1 1 5647 5648 5747 5746
5185  3 2 1 1 5648 5649 5748 5747
5186  3 2 1 1 5649 5650 5749 5748
5187  3 2 1 1 5650 5651 5750 5749
5188  3 2 1 1 5651 5652 5751 5750
5189  3 2 1 1 5652 5653 5752 5751
5190  3 2 1 1 5653 5654 5753 5752
5191  3 2 1 1 5654 5655 5754 5753
5192  3 2 1 1 5655 5656 5755 5754
5193  3 2 1 1 5656 5657 5756 5755
5194  3 2 1 1 5657 5658 5757 5756
5195  3 2 1 1 5658 5659 5758 5757
5196  3 2 1 1 5659 5660 5759 5758
5197  3 2 1 1 5660 5661 5760 5759
5198  3 2 1 1 5661 5662 5761 5760
5199  3 2 1 1 5662 5663 5762 5761
5200  3 2 1 1 5663 5664 5763 5762
5201  3 2 1 1 5664 5665 5764 5763
5202  3 2 1 1 5665 5666 5765 5764
5203  3 2 1 1 5666 5667 5766 5765
5204  3 2 1 1 5667 5668 5767 5766
5205  3 2 1 1 5668 5669 5768 5767
5206  3 2 1 1 5669 5670 5769 5768
5207  3 2 1 1 5670 5671 5770 5769
5208  3 2 1 1 5671 5672 5771 5770
5209  3 2 1 1 5672 5673 5772 5771
5210  3 2 1 1 5673 5674 5773 5772
5211  3 2 1 1 5674 5675 5774 5773
5212  3 2 1 1 5675 5676 5775 5774
5213  3 2 1 1 5676 5677 5776 5775
5214  3 2 1 1 5677 5678 5777 5776
5215  3 2 1 1 5678 5679 5778 5777
5216  3 2 1 1 5679 5680 5779 5778
5217  3 2 1 1 5680 5681 5780 5779
5218  3 2 1 1 5681 5682 5781 5780
5219  3 2 1 1 5682 5683 5782 5781
5220  3 2 1 1 5683 5684 5783 5782
5221  3 2 1 1 5684 5685 5784 5783
5222  3 2 1 1 5685 5686 5785 5784
5223  3 2 1 1 5686 5687 5786 5785
5224  3 2 1 1 5687 5688 5787 5786
5225  3 2 1 1 5688 5689 5788 5787
5226  3 2 1 1 5689 5690 5789 5788
5227  3 2 1 1 5690 5691 5790 5789
5228  3 2 1 1 5691 5692 5791 5790
5229  3 2 1 1 5692 5693 5792 5791
5230  3 2 1 1 5693 5694 5793 5792
5231  3 2 1 1 5694 5695 5794 5793
5232  3 2 1 1 5695 5696 5795 5794
5233  3 2 1 1 5696 5697 5796 5795
5234  3 2 1 1 5697 5698 5797 5796
5235  3 2 1 1 5698 5699 5798 5797
5236  3 2 1 1 5699 5700 5799 5798
5237  3 2 1 1 5700 5701 5800 5799
5238  3 2 1 1 5701 5702 5801 5800
5239  3 2 1 1 5702 5703 5802 5801
5240  3 2 1 1 5703  256  257 5802
5241  3 2 1 1  408 5704 5803  409
5242  3 2 1 1 5704 5705 5804 5803
5243  3 2 1 1 5705 5706 5805 5804
5244  3 2 1 1 5706 5707 5806 5805
5245  3 2 1 1 5707 5708 5807 5806
5246  3 2 1 1 5708 5709 5808 5807
5247  3 2 1 1 5709 5710 5809 5808
5248  3 2 1 1 5710 5711 5810 5809
5249  3 2 1 1 5711 5712 5811 5810
5250  3 2 1 1 5712 5713 5812 5811
5251  3 2 1 1 5713 5714 5813 5812
5252  3 2 1 1 5714 5715 5814 5813
5253  3 2 1 1 5715 5716 5815 5814
5254  3 2 1 1 5716 5717 5816 5815
5255  3 2 1 1 5717 5718 5817 5816
5256  3 2 1 1 5718 5719 5818 5817
5257  3 2 1 1 5719 5720 5819 5818
5258  3 2 1 1 5720 5721 5820 5819
5259  3 2 1 1 5721 5722 5821 5820
5260  3 2 1 1 5722 5723 5822 5821
5261  3 2 1 1 5723 5724 5823 5822
5262  3 2 1 1 5724 5725 5824 5823
5263  3 2 1 1 5725 5726 5825 5824
5264  3 2 1 1 5726 5727 5826 5825
5265  3 2 1 1 5727 5728 5827 5826
5266  3 2 1 1 5728 5729 5828 5827
5267  3 2 1 1 5729 5730 5829 5828
5268  3 2 1 1 5730 5731 5830 5829
5269  3 2 1 1 5731 5732 5831 5830
5270  3 2 1 1 5732 5733 5832 5831
5271  3 2 1 1 5733 5734 5833 5832
5272  3 2 1 1 5734 5735 5834 5833
5273  3 2 1 1 5735 5736 5835 5834
5274  3 2 1 1 5736 5737 5836 5835
5275  3 2 1 1 5737 5738 5837 5836
5276  3 2 1 1 5738 5739 5838 5837
5277  3 2 1 1 5739 5740 5839 5838
5278  3 2 1 1 5740 5741 5840 5839
5279  3 2 1 1 5741 5742 5841 5840
5280  3 2 1 1 5742 5743 5842 5841
5281  3 2 1 1 5743 5744 5843 5842
5282  3 2 1 1 5744 5745 5844 5843
5283  3 2 1 1 5745 5746 5845 5844
5284  3 2 1 1 5746 5747 5846 5845
5285  3 2 1 1 5747 5748 5847 5846
5286  3 2 1 1 5748 5749 5848 5847
5287  3 2 1 1 5749 5750 5849 5848
5288  3 2 1 1 5750 5751 5850 5849
5289  3 2 1 1 5751 5752 5851 5850
5290  3 2 1 1 5752 5753 5852 5851
5291  3 2 1 1 5753 5754 5853 5852
5292  3 2 1 1 5754 5755 5854 5853
5293  3 2 1 1 5755 5756 5855 5854
5294  3 2 1 1 5756 5757 5856 5855
5295  3 2 1 1 5757 5758 5857 5856
5296  3 2 1 1 5758 5759 5858 5857
5297  3 2 1 1 5759 5760 5859 5858
5298  3 2 1 1 5760 5761 5860 5859
5299  3 2 1 1 5761 5762 5861 5860
5300  3 2 1 1 5762 5763 5862 5861
5301  3 2 1 1 5763 5764 5863 5862
5302  3 2 1 1 5764 5765 5864 5863
5303  3 2 1 1 5765 5766 5865 5864
5304  3 2 1 1 5766 5767 5866 5865
5305  3 2 1 1 5767 5768 5867 5866
5306  3 2 1 1 5768 5769 5868 5867
5307  3 2 1 1 5769 5770 5869 5868
5308  3 2 1 1 5770 5771 5870 5869
5309  3 2 1 1 5771 5772 5871 5870
5310  3 2 1 1 5772 5773 5872 5871
5311  3 2 1 1 5773 5774 5873 5872
5312  3 2 1 1 5774 5775 5874 5873
5313  3 2 1 1 5775 5776 5875 5874
5314  3 2 1 1 5776 5777 5876 5875
5315  3 2 1 1 5777 5778 5877 5876
5316  3 2 1 1 5778 5779 5878 5877
5317  3 2 1 1 5779 5780 5879 5878
5318  3 2 1 1 5780 5781 5880 5879
5319  3 2 1 1 5781 5782 5881 5880
5320  3 2 1 1 5782 5783 5882 5881
5321  3 2 1 1 5783 5784 5883 5882
5322  3 2 1 1 5784 5785 5884 5883
5323  3 2 1 1 5785 5786 5885 5884
5324  3 2 1 1 5786 5787 5886 5885
5325  3 2 1 1 5787 5788 5887 5886
5326  3 2 1 1 5788 5789 5888 5887
5327  3 2 1 1 5789 5790 5889 5888
5328  3 2 1 1 5790 5791 5890 5889
5329  3 2 1 1 5791 5792 5891 5890
5330  3 2 1 1 5792 5793 5892 5891
5331  3 2 1 1 5793 5794 5893 5892
5332  3 2 1 1 5794 5795 5894 5893
5333  3 2 1 1 5795 5796 5895 5894
5334  3 2 1 1 5796 5797 5896 5895
5335  3 2 1 1 5797 5798 5897 5896
5336  3 2 1 1 5798 5799 5898 5897
5337  3 2 1 1 5799 5800 5899 5898
5338  3 2 1 1 5800 5801 5900 5899
5339  3 2 1 1 5801 5802 5901 5900
5340  3 2 1 1 5802  257  258 5901
5341  3 2 1 1  409 5803 5902  410
5342  3 2 1 1 5803 5804 5903 5902
5343  3 2 1 1 5804 5805 5904 5903
5344  3 2 1 1 5805 5806 5905 5904
5345  3 2 1 1 5806 5807 5906 5905
5346  3 2 1 1 5807 5808 5907 5906
5347  3 2 1 1 5808 5809 5908 5907
5348  3 2 1 1 5809 5810 5909 5908
5349  3 2 1 1 5810 5811 5910 5909
5350  3 2 1 1 5811 5812 5911 5910
5351  3 2 1 1 5812 5813 5912 5911
5352  3 2 1 1 5813 5814 5913 5912
5353  3 2 1 1 5814 5815 5914 5913
5354  3 2 1 1 5815 5816 5915 5914
5355  3 2 1 1 5816 5817 5916 5915
5356  3 2 1 1 5817 5818 5917 5916
5357  3 2 1 1 5818 5819 5918 5917
5358  3 2 1 1 5819 5820 5919 5918
5359  3 2 1 1 5820 5821 5920 5919
5360  3 2 1 1 5821 5822 5921 5920
5361  3 2 1 1 5822 5823 5922 5921
5362  3 2 1 1 5823 5824 5923 5922
5363  3 2 1 1 5824 5825 5924 5923
5364  3 2 1 1 5825 5826 5925 5924
5365  3 2 1 1 5826 5827 5926 5925
5366  3 2 1 1 5827 5828 5927 5926
5367  3 2 1 1 5828 5829 5928 5927
5368  3 2 1 1 5829 5830 5929 5928
5369  3 2 1 1 5830 5831 5930 5929
5370  3 2 1 1 5831 5832 5931 5930
5371  3 2 1 1 5832 5833 5932 5931
5372  3 2 1 1 5833 5834 5933 5932
5373  3 2 1 1 5834 5835 5934 5933
5374  3 2 1 1 5835 5836 5935 5934
5375  3 2 1 1 5836 5837 5936 5935
5376  3 2 1 1 5837 5838 5937 5936
5377  3 2 1 1 5838 5839 5938 5937
5378  3 2 1 1 5839 5840 5939 5938
5379  3 2 1 1 5840 5841 5940 5939
5380  3 2 1 1 5841 5842 5941 5940
5381  3 2 1 1 5842 5843 5942 5941
5382  3 2 1 1 5843 5844 5943 5942
5383  3 2 1 1 5844 5845 5944 5943
5384  3 2 1 1 5845 5846 5945 5944
5385  3 2 1 1 5846 5847 5946 5945
5386  3 2 1 1 5847 5848 5947 5946
5387  3 2 1 1 5848 5849 5948 5947
5388  3 2 1 1 5849 5850 5949 5948
5389  3 2 1 1 5850 5851 5950 5949
5390  3 2 1 1 5851 5852 5951 5950
5391  3 2 1 1 5852 5853 5952 5951
5392  3 2 1 1 5853 5854 5953 5952
5393  3 2 1 1 5854 5855 5954 5953
5394  3 2 1 1 5855 5856 5955 5954
5395  3 2 1 1 5856 5857 5956 5955
5396  3 2 1 1 5857 5858 5957 5956
5397  3 2 1 1 5858 5859 5958 5957
5398  3 2 1 1 5859 5860 5959 5958
5399  3 2 1 1 5860 5861 5960 5959
5400  3 2 1 1 5861 5862 5961 5960
5401  3 2 1 1 5862 5863 5962 5961
5402  3 2 1 1 5863 5864 5963 5962
5403  3 2 1 1 5864 5865 5964 5963
5404  3 2 1 1 5865 5866 5965 5964
5405  3 2 1 1 5866 5867 5966 5965
5406  3 2 1 1 5867 5868 5967 5966
5407  3 2 1 1 5868 5869 5968 5967
5408  3 2 1 1 5869 5870 5969 5968
5409  3 2 1 1 5870 5871 5970 5969
5410  3 2 1 1 5871 5872 5971 5970
5411  3 2 1 1 5872 5873 5972 5971
5412  3 2 1 1 5873 5874 5973 5972
5413  3 2 1 1 5874 5875 5974 5973
5414  3 2 1 1 5875 5876 5975 5974
5415  3 2 1 1 5876 5877 5976 5975
5416  3 2 1 1 5877 5878 5977 5976
5417  3 2 1 1 5878 5879 5978 5977
5418  3 2 1 1 5879 5880 5979 5978
5419  3 2 1 1 5880 5881 5980 5979
5420  3 2 1 1 5881 5882 5981 5980
5421  3 2 1 1 5882 5883 5982 5981
5422  3 2 1 1 5883 5884 5983 5982
5423  3 2 1 1 5884 5885 5984 5983
5424  3 2 1 1 5885 5886 5985 5984
5425  3 2 1 1 5886 5887 5986 5985
5426  3 2 1 1 5887 5888 5987 5986
5427  3 2 1 1 5888 5889 5988 5987
5428  3 2 1 1 5889 5890 5989 5988
5429  3 2 1 1 5890 5891 5990 5989
5430  3 2 1 1 5891 5892 5991 5990
5431  3 2 1 1 5892 5893 5992 5991
5432  3 2 1 1 5893 5894 5993 5992
5433  3 2 1 1 5894 5895 5994 5993
5434  3 2 1 1 5895 5896 5995 5994
5435  3 2 1 1 5896 5897 5996 5995
5436  3 2 1 1 5897 5898 5997 5996
5437  3 2 1 1 5898 5899 5998 5997
5438  3 2 1 1 5899 5900 5999 5998
5439  3 2 1 1 5900 5901 6000 5999
5440  3 2 1 1 5901  258  259 6000
5441  3 2 1 1  410 5902 6001  411
5442  3 2 1 1 5902 5903 6002 6001
5443  3 2 1 1 5903 5904 6003 6002
5444  3 2 1 1 5904 5905 6004 6003
5445  3 2 1 1 5905 5906 6005 6004
5446  3 2 1 1 5906 5907 6006 6005
5447  3 2 1 1 5907 5908 6007 6006
5448  3 2 1 1 5908 5909 6008 6007
5449  3 2 1 1 5909 5910 6009 6008
5450  3 2 1 1 5910 5911 6010 6009
5451  3 2 1 1 5911 5912 6011 6010
5452  3 2 1 1 5912 5913 6012 6011
5453  3 2 1 1 5913 5914 6013 6012
5454  3 2 1 1 5914 5915 6014 6013
5455  3 2 1 1 5915 5916 6015 6014
5456  3 2 1 1 5916 5917 6016 6015
5457  3 2 1 1 5917 5918 6017 6016
5458  3 2 1 1 5918 5919 6018 6017
5459  3 2 1 1 5919 5920 6019 6018
5460  3 2 1 1 5920 5921 6020 6019
5461  3 2 1 1 5921 5922 6021 6020
5462  3 2 1 1 5922 5923 6022 6021
5463  3 2 1 1 5923 5924 6023 6022
5464  3 2 1 1 5924 5925 6024 6023
5465  3 2 1 1 5925 5926 6025 6024
5466  3 2 1 1 5926 5927 6026 6025
5467  3 2 1 1 5927 5928 6027 6026
5468  3 2 1 1 5928 5929 6028 6027
5469  3 2 1 1 5929 5930 6029 6028
5470  3 2 1 1 5930 5931 6030 6029
5471  3 2 1 1 5931 5932 6031 6030
5472  3 2 1 1 5932 5933 6032 6031
5473  3 2 1 1 5933 5934 6033 6032
5474  3 2 1 1 5934 5935 6034 6033
5475  3 2 1 1 5935 5936 6035 6034
5476  3 2 1 1 5936 5937 6036 6035
5477  3 2 1 1 5937 5938 6037 6036
5478  3 2 1 1 5938 5939 6038 6037
5479  3 2 1 1 5939 5940 6039 6038
5480  3 2 1 1 5940 5941 6040 6039
5481  3 2 1 1 5941 5942 6041 6040
5482  3 2 1 1 5942 5943 6042 6041
5483  3 2 1 1 5943 5944 6043 6042
5484  3 2 1 1 5944 5945 6044 6043
5485  3 2 1 1 5945 5946 6045 6044
5486  3 2 1 1 5946 5947 6046 6045
5487  3 2 1 1 5947 5948 6047 6046
5488  3 2 1 1 5948 5949 6048 6047
5489  3 2 1 1 5949 5950 6049 6048
5490  3 2 1 1 5950 5951 6050 6049
5491  3 2 1 1 5951 5952 6051 6050
5492  3 2 1 1 5952 5953 6052 6051
5493  3 2 1 1 5953 5954 6053 6052
5494  3 2 1 1 5954 5955 6054 6053
5495  3 2 1 1 5955 5956 6055 6054
5496  3 2 1 1 5956 5957 6056 6055
5497  3 2 1 1 5957 5958 6057 6056
5498  3 2 1 1 5958 5959 6058 6057
5499  3 2 1 1 5959 5960 6059 6058
5500  3 2 1 1 5960 5961 6060 6059
5501  3 2 1 1 5961 5962 6061 6060
5502  3 2 1 1 5962 5963 6062 6061
5503  3 2 1 1 5963 5964 6063 6062
5504  3 2 1 1 5964 5965 6064 6063
5505  3 2 1 1 5965 5966 6065 6064
5506  3 2 1 1 5966 5967 6066 6065
5507  3 2 1 1 5967 5968 6067 6066
5508  3 2 1 1 5968 5969 6068 6067
5509  3 2 1 1 5969 5970 6069 6068
5510  3 2 1 1 5970 5971 6070 6069
5511  3 2 1 1 5971 5972 6071 6070
5512  3 2 1 1 5972 5973 6072 6071
5513  3 2 1 1 5973 5974 6073 6072
5514  3 2 1 1 5974 5975 6074 6073
5515  3 2 1 1 5975 5976 6075 6074
5516  3 2 1 1 5976 5977 6076 6075
5517  3 2 1 1 5977 5978 6077 6076
5518  3 2 1 1 5978 5979 6078 6077
5519  3 2 1 1 5979 5980 6079 6078
5520  3 2 1 1 5980 5981 6080 6079
5521  3 2 1 1 5981 5982 6081 6080
5522  3 2 1 1 5982 5983 6082 6081
5523  3 2 1 1 5983 5984 6083 6082
5524  3 2 1 1 5984 5985 6084 6083
5525  3 2 1 1 5985 5986 6085 6084
5526  3 2 1 1 5986 5987 6086 6085
5527  3 2 1 1 5987 5988 6087 6086
5528  3 2 1 1 5988 5989 6088 6087
5529  3 2 1 1 5989 5990 6089 6088
5530  3 2 1 1 5990 5991 6090 6089
5531  3 2 1 1 5991 5992 6091 6090
5532  3 2 1 1 5992 5993 6092 6091
5533  3 2 1 1 5993 5994 6093 6092
5534  3 2 1 1 5994 5995 6094 6093
5535  3 2 1 1 5995 5996 6095 6094
5536  3 2 1 1 5996 5997 6096 6095
5537  3 2 1 1 5997 5998 6097 6096
5538  3 2 1 1 5998 5999 6098 6097
5539  3 2 1 1 5999 6000 6099 6098
5540  3 2 1 1 6000  259  260 6099
5541  3 2 1 1  411 6001  524    8
5542  3 2 1 1 6001 6002  523  524
5543  3 2 1 1 6002 6003  522  523
5544  3 2 1 1 6003 6004  521  522
5545  3 2 1 1 6004 6005  520  521
5546  3 2 1 1 6005 6006  519  520
5547  3 2 1 1 6006 6007  518  519
5548  3 2 1 1 6007 6008  517  518
5549  3 2 1 1 6008 6009  516  517
5550  3 2 1 1 6009 6010  515  516
5551  3 2 1 1 6010 6011  514  515
5552  3 2 1 1 6011 6012  513  514
5553  3 2 1 1 6012 6013  512  513
5554  3 2 1 1 6013 6014  511  512
5555  3 2 1 1 6014 6015  510  511
5556  3 2 1 1 6015 6016  509  510
5557  3 2 1 1 6016 6017  508  509
5558  3 2 1 1 6017 6018  507  508
5559  3 2 1 1 6018 6019  506  507
5560  3 2 1 1 6019 6020  505  506
5561  3 2 1 1 6020 6021  504  505
5562  3 2 1 1 6021 6022  503  504
5563  3 2 1 1 6022 6023  502  503
5564  3 2 1 1 6023 6024  501  502
5565  3 2 1 1 6024 6025  500  501
5566  3 2 1 1 6025 6026  499  500
5567  3 2 1 1 6026 6027  498  499
5568  3 2 1 1 6027 6028  497  498
5569  3 2 1 1 6028 6029  496  497
5570  3 2 1 1 6029 6030  495  496
5571  3 2 1 1 6030 6031  494  495
5572  3 2 1 1 6031 6032  493  494
5573  3 2 1 1 6032 6033  492  493
5574  3 2 1 1 6033 6034  491  492
5575  3 2 1 1 6034 6035  490  491
5576  3 2 1 1 6035 6036  489  490
5577  3 2 1 1 6036 6037  488  489
5578  3 2 1 1 6037 6038  487  488
5579  3 2 1 1 6038 6039  486  487
5580  3 2 1 1 6039 6040  485  486
5581  3 2 1 1 6040 6041  484  485
5582  3 2 1 1 6041 6042  483  484
5583  3 2 1 1 6042 6043  482  483
5584  3 2 1 1 6043 6044  481  482
5585  3 2 1 1 6044 6045  480  481
5586  3 2 1 1 6045 6046  479  480
5587  3 2 1 1 6046 6047  478  479
5588  3 2 1 1 6047 6048  477  478
5589  3 2 1 1 6048 6049  476  477
5590  3 2 1 1 6049 6050  475  476
5591  3 2 1 1 6050 6051  474  475
5592  3 2 1 1 6051 6052  473  474
5593  3 2 1 1 6052 6053  472  473
5594  3 2 1 1 6053 6054  471  472
5595  3 2 1 1 6054 6055  470  471
5596  3 2 1 1 6055 6056  469  470
5597  3 2 1 1 6056 6057  468  469
5598  3 2 1 1 6057 6058  467  468
5599  3 2 1 1 6058 6059  466  467
5600  3 2 1 1 6059 6060  465  466
5601  3 2 1 1 6060 6061  464  465
5602  3 2 1 1 6061 6062  463  464
5603  3 2 1 1 6062 6063  462  463
5604  3 2 1 1 6063 6064  461  462
5605  3 2 1 1 6064 6065  460  461
5606  3 2 1 1 6065 6066  459  460
5607  3 2 1 1 6066 6067  458  459
5608  3 2 1 1 6067 6068  457  458
5609  3 2 1 1 6068 6069  456  457
5610  3 2 1 1 6069 6070  455  456
5611  3 2 1 1 6070 6071  454  455
5612  3 2 1 1 6071 6072  453  454
5613  3 2 1 1 6072 6073  452  453
5614  3 2 1 1 6073 6074  451  452
5615  3 2 1 1 6074 6075  450  451
5616  3 2 1 1 6075 6076  449  450
5617  3 2 1 1 6076 6077  448  449
5618  3 2 1 1 6077 6078  447  448
5619  3 2 1 1 6078 6079  446  447
5620  3 2 1 1 6079 6080  445  446
5621  3 2 1 1 6080 6081  444  445
5622  3 2 1 1 6081 6082  443  444
5623  3 2 1 1 6082 6083  442  443
5624  3 2 1 1 6083 6084  441  442
5625  3 2 1 1 6084 6085  440  441
5626  3 2 1 1 6085 6086  439  440
5627  3 2 1 1 6086 6087  438  439
5628  3 2 1 1 6087 6088  437  438
5629  3 2 1 1 6088 6089  436  437
5630  3 2 1 1 6089 6090  435  436
5631  3 2 1 1 6090 6091  434  435
5632  3 2 1 1 6091 6092  433  434
5633  3 2 1 1 6092 6093  432  433
5634  3 2 1 1 6093 6094  431  432
5635  3 2 1 1 6094 6095  430  431
5636  3 2 1 1 6095 6096  429  430
5637  3 2 1 1 6096 6097  428  429
5638  3 2 1 1 6097 6098  427  428
5639  3 2 1 1 6098 6099  426  427
5640  3 2 1 1 6099  260    7  426
5641  3 2 1 1    3  195 6100  412
5642  3 2 1 1  195  196 6101 6100
5643  3 2 1 1  196  197 6102 6101
5644  3 2 1 1  197  198 6103 6102
5645  3 2 1 1  198  199 6104 6103
5646  3 2 1 1  199  200 6105 6104
5647  3 2 1 1  200  201 6106 6105
5648  3 2 1 1  201  202 6107 6106
5649  3 2 1 1  202  203 6108 6107
5650  3 2 1 1  203  204 6109 6108
5651  3 2 1 1  204  205 6110 6109
5652  3 2 1 1  205  206 6111 6110
5653  3 2 1 1  206  207 6112 6111
5654  3 2 1 1  207  208 6113 6112
5655  3 2 1 1  208  209 6114 6113
5656  3 2 1 1  209  210 6115 6114
5657  3 2 1 1  210  211 6116 6115
5658  3 2 1 1  211  212 6117 6116
5659  3 2 1 1  212  213 6118 6117
5660  3 2 1 1  213  214 6119 6118
5661  3 2 1 1  214  215 6120 6119
5662  3 2 1 1  215    4  216 6120
5663  3 2 1 1  412 6100 6121  413
5664  3 2 1 1 6100 6101 6122 6121
5665  3 2 1 1 6101 6102 6123 6122
5666  3 2 1 1 6102 6103 6124 6123
5667  3 2 1 1 6103 6104 6125 6124
5668  3 2 1 1 6104 6105 6126 6125
5669  3 2 1 1 6105 6106 6127 6126
5670  3 2 1 1 6106 6107 6128 6127
5671  3 2 1 1 6107 6108 6129 6128
5672  3 2 1 1 6108 6109 6130 6129
5673  3 2 1 1 6109 6110 6131 6130
5674  3 2 1 1 6110 6111 6132 6131
5675  3 2 1 1 6111 6112 6133 6132
5676  3 2 1 1 6112 6113 6134 6133
5677  3 2 1 1 6113 6114 6135 6134
5678  3 2 1 1 6114 6115 6136 6135
5679  3 2 1 1 6115 6116 6137 6136
5680  3 2 1 1 6116 6117 6138 6137
5681  3 2 1 1 6117 6118 6139 6138
5682  3 2 1 1 6118 6119 6140 6139
5683  3 2 1 1 6119 6120 6141 6140
5684  3 2 1 1 6120  216  217 6141
5685  3 2 1 1  413 6121 6142  414
5686  3 2 1 1 6121 6122 6143 6142
5687  3 2 1 1 6122 6123 6144 6143
5688  3 2 1 1 6123 6124 6145 6144
5689  3 2 1 1 6124 6125 6146 6145
5690  3 2 1 1 6125 6126 6147 6146
5691  3 2 1 1 6126 6127 6148 6147
5692  3 2 1 1 6127 6128 6149 6148
5693  3 2 1 1 6128 6129 6150 6149
5694  3 2 1 1 6129 6130 6151 6150
5695  3 2 1 1 6130 6131 6152 6151
5696  3 2 1 1 6131 6132 6153 6152
5697  3 2 1 1 6132 6133 6154 6153
5698  3 2 1 1 6133 6134 6155 6154
5699  3 2 1 1 6134 6135 6156 6155
5700  3 2 1 1 6135 6136 6157 6156
5701  3 2 1 1 6136 6137 6158 6157
5702  3 2 1 1 6137 6138 6159 6158
5703  3 2 1 1 6138 6139 6160 6159
5704  3 2 1 1 6139 6140 6161 6160
5705  3 2 1 1 6140 6141 6162 6161
5706  3 2 1 1 6141  217  218 6162
5707  3 2 1 1  414 6142 6163  415
5708  3 2 1 1 6142 6143 6164 6163
5709  3 2 1 1 6143 6144 6165 6164
5710  3 2 1 1 6144 6145 6166 6165
5711  3 2 1 1 6145 6146 6167 6166
5712  3 2 1 1 6146 6147 6168 6167
5713  3 2 1 1 6147 6148 6169 6168
5714  3 2 1 1 6148 6149 6170 6169
5715  3 2 1 1 6149 6150 6171 6170
5716  3 2 1 1 6150 6151 6172 6171
5717  3 2 1 1 6151 6152 6173 6172
5718  3 2 1 1 6152 6153 6174 6173
5719  3 2 1 1 6153 6154 6175 6174
5720  3 2 1 1 6154 6155 6176 6175
5721  3 2 1 1 6155 6156 6177 6176
5722  3 2 1 1 6156 6157 6178 6177
5723  3 2 1 1 6157 6158 6179 6178
5724  3 2 1 1 6158 6159 6180 6179
5725  3 2 1 1 6159 6160 6181 6180
5726  3 2 1 1 6160 6161 6182 6181
5727  3 2 1 1 6161 6162 6183 6182
5728  3 2 1 1 6162  218  219 6183
5729  3 2 1 1  415 6163 6184  416
5730  3 2 1 1 6163 6164 6185 6184
5731  3 2 1 1 6164 6165 6186 6185
5732  3 2 1 1 6165 6166 6187 6186
5733  3 2 1 1 6166 6167 6188 6187
5734  3 2 1 1 6167 6168 6189 6188
5735  3 2 1 1 6168 6169 6190 6189
5736  3 2 1 1 6169 6170 6191 6190
5737  3 2 1 1 6170 6171 6192 6191
5738  3 2 1 1 6171 6172 6193 6192
5739  3 2 1 1 6172 6173 6194 6193
5740  3 2 1 1 6173 6174 6195 6194
5741  3 2 1 1 6174 6175 6196 6195
5742  3 2 1 1 6175 6176 6197 6196
5743  3 2 1 1 6176 6177 6198 6197
5744  3 2 1 1 6177 6178 6199 6198
5745  3 2 1 1 6178 6179 6200 6199
5746  3 2 1 1 6179 6180 6201 6200
5747  3 2 1 1 6180 6181 6202 6201
5748  3 2 1 1 6181 6182 6203 6202
5749  3 2 1 1 6182 6183 6204 6203
5750  3 2 1 1 6183  219  220 6204
5751  3 2 1 1  416 6184 6205  417
5752  3 2 1 1 6184 6185 6206 6205
5753  3 2 1 1 6185 6186 6207 6206
5754  3 2 1 1 6186 6187 6208 6207
5755  3 2 1 1 6187 6188 6209 6208
5756  3 2 1 1 6188 6189 6210 6209
5757  3 2 1 1 6189 6190 6211 6210
5758  3 2 1 1 6190 6191 6212 6211
5759  3 2 1 1 6191 6192 6213 6212
5760  3 2 1 1 6192 6193 6214 6213
5761  3 2 1 1 6193 6194 6215 6214
5762  3 2 1 1 6194 6195 6216 6215
5763  3 2 1 1 6195 6196 6217 6216
5764  3 2 1 1 6196 6197 6218 6217
5765  3 2 1 1 6197 6198 6219 6218
5766  3 2 1 1 6198 6199 6220 6219
5767  3 2 1 1 6199 6200 6221 6220
5768  3 2 1 1 6200 6201 6222 6221
5769  3 2 1 1 6201 6202 6223 6222
5770  3 2 1 1 6202 6203 6224 6223
5771  3 2 1 1 6203 6204 6225 6224
5772  3 2 1 1 6204  220  221 6225
5773  3 2 1 1  417 6205 6226  418
5774  3 2 1 1 6205 6206 6227 6226
5775  3 2 1 1 6206 6207 6228 6227
5776  3 2 1 1 6207 6208 6229 6228
5777  3 2 1 1 6208 6209 6230 6229
5778  3 2 1 1 6209 6210 6231 6230
5779  3 2 1 1 6210 6211 6232 6231
5780  3 2 1 1 6211 6212 6233 6232
5781  3 2 1 1 6212 6213 6234 6233
5782  3 2 1 1 6213 6214 6235 6234
5783  3 2 1 1 6214 6215 6236 6235
5784  3 2 1 1 6215 6216 6237 6236
5785  3 2 1 1 6216 6217 6238 6237
5786  3 2 1 1 6217 6218 6239 6238
5787  3 2 1 1 6218 6219 6240 6239
5788  3 2 1 1 6219 6220 6241 6240
5789  3 2 1 1 6220 6221 6242 6241
5790  3 2 1 1 6221 6222 6243 6242
5791  3 2 1 1 6222 6223 6244 6243
5792  3 2 1 1 6223 6224 6245 6244
5793  3 2 1 1 6224 6225 6246 6245
5794  3 2 1 1 6225  221  222 6246
5795  3 2 1 1  418 6226 6247  419
5796  3 2 1 1 6226 6227 6248 6247
5797  3 2 1 1 6227 6228 6249 6248
5798  3 2 1 1 6228 6229 6250 6249
5799  3 2 1 1 6229 6230 6251 6250
5800  3 2 1 1 6230 6231 6252 6251
5801  3 2 1 1 6231 6232 6253 6252
5802  3 2 1 1 6232 6233 6254 6253
5803  3 2 1 1 6233 6234 6255 6254
5804  3 2 1 1 6234 6235 6256 6255
5805  3 2 1 1 6235 6236 6257 6256
5806  3 2 1 1 6236 6237 6258 6257
5807  3 2 1 1 6237 6238 6259 6258
5808  3 2 1 1 6238 6239 6260 6259
5809  3 2 1 1 6239 6240 6261 6260
5810  3 2 1 1 6240 6241 6262 6261
5811  3 2 1 1 6241 6242 6263 6262
5812  3 2 1 1 6242 6243 6264 6263
5813  3 2 1 1 6243 6244 6265 6264
5814  3 2 1 1 6244 6245 6266 6265
5815  3 2 1 1 6245 6246 6267 6266
5816  3 2 1 1 6246  222  223 6267
5817  3 2 1 1  419 6247 6268  420
5818  3 2 1 1 6247 6248 6269 6268
5819  3 2 1 1 6248 6249 6270 6269
5820  3 2 1 1 6249 6250 6271 6270
5821  3 2 1 1 6250 6251 6272 6271
5822  3 2 1 1 6251 6252 6273 6272
5823  3 2 1 1 6252 6253 6274 6273
5824  3 2 1 1 6253 6254 6275 6274
5825  3 2 1 1 6254 6255 6276 6275
5826  3 2 1 1 6255 6256 6277 6276
5827  3 2 1 1 6256 6257 6278 6277
5828  3 2 1 1 6257 6258 6279 6278
5829  3 2 1 1 6258 6259 6280 6279
5830  3 2 1 1 6259 6260 6281 6280
5831  3 2 1 1 6260 6261 6282 6281
5832  3 2 1 1 6261 6262 6283 6282
5833  3 2 1 1 6262 6263 6284 6283
5834  3 2 1 1 6263 6264 6285 6284
5835  3 2 1 1 6264 6265 6286 6285
5836  3 2 1 1 6265 6266 6287 6286
5837  3 2 1 1 6266 6267 6288 6287
5838  3 2 1 1 6267  223  224 6288
5839  3 2 1 1  420 6268 6289  421
5840  3 2 1 1 6268 6269 6290 6289
5841  3 2 1 1 6269 6270 6291 6290
5842  3 2 1 1 6270 6271 6292 6291
5843  3 2 1 1 6271 6272 6293 6292
5844  3 2 1 1 6272 6273 6294 6293
5845  3 2 1 1 6273 6274 6295 6294
5846  3 2 1 1 6274 6275 6296 6295
5847  3 2 1 1 6275 6276 6297 6296
5848  3 2 1 1 6276 6277 6298 6297
5849  3 2 1 1 6277 6278 6299 6298
5850  3 2 1 1 6278 6279 6300 6299
5851  3 2 1 1 6279 6280 6301 6300
5852  3 2 1 1 6280 6281 6302 6301
5853  3 2 1 1 6281 6282 6303 6302
5854  3 2 1 1 6282 6283 6304 6303
5855  3 2 1 1 6283 6284 6305 6304
5856  3 2 1 1 6284 6285 6306 6305
5857  3 2 1 1 6285 6286 6307 6306
5858  3 2 1 1 6286 6287 6308 6307
5859  3 2 1 1 6287 6288 6309 6308
5860  3 2 1 1 6288  224  225 6309
5861  3 2 1 1  421 6289 6310  422
5862  3 2 1 1 6289 6290 6311 6310
5863  3 2 1 1 6290 6291 6312 6311
5864  3 2 1 1 6291 6292 6313 6312
5865  3 2 1 1 6292 6293 6314 6313
5866  3 2 1 1 6293 6294 6315 6314
5867  3 2 1 1 6294 6295 6316 6315
5868  3 2 1 1 6295 6296 6317 6316
5869  3 2 1 1 6296 6297 6318 6317
5870  3 2 1 1 6297 6298 6319 6318
5871  3 2 1 1 6298 6299 6320 6319
5872  3 2 1 1 6299 6300 6321 6320
5873  3 2 1 1 6300 6301 6322 6321
5874  3 2 1 1 6301 6302 6323 6322
5875  3 2 1 1 6302 6303 6324 6323
5876  3 2 1 1 6303 6304 6325 6324
5877  3 2 1 1 6304 6305 6326 6325
5878  3 2 1 1 6305 6306 6327 6326
5879  3 2 1 1 6306 6307 6328 6327
5880  3 2 1 1 6307 6308 6329 6328
5881  3 2 1 1 6308 6309 6330 6329
5882  3 2 1 1 6309  225  226 6330
5883  3 2 1 1  422 6310 6331  423
5884  3 2 1 1 6310 6311 6332 6331
5885  3 2 1 1 6311 6312 6333 6332
5886  3 2 1 1 6312 6313 6334 6333
5887  3 2 1 1 6313 6314 6335 6334
5888  3 2 1 1 6314 6315 6336 6335
5889  3 2 1 1 6315 6316 6337 6336
5890  3 2 1 1 6316 6317 6338 6337
5891  3 2 1 1 6317 6318 6339 6338
5892  3 2 1 1 6318 6319 6340 6339
5893  3 2 1 1 6319 6320 6341 6340
5894  3 2 1 1 6320 6321 6342 6341
5895  3 2 1 1 6321 6322 6343 6342
5896  3 2 1 1 6322 6323 6344 6343
5897  3 2 1 1 6323 6324 6345 6344
5898  3 2 1 1 6324 6325 6346 6345
5899  3 2 1 1 6325 6326 6347 6346
5900  3 2 1 1 6326 6327 6348 6347
5901  3 2 1 1 6327 6328 6349 6348
5902  3 2 1 1 6328 6329 6350 6349
5903  3 2 1 1 6329 6330 6351 6350
5904  3 2 1 1 6330  226  227 6351
5905  3 2 1 1  423 6331 6352  424
5906  3 2 1 1 6331 6332 6353 6352
5907  3 2 1 1 6332 6333 6354 6353
5908  3 2 1 1 6333 6334 6355 6354
5909  3 2 1 1 6334 6335 6356 6355
5910  3 2 1 1 6335 6336 6357 6356
5911  3 2 1 1 6336 6337 6358 6357
5912  3 2 1 1 6337 6338 6359 6358
5913  3 2 1 1 6338 6339 6360 6359
5914  3 2 1 1 6339 6340 6361 6360
5915  3 2 1 1 6340 6341 6362 6361
5916  3 2 1 1 6341 6342 6363 6362
5917  3 2 1 1 6342 6343 6364 6363
5918  3 2 1 1 6343 6344 6365 6364
5919  3 2 1 1 6344 6345 6366 6365
5920  3 2 1 1 6345 6346 6367 6366
5921  3 2 1 1 6346 6347 6368 6367
5922  3 2 1 1 6347 6348 6369 6368
5923  3 2 1 1 6348 6349 6370 6369
5924  3 2 1 1 6349 6350 6371 6370
5925  3 2 1 1 6350 6351 6372 6371
5926  3 2 1 1 6351  227  228 6372
5927  3 2 1 1  424 6352 6373  425
5928  3 2 1 1 6352 6353 6374 6373
5929  3 2 1 1 6353 6354 6375 6374
5930  3 2 1 1 6354 6355 6376 6375
5931  3 2 1 1 6355 6356 6377 6376
5932  3 2 1 1 6356 6357 6378 6377
5933  3 2 1 1 6357 6358 6379 6378
5934  3 2 1 1 6358 6359 6380 6379
5935  3 2 1 1 6359 6360 6381 6380
5936  3 2 1 1 6360 6361 6382 6381
5937  3 2 1 1 6361 6362 6383 6382
5938  3 2 1 1 6362 6363 6384 6383
5939  3 2 1 1 6363 6364 6385 6384
5940  3 2 1 1 6364 6365 6386 6385
5941  3 2 1 1 6365 6366 6387 6386
5942  3 2 1 1 6366 6367 6388 6387
5943  3 2 1 1 6367 6368 6389 6388
5944  3 2 1 1 6368 6369 6390 6389
5945  3 2 1 1 6369 6370 6391 6390
5946  3 2 1 1 6370 6371 6392 6391
5947  3 2 1 1 6371 6372 6393 6392
5948  3 2 1 1 6372  228  229 6393
5949  3 2 1 1  425 6373  250    6
5950  3 2 1 1 6373 6374  249  250
5951  3 2 1 1 6374 6375  248  249
5952  3 2 1 1 6375 6376  247  248
5953  3 2 1 1 6376 6377  246  247
5954  3 2 1 1 6377 6378  245  246
5955  3 2 1 1 6378 6379  244  245
5956  3 2 1 1 6379 6380  243  244
5957  3 2 1 1 6380 6381  242  243
5958  3 2 1 1 6381 6382  241  242
5959  3 2 1 1 6382 6383  240  241
5960  3 2 1 1 6383 6384  239  240
5961  3 2 1 1 6384 6385  238  239
5962  3 2 1 1 6385 6386  237  238
5963  3 2 1 1 6386 6387  236  237
5964  3 2 1 1 6387 6388  235  236
5965  3 2 1 1 6388 6389  234  235
5966  3 2 1 1 6389 6390  233  234
5967  3 2 1 1 6390 6391  232  233
5968  3 2 1 1 6391 6392  231  232
5969  3 2 1 1 6392 6393  230  231
5970  3 2 1 1 6393  229    5  230
5971  3 2 1 1    4  665 6394  216
5972  3 2 1 1  665  664 6395 6394
5973  3 2 1 1  664  663 6396 6395
5974  3 2 1 1  663  662 6397 6396
5975  3 2 1 1  662  661 6398 6397
5976  3 2 1 1  661  660 6399 6398
5977  3 2 1 1  660  659 6400 6399
5978  3 2 1 1  659  658 6401 6400
5979  3 2 1 1  658  657 6402 6401
5980  3 2 1 1  657  656 6403 6402
5981  3 2 1 1  656  655 6404 6403
5982  3 2 1 1  655  654 6405 6404
5983  3 2 1 1  654  653 6406 6405
5984  3 2 1 1  653  652 6407 6406
5985  3 2 1 1  652  651 6408 6407
5986  3 2 1 1  651  650 6409 6408
5987  3 2 1 1  650  649 6410 6409
5988  3 2 1 1  649  648 6411 6410
5989  3 2 1 1  648  647 6412 6411
5990  3 2 1 1  647  646 6413 6412
5991  3 2 1 1  646  645 6414 6413
5992  3 2 1 1  645  644 6415 6414
5993  3 2 1 1  644  643 6416 6415
5994  3 2 1 1  643  642 6417 6416
5995  3 2 1 1  642  641 6418 6417
5996  3 2 1 1  641  640 6419 6418
5997  3 2 1 1  640  639 6420 6419
5998  3 2 1 1  639  638 6421 6420
5999  3 2 1 1  638  637 6422 6421
6000  3 2 1 1  637  636 6423 6422
6001  3 2 1 1  636  635 6424 6423
6002  3 2 1 1  635  634 6425 6424
6003  3 2 1 1  634  633 6426 6425
6004  3 2 1 1  633  632 6427 6426
6005  3 2 1 1  632  631 6428 6427
6006  3 2 1 1  631  630 6429 6428
6007  3 2 1 1  630  629 6430 6429
6008  3 2 1 1  629   16  666 6430
6009  3 2 1 1  216 6394 6431  217
6010  3 2 1 1 6394 6395 6432 6431
6011  3 2 1 1 6395 6396 6433 6432
6012  3 2 1 1 6396 6397 6434 6433
6013  3 2 1 1 6397 6398 6435 6434
6014  3 2 1 1 6398 6399 6436 6435
6015  3 2 1 1 6399 6400 6437 6436
6016  3 2 1 1 6400 6401 6438 6437
6017  3 2 1 1 6401 6402 6439 6438
6018  3 2 1 1 6402 6403 6440 6439
6019  3 2 1 1 6403 6404 6441 6440
6020  3 2 1 1 6404 6405 6442 6441
6021  3 2 1 1 6405 6406 6443 6442
6022  3 2 1 1 6406 6407 6444 6443
6023  3 2 1 1 6407 6408 6445 6444
6024  3 2 1 1 6408 6409 6446 6445
6025  3 2 1 1 6409 6410 6447 6446
6026  3 2 1 1 6410 6411 6448 6447
6027  3 2 1 1 6411 6412 6449 6448
6028  3 2 1 1 6412 6413 6450 6449
6029  3 2 1 1 6413 6414 6451 6450
6030  3 2 1 1 6414 6415 6452 6451
6031  3 2 1 1 6415 6416 6453 6452
6032  3 2 1 1 6416 6417 6454 6453
6033  3 2 1 1 6417 6418 6455 6454
6034  3 2 1 1 6418 6419 6456 6455
6035  3 2 1 1 6419 6420 6457 6456
6036  3 2 1 1 6420 6421 6458 6457
6037  3 2 1 1 6421 6422 6459 6458
6038  3 2 1 1 6422 6423 6460 6459
6039  3 2 1 1 6423 6424 6461 6460
6040  3 2 1 1 6424 6425 6462 6461
6041  3 2 1 1 6425 6426 6463 6462
6042  3 2 1 1 6426 6427 6464 6463
6043  3 2 1 1 6427 6428 6465 6464
6044  3 2 1 1 6428 6429 6466 6465
6045  3 2 1 1 6429 6430 6467 6466
6046  3 2 1 1 6430  666  667 6467
6047  3 2 1 1  217 6431 6468  218
6048  3 2 1 1 6431 6432 6469 6468
6049  3 2 1 1 6432 6433 6470 6469
6050  3 2 1 1 6433 6434 6471 6470
6051  3 2 1 1 6434 6435 6472 6471
6052  3 2 1 1 6435 6436 6473 6472
6053  3 2 1 1 6436 6437 6474 6473
6054  3 2 1 1 6437 6438 6475 6474
6055  3 2 1 1 6438 6439 6476 6475
6056  3 2 1 1 6439 6440 6477 6476
6057  3 2 1 1 6440 6441 6478 6477
6058  3 2 1 1 6441 6442 6479 6478
6059  3 2 1 1 6442 6443 6480 6479
6060  3 2 1 1 6443 6444 6481 6480
6061  3 2 1 1 6444 6445 6482 6481
6062  3 2 1 1 6445 6446 6483 6482
6063  3 2 1 1 6446 6447 6484 6483
6064  3 2 1 1 6447 6448 6485 6484
6065  3 2 1 1 6448 6449 6486 6485
6066  3 2 1 1 6449 6450 6487 6486
6067  3 2 1 1 6450 6451 6488 6487
6068  3 2 1 1 6451 6452 6489 6488
6069  3 2 1 1 6452 6453 6490 6489
6070  3 2 1 1 6453 6454 6491 6490
6071  3 2 1 1 6454 6455 6492 6491
6072  3 2 1 1 6455 6456 6493 6492
6073  3 2 1 1 6456 6457 6494 6493
6074  3 2 1 1 6457 6458 6495 6494
6075  3 2 1 1 6458 6459 6496 6495
6076  3 2 1 1 6459 6460 6497 6496
6077  3 2 1 1 6460 6461 6498 6497
6078  3 2 1 1 6461 6462 6499 6498
6079  3 2 1 1 6462 6463 6500 6499
6080  3 2 1 1 6463 6464 6501 6500
6081  3 2 1 1 6464 6465 6502 6501
6082  3 2 1 1 6465 6466 6503 6502
6083  3 2 1 1 6466 6467 6504 6503
6084  3 2 1 1 6467  667  668 6504
6085  3 2 1 1  218 6468 6505  219
6086  3 2 1 1 6468 6469 6506 6505
6087  3 2 1 1 6469 6470 6507 6506
6088  3 2 1 1 6470 6471 6508 6507
6089  3 2 1 1 6471 6472 6509 6508
6090  3 2 1 1 6472 6473 6510 6509
6091  3 2 1 1 6473 6474 6511 6510
6092  3 2 1 1 6474 6475 6512 6511
6093  3 2 1 1 6475 6476 6513 6512
6094  3 2 1 1 6476 6477 6514 6513
6095  3 2 1 1 6477 6478 6515 6514
6096  3 2 1 1 6478 6479 6516 6515
6097  3 2 1 1 6479 6480 6517 6516
6098  3 2 1 1 6480 6481 6518 6517
6099  3 2 1 1 6481 6482 6519 6518
6100  3 2 1 1 6482 6483 6520 6519
6101  3 2 1 1 6483 6484 6521 6520
6102  3 2 1 1 6484 6485 6522 6521
6103  3 2 1 1 6485 6486 6523 6522
6104  3 2 1 1 6486 6487 6524 6523
6105  3 2 1 1 6487 6488 6525 6524
6106  3 2 1 1 6488 6489 6526 6525
6107  3 2 1 1 6489 6490 6527 6526
6108  3 2 1 1 6490 6491 6528 6527
6109  3 2 1 1 6491 6492 6529 6528
6110  3 2 1 1 6492 6493 6530 6529
6111  3 2 1 1 6493 6494 6531 6530
6112  3 2 1 1 6494 6495 6532 6531
6113  3 2 1 1 6495 6496 6533 6532
6114  3 2 1 1 6496 6497 6534 6533
6115  3 2 1 1 6497 6498 6535 6534
6116  3 2 1 1 6498 6499 6536 6535
6117  3 2 1 1 6499 6500 6537 6536
6118  3 2 1 1 6500 6501 6538 6537
6119  3 2 1 1 6501 6502 6539 6538
6120  3 2 1 1 6502 6503 6540 6539
6121  3 2 1 1 6503 6504 6541 6540
6122  3 2 1 1 6504  668  669 6541
6123  3 2 1 1  219 6505 6542  220
6124  3 2 1 1 6505 6506 6543 6542
6125  3 2 1 1 6506 6507 6544 6543
6126  3 2 1 1 6507 6508 6545 6544
6127  3 2 1 1 6508 6509 6546 6545
6128  3 2 1 1 6509 6510 6547 6546
6129  3 2 1 1 6510 6511 6548 6547
6130  3 2 1 1 6511 6512 6549 6548
6131  3 2 1 1 6512 6513 6550 6549
6132  3 2 1 1 6513 6514 6551 6550
6133  3 2 1 1 6514 6515 6552 6551
6134  3 2 1 1 6515 6516 6553 6552
6135  3 2 1 1 6516 6517 6554 6553
6136  3 2 1 1 6517 6518 6555 6554
6137  3 2 1 1 6518 6519 6556 6555
6138  3 2 1 1 6519 6520 6557 6556
6139  3 2 1 1 6520 6521 6558 6557
6140  3 2 1 1 6521 6522 6559 6558
6141  3 2 1 1 6522 6523 6560 6559
6142  3 2 1 1 6523 6524 6561 6560
6143  3 2 1 1 6524 6525 6562 6561
6144  3 2 1 1 6525 6526 6563 6562
6145  3 2 1 1 6526 6527 6564 6563
6146  3 2 1 1 6527 6528 6565 6564
6147  3 2 1 1 6528 6529 6566 6565
6148  3 2 1 1 6529 6530 6567 6566
6149  3 2 1 1 6530 6531 6568 6567
6150  3 2 1 1 6531 6532 6569 6568
6151  3 2 1 1 6532 6533 6570 6569
6152  3 2 1 1 6533 6534 6571 6570
6153  3 2 1 1 6534 6535 6572 6571
6154  3 2 1 1 6535 6536 6573 6572
6155  3 2 1 1 6536 6537 6574 6573
6156  3 2 1 1 6537 6538 6575 6574
6157  3 2 1 1 6538 6539 6576 6575
6158  3 2 1 1 6539 6540 6577 6576
6159  3 2 1 1 6540 6541 6578 6577
6160  3 2 1 1 6541  669  670 6578
6161  3 2 1 1  220 6542 6579  221
6162  3 2 1 1 6542 6543 6580 6579
6163  3 2 1 1 6543 6544 6581 6580
6164  3 2 1 1 6544 6545 6582 6581
6165  3 2 1 1 6545 6546 6583 6582
6166  3 2 1 1 6546 6547 6584 6583
6167  3 2 1 1 6547 6548 6585 6584
6168  3 2 1 1 6548 6549 6586 6585
6169  3 2 1 1 6549 6550 6587 6586
6170  3 2 1 1 6550 6551 6588 6587
6171  3 2 1 1 6551 6552 6589 6588
6172  3 2 1 1 6552 6553 6590 6589
6173  3 2 1 1 6553 6554 6591 6590
6174  3 2 1 1 6554 6555 6592 6591
6175  3 2 1 1 6555 6556 6593 6592
6176  3 2 1 1 6556 6557 6594 6593
6177  3 2 1 1 6557 6558 6595 6594
6178  3 2 1 1 6558 6559 6596 6595
6179  3 2 1 1 6559 6560 6597 6596
6180  3 2 1 1 6560 6561 6598 6597
6181  3 2 1 1 6561 6562 6599 6598
6182  3 2 1 1 6562 6563 6600 6599
6183  3 2 1 1 6563 6564 6601 6600
6184  3 2 1 1 6564 6565 6602 6601
6185  3 2 1 1 6565 6566 6603 6602
6186  3 2 1 1 6566 6567 6604 6603
6187  3 2 1 1 6567 6568 6605 6604
6188  3 2 1 1 6568 6569 6606 6605
6189  3 2 1 1 6569 6570 6607 6606
6190  3 2 1 1 6570 6571 6608 6607
6191  3 2 1 1 6571 6572 6609 6608
6192  3 2 1 1 6572 6573 6610 6609
6193  3 2 1 1 6573 6574 6611 6610
6194  3 2 1 1 6574 6575 6612 6611
6195  3 2 1 1 6575 6576 6613 6612
6196  3 2 1 1 6576 6577 6614 6613
6197  3 2 1 1 6577 6578 6615 6614
6198  3 2 1 1 6578  670  671 6615
6199  3 2 1 1  221 6579 6616  222
6200  3 2 1 1 6579 6580 6617 6616
6201  3 2 1 1 6580 6581 6618 6617
6202  3 2 1 1 6581 6582 6619 6618
6203  3 2 1 1 6582 6583 6620 6619
6204  3 2 1 1 6583 6584 6621 6620
6205  3 2 1 1 6584 6585 6622 6621
6206  3 2 1 1 6585 6586 6623 6622
6207  3 2 1 1 6586 6587 6624 6623
6208  3 2 1 1 6587 6588 6625 6624
6209  3 2 1 1 6588 6589 6626 6625
6210  3 2 1 1 6589 6590 6627 6626
6211  3 2 1 1 6590 6591 6628 6627
6212  3 2 1 1 6591 6592 6629 6628
6213  3 2 1 1 6592 6593 6630 6629
6214  3 2 1 1 6593 6594 6631 6630
6215  3 2 1 1 6594 6595 6632 6631
6216  3 2 1 1 6595 6596 6633 6632
6217  3 2 1 1 6596 6597 6634 6633
6218  3 2 1 1 6597 6598 6635 6634
6219  3 2 1 1 6598 6599 6636 6635
6220  3 2 1 1 6599 6600 6637 6636
6221  3 2 1 1 6600 6601 6638 6637
6222  3 2 1 1 6601 6602 6639 6638
6223  3 2 1 1 6602 6603 6640 6639
6224  3 2 1 1 6603 6604 6641 6640
6225  3 2 1 1 6604 6605 6642 6641
6226  3 2 1 1 6605 6606 6643 6642
6227  3 2 1 1 6606 6607 6644 6643
6228  3 2 1 1 6607 6608 6645 6644
6229  3 2 1 1 6608 6609 6646 6645
6230  3 2 1 1 6609 6610 6647 6646
6231  3 2 1 1 6610 6611 6648 6647
6232  3 2 1 1 6611 6612 6649 6648
6233  3 2 1 1 6612 6613 6650 6649
6234  3 2 1 1 6613 6614 6651 6650
6235  3 2 1 1 6614 6615 6652 6651
6236  3 2 1 1 6615  671  672 6652
6237  3 2 1 1  222 6616 6653  223
6238  3 2 1 1 6616 6617 6654 6653
6239  3 2 1 1 6617 6618 6655 6654
6240  3 2 1 1 6618 6619 6656 6655
6241  3 2 1 1 6619 6620 6657 6656
6242  3 2 1 1 6620 6621 6658 6657
6243  3 2 1 1 6621 6622 6659 6658
6244  3 2 1 1 6622 6623 6660 6659
6245  3 2 1 1 6623 6624 6661 6660
6246  3 2 1 1 6624 6625 6662 6661
6247  3 2 1 1 6625 6626 6663 6662
6248  3 2 1 1 6626 6627 6664 6663
6249  3 2 1 1 6627 6628 6665 6664
6250  3 2 1 1 6628 6629 6666 6665
6251  3 2 1 1 6629 6630 6667 6666
6252  3 2 1 1 6630 6631 6668 6667
6253  3 2 1 1 6631 6632 6669 6668
6254  3 2 1 1 6632 6633 6670 6669
6255  3 2 1 1 6633 6634 6671 6670
6256  3 2 1 1 6634 6635 6672 6671
6257  3 2 1 1 6635 6636 6673 6672
6258  3 2 1 1 6636 6637 6674 6673
6259  3 2 1 1 6637 6638 6675 6674
6260  3 2 1 1 6638 6639 6676 6675
6261  3 2 1 1 6639 6640 6677 6676
6262  3 2 1 1 6640 6641 6678 6677
6263  3 2 1 1 6641 6642 6679 6678
6264  3 2 1 1 6642 6643 6680 6679
6265  3 2 1 1 6643 6644 6681 6680
6266  3 2 1 1 6644 6645 6682 6681
6267  3 2 1 1 6645 6646 6683 6682
6268  3 2 1 1 6646 6647 6684 6683
6269  3 2 1 1 6647 6648 6685 6684
6270  3 2 1 1 6648 6649 6686 6685
6271  3 2 1 1 6649 6650 6687 6686
6272  3 2 1 1 6650 6651 6688 6687
6273  3 2 1 1 6651 6652 6689 6688
6274  3 2 1 1 6652  672  673 6689
6275  3 2 1 1  223 6653 6690  224
6276  3 2 1 1 6653 6654 6691 6690
6277  3 2 1 1 6654 6655 6692 6691
6278  3 2 1 1 6655 6656 6693 6692
6279  3 2 1 1 6656 6657 6694 6693
6280  3 2 1 1 6657 6658 6695 6694
6281  3 2 1 1 6658 6659 6696 6695
6282  3 2 1 1 6659 6660 6697 6696
6283  3 2 1 1 6660 6661 6698 6697
6284  3 2 1 1 6661 6662 6699 6698
6285  3 2 1 1 6662 6663 6700 6699
6286  3 2 1 1 6663 6664 6701 6700
6287  3 2 1 1 6664 6665 6702 6701
6288  3 2 1 1 6665 6666 6703 6702
6289  3 2 1 1 6666 6667 6704 6703
6290  3 2 1 1 6667 6668 6705 6704
6291  3 2 1 1 6668 6669 6706 6705
6292  3 2 1 1 6669 6670 6707 6706
6293  3 2 1 1 6670 6671 6708 6707
6294  3 2 1 1 6671 6672 6709 6708
6295  3 2 1 1 6672 6673 6710 6709
6296  3 2 1 1 6673 6674 6711 6710
6297  3 2 1 1 6674 6675 6712 6711
6298  3 2 1 1 6675 6676 6713 6712
6299  3 2 1 1 6676 6677 6714 6713
6300  3 2 1 1 6677 6678 6715 6714
6301  3 2 1 1 6678 6679 6716 6715
6302  3 2 1 1 6679 6680 6717 6716
6303  3 2 1 1 6680 6681 6718 6717
6304  3 2 1 1 6681 6682 6719 6718
6305  3 2 1 1 6682 6683 6720 6719
6306  3 2 1 1 6683 6684 6721 6720
6307  3 2 1 1 6684 6685 6722 6721
6308  3 2 1 1 6685 6686 6723 6722
6309  3 2 1 1 6686 6687 6724 6723
6310  3 2 1 1 6687 6688 6725 6724
6311  3 2 1 1 6688 6689 6726 6725
6312  3 2 1 1 6689  673  674 6726
6313  3 2 1 1  224 6690 6727  225
6314  3 2 1 1 6690 6691 6728 6727
6315  3 2 1 1 6691 6692 6729 6728
6316  3 2 1 1 6692 6693 6730 6729
6317  3 2 1 1 6693 6694 6731 6730
6318  3 2 1 1 6694 6695 6732 6731
6319  3 2 1 1 6695 6696 6733 6732
6320  3 2 1 1 6696 6697 6734 6733
6321  3 2 1 1 6697 6698 6735 6734
6322  3 2 1 1 6698 6699 6736 6735
6323  3 2 1 1 6699 6700 6737 6736
6324  3 2 1 1 6700 6701 6738 6737
6325  3 2 1 1 6701 6702 6739 6738
6326  3 2 1 1 6702 6703 6740 6739
6327  3 2 1 1 6703 6704 6741 6740
6328  3 2 1 1 6704 6705 6742 6741
6329  3 2 1 1 6705 6706 6743 6742
6330  3 2 1 1 6706 6707 6744 6743
6331  3 2 1 1 6707 6708 6745 6744
6332  3 2 1 1 6708 6709 6746 6745
6333  3 2 1 1 6709 6710 6747 6746
6334  3 2 1 1 6710 6711 6748 6747
6335  3 2 1 1 6711 6712 6749 6748
6336  3 2 1 1 6712 6713 6750 6749
6337  3 2 1 1 6713 6714 6751 6750
6338  3 2 1 1 6714 6715 6752 6751
6339  3 2 1 1 6715 6716 6753 6752
6340  3 2 1 1 6716 6717 6754 6753
6341  3 2 1 1 6717 6718 6755 6754
6342  3 2 1 1 6718 6719 6756 6755
6343  3 2 1 1 6719 6720 6757 6756
6344  3 2 1 1 6720 6721 6758 6757
6345  3 2 1 1 6721 6722 6759 6758
6346  3 2 1 1 6722 6723 6760 6759
6347  3 2 1 1 6723 6724 6761 6760
6348  3 2 1 1 6724 6725 6762 6761
6349  3 2 1 1 6725 6726 6763 6762
6350  3 2 1 1 6726  674  675 6763
6351  3 2 1 1  225 6727 6764  226
6352  3 2 1 1 6727 6728 6765 6764
6353  3 2 1 1 6728 6729 6766 6765
6354  3 2 1 1 6729 6730 6767 6766
6355  3 2 1 1 6730 6731 6768 6767
6356  3 2 1 1 6731 6732 6769 6768
6357  3 2 1 1 6732 6733 6770 6769
6358  3 2 1 1 6733 6734 6771 6770
6359  3 2 1 1 6734 6735 6772 6771
6360  3 2 1 1 6735 6736 6773 6772
6361  3 2 1 1 6736 6737 6774 6773
6362  3 2 1 1 6737 6738 6775 6774
6363  3 2 1 1 6738 6739 6776 6775
6364  3 2 1 1 6739 6740 6777 6776
6365  3 2 1 1 6740 6741 6778 6777
6366  3 2 1 1 6741 6742 6779 6778
6367  3 2 1 1 6742 6743 6780 6779
6368  3 2 1 1 6743 6744 6781 6780
6369  3 2 1 1 6744 6745 6782 6781
6370  3 2 1 1 6745 6746 6783 6782
6371  3 2 1 1 6746 6747 6784 6783
6372  3 2 1 1 6747 6748 6785 6784
6373  3 2 1 1 6748 6749 6786 6785
6374  3 2 1 1 6749 6750 6787 6786
6375  3 2 1 1 6750 6751 6788 6787
6376  3 2 1 1 6751 6752 6789 6788
6377  3 2 1 1 6752 6753 6790 6789
6378  3 2 1 1 6753 6754 6791 6790
6379  3 2 1 1 6754 6755 6792 6791
6380  3 2 1 1 6755 6756 6793 6792
6381  3 2 1 1 6756 6757 6794 6793
6382  3 2 1 1 6757 6758 6795 6794
6383  3 2 1 1 6758 6759 6796 6795
6384  3 2 1 1 6759 6760 6797 6796
6385  3 2 1 1 6760 6761 6798 6797
6386  3 2 1 1 6761 6762 6799 6798
6387  3 2 1 1 6762 6763 6800 6799
6388  3 2 1 1 6763  675  676 6800
6389  3 2 1 1  226 6764 6801  227
6390  3 2 1 1 6764 6765 6802 6801
6391  3 2 1 1 6765 6766 6803 6802
6392  3 2 1 1 6766 6767 6804 6803
6393  3 2 1 1 6767 6768 6805 6804
6394  3 2 1 1 6768 6769 6806 6805
6395  3 2 1 1 6769 6770 6807 6806
6396  3 2 1 1 6770 6771 6808 6807
6397  3 2 1 1 6771 6772 6809 6808
6398  3 2 1 1 6772 6773 6810 6809
6399  3 2 1 1 6773 6774 6811 6810
6400  3 2 1 1 6774 6775 6812 6811
6401  3 2 1 1 6775 6776 6813 6812
6402  3 2 1 1 6776 6777 6814 6813
6403  3 2 1 1 6777 6778 6815 6814
6404  3 2 1 1 6778 6779 6816 6815
6405  3 2 1 1 6779 6780 6817 6816
6406  3 2 1 1 6780 6781 6818 6817
6407  3 2 1 1 6781 6782 6819 6818
6408  3 2 1 1 6782 6783 6820 6819
6409  3 2 1 1 6783 6784 6821 6820
6410  3 2 1 1 6784 6785 6822 6821
6411  3 2 1 1 6785 6786 6823 6822
6412  3 2 1 1 6786 6787 6824 6823
6413  3 2 1 1 6787 6788 6825 6824
6414  3 2 1 1 6788 6789 6826 6825
6415  3 2 1 1 6789 6790 6827 6826
6416  3 2 1 1 6790 6791 6828 6827
6417  3 2 1 1 6791 6792 6829 6828
6418  3 2 1 1 6792 6793 6830 6829
6419  3 2 1 1 6793 6794 6831 6830
6420  3 2 1 1 6794 6795 6832 6831
6421  3 2 1 1 6795 6796 6833 6832
6422  3 2 1 1 6796 6797 6834 6833
6423  3 2 1 1 6797 6798 6835 6834
6424  3 2 1 1 6798 6799 6836 6835
6425  3 2 1 1 6799 6800 6837 6836
6426  3 2 1 1 6800  676  677 6837
6427  3 2 1 1  227 6801 6838  228
6428  3 2 1 1 6801 6802 6839 6838
6429  3 2 1 1 6802 6803 6840 6839
6430  3 2 1 1 6803 6804 6841 6840
6431  3 2 1 1 6804 6805 6842 6841
6432  3 2 1 1 6805 6806 6843 6842
6433  3 2 1 1 6806 6807 6844 6843
6434  3 2 1 1 6807 6808 6845 6844
6435  3 2 1 1 6808 6809 6846 6845
6436  3 2 1 1 6809 6810 6847 6846
6437  3 2 1 1 6810 6811 6848 6847
6438  3 2 1 1 6811 6812 6849 6848
6439  3 2 1 1 6812 6813 6850 6849
6440  3 2 1 1 6813 6814 6851 6850
6441  3 2 1 1 6814 6815 6852 6851
6442  3 2 1 1 6815 6816 6853 6852
6443  3 2 1 1 6816 6817 6854 6853
6444  3 2 1 1 6817 6818 6855 6854
6445  3 2 1 1 6818 6819 6856 6855
6446  3 2 1 1 6819 6820 6857 6856
6447  3 2 1 1 6820 6821 6858 6857
6448  3 2 1 1 6821 6822 6859 6858
6449  3 2 1 1 6822 6823 6860 6859
6450  3 2 1 1 6823 6824 6861 6860
6451  3 2 1 1 6824 6825 6862 6861
6452  3 2 1 1 6825 6826 6863 6862
6453  3 2 1 1 6826 6827 6864 6863
6454  3 2 1 1 6827 6828 6865 6864
6455  3 2 1 1 6828 6829 6866 6865
6456  3 2 1 1 6829 6830 6867 6866
6457  3 2 1 1 6830 6831 6868 6867
6458  3 2 1 1 6831 6832 6869 6868
6459  3 2 1 1 6832 6833 6870 6869
6460  3 2 1 1 6833 6834 6871 6870
6461  3 2 1 1 6834 6835 6872 6871
6462  3 2 1 1 6835 6836 6873 6872
6463  3 2 1 1 6836 6837 6874 6873
6464  3 2 1 1 6837  677  678 6874
6465  3 2 1 1  228 6838 6875  229
6466  3 2 1 1 6838 6839 6876 6875
6467  3 2 1 1 6839 6840 6877 6876
6468  3 2 1 1 6840 6841 6878 6877
6469  3 2 1 1 6841 6842 6879 6878
6470  3 2 1 1 6842 6843 6880 6879
6471  3 2 1 1 6843 6844 6881 6880
6472  3 2 1 1 6844 6845 6882 6881
6473  3 2 1 1 6845 6846 6883 6882
6474  3 2 1 1 6846 6847 6884 6883
6475  3 2 1 1 6847 6848 6885 6884
6476  3 2 1 1 6848 6849 6886 6885
6477  3 2 1 1 6849 6850 6887 6886
6478  3 2 1 1 6850 6851 6888 6887
6479  3 2 1 1 6851 6852 6889 6888
6480  3 2 1 1 6852 6853 6890 6889
6481  3 2 1 1 6853 6854 6891 6890
6482  3 2 1 1 6854 6855 6892 6891
6483  3 2 1 1 6855 6856 6893 6892
6484  3 2 1 1 6856 6857 6894 6893
6485  3 2 1 1 6857 6858 6895 6894
6486  3 2 1 1 6858 6859 6896 6895
6487  3 2 1 1 6859 6860 6897 6896
6488  3 2 1 1 6860 6861 6898 6897
6489  3 2 1 1 6861 6862 6899 6898
6490  3 2 1 1 6862 6863 6900 6899
6491  3 2 1 1 6863 6864 6901 6900
6492  3 2 1 1 6864 6865 6902 6901
6493  3 2 1 1 6865 6866 6903 6902
6494  3 2 1 1 6866 6867 6904 6903
6495  3 2 1 1 6867 6868 6905 6904
6496  3 2 1 1 6868 6869 6906 6905
6497  3 2 1 1 6869 6870 6907 6906
6498  3 2 1 1 6870 6871 6908 6907
6499  3 2 1 1 6871 6872 6909 6908
6500  3 2 1 1 6872 6873 6910 6909
6501  3 2 1 1 6873 6874 6911 6910
6502  3 2 1 1 6874  678  679 6911
6503  3 2 1 1  229 6875 6912    5
6504  3 2 1 1 6875 6876 6913 6912
6505  3 2 1 1 6876 6877 6914 6913
6506  3 2 1 1 6877 6878 6915 6914
6507  3 2 1 1 6878 6879 6916 6915
6508  3 2 1 1 6879 6880 6917 6916
6509  3 2 1 1 6880 6881 6918 6917
6510  3 2 1 1 6881 6882 6919 6918
6511  3 2 1 1 6882 6883 6920 6919
6512  3 2 1 1 6883 6884 6921 6920
6513  3 2 1 1 6884 6885 6922 6921
6514  3 2 1 1 6885 6886 6923 6922
6515  3 2 1 1 6886 6887 6924 6923
6516  3 2 1 1 6887 6888 6925 6924
6517  3 2 1 1 6888 6889 6926 6925
6518  3 2 1 1 6889 6890 6927 6926
6519  3 2 1 1 6890 6891 6928 6927
6520  3 2 1 1 6891 6892 6929 6928
6521  3 2 1 1 6892 6893 6930 6929
6522  3 2 1 1 6893 6894 6931 6930
6523  3 2 1 1 6894 6895 6932 6931
6524  3 2 1 1 6895 6896 6933 6932
6525  3 2 1 1 6896 6897 6934 6933
6526  3 2 1 1 6897 6898 6935 6934
6527  3 2 1 1 6898 6899 6936 6935
6528  3 2 1 1 6899 6900 6937 6936
6529  3 2 1 1 6900 6901 6938 6937
6530  3 2 1 1 6901 6902 6939 6938
6531  3 2 1 1 6902 6903 6940 6939
6532  3 2 1 1 6903 6904 6941 6940
6533  3 2 1 1 6904 6905 6942 6941
6534  3 2 1 1 6905 6906 6943 6942
6535  3 2 1 1 6906 6907 6944 6943
6536  3 2 1 1 6907 6908 6945 6944
6537  3 2 1 1 6908 6909 6946 6945
6538  3 2 1 1 6909 6910 6947 6946
6539  3 2 1 1 6910 6911 6948 6947
6540  3 2 1 1 6911  679  680 6948
6541  3 2 1 1    5 6912 6949  525
6542  3 2 1 1 6912 6913 6950 6949
6543  3 2 1 1 6913 6914 6951 6950
6544  3 2 1 1 6914 6915 6952 6951
6545  3 2 1 1 6915 6916 6953 6952
6546  3 2 1 1 6916 6917 6954 6953
6547  3 2 1 1 6917 6918 6955 6954
6548  3 2 1 1 6918 6919 6956 6955
6549  3 2 1 1 6919 6920 6957 6956
6550  3 2 1 1 6920 6921 6958 6957
6551  3 2 1 1 6921 6922 6959 6958
6552  3 2 1 1 6922 6923 6960 6959
6553  3 2 1 1 6923 6924 6961 6960
6554  3 2 1 1 6924 6925 6962 6961
6555  3 2 1 1 6925 6926 6963 6962
6556  3 2 1 1 6926 6927 6964 6963
6557  3 2 1 1 6927 6928 6965 6964
6558  3 2 1 1 6928 6929 6966 6965
6559  3 2 1 1 6929 6930 6967 6966
6560  3 2 1 1 6930 6931 6968 6967
6561  3 2 1 1 6931 6932 6969 6968
6562  3 2 1 1 6932 6933 6970 6969
6563  3 2 1 1 6933 6934 6971 6970
6564  3 2 1 1 6934 6935 6972 6971
6565  3 2 1 1 6935 6936 6973 6972
6566  3 2 1 1 6936 6937 6974 6973
6567  3 2 1 1 6937 6938 6975 6974
6568  3 2 1 1 6938 6939 6976 6975
6569  3 2 1 1 6939 6940 6977 6976
6570  3 2 1 1 6940 6941 6978 6977
6571  3 2 1 1 6941 6942 6979 6978
6572  3 2 1 1 6942 6943 6980 6979
6573  3 2 1 1 6943 6944 6981 6980
6574  3 2 1 1 6944 6945 6982 6981
6575  3 2 1 1 6945 6946 6983 6982
6576  3 2 1 1 6946 6947 6984 6983
6577  3 2 1 1 6947 6948 6985 6984
6578  3 2 1 1 6948  680  681 6985
6579  3 2 1 1  525 6949 6986  526
6580  3 2 1 1 6949 6950 6987 6986
6581  3 2 1 1 6950 6951 6988 6987
6582  3 2 1 1 6951 6952 6989 6988
6583  3 2 1 1 6952 6953 6990 6989
6584  3 2 1 1 6953 6954 6991 6990
6585  3 2 1 1 6954 6955 6992 6991
6586  3 2 1 1 6955 6956 6993 6992
6587  3 2 1 1 6956 6957 6994 6993
6588  3 2 1 1 6957 6958 6995 6994
6589  3 2 1 1 6958 6959 6996 6995
6590  3 2 1 1 6959 6960 6997 6996
6591  3 2 1 1 6960 6961 6998 6997
6592  3 2 1 1 6961 6962 6999 6998
6593  3 2 1 1 6962 6963 7000 6999
6594  3 2 1 1 6963 6964 7001 7000
6595  3 2 1 1 6964 6965 7002 7001
6596  3 2 1 1 6965 6966 7003 7002
6597  3 2 1 1 6966 6967 7004 7003
6598  3 2 1 1 6967 6968 7005 7004
6599  3 2 1 1 6968 6969 7006 7005
6600  3 2 1 1 6969 6970 7007 7006
6601  3 2 1 1 6970 6971 7008 7007
6602  3 2 1 1 6971 6972 7009 7008
6603  3 2 1 1 6972 6973 7010 7009
6604  3 2 1 1 6973 6974 7011 7010
6605  3 2 1 1 6974 6975 7012 7011
6606  3 2 1 1 6975 6976 7013 7012
6607  3 2 1 1 6976 6977 7014 7013
6608  3 2 1 1 6977 6978 7015 7014
6609  3 2 1 1 6978 6979 7016 7015
6610  3 2 1 1 6979 6980 7017 7016
6611  3 2 1 1 6980 6981 7018 7017
6612  3 2 1 1 6981 6982 7019 7018
6613  3 2 1 1 6982 6983 7020 7019
6614  3 2 1 1 6983 6984 7021 7020
6615  3 2 1 1 6984 6985 7022 7021
6616  3 2 1 1 6985  681  682 7022
6617  3 2 1 1  526 6986 7023  527
6618  3 2 1 1 6986 6987 7024 7023
6619  3 2 1 1 6987 6988 7025 7024
6620  3 2 1 1 6988 6989 7026 7025
6621  3 2 1 1 6989 6990 7027 7026
6622  3 2 1 1 6990 6991 7028 7027
6623  3 2 1 1 6991 6992 7029 7028
6624  3 2 1 1 6992 6993 7030 7029
6625  3 2 1 1 6993 6994 7031 7030
6626  3 2 1 1 6994 6995 7032 7031
6627  3 2 1 1 6995 6996 7033 7032
6628  3 2 1 1 6996 6997 7034 7033
6629  3 2 1 1 6997 6998 7035 7034
6630  3 2 1 1 6998 6999 7036 7035
6631  3 2 1 1 6999 7000 7037 7036
6632  3 2 1 1 7000 7001 7038 7037
6633  3 2 1 1 7001 7002 7039 7038
6634  3 2 1 1 7002 7003 7040 7039
6635  3 2 1 1 7003 7004 7041 7040
6636  3 2 1 1 7004 7005 7042 7041
6637  3 2 1 1 7005 7006 7043 7042
6638  3 2 1 1 7006 7007 7044 7043
6639  3 2 1 1 7007 7008 7045 7044
6640  3 2 1 1 7008 7009 7046 7045
6641  3 2 1 1 7009 7010 7047 7046
6642  3 2 1 1 7010 7011 7048 7047
6643  3 2 1 1 7011 7012 7049 7048
6644  3 2 1 1 7012 7013 7050 7049
6645  3 2 1 1 7013 7014 7051 7050
6646  3 2 1 1 7014 7015 7052 7051
6647  3 2 1 1 7015 7016 7053 7052
6648  3 2 1 1 7016 7017 7054 7053
6649  3 2 1 1 7017 7018 7055 7054
6650  3 2 1 1 7018 7019 7056 7055
6651  3 2 1 1 7019 7020 7057 7056
6652  3 2 1 1 7020 7021 7058 7057
6653  3 2 1 1 7021 7022 7059 7058
6654  3 2 1 1 7022  682  683 7059
6655  3 2 1 1  527 7023 7060  528
6656  3 2 1 1 7023 7024 7061 7060
6657  3 2 1 1 7024 7025 7062 7061
6658  3 2 1 1 7025 7026 7063 7062
6659  3 2 1 1 7026 7027 7064 7063
6660  3 2 1 1 7027 7028 7065 7064
6661  3 2 1 1 7028 7029 7066 7065
6662  3 2 1 1 7029 7030 7067 7066
6663  3 2 1 1 7030 7031 7068 7067
6664  3 2 1 1 7031 7032 7069 7068
6665  3 2 1 1 7032 7033 7070 7069
6666  3 2 1 1 7033 7034 7071 7070
6667  3 2 1 1 7034 7035 7072 7071
6668  3 2 1 1 7035 7036 7073 7072
6669  3 2 1 1 7036 7037 7074 7073
6670  3 2 1 1 7037 7038 7075 7074
6671  3 2 1 1 7038 7039 7076 7075
6672  3 2 1 1 7039 7040 7077 7076
6673  3 2 1 1 7040 7041 7078 7077
6674  3 2 1 1 7041 7042 7079 7078
6675  3 2 1 1 7042 7043 7080 7079
6676  3 2 1 1 7043 7044 7081 7080
6677  3 2 1 1 7044 7045 7082 7081
6678  3 2 1 1 7045 7046 7083 7082
6679  3 2 1 1 7046 7047 7084 7083
6680  3 2 1 1 7047 7048 7085 7084
6681  3 2 1 1 7048 7049 7086 7085
6682  3 2 1 1 7049 7050 7087 7086
6683  3 2 1 1 7050 7051 7088 7087
6684  3 2 1 1 7051 7052 7089 7088
6685  3 2 1 1 7052 7053 7090 7089
6686  3 2 1 1 7053 7054 7091 7090
6687  3 2 1 1 7054 7055 7092 7091
6688  3 2 1 1 7055 7056 7093 7092
6689  3 2 1 1 7056 7057 7094 7093
6690  3 2 1 1 7057 7058 7095 7094
6691  3 2 1 1 7058 7059 7096 7095
6692  3 2 1 1 7059  683  684 7096
6693  3 2 1 1  528 7060 7097  529
6694  3 2 1 1 7060 7061 7098 7097
6695  3 2 1 1 7061 7062 7099 7098
6696  3 2 1 1 7062 7063 7100 7099
6697  3 2 1 1 7063 7064 7101 7100
6698  3 2 1 1 7064 7065 7102 7101
6699  3 2 1 1 7065 7066 7103 7102
6700  3 2 1 1 7066 7067 7104 7103
6701  3 2 1 1 7067 7068 7105 7104
6702  3 2 1 1 7068 7069 7106 7105
6703  3 2 1 1 7069 7070 7107 7106
6704  3 2 1 1 7070 7071 7108 7107
6705  3 2 1 1 7071 7072 7109 7108
6706  3 2 1 1 7072 7073 7110 7109
6707  3 2 1 1 7073 7074 7111 7110
6708  3 2 1 1 7074 7075 7112 7111
6709  3 2 1 1 7075 7076 7113 7112
6710  3 2 1 1 7076 7077 7114 7113
6711  3 2 1 1 7077 7078 7115 7114
6712  3 2 1 1 7078 7079 7116 7115
6713  3 2 1 1 7079 7080 7117 7116
6714  3 2 1 1 7080 7081 7118 7117
6715  3 2 1 1 7081 7082 7119 7118
6716  3 2 1 1 7082 7083 7120 7119
6717  3 2 1 1 7083 7084 7121 7120
6718  3 2 1 1 7084 7085 7122 7121
6719  3 2 1 1 7085 7086 7123 7122
6720  3 2 1 1 7086 7087 7124 7123
6721  3 2 1 1 7087 7088 7125 7124
6722  3 2 1 1 7088 7089 7126 7125
6723  3 2 1 1 7089 7090 7127 7126
6724  3 2 1 1 7090 7091 7128 7127
6725  3 2 1 1 7091 7092 7129 7128
6726  3 2 1 1 7092 7093 7130 7129
6727  3 2 1 1 7093 7094 7131 7130
6728  3 2 1 1 7094 7095 7132 7131
6729  3 2 1 1 7095 7096 7133 7132
6730  3 2 1 1 7096  684  685 7133
6731  3 2 1 1  529 7097 7134  530
6732  3 2 1 1 7097 7098 7135 7134
6733  3 2 1 1 7098 7099 7136 7135
6734  3 2 1 1 7099 7100 7137 7136
6735  3 2 1 1 7100 7101 7138 7137
6736  3 2 1 1 7101 7102 7139 7138
6737  3 2 1 1 7102 7103 7140 7139
6738  3 2 1 1 7103 7104 7141 7140
6739  3 2 1 1 7104 7105 7142 7141
6740  3 2 1 1 7105 7106 7143 7142
6741  3 2 1 1 7106 7107 7144 7143
6742  3 2 1 1 7107 7108 7145 7144
6743  3 2 1 1 7108 7109 7146 7145
6744  3 2 1 1 7109 7110 7147 7146
6745  3 2 1 1 7110 7111 7148 7147
6746  3 2 1 1 7111 7112 7149 7148
6747  3 2 1 1 7112 7113 7150 7149
6748  3 2 1 1 7113 7114 7151 7150
6749  3 2 1 1 7114 7115 7152 7151
6750  3 2 1 1 7115 7116 7153 7152
6751  3 2 1 1 7116 7117 7154 7153
6752  3 2 1 1 7117 7118 7155 7154
6753  3 2 1 1 7118 7119 7156 7155
6754  3 2 1 1 7119 7120 7157 7156
6755  3 2 1 1 7120 7121 7158 7157
6756  3 2 1 1 7121 7122 7159 7158
6757  3 2 1 1 7122 7123 7160 7159
6758  3 2 1 1 7123 7124 7161 7160
6759  3 2 1 1 7124 7125 7162 7161
6760  3 2 1 1 7125 7126 7163 7162
6761  3 2 1 1 7126 7127 7164 7163
6762  3 2 1 1 7127 7128 7165 7164
6763  3 2 1 1 7128 7129 7166 7165
6764  3 2 1 1 7129 7130 7167 7166
6765  3 2 1 1 7130 7131 7168 7167
6766  3 2 1 1 7131 7132 7169 7168
6767  3 2 1 1 7132 7133 7170 7169
6768  3 2 1 1 7133  685  686 7170
6769  3 2 1 1  530 7134 7171  531
6770  3 2 1 1 7134 7135 7172 7171
6771  3 2 1 1 7135 7136 7173 7172
6772  3 2 1 1 7136 7137 7174 7173
6773  3 2 1 1 7137 7138 7175 7174
6774  3 2 1 1 7138 7139 7176 7175
6775  3 2 1 1 7139 7140 7177 7176
6776  3 2 1 1 7140 7141 7178 7177
6777  3 2 1 1 7141 7142 7179 7178
6778  3 2 1 1 7142 7143 7180 7179
6779  3 2 1 1 7143 7144 7181 7180
6780  3 2 1 1 7144 7145 7182 7181
6781  3 2 1 1 7145 7146 7183 7182
6782  3 2 1 1 7146 7147 7184 7183
6783  3 2 1 1 7147 7148 7185 7184
6784  3 2 1 1 7148 7149 7186 7185
6785  3 2 1 1 7149 7150 7187 7186
6786  3 2 1 1 7150 7151 7188 7187
6787  3 2 1 1 7151 7152 7189 7188
6788  3 2 1 1 7152 7153 7190 7189
6789  3 2 1 1 7153 7154 7191 7190
6790  3 2 1 1 7154 7155 7192 7191
6791  3 2 1 1 7155 7156 7193 7192
6792  3 2 1 1 7156 7157 7194 7193
6793  3 2 1 1 7157 7158 7195 7194
6794  3 2 1 1 7158 7159 7196 7195
6795  3 2 1 1 7159 7160 7197 7196
6796  3 2 1 1 7160 7161 7198 7197
6797  3 2 1 1 7161 7162 7199 7198
6798  3 2 1 1 7162 7163 7200 7199
6799  3 2 1 1 7163 7164 7201 7200
6800  3 2 1 1 7164 7165 7202 7201
6801  3 2 1 1 7165 7166 7203 7202
6802  3 2 1 1 7166 7167 7204 7203
6803  3 2 1 1 7167 7168 7205 7204
6804  3 2 1 1 7168 7169 7206 7205
6805  3 2 1 1 7169 7170 7207 7206
6806  3 2 1 1 7170  686  687 7207
6807  3 2 1 1  531 7171 7208  532
6808  3 2 1 1 7171 7172 7209 7208
6809  3 2 1 1 7172 7173 7210 7209
6810  3 2 1 1 7173 7174 7211 7210
6811  3 2 1 1 7174 7175 7212 7211
6812  3 2 1 1 7175 7176 7213 7212
6813  3 2 1 1 7176 7177 7214 7213
6814  3 2 1 1 7177 7178 7215 7214
6815  3 2 1 1 7178 7179 7216 7215
6816  3 2 1 1 7179 7180 7217 7216
6817  3 2 1 1 7180 7181 7218 7217
6818  3 2 1 1 7181 7182 7219 7218
6819  3 2 1 1 7182 7183 7220 7219
6820  3 2 1 1 7183 7184 7221 7220
6821  3 2 1 1 7184 7185 7222 7221
6822  3 2 1 1 7185 7186 7223 7222
6823  3 2 1 1 7186 7187 7224 7223
6824  3 2 1 1 7187 7188 7225 7224
6825  3 2 1 1 7188 7189 7226 7225
6826  3 2 1 1 7189 7190 7227 7226
6827  3 2 1 1 7190 7191 7228 7227
6828  3 2 1 1 7191 7192 7229 7228
6829  3 2 1 1 7192 7193 7230 7229
6830  3 2 1 1 7193 7194 7231 7230
6831  3 2 1 1 7194 7195 7232 7231
6832  3 2 1 1 7195 7196 7233 7232
6833  3 2 1 1 7196 7197 7234 7233
6834  3 2 1 1 7197 7198 7235 7234
6835  3 2 1 1 7198 7199 7236 7235
6836  3 2 1 1 7199 7200 7237 7236
6837  3 2 1 1 7200 7201 7238 7237
6838  3 2 1 1 7201 7202 7239 7238
6839  3 2 1 1 7202 7203 7240 7239
6840  3 2 1 1 7203 7204 7241 7240
6841  3 2 1 1 7204 7205 7242 7241
6842  3 2 1 1 7205 7206 7243 7242
6843  3 2 1 1 7206 7207 7244 7243
6844  3 2 1 1 7207  687  688 7244
6845  3 2 1 1  532 7208 7245  533
6846  3 2 1 1 7208 7209 7246 7245
6847  3 2 1 1 7209 7210 7247 7246
6848  3 2 1 1 7210 7211 7248 7247
6849  3 2 1 1 7211 7212 7249 7248
6850  3 2 1 1 7212 7213 7250 7249
6851  3 2 1 1 7213 7214 7251 7250
6852  3 2 1 1 7214 7215 7252 7251
6853  3 2 1 1 7215 7216 7253 7252
6854  3 2 1 1 7216 7217 7254 7253
6855  3 2 1 1 7217 7218 7255 7254
6856  3 2 1 1 7218 7219 7256 7255
6857  3 2 1 1 7219 7220 7257 7256
6858  3 2 1 1 7220 7221 7258 7257
6859  3 2 1 1 7221 7222 7259 7258
6860  3 2 1 1 7222 7223 7260 7259
6861  3 2 1 1 7223 7224 7261 7260
6862  3 2 1 1 7224 7225 7262 7261
6863  3 2 1 1 7225 7226 7263 7262
6864  3 2 1 1 7226 7227 7264 7263
6865  3 2 1 1 7227 7228 7265 7264
6866  3 2 1 1 7228 7229 7266 7265
6867  3 2 1 1 7229 7230 7267 7266
6868  3 2 1 1 7230 7231 7268 7267
6869  3 2 1 1 7231 7232 7269 7268
6870  3 2 1 1 7232 7233 7270 7269
6871  3 2 1 1 7233 7234 7271 7270
6872  3 2 1 1 7234 7235 7272 7271
6873  3 2 1 1 7235 7236 7273 7272
6874  3 2 1 1 7236 7237 7274 7273
6875  3 2 1 1 7237 7238 7275 7274
6876  3 2 1 1 7238 7239 7276 7275
6877  3 2 1 1 7239 7240 7277 7276
6878  3 2 1 1 7240 7241 7278 7277
6879  3 2 1 1 7241 7242 7279 7278
6880  3 2 1 1 7242 7243 7280 7279
6881  3 2 1 1 7243 7244 7281 7280
6882  3 2 1 1 7244  688  689 7281
6883  3 2 1 1  533 7245 7282  534
6884  3 2 1 1 7245 7246 7283 7282
6885  3 2 1 1 7246 7247 7284 7283
6886  3 2 1 1 7247 7248 7285 7284
6887  3 2 1 1 7248 7249 7286 7285
6888  3 2 1 1 7249 7250 7287 7286
6889  3 2 1 1 7250 7251 7288 7287
6890  3 2 1 1 7251 7252 7289 7288
6891  3 2 1 1 7252 7253 7290 7289
6892  3 2 1 1 7253 7254 7291 7290
6893  3 2 1 1 7254 7255 7292 7291
6894  3 2 1 1 7255 7256 7293 7292
6895  3 2 1 1 7256 7257 7294 7293
6896  3 2 1 1 7257 7258 7295 7294
6897  3 2 1 1 7258 7259 7296 7295
6898  3 2 1 1 7259 7260 7297 7296
6899  3 2 1 1 7260 7261 7298 7297
6900  3 2 1 1 7261 7262 7299 7298
6901  3 2 1 1 7262 7263 7300 7299
6902  3 2 1 1 7263 7264 7301 7300
6903  3 2 1 1 7264 7265 7302 7301
6904  3 2 1 1 7265 7266 7303 7302
6905  3 2 1 1 7266 7267 7304 7303
6906  3 2 1 1 7267 7268 7305 7304
6907  3 2 1 1 7268 7269 7306 7305
6908  3 2 1 1 7269 7270 7307 7306
6909  3 2 1 1 7270 7271 7308 7307
6910  3 2 1 1 7271 7272 7309 7308
6911  3 2 1 1 7272 7273 7310 7309
6912  3 2 1 1 7273 7274 7311 7310
6913  3 2 1 1 7274 7275 7312 7311
6914  3 2 1 1 7275 7276 7313 7312
6915  3 2 1 1 7276 7277 7314 7313
6916  3 2 1 1 7277 7278 7315 7314
6917  3 2 1 1 7278 7279 7316 7315
6918  3 2 1 1 7279 7280 7317 7316
6919  3 2 1 1 7280 7281 7318 7317
6920  3 2 1 1 7281  689  690 7318
6921  3 2 1 1  534 7282 7319  535
6922  3 2 1 1 7282 7283 7320 7319
6923  3 2 1 1 7283 7284 7321 7320
6924  3 2 1 1 7284 7285 7322 7321
6925  3 2 1 1 7285 7286 7323 7322
6926  3 2 1 1 7286 7287 7324 7323
6927  3 2 1 1 7287 7288 7325 7324
6928  3 2 1 1 7288 7289 7326 7325
6929  3 2 1 1 7289 7290 7327 7326
6930  3 2 1 1 7290 7291 7328 7327
6931  3 2 1 1 7291 7292 7329 7328
6932  3 2 1 1 7292 7293 7330 7329
6933  3 2 1 1 7293 7294 7331 7330
6934  3 2 1 1 7294 7295 7332 7331
6935  3 2 1 1 7295 7296 7333 7332
6936  3 2 1 1 7296 7297 7334 7333
6937  3 2 1 1 7297 7298 7335 7334
6938  3 2 1 1 7298 7299 7336 7335
6939  3 2 1 1 7299 7300 7337 7336
6940  3 2 1 1 7300 7301 7338 7337
6941  3 2 1 1 7301 7302 7339 7338
6942  3 2 1 1 7302 7303 7340 7339
6943  3 2 1 1 7303 7304 7341 7340
6944  3 2 1 1 7304 7305 7342 7341
6945  3 2 1 1 7305 7306 7343 7342
6946  3 2 1 1 7306 7307 7344 7343
6947  3 2 1 1 7307 7308 7345 7344
6948  3 2 1 1 7308 7309 7346 7345
6949  3 2 1 1 7309 7310 7347 7346
6950  3 2 1 1 7310 7311 7348 7347
6951  3 2 1 1 7311 7312 7349 7348
6952  3 2 1 1 7312 7313 7350 7349
6953  3 2 1 1 7313 7314 7351 7350
6954  3 2 1 1 7314 7315 7352 7351
6955  3 2 1 1 7315 7316 7353 7352
6956  3 2 1 1 7316 7317 7354 7353
6957  3 2 1 1 7317 7318 7355 7354
6958  3 2 1 1 7318  690  691 7355
6959  3 2 1 1  535 7319 7356  536
6960  3 2 1 1 7319 7320 7357 7356
6961  3 2 1 1 7320 7321 7358 7357
6962  3 2 1 1 7321 7322 7359 7358
6963  3 2 1 1 7322 7323 7360 7359
6964  3 2 1 1 7323 7324 7361 7360
6965  3 2 1 1 7324 7325 7362 7361
6966  3 2 1 1 7325 7326 7363 7362
6967  3 2 1 1 7326 7327 7364 7363
6968  3 2 1 1 7327 7328 7365 7364
6969  3 2 1 1 7328 7329 7366 7365
6970  3 2 1 1 7329 7330 7367 7366
6971  3 2 1 1 7330 7331 7368 7367
6972  3 2 1 1 7331 7332 7369 7368
6973  3 2 1 1 7332 7333 7370 7369
6974  3 2 1 1 7333 7334 7371 7370
6975  3 2 1 1 7334 7335 7372 7371
6976  3 2 1 1 7335 7336 7373 7372
6977  3 2 1 1 7336 7337 7374 7373
6978  3 2 1 1 7337 7338 7375 7374
6979  3 2 1 1 7338 7339 7376 7375
6980  3 2 1 1 7339 7340 7377 7376
6981  3 2 1 1 7340 7341 7378 7377
6982  3 2 1 1 7341 7342 7379 7378
6983  3 2 1 1 7342 7343 7380 7379
6984  3 2 1 1 7343 7344 7381 7380
6985  3 2 1 1 7344 7345 7382 7381
6986  3 2 1 1 7345 7346 7383 7382
6987  3 2 1 1 7346 7347 7384 7383
6988  3 2 1 1 7347 7348 7385 7384
6989  3 2 1 1 7348 7349 7386 7385
6990  3 2 1 1 7349 7350 7387 7386
6991  3 2 1 1 7350 7351 7388 7387
6992  3 2 1 1 7351 7352 7389 7388
6993  3 2 1 1 7352 7353 7390 7389
6994  3 2 1 1 7353 7354 7391 7390
6995  3 2 1 1 7354 7355 7392 7391
6996  3 2 1 1 7355  691  692 7392
6997  3 2 1 1  536 7356 7393  537
6998  3 2 1 1 7356 7357 7394 7393
6999  3 2 1 1 7357 7358 7395 7394
7000  3 2 1 1 7358 7359 7396 7395
7001  3 2 1 1 7359 7360 7397 7396
7002  3 2 1 1 7360 7361 7398 7397
7003  3 2 1 1 7361 7362 7399 7398
7004  3 2 1 1 7362 7363 7400 7399
7005  3 2 1 1 7363 7364 7401 7400
7006  3 2 1 1 7364 7365 7402 7401
7007  3 2 1 1 7365 7366 7403 7402
7008  3 2 1 1 7366 7367 7404 7403
7009  3 2 1 1 7367 7368 7405 7404
7010  3 2 1 1 7368 7369 7406 7405
7011  3 2 1 1 7369 7370 7407 7406
7012  3 2 1 1 7370 7371 7408 7407
7013  3 2 1 1 7371 7372 7409 7408
7014  3 2 1 1 7372 7373 7410 7409
7015  3 2 1 1 7373 7374 7411 7410
7016  3 2 1 1 7374 7375 7412 7411
7017  3 2 1 1 7375 7376 7413 7412
7018  3 2 1 1 7376 7377 7414 7413
7019  3 2 1 1 7377 7378 7415 7414
7020  3 2 1 1 7378 7379 7416 7415
7021  3 2 1 1 7379 7380 7417 7416
7022  3 2 1 1 7380 7381 7418 7417
7023  3 2 1 1 7381 7382 7419 7418
7024  3 2 1 1 7382 7383 7420 7419
7025  3 2 1 1 7383 7384 7421 7420
7026  3 2 1 1 7384 7385 7422 7421
7027  3 2 1 1 7385 7386 7423 7422
7028  3 2 1 1 7386 7387 7424 7423
7029  3 2 1 1 7387 7388 7425 7424
7030  3 2 1 1 7388 7389 7426 7425
7031  3 2 1 1 7389 7390 7427 7426
7032  3 2 1 1 7390 7391 7428 7427
7033  3 2 1 1 7391 7392 7429 7428
7034  3 2 1 1 7392  692  693 7429
7035  3 2 1 1  537 7393 7430  538
7036  3 2 1 1 7393 7394 7431 7430
7037  3 2 1 1 7394 7395 7432 7431
7038  3 2 1 1 7395 7396 7433 7432
7039  3 2 1 1 7396 7397 7434 7433
7040  3 2 1 1 7397 7398 7435 7434
7041  3 2 1 1 7398 7399 7436 7435
7042  3 2 1 1 7399 7400 7437 7436
7043  3 2 1 1 7400 7401 7438 7437
7044  3 2 1 1 7401 7402 7439 7438
7045  3 2 1 1 7402 7403 7440 7439
7046  3 2 1 1 7403 7404 7441 7440
7047  3 2 1 1 7404 7405 7442 7441
7048  3 2 1 1 7405 7406 7443 7442
7049  3 2 1 1 7406 7407 7444 7443
7050  3 2 1 1 7407 7408 7445 7444
7051  3 2 1 1 7408 7409 7446 7445
7052  3 2 1 1 7409 7410 7447 7446
7053  3 2 1 1 7410 7411 7448 7447
7054  3 2 1 1 7411 7412 7449 7448
7055  3 2 1 1 7412 7413 7450 7449
7056  3 2 1 1 7413 7414 7451 7450
7057  3 2 1 1 7414 7415 7452 7451
7058  3 2 1 1 7415 7416 7453 7452
7059  3 2 1 1 7416 7417 7454 7453
7060  3 2 1 1 7417 7418 7455 7454
7061  3 2 1 1 7418 7419 7456 7455
7062  3 2 1 1 7419 7420 7457 7456
7063  3 2 1 1 7420 7421 7458 7457
7064  3 2 1 1 7421 7422 7459 7458
7065  3 2 1 1 7422 7423 7460 7459
7066  3 2 1 1 7423 7424 7461 7460
7067  3 2 1 1 7424 7425 7462 7461
7068  3 2 1 1 7425 7426 7463 7462
7069  3 2 1 1 7426 7427 7464 7463
7070  3 2 1 1 7427 7428 7465 7464
7071  3 2 1 1 7428 7429 7466 7465
7072  3 2 1 1 7429  693  694 7466
7073  3 2 1 1  538 7430 7467  539
7074  3 2 1 1 7430 7431 7468 7467
7075  3 2 1 1 7431 7432 7469 7468
7076  3 2 1 1 7432 7433 7470 7469
7077  3 2 1 1 7433 7434 7471 7470
7078  3 2 1 1 7434 7435 7472 7471
7079  3 2 1 1 7435 7436 7473 7472
7080  3 2 1 1 7436 7437 7474 7473
7081  3 2 1 1 7437 7438 7475 7474
7082  3 2 1 1 7438 7439 7476 7475
7083  3 2 1 1 7439 7440 7477 7476
7084  3 2 1 1 7440 7441 7478 7477
7085  3 2 1 1 7441 7442 7479 7478
7086  3 2 1 1 7442 7443 7480 7479
7087  3 2 1 1 7443 7444 7481 7480
7088  3 2 1 1 7444 7445 7482 7481
7089  3 2 1 1 7445 7446 7483 7482
7090  3 2 1 1 7446 7447 7484 7483
7091  3 2 1 1 7447 7448 7485 7484
7092  3 2 1 1 7448 7449 7486 7485
7093  3 2 1 1 7449 7450 7487 7486
7094  3 2 1 1 7450 7451 7488 7487
7095  3 2 1 1 7451 7452 7489 7488
7096  3 2 1 1 7452 7453 7490 7489
7097  3 2 1 1 7453 7454 7491 7490
7098  3 2 1 1 7454 7455 7492 7491
7099  3 2 1 1 7455 7456 7493 7492
7100  3 2 1 1 7456 7457 7494 7493
7101  3 2 1 1 7457 7458 7495 7494
7102  3 2 1 1 7458 7459 7496 7495
7103  3 2 1 1 7459 7460 7497 7496
7104  3 2 1 1 7460 7461 7498 7497
7105  3 2 1 1 7461 7462 7499 7498
7106  3 2 1 1 7462 7463 7500 7499
7107  3 2 1 1 7463 7464 7501 7500
7108  3 2 1 1 7464 7465 7502 7501
7109  3 2 1 1 7465 7466 7503 7502
7110  3 2 1 1 7466  694  695 7503
7111  3 2 1 1  539 7467 7504  540
7112  3 2 1 1 7467 7468 7505 7504
7113  3 2 1 1 7468 7469 7506 7505
7114  3 2 1 1 7469 7470 7507 7506
7115  3 2 1 1 7470 7471 7508 7507
7116  3 2 1 1 7471 7472 7509 7508
7117  3 2 1 1 7472 7473 7510 7509
7118  3 2 1 1 7473 7474 7511 7510
7119  3 2 1 1 7474 7475 7512 7511
7120  3 2 1 1 7475 7476 7513 7512
7121  3 2 1 1 7476 7477 7514 7513
7122  3 2 1 1 7477 7478 7515 7514
7123  3 2 1 1 7478 7479 7516 7515
7124  3 2 1 1 7479 7480 7517 7516
7125  3 2 1 1 7480 7481 7518 7517
7126  3 2 1 1 7481 7482 7519 7518
7127  3 2 1 1 7482 7483 7520 7519
7128  3 2 1 1 7483 7484 7521 7520
7129  3 2 1 1 7484 7485 7522 7521
7130  3 2 1 1 7485 7486 7523 7522
7131  3 2 1 1 7486 7487 7524 7523
7132  3 2 1 1 7487 7488 7525 7524
7133  3 2 1 1 7488 7489 7526 7525
7134  3 2 1 1 7489 7490 7527 7526
7135  3 2 1 1 7490 7491 7528 7527
7136  3 2 1 1 7491 7492 7529 7528
7137  3 2 1 1 7492 7493 7530 7529
7138  3 2 1 1 7493 7494 7531 7530
7139  3 2 1 1 7494 7495 7532 7531
7140  3 2 1 1 7495 7496 7533 7532
7141  3 2 1 1 7496 7497 7534 7533
7142  3 2 1 1 7497 7498 7535 7534
7143  3 2 1 1 7498 7499 7536 7535
7144  3 2 1 1 7499 7500 7537 7536
7145  3 2 1 1 7500 7501 7538 7537
7146  3 2 1 1 7501 7502 7539 7538
7147  3 2 1 1 7502 7503 7540 7539
7148  3 2 1 1 7503  695  696 7540
7149  3 2 1 1  540 7504 7541  541
7150  3 2 1 1 7504 7505 7542 7541
7151  3 2 1 1 7505 7506 7543 7542
7152  3 2 1 1 7506 7507 7544 7543
7153  3 2 1 1 7507 7508 7545 7544
7154  3 2 1 1 7508 7509 7546 7545
7155  3 2 1 1 7509 7510 7547 7546
7156  3 2 1 1 7510 7511 7548 7547
7157  3 2 1 1 7511 7512 7549 7548
7158  3 2 1 1 7512 7513 7550 7549
7159  3 2 1 1 7513 7514 7551 7550
7160  3 2 1 1 7514 7515 7552 7551
7161  3 2 1 1 7515 7516 7553 7552
7162  3 2 1 1 7516 7517 7554 7553
7163  3 2 1 1 7517 7518 7555 7554
7164  3 2 1 1 7518 7519 7556 7555
7165  3 2 1 1 7519 7520 7557 7556
7166  3 2 1 1 7520 7521 7558 7557
7167  3 2 1 1 7521 7522 7559 7558
7168  3 2 1 1 7522 7523 7560 7559
7169  3 2 1 1 7523 7524 7561 7560
7170  3 2 1 1 7524 7525 7562 7561
7171  3 2 1 1 7525 7526 7563 7562
7172  3 2 1 1 7526 7527 7564 7563
7173  3 2 1 1 7527 7528 7565 7564
7174  3 2 1 1 7528 7529 7566 7565
7175  3 2 1 1 7529 7530 7567 7566
7176  3 2 1 1 7530 7531 7568 7567
7177  3 2 1 1 7531 7532 7569 7568
7178  3 2 1 1 7532 7533 7570 7569
7179  3 2 1 1 7533 7534 7571 7570
7180  3 2 1 1 7534 7535 7572 7571
7181  3 2 1 1 7535 7536 7573 7572
7182  3 2 1 1 7536 7537 7574 7573
7183  3 2 1 1 7537 7538 7575 7574
7184  3 2 1 1 7538 7539 7576 7575
7185  3 2 1 1 7539 7540 7577 7576
7186  3 2 1 1 7540  696  697 7577
7187  3 2 1 1  541 7541 7578  542
7188  3 2 1 1 7541 7542 7579 7578
7189  3 2 1 1 7542 7543 7580 7579
7190  3 2 1 1 7543 7544 7581 7580
7191  3 2 1 1 7544 7545 7582 7581
7192  3 2 1 1 7545 7546 7583 7582
7193  3 2 1 1 7546 7547 7584 7583
7194  3 2 1 1 7547 7548 7585 7584
7195  3 2 1 1 7548 7549 7586 7585
7196  3 2 1 1 7549 7550 7587 7586
7197  3 2 1 1 7550 7551 7588 7587
7198  3 2 1 1 7551 7552 7589 7588
7199  3 2 1 1 7552 7553 7590 7589
7200  3 2 1 1 7553 7554 7591 7590
7201  3 2 1 1 7554 7555 7592 7591
7202  3 2 1 1 7555 7556 7593 7592
7203  3 2 1 1 7556 7557 7594 7593
7204  3 2 1 1 7557 7558 7595 7594
7205  3 2 1 1 7558 7559 7596 7595
7206  3 2 1 1 7559 7560 7597 7596
7207  3 2 1 1 7560 7561 7598 7597
7208  3 2 1 1 7561 7562 7599 7598
7209  3 2 1 1 7562 7563 7600 7599
7210  3 2 1 1 7563 7564 7601 7600
7211  3 2 1 1 7564 7565 7602 7601
7212  3 2 1 1 7565 7566 7603 7602
7213  3 2 1 1 7566 7567 7604 7603
7214  3 2 1 1 7567 7568 7605 7604
7215  3 2 1 1 7568 7569 7606 7605
7216  3 2 1 1 7569 7570 7607 7606
7217  3 2 1 1 7570 7571 7608 7607
7218  3 2 1 1 7571 7572 7609 7608
7219  3 2 1 1 7572 7573 7610 7609
7220  3 2 1 1 7573 7574 7611 7610
7221  3 2 1 1 7574 7575 7612 7611
7222  3 2 1 1 7575 7576 7613 7612
7223  3 2 1 1 7576 7577 7614 7613
7224  3 2 1 1 7577  697  698 7614
7225  3 2 1 1  542 7578 7615  543
7226  3 2 1 1 7578 7579 7616 7615
7227  3 2 1 1 7579 7580 7617 7616
7228  3 2 1 1 7580 7581 7618 7617
7229  3 2 1 1 7581 7582 7619 7618
7230  3 2 1 1 7582 7583 7620 7619
7231  3 2 1 1 7583 7584 7621 7620
7232  3 2 1 1 7584 7585 7622 7621
7233  3 2 1 1 7585 7586 7623 7622
7234  3 2 1 1 7586 7587 7624 7623
7235  3 2 1 1 7587 7588 7625 7624
7236  3 2 1 1 7588 7589 7626 7625
7237  3 2 1 1 7589 7590 7627 7626
7238  3 2 1 1 7590 7591 7628 7627
7239  3 2 1 1 7591 7592 7629 7628
7240  3 2 1 1 7592 7593 7630 7629
7241  3 2 1 1 7593 7594 7631 7630
7242  3 2 1 1 7594 7595 7632 7631
7243  3 2 1 1 7595 7596 7633 7632
7244  3 2 1 1 7596 7597 7634 7633
7245  3 2 1 1 7597 7598 7635 7634
7246  3 2 1 1 7598 7599 7636 7635
7247  3 2 1 1 7599 7600 7637 7636
7248  3 2 1 1 7600 7601 7638 7637
7249  3 2 1 1 7601 7602 7639 7638
7250  3 2 1 1 7602 7603 7640 7639
7251  3 2 1 1 7603 7604 7641 7640
7252  3 2 1 1 7604 7605 7642 7641
7253  3 2 1 1 7605 7606 7643 7642
7254  3 2 1 1 7606 7607 7644 7643
7255  3 2 1 1 7607 7608 7645 7644
7256  3 2 1 1 7608 7609 7646 7645
7257  3 2 1 1 7609 7610 7647 7646
7258  3 2 1 1 7610 7611 7648 7647
7259  3 2 1 1 7611 7612 7649 7648
7260  3 2 1 1 7612 7613 7650 7649
7261  3 2 1 1 7613 7614 7651 7650
7262  3 2 1 1 7614  698  699 7651
7263  3 2 1 1  543 7615 7652  544
7264  3 2 1 1 7615 7616 7653 7652
7265  3 2 1 1 7616 7617 7654 7653
7266  3 2 1 1 7617 7618 7655 7654
7267  3 2 1 1 7618 7619 7656 7655
7268  3 2 1 1 7619 7620 7657 7656
7269  3 2 1 1 7620 7621 7658 7657
7270  3 2 1 1 7621 7622 7659 7658
7271  3 2 1 1 7622 7623 7660 7659
7272  3 2 1 1 7623 7624 7661 7660
7273  3 2 1 1 7624 7625 7662 7661
7274  3 2 1 1 7625 7626 7663 7662
7275  3 2 1 1 7626 7627 7664 7663
7276  3 2 1 1 7627 7628 7665 7664
7277  3 2 1 1 7628 7629 7666 7665
7278  3 2 1 1 7629 7630 7667 7666
7279  3 2 1 1 7630 7631 7668 7667
7280  3 2 1 1 7631 7632 7669 7668
7281  3 2 1 1 7632 7633 7670 7669
7282  3 2 1 1 7633 7634 7671 7670
7283  3 2 1 1 7634 7635 7672 7671
7284  3 2 1 1 7635 7636 7673 7672
7285  3 2 1 1 7636 7637 7674 7673
7286  3 2 1 1 7637 7638 7675 7674
7287  3 2 1 1 7638 7639 7676 7675
7288  3 2 1 1 7639 7640 7677 7676
7289  3 2 1 1 7640 7641 7678 7677
7290  3 2 1 1 7641 7642 7679 7678
7291  3 2 1 1 7642 7643 7680 7679
7292  3 2 1 1 7643 7644 7681 7680
7293  3 2 1 1 7644 7645 7682 7681
7294  3 2 1 1 7645 7646 7683 7682
7295  3 2 1 1 7646 7647 7684 7683
7296  3 2 1 1 7647 7648 7685 7684
7297  3 2 1 1 7648 7649 7686 7685
7298  3 2 1 1 7649 7650 7687 7686
7299  3 2 1 1 7650 7651 7688 7687
7300  3 2 1 1 7651  699  700 7688
7301  3 2 1 1  544 7652 7689  545
7302  3 2 1 1 7652 7653 7690 7689
7303  3 2 1 1 7653 7654 7691 7690
7304  3 2 1 1 7654 7655 7692 7691
7305  3 2 1 1 7655 7656 7693 7692
7306  3 2 1 1 7656 7657 7694 7693
7307  3 2 1 1 7657 7658 7695 7694
7308  3 2 1 1 7658 7659 7696 7695
7309  3 2 1 1 7659 7660 7697 7696
7310  3 2 1 1 7660 7661 7698 7697
7311  3 2 1 1 7661 7662 7699 7698
7312  3 2 1 1 7662 7663 7700 7699
7313  3 2 1 1 7663 7664 7701 7700
7314  3 2 1 1 7664 7665 7702 7701
7315  3 2 1 1 7665 7666 7703 7702
7316  3 2 1 1 7666 7667 7704 7703
7317  3 2 1 1 7667 7668 7705 7704
7318  3 2 1 1 7668 7669 7706 7705
7319  3 2 1 1 7669 7670 7707 7706
7320  3 2 1 1 7670 7671 7708 7707
7321  3 2 1 1 7671 7672 7709 7708
7322  3 2 1 1 7672 7673 7710 7709
7323  3 2 1 1 7673 7674 7711 7710
7324  3 2 1 1 7674 7675 7712 7711
7325  3 2 1 1 7675 7676 7713 7712
7326  3 2 1 1 7676 7677 7714 7713
7327  3 2 1 1 7677 7678 7715 7714
7328  3 2 1 1 7678 7679 7716 7715
7329  3 2 1 1 7679 7680 7717 7716
7330  3 2 1 1 7680 7681 7718 7717
7331  3 2 1 1 7681 7682 7719 7718
7332  3 2 1 1 7682 7683 7720 7719
7333  3 2 1 1 7683 7684 7721 7720
7334  3 2 1 1 7684 7685 7722 7721
7335  3 2 1 1 7685 7686 7723 7722
7336  3 2 1 1 7686 7687 7724 7723
7337  3 2 1 1 7687 7688 7725 7724
7338  3 2 1 1 7688  700  701 7725
7339  3 2 1 1  545 7689  546   12
7340  3 2 1 1 7689 7690  547  546
7341  3 2 1 1 7690 7691  548  547
7342  3 2 1 1 7691 7692  549  548
7343  3 2 1 1 7692 7693  550  549
7344  3 2 1 1 7693 7694  551  550
7345  3 2 1 1 7694 7695  552  551
7346  3 2 1 1 7695 7696  553  552
7347  3 2 1 1 7696 7697  554  553
7348  3 2 1 1 7697 7698  555  554
7349  3 2 1 1 7698 7699  556  555
7350  3 2 1 1 7699 7700  557  556
7351  3 2 1 1 7700 7701  558  557
7352  3 2 1 1 7701 7702  559  558
7353  3 2 1 1 7702 7703  560  559
7354  3 2 1 1 7703 7704  561  560
7355  3 2 1 1 7704 7705  562  561
7356  3 2 1 1 7705 7706  563  562
7357  3 2 1 1 7706 7707  564  563
7358  3 2 1 1 7707 7708  565  564
7359  3 2 1 1 7708 7709  566  565
7360  3 2 1 1 7709 7710  567  566
7361  3 2 1 1 7710 7711  568  567
7362  3 2 1 1 7711 7712  569  568
7363  3 2 1 1 7712 7713  570  569
7364  3 2 1 1 7713 7714  571  570
7365  3 2 1 1 7714 7715  572  571
7366  3 2 1 1 7715 7716  573  572
7367  3 2 1 1 7716 7717  574  573
7368  3 2 1 1 7717 7718  575  574
7369  3 2 1 1 7718 7719  576  575
7370  3 2 1 1 7719 7720  577  576
7371  3 2 1 1 7720 7721  578  577
7372  3 2 1 1 7721 7722  579  578
7373  3 2 1 1 7722 7723  580  579
7374  3 2 1 1 7723 7724  581  580
7375  3 2 1 1 7724 7725  582  581
7376  3 2 1 1 7725  701   13  582
7377  3 2 1 1   16  628 7726  666
7378  3 2 1 1  628  627 7727 7726
7379  3 2 1 1  627  626 7728 7727
7380  3 2 1 1  626  625 7729 7728
7381  3 2 1 1  625  624 7730 7729
7382  3 2 1 1  624   15  623 7730
7383  3 2 1 1  666 7726 7731  667
7384  3 2 1 1 7726 7727 7732 7731
7385  3 2 1 1 7727 7728 7733 7732
7386  3 2 1 1 7728 7729 7734 7733
7387  3 2 1 1 7729 7730 7735 7734
7388  3 2 1 1 7730  623  622 7735
7389  3 2 1 1  667 7731 7736  668
7390  3 2 1 1 7731 7732 7737 7736
7391  3 2 1 1 7732 7733 7738 7737
7392  3 2 1 1 7733 7734 7739 7738
7393  3 2 1 1 7734 7735 7740 7739
7394  3 2 1 1 7735  622  621 7740
7395  3 2 1 1  668 7736 7741  669
7396  3 2 1 1 7736 7737 7742 7741
7397  3 2 1 1 7737 7738 7743 7742
7398  3 2 1 1 7738 7739 7744 7743
7399  3 2 1 1 7739 7740 7745 7744
7400  3 2 1 1 7740  621  620 7745
7401  3 2 1 1  669 7741 7746  670
7402  3 2 1 1 7741 7742 7747 7746
7403  3 2 1 1 7742 7743 7748 7747
7404  3 2 1 1 7743 7744 7749 7748
7405  3 2 1 1 7744 7745 7750 7749
7406  3 2 1 1 7745  620  619 7750
7407  3 2 1 1  670 7746 7751  671
7408  3 2 1 1 7746 7747 7752 7751
7409  3 2 1 1 7747 7748 7753 7752
7410  3 2 1 1 7748 7749 7754 7753
7411  3 2 1 1 7749 7750 7755 7754
7412  3 2 1 1 7750  619  618 7755
7413  3 2 1 1  671 7751 7756  672
7414  3 2 1 1 7751 7752 7757 7756
7415  3 2 1 1 7752 7753 7758 7757
7416  3 2 1 1 7753 7754 7759 7758
7417  3 2 1 1 7754 7755 7760 7759
7418  3 2 1 1 7755  618  617 7760
7419  3 2 1 1  672 7756 7761  673
7420  3 2 1 1 7756 7757 7762 7761
7421  3 2 1 1 7757 7758 7763 7762
7422  3 2 1 1 7758 7759 7764 7763
7423  3 2 1 1 7759 7760 7765 7764
7424  3 2 1 1 7760  617  616 7765
7425  3 2 1 1  673 7761 7766  674
7426  3 2 1 1 7761 7762 7767 7766
7427  3 2 1 1 7762 7763 7768 7767
7428  3 2 1 1 7763 7764 7769 7768
7429  3 2 1 1 7764 7765 7770 7769
7430  3 2 1 1 7765  616  615 7770
7431  3 2 1 1  674 7766 7771  675
7432  3 2 1 1 7766 7767 7772 7771
7433  3 2 1 1 7767 7768 7773 7772
7434  3 2 1 1 7768 7769 7774 7773
7435  3 2 1 1 7769 7770 7775 7774
7436  3 2 1 1 7770  615  614 7775
7437  3 2 1 1  675 7771 7776  676
7438  3 2 1 1 7771 7772 7777 7776
7439  3 2 1 1 7772 7773 7778 7777
7440  3 2 1 1 7773 7774 7779 7778
7441  3 2 1 1 7774 7775 7780 7779
7442  3 2 1 1 7775  614  613 7780
7443  3 2 1 1  676 7776 7781  677
7444  3 2 1 1 7776 7777 7782 7781
7445  3 2 1 1 7777 7778 7783 7782
7446  3 2 1 1 7778 7779 7784 7783
7447  3 2 1 1 7779 7780 7785 7784
7448  3 2 1 1 7780  613  612 7785
7449  3 2 1 1  677 7781 7786  678
7450  3 2 1 1 7781 7782 7787 7786
7451  3 2 1 1 7782 7783 7788 7787
7452  3 2 1 1 7783 7784 7789 7788
7453  3 2 1 1 7784 7785 7790 7789
7454  3 2 1 1 7785  612  611 7790
7455  3 2 1 1  678 7786 7791  679
7456  3 2 1 1 7786 7787 7792 7791
7457  3 2 1 1 7787 7788 7793 7792
7458  3 2 1 1 7788 7789 7794 7793
7459  3 2 1 1 7789 7790 7795 7794
7460  3 2 1 1 7790  611  610 7795
7461  3 2 1 1  679 7791 7796  680
7462  3 2 1 1 7791 7792 7797 7796
7463  3 2 1 1 7792 7793 7798 7797
7464  3 2 1 1 7793 7794 7799 7798
7465  3 2 1 1 7794 7795 7800 7799
7466  3 2 1 1 7795  610  609 7800
7467  3 2 1 1  680 7796 7801  681
7468  3 2 1 1 7796 7797 7802 7801
7469  3 2 1 1 7797 7798 7803 7802
7470  3 2 1 1 7798 7799 7804 7803
7471  3 2 1 1 7799 7800 7805 7804
7472  3 2 1 1 7800  609  608 7805
7473  3 2 1 1  681 7801 7806  682
7474  3 2 1 1 7801 7802 7807 7806
7475  3 2 1 1 7802 7803 7808 7807
7476  3 2 1 1 7803 7804 7809 7808
7477  3 2 1 1 7804 7805 7810 7809
7478  3 2 1 1 7805  608  607 7810
7479  3 2 1 1  682 7806 7811  683
7480  3 2 1 1 7806 7807 7812 7811
7481  3 2 1 1 7807 7808 7813 7812
7482  3 2 1 1 7808 7809 7814 7813
7483  3 2 1 1 7809 7810 7815 7814
7484  3 2 1 1 7810  607  606 7815
7485  3 2 1 1  683 7811 7816  684
7486  3 2 1 1 7811 7812 7817 7816
7487  3 2 1 1 7812 7813 7818 7817
7488  3 2 1 1 7813 7814 7819 7818
7489  3 2 1 1 7814 7815 7820 7819
7490  3 2 1 1 7815  606  605 7820
7491  3 2 1 1  684 7816 7821  685
7492  3 2 1 1 7816 7817 7822 7821
7493  3 2 1 1 7817 7818 7823 7822
7494  3 2 1 1 7818 7819 7824 7823
7495  3 2 1 1 7819 7820 7825 7824
7496  3 2 1 1 7820  605  604 7825
7497  3 2 1 1  685 7821 7826  686
7498  3 2 1 1 7821 7822 7827 7826
7499  3 2 1 1 7822 7823 7828 7827
7500  3 2 1 1 7823 7824 7829 7828
7501  3 2 1 1 7824 7825 7830 7829
7502  3 2 1 1 7825  604  603 7830
7503  3 2 1 1  686 7826 7831  687
7504  3 2 1 1 7826 7827 7832 7831
7505  3 2 1 1 7827 7828 7833 7832
7506  3 2 1 1 7828 7829 7834 7833
7507  3 2 1 1 7829 7830 7835 7834
7508  3 2 1 1 7830  603  602 7835
7509  3 2 1 1  687 7831 7836  688
7510  3 2 1 1 7831 7832 7837 7836
7511  3 2 1 1 7832 7833 7838 7837
7512  3 2 1 1 7833 7834 7839 7838
7513  3 2 1 1 7834 7835 7840 7839
7514  3 2 1 1 7835  602  601 7840
7515  3 2 1 1  688 7836 7841  689
7516  3 2 1 1 7836 7837 7842 7841
7517  3 2 1 1 7837 7838 7843 7842
7518  3 2 1 1 7838 7839 7844 7843
7519  3 2 1 1 7839 7840 7845 7844
7520  3 2 1 1 7840  601  600 7845
7521  3 2 1 1  689 7841 7846  690
7522  3 2 1 1 7841 7842 7847 7846
7523  3 2 1 1 7842 7843 7848 7847
7524  3 2 1 1 7843 7844 7849 7848
7525  3 2 1 1 7844 7845 7850 7849
7526  3 2 1 1 7845  600  599 7850
7527  3 2 1 1  690 7846 7851  691
7528  3 2 1 1 7846 7847 7852 7851
7529  3 2 1 1 7847 7848 7853 7852
7530  3 2 1 1 7848 7849 7854 7853
7531  3 2 1 1 7849 7850 7855 7854
7532  3 2 1 1 7850  599  598 7855
7533  3 2 1 1  691 7851 7856  692
7534  3 2 1 1 7851 7852 7857 7856
7535  3 2 1 1 7852 7853 7858 7857
7536  3 2 1 1 7853 7854 7859 7858
7537  3 2 1 1 7854 7855 7860 7859
7538  3 2 1 1 7855  598  597 7860
7539  3 2 1 1  692 7856 7861  693
7540  3 2 1 1 7856 7857 7862 7861
7541  3 2 1 1 7857 7858 7863 7862
7542  3 2 1 1 7858 7859 7864 7863
7543  3 2 1 1 7859 7860 7865 7864
7544  3 2 1 1 7860  597  596 7865
7545  3 2 1 1  693 7861 7866  694
7546  3 2 1 1 7861 7862 7867 7866
7547  3 2 1 1 7862 7863 7868 7867
7548  3 2 1 1 7863 7864 7869 7868
7549  3 2 1 1 7864 7865 7870 7869
7550  3 2 1 1 7865  596  595 7870
7551  3 2 1 1  694 7866 7871  695
7552  3 2 1 1 7866 7867 7872 7871
7553  3 2 1 1 7867 7868 7873 7872
7554  3 2 1 1 7868 7869 7874 7873
7555  3 2 1 1 7869 7870 7875 7874
7556  3 2 1 1 7870  595  594 7875
7557  3 2 1 1  695 7871 7876  696
7558  3 2 1 1 7871 7872 7877 7876
7559  3 2 1 1 7872 7873 7878 7877
7560  3 2 1 1 7873 7874 7879 7878
7561  3 2 1 1 7874 7875 7880 7879
7562  3 2 1 1 7875  594  593 7880
7563  3 2 1 1  696 7876 7881  697
7564  3 2 1 1 7876 7877 7882 7881
7565  3 2 1 1 7877 7878 7883 7882
7566  3 2 1 1 7878 7879 7884 7883
7567  3 2 1 1 7879 7880 7885 7884
7568  3 2 1 1 7880  593  592 7885
7569  3 2 1 1  697 7881 7886  698
7570  3 2 1 1 7881 7882 7887 7886
7571  3 2 1 1 7882 7883 7888 7887
7572  3 2 1 1 7883 7884 7889 7888
7573  3 2 1 1 7884 7885 7890 7889
7574  3 2 1 1 7885  592  591 7890
7575  3 2 1 1  698 7886 7891  699
7576  3 2 1 1 7886 7887 7892 7891
7577  3 2 1 1 7887 7888 7893 7892
7578  3 2 1 1 7888 7889 7894 7893
7579  3 2 1 1 7889 7890 7895 7894
7580  3 2 1 1 7890  591  590 7895
7581  3 2 1 1  699 7891 7896  700
7582  3 2 1 1 7891 7892 7897 7896
7583  3 2 1 1 7892 7893 7898 7897
7584  3 2 1 1 7893 7894 7899 7898
7585  3 2 1 1 7894 7895 7900 7899
7586  3 2 1 1 7895  590  589 7900
7587  3 2 1 1  700 7896 7901  701
7588  3 2 1 1 7896 7897 7902 7901
7589  3 2 1 1 7897 7898 7903 7902
7590  3 2 1 1 7898 7899 7904 7903
7591  3 2 1 1 7899 7900 7905 7904
7592  3 2 1 1 7900  589  588 7905
7593  3 2 1 1  701 7901  583   13
7594  3 2 1 1 7901 7902  584  583
7595  3 2 1 1 7902 7903  585  584
7596  3 2 1 1 7903 7904  586  585
7597  3 2 1 1 7904 7905  587  586
7598  3 2 1 1 7905  588   14  587
7599  1 2 2 2    1   17
7600  1 2 2 2   17   18
7601  1 2 2 2   18   19
7602  1 2 2 2   19   20
7603  1 2 2 2   20   21
7604  1 2 2 2   21   22
7605  1 2 2 2   22   23
7606  1 2 2 2   23   24
7607  1 2 2 2   24   25
7608  1 2 2 2   25   26
7609  1 2 2 2   26   27
7610  1 2 2 2   27   28
7611  1 2 2 2   28   29
7612  1 2 2 2   29   30
7613  1 2 2 2   30   31
7614  1 2 2 2   31   32
7615  1 2 2 2   32   33
7616  1 2 2 2   33   34
7617  1 2 2 2   34   35
7618  1 2 2 2   35   36
7619  1 2 2 2   36   37
7620  1 2 2 2   37   38
7621  1 2 2 2   38   39
7622  1 2 2 2   39   40
7623  1 2 2 2   40   41
7624  1 2 2 2   41   42
7625  1 2 2 2   42   43
7626  1 2 2 2   43   44
7627  1 2 2 2   44   45
7628  1 2 2 2   45   46
7629  1 2 2 2   46   47
7630  1 2 2 2   47   48
7631  1 2 2 2   48   49
7632  1 2 2 2   49   50
7633  1 2 2 2   50   51
7634  1 2 2 2   51   52
7635  1 2 2 2   52   53
7636  1 2 2 2   53   54
7637  1 2 2 2   54   55
7638  1 2 2 2   55   56
7639  1 2 2 2   56   57
7640  1 2 2 2   57   58
7641  1 2 2 2   58   59
7642  1 2 2 2   59   60
7643  1 2 2 2   60   61
7644  1 2 2 2   61   62
7645  1 2 2 2   62   63
7646  1 2 2 2   63   64
7647  1 2 2 2   64   65
7648  1 2 2 2   65   66
7649  1 2 2 2   66   67
7650  1 2 2 2   67   68
7651  1 2 2 2   68   69
7652  1 2 2 2   69   70
7653  1 2 2 2   70   71
7654  1 2 2 2   71   72
7655  1 2 2 2   72   73
7656  1 2 2 2   73   74
7657  1 2 2 2   74   75
7658  1 2 2 2   75   76
7659  1 2 2 2   76   77
7660  1 2 2 2   77   78
7661  1 2 2 2   78   79
7662  1 2 2 2   79   80
7663  1 2 2 2   80   81
7664  1 2 2 2   81   82
7665  1 2 2 2   82   83
7666  1 2 2 2   83   84
7667  1 2 2 2   84   85
7668  1 2 2 2   85   86
7669  1 2 2 2   86   87
7670  1 2 2 2   87   88
7671  1 2 2 2   88   89
7672  1 2 2 2   89   90
7673  1 2 2 2   90   91
7674  1 2 2 2   91   92
7675  1 2 2 2   92   93
7676  1 2 2 2   93   94
7677  1 2 2 2   94   95
7678  1 2 2 2   95    2
7679  1 2 2 2    2   96
7680  1 2 2 2   96   97
7681  1 2 2 2   97   98
7682  1 2 2 2   98   99
7683  1 2 2 2   99  100
7684  1 2 2 2  100  101
7685  1 2 2 2  101  102
7686  1 2 2 2  102  103
7687  1 2 2 2  103  104
7688  1 2 2 2  104  105
7689  1 2 2 2  105  106
7690  1 2 2 2  106  107
7691  1 2 2 2  107  108
7692  1 2 2 2  108  109
7693  1 2 2 2  109  110
7694  1 2 2 2  110  111
7695  1 2 2 2  111  112
7696  1 2 2 2  112  113
7697  1 2 2 2  113  114
7698  1 2 2 2  114  115
7699  1 2 2 2  115  116
7700  1 2 2 2  116  117
7701  1 2 2 2  117  118
7702  1 2 2 2  118  119
7703  1 2 2 2  119  120
7704  1 2 2 2  120  121
7705  1 2 2 2  121  122
7706  1 2 2 2  122  123
7707  1 2 2 2  123  124
7708  1 2 2 2  124  125
7709  1 2 2 2  125  126
7710  1 2 2 2  126  127
7711  1 2 2 2  127  128
7712  1 2 2 2  128  129
7713  1 2 2 2  129  130
7714  1 2 2 2  130  131
7715  1 2 2 2  131  132
7716  1 2 2 2  132  133
7717  1 2 2 2  133  134
7718  1 2 2 2  134  135
7719  1 2 2 2  135  136
7720  1 2 2 2  136  137
7721  1 2 2 2  137  138
7722  1 2 2 2  138  139
7723  1 2 2 2  139  140
7724  1 2 2 2  140  141
7725  1 2 2 2  141  142
7726  1 2 2 2  142  143
7727  1 2 2 2  143  144
7728  1 2 2 2  144  145
7729  1 2 2 2  145  146
7730  1 2 2 2  146  147
7731  1 2 2 2  147  148
7732  1 2 2 2  148  149
7733  1 2 2 2  149  150
7734  1 2 2 2  150  151
7735  1 2 2 2  151  152
7736  1 2 2 2  152  153
7737  1 2 2 2  153  154
7738  1 2 2 2  154  155
7739  1 2 2 2  155  156
7740  1 2 2 2  156  157
7741  1 2 2 2  157  158
7742  1 2 2 2  158  159
7743  1 2 2 2  159  160
7744  1 2 2 2  160  161
7745  1 2 2 2  161  162
7746  1 2 2 2  162  163
7747  1 2 2 2  163  164
7748  1 2 2 2  164  165
7749  1 2 2 2  165  166
7750  1 2 2 2  166  167
7751  1 2 2 2  167  168
7752  1 2 2 2  168  169
7753  1 2 2 2  169  170
7754  1 2 2 2  170  171
7755  1 2 2 2  171  172
7756  1 2 2 2  172  173
7757  1 2 2 2  173  174
7758  1 2 2 2  174  175
7759  1 2 2 2  175  176
7760  1 2 2 2  176  177
7761  1 2 2 2  177  178
7762  1 2 2 2  178  179
7763  1 2 2 2  179  180
7764  1 2 2 2  180  181
7765  1 2 2 2  181  182
7766  1 2 2 2  182  183
7767  1 2 2 2  183  184
7768  1 2 2 2  184  185
7769  1 2 2 2  185  186
7770  1 2 2 2  186  187
7771  1 2 2 2  187  188
7772  1 2 2 2  188  189
7773  1 2 2 2  189  190
7774  1 2 2 2  190  191
7775  1 2 2 2  191  192
7776  1 2 2 2  192  193
7777  1 2 2 2  193  194
7778  1 2 2 2  194    3
7779  1 2 2 2    3  195
7780  1 2 2 2  195  196
7781  1 2 2 2  196  197
7782  1 2 2 2  197  198
7783  1 2 2 2  198  199
7784  1 2 2 2  199  200
7785  1 2 2 2  200  201
7786  1 2 2 2  201  202
7787  1 2 2 2  202  203
7788  1 2 2 2  203  204
7789  1 2 2 2  204  205
7790  1 2 2 2  205  206
7791  1 2 2 2  206  207
7792  1 2 2 2  207  208
7793  1 2 2 2  208  209
7794  1 2 2 2  209  210
7795  1 2 2 2  210  211
7796  1 2 2 2  211  212
7797  1 2 2 2  212  213
7798  1 2 2 2  213  214
7799  1 2 2 2  214  215
7800  1 2 2 2  215    4
7801  1 2 2 2  629   16
7802  1 2 2 2  630  629
7803  1 2 2 2  631  630
7804  1 2 2 2  632  631
7805  1 2 2 2  633  632
7806  1 2 2 2  634  633
7807  1 2 2 2  635  634
7808  1 2 2 2  636  635
7809  1 2 2 2  637  636
7810  1 2 2 2  638  637
7811  1 2 2 2  639  638
7812  1 2 2 2  640  639
7813  1 2 2 2  641  640
7814  1 2 2 2  642  641
7815  1 2 2 2  643  642
7816  1 2 2 2  644  643
7817  1 2 2 2  645  644
7818  1 2 2 2  646  645
7819  1 2 2 2  647  646
7820  1 2 2 2  648  647
7821  1 2 2 2  649  648
7822  1 2 2 2  650  649
7823  1 2 2 2  651  650
7824  1 2 2 2  652  651
7825  1 2 2 2  653  652
7826  1 2 2 2  654  653
7827  1 2 2 2  655  654
7828  1 2 2 2  656  655
7829  1 2 2 2  657  656
7830  1 2 2 2  658  657
7831  1 2 2 2  659  658
7832  1 2 2 2  660  659
7833  1 2 2 2  661  660
7834  1 2 2 2  662  661
7835  1 2 2 2  663  662
7836  1 2 2 2  664  663
7837  1 2 2 2  665  664
7838  1 2 2 2    4  665
7839  1 2 2 2  624   15
7840  1 2 2 2  625  624
7841  1 2 2 2  626  625
7842  1 2 2 2  627  626
7843  1 2 2 2  628  627
7844  1 2 2 2   16  628
7845  1 2 3 3   11  368
7846  1 2 3 3  368  369
7847  1 2 3 3  369  370
7848  1 2 3 3  370  371
7849  1 2 3 3  371  372
7850  1 2 3 3  372  373
7851  1 2 3 3  373  374
7852  1 2 3 3  374  375
7853  1 2 3 3  375  376
7854  1 2 3 3  376  377
7855  1 2 3 3  377  378
7856  1 2 3 3  378  379
7857  1 2 3 3  379  380
7858  1 2 3 3  380  381
7859  1 2 3 3  381  382
7860  1 2 3 3  382  383
7861  1 2 3 3  383  384
7862  1 2 3 3  384  385
7863  1 2 3 3  385  386
7864  1 2 3 3  386    1
7865  1 2 4 4   10  351
7866  1 2 4 4  351  352
7867  1 2 4 4  352  353
7868  1 2 4 4  353  354
7869  1 2 4 4  354  355
7870  1 2 4 4  355  356
7871  1 2 4 4  356  357
7872  1 2 4 4  357  358
7873  1 2 4 4  358  359
7874  1 2 4 4  359  360
7875  1 2 4 4  360  361
7876  1 2 4 4  361  362
7877  1 2 4 4  362  363
7878  1 2 4 4  363  364
7879  1 2 4 4  364  365
7880  1 2 4 4  365  366
7881  1 2 4 4  366  367
7882  1 2 4 4  367   11
7883  1 2 5 5  546   12
7884  1 2 5 5  547  546
7885  1 2 5 5  548  547
7886  1 2 5 5  549  548
7887  1 2 5 5  550  549
7888  1 2 5 5  551  550
7889  1 2 5 5  552  551
7890  1 2 5 5  553  552
7891  1 2 5 5  554  553
7892  1 2 5 5  555  554
7893  1 2 5 5  556  555
7894  1 2 5 5  557  556
7895  1 2 5 5  558  557
7896  1 2 5 5  559  558
7897  1 2 5 5  560  559
7898  1 2 5 5  561  560
7899  1 2 5 5  562  561
7900  1 2 5 5  563  562
7901  1 2 5 5  564  563
7902  1 2 5 5  565  564
7903  1 2 5 5  566  565
7904  1 2 5 5  567  566
7905  1 2 5 5  568  567
7906  1 2 5 5  569  568
7907  1 2 5 5  570  569
7908  1 2 5 5  571  570
7909  1 2 5 5  572  571
7910  1 2 5 5  573  572
7911  1 2 5 5  574  573
7912  1 2 5 5  575  574
7913  1 2 5 5  576  575
7914  1 2 5 5  577  576
7915  1 2 5 5  578  577
7916  1 2 5 5  579  578
7917  1 2 5 5  580  579
7918  1 2 5 5  581  580
7919  1 2 5 5  582  581
7920  1 2 5 5   13  582
7921  1 2 5 5  583   13
7922  1 2 5 5  584  583
7923  1 2 5 5  585  584
7924  1 2 5 5  586  585
7925  1 2 5 5  587  586
7926  1 2 5 5   14  587
7927  1 2 6 6  588   14
7928  1 2 6 6  589  588
7929  1 2 6 6  590  589
7930  1 2 6 6  591  590
7931  1 2 6 6  592  591
7932  1 2 6 6  593  592
7933  1 2 6 6  594  593
7934  1 2 6 6  595  594
7935  1 2 6 6  596  595
7936  1 2 6 6  597  596
7937  1 2 6 6  598  597
7938  1 2 6 6  599  598
7939  1 2 6 6  600  599
7940  1 2 6 6  601  600
7941  1 2 6 6  602  601
7942  1 2 6 6  603  602
7943  1 2 6 6  604  603
7944  1 2 6 6  605  604
7945  1 2 6 6  606  605
7946  1 2 6 6  607  606
7947  1 2 6 6  608  607
7948  1 2 6 6  609  608
7949  1 2 6 6  610  609
7950  1 2 6 6  611  610
7951  1 2 6 6  612  611
7952  1 2 6 6  613  612
7953  1 2 6 6  614  613
7954  1 2 6 6  615  614
7955  1 2 6 6  616  615
7956  1 2 6 6  617  616
7957  1 2 6 6  618  617
7958  1 2 6 6  619  618
7959  1 2 6 6  620  619
7960  1 2 6 6  621  620
7961  1 2 6 6  622  621
7962  1 2 6 6  623  622
7963  1 2 6 6   15  623
7964  1 2 7 7  525    5
7965  1 2 7 7  526  525
7966  1 2 7 7  527  526
7967  1 2 7 7  528  527
7968  1 2 7 7  529  528
7969  1 2 7 7  530  529
7970  1 2 7 7  531  530
7971  1 2 7 7  532  531
7972  1 2 7 7  533  532
7973  1 2 7 7  534  533
7974  1 2 7 7  535  534
7975  1 2 7 7  536  535
7976  1 2 7 7  537  536
7977  1 2 7 7  538  537
7978  1 2 7 7  539  538
7979  1 2 7 7  540  539
7980  1 2 7 7  541  540
7981  1 2 7 7  542  541
7982  1 2 7 7  543  542
7983  1 2 7 7  544  543
7984  1 2 7 7  545  544
7985  1 2 7 7   12  545
7986  1 2 8 8    8  261
7987  1 2 8 8  261  262
7988  1 2 8 8  262  263
7989  1 2 8 8  263  264
7990  1 2 8 8  264  265
7991  1 2 8 8  265  266
7992  1 2 8 8  266  267
7993  1 2 8 8  267  268
7994  1 2 8 8  268  269
7995  1 2 8 8  269  270
7996  1 2 8 8  270  271
7997  1 2 8 8  271    9
7998  1 2 8 8    9  272
7999  1 2 8 8  272  273
8000  1 2 8 8  273  274
8001  1 2 8 8  274  275
8002  1 2 8 8  275  276
8003  1 2 8 8  276  277
8004  1 2 8 8  277  278
8005  1 2 8 8  278  279
8006  1 2 8 8  279  280
8007  1 2 8 8  280  281
8008  1 2 8 8  281  282
8009  1 2 8 8  282  283
8010  1 2 8 8  283  284
8011  1 2 8 8  284  285
8012  1 2 8 8  285  286
8013  1 2 8 8  286  287
8014  1 2 8 8  287  288
8015  1 2 8 8  288  289
8016  1 2 8 8  289  290
8017  1 2 8 8  290  291
8018  1 2 8 8  291  292
8019  1 2 8 8  292  293
8020  1 2 8 8  293  294
8021  1 2 8 8  294  295
8022  1 2 8 8  295  296
8023  1 2 8 8  296  297
8024  1 2 8 8  297  298
8025  1 2 8 8  298  299
8026  1 2 8 8  299  300
8027  1 2 8 8  300  301
8028  1 2 8 8  301  302
8029  1 2 8 8  302  303
8030  1 2 8 8  303  304
8031  1 2 8 8  304  305
8032  1 2 8 8  305  306
8033  1 2 8 8  306  307
8034  1 2 8 8  307  308
8035  1 2 8 8  308  309
8036  1 2 8 8  309  310
8037  1 2 8 8  310  311
8038  1 2 8 8  311  312
8039  1 2 8 8  312  313
8040  1 2 8 8  313  314
8041  1 2 8 8  314  315
8042  1 2 8 8  315  316
8043  1 2 8 8  316  317
8044  1 2 8 8  317  318
8045  1 2 8 8  318  319
8046  1 2 8 8  319  320
8047  1 2 8 8  320  321
8048  1 2 8 8  321  322
8049  1 2 8 8  322  323
8050  1 2 8 8  323  324
8051  1 2 8 8  324  325
8052  1 2 8 8  325  326
8053  1 2 8 8  326  327
8054  1 2 8 8  327  328
8055  1 2 8 8  328  329
8056  1 2 8 8  329  330
8057  1 2 8 8  330  331
8058  1 2 8 8  331  332
8059  1 2 8 8  332  333
8060  1 2 8 8  333  334
8061  1 2 8 8  334  335
8062  1 2 8 8  335  336
8063  1 2 8 8  336  337
8064  1 2 8 8  337  338
8065  1 2 8 8  338  339
8066  1 2 8 8  339  340
8067  1 2 8 8  340  341
8068  1 2 8 8  341  342
8069  1 2 8 8  342  343
8070  1 2 8 8  343  344
8071  1 2 8 8  344  345
8072  1 2 8 8  345  346
8073  1 2 8 8  346  347
8074  1 2 8 8  347  348
8075  1 2 8 8  348  349
8076  1 2 8 8  349  350
8077  1 2 8 8  350   10
8078  1 2 8 8    6  251
8079  1 2 8 8  251  252
8080  1 2 8 8  252  253
8081  1 2 8 8  253  254
8082  1 2 8 8  254  255
8083  1 2 8 8  255  256
8084  1 2 8 8  256  257
8085  1 2 8 8  257  258
8086  1 2 8 8  258  259
8087  1 2 8 8  259  260
8088  1 2 8 8  260    7
8089  1 2 8 8    7  426
8090  1 2 8 8  426  427
8091  1 2 8 8  427  428
8092  1 2 8 8  428  429
8093  1 2 8 8  429  430
8094  1 2 8 8  430  431
8095  1 2 8 8  431  432
8096  1 2 8 8  432  433
8097  1 2 8 8  433  434
8098  1 2 8 8  434  435
8099  1 2 8 8  435  436
8100  1 2 8 8  436  437
8101  1 2 8 8  437  438
8102  1 2 8 8  438  439
8103  1 2 8 8  439  440
8104  1 2 8 8  440  441
8105  1 2 8 8  441  442
8106  1 2 8 8  442  443
8107  1 2 8 8  443  444
8108  1 2 8 8  444  445
8109  1 2 8 8  445  446
8110  1 2 8 8  446  447
8111  1 2 8 8  447  448
8112  1 2 8 8  448  449
8113  1 2 8 8  449  450
8114  1 2 8 8  450  451
8115  1 2 8 8  451  452
8116  1 2 8 8  452  453
8117  1 2 8 8  453  454
8118  1 2 8 8  454  455
8119  1 2 8 8  455  456
8120  1 2 8 8  456  457
8121  1 2 8 8  457  458
8122  1 2 8 8  458  459
8123  1 2 8 8  459  460
8124  1 2 8 8  460  461
8125  1 2 8 8  461  462
8126  1 2 8 8  462  463
8127  1 2 8 8  463  464
8128  1 2 8 8  464  465
8129  1 2 8 8  465  466
8130  1 2 8 8  466  467
8131  1 2 8 8  467  468
8132  1 2 8 8  468  469
8133  1 2 8 8  469  470
8134  1 2 8 8  470  471
8135  1 2 8 8  471  472
8136  1 2 8 8  472  473
8137  1 2 8 8  473  474
8138  1 2 8 8  474  475
8139  1 2 8 8  475  476
8140  1 2 8 8  476  477
8141  1 2 8 8  477  478
8142  1 2 8 8  478  479
8143  1 2 8 8  479  480
8144  1 2 8 8  480  481
8145  1 2 8 8  481  482
8146  1 2 8 8  482  483
8147  1 2 8 8  483  484
8148  1 2 8 8  484  485
8149  1 2 8 8  485  486
8150  1 2 8 8  486  487
8151  1 2 8 8  487  488
8152  1 2 8 8  488  489
8153  1 2 8 8  489  490
8154  1 2 8 8  490  491
8155  1 2 8 8  491  492
8156  1 2 8 8  492  493
8157  1 2 8 8  493  494
8158  1 2 8 8  494  495
8159  1 2 8 8  495  496
8160  1 2 8 8  496  497
8161  1 2 8 8  497  498
8162  1 2 8 8  498  499
8163  1 2 8 8  499  500
8164  1 2 8 8  500  501
8165  1 2 8 8  501  502
8166  1 2 8 8  502  503
8167  1 2 8 8  503  504
8168  1 2 8 8  504  505
8169  1 2 8 8  505  506
8170  1 2 8 8  506  507
8171  1 2 8 8  507  508
8172  1 2 8 8  508  509
8173  1 2 8 8  509  510
8174  1 2 8 8  510  511
8175  1 2 8 8  511  512
8176  1 2 8 8  512  513
8177  1 2 8 8  513  514
8178  1 2 8 8  514  515
8179  1 2 8 8  515  516
8180  1 2 8 8  516  517
8181  1 2 8 8  517  518
8182  1 2 8 8  518  519
8183  1 2 8 8  519  520
8184  1 2 8 8  520  521
8185  1 2 8 8  521  522
8186  1 2 8 8  522  523
8187  1 2 8 8  523  524
8188  1 2 8 8  524    8
8189  1 2 8 8    5  230
8190  1 2 8 8  230  231
8191  1 2 8 8  231  232
8192  1 2 8 8  232  233
8193  1 2 8 8  233  234
8194  1 2 8 8  234  235
8195  1 2 8 8  235  236
8196  1 2 8 8  236  237
8197  1 2 8 8  237  238
8198  1 2 8 8  238  239
8199  1 2 8 8  239  240
8200  1 2 8 8  240  241
8201  1 2 8 8  241  242
8202  1 2 8 8  242  243
8203  1 2 8 8  243  244
8204  1 2 8 8  244  245
8205  1 2 8 8  245  246
8206  1 2 8 8  246  247
8207  1 2 8 8  247  248
8208  1 2 8 8  248  249
8209  1 2 8 8  249  250
8210  1 2 8 8  250    6
$EndElements
$Comments
-------------------------------------------------------
NumNames
Dim Id Name
-------------------------------------------------------
$EndComments
$PhysicalNames
8
2 1 "Unspecified"
1 2 "Axis"
1 3 "BotWall"
1 4 "Inlet"
1 5 "JetWall"
1 6 "Outlet"
1 7 "TopWall"
1 8 "TorchWall"
$EndPhysicalNames
