$Comments
-------------------------------------------------------
File exported by Pointwise (www.pointwise.com)
-------------------------------------------------------
$EndComments
$MeshFormat
2.2 0 8
$EndMeshFormat
$Comments
-------------------------------------------------------
NumNodes
Id x y z
-------------------------------------------------------
$EndComments
$Nodes
9649
   1 0 0.01 0
   2 0 0.5 0
   3 0.075 0.5 0
   4 0.075 0.3404108 0
   5 0.015 0.3404108 0
   6 0.0280669961853027 0.01 0
   7 0.002083333333333333 0.5 0
   8 0.004166666666666667 0.5 0
   9 0.006250000000000001 0.5 0
  10 0.008333333333333333 0.5 0
  11 0.01041666666666667 0.5 0
  12 0.0125 0.5 0
  13 0.01458333333333333 0.5 0
  14 0.01666666666666667 0.5 0
  15 0.01875 0.5 0
  16 0.02083333333333333 0.5 0
  17 0.02291666666666667 0.5 0
  18 0.025 0.5 0
  19 0.02708333333333333 0.5 0
  20 0.02916666666666667 0.5 0
  21 0.03125 0.5 0
  22 0.03333333333333334 0.5 0
  23 0.03541666666666667 0.5 0
  24 0.03749999999999999 0.5 0
  25 0.03958333333333333 0.5 0
  26 0.04166666666666666 0.5 0
  27 0.04375 0.5 0
  28 0.04583333333333333 0.5 0
  29 0.04791666666666666 0.5 0
  30 0.05 0.5 0
  31 0.05208333333333333 0.5 0
  32 0.05416666666666667 0.5 0
  33 0.05625 0.5 0
  34 0.05833333333333333 0.5 0
  35 0.06041666666666667 0.5 0
  36 0.0625 0.5 0
  37 0.06458333333333333 0.5 0
  38 0.06666666666666667 0.5 0
  39 0.06874999999999999 0.5 0
  40 0.07083333333333333 0.5 0
  41 0.07291666666666666 0.5 0
  42 0.075 0.4916666666666667 0
  43 0.075 0.4833333333333333 0
  44 0.075 0.475 0
  45 0.075 0.4666666666666667 0
  46 0.075 0.4583333333333333 0
  47 0.075 0.45 0
  48 0.075 0.4413403192975384 0
  49 0.075 0.4333590819988847 0
  50 0.075 0.4260026386084584 0
  51 0.075 0.4192215394654619 0
  52 0.075 0.4129702023456248 0
  53 0.075 0.4072066060596712 0
  54 0.075 0.401892007988894 0
  55 0.075 0.3969906836591245 0
  56 0.075 0.3924696866025248 0
  57 0.075 0.3882986268930052 0
  58 0.075 0.384449466866595 0
  59 0.075 0.3808963326536047 0
  60 0.075 0.3776153402557113 0
  61 0.075 0.3745844349988631 0
  62 0.075 0.3717832432828154 0
  63 0.075 0.369192935630763 0
  64 0.075 0.3667961001184979 0
  65 0.075 0.3645766253322866 0
  66 0.075 0.362519592068718 0
  67 0.07500000000000001 0.3606111730485299 0
  68 0.075 0.3588385399703005 0
  69 0.075 0.3571897772792179 0
  70 0.075 0.3556538020712913 0
  71 0.075 0.3542202895946002 0
  72 0.075 0.3528796038468049 0
  73 0.075 0.3516227328023998 0
  74 0.075 0.3504412278343087 0
  75 0.075 0.3493271469226179 0
  76 0.075 0.3482730012686971 0
  77 0.07500000000000001 0.347271704955854 0
  78 0.075 0.3463165273181403 0
  79 0.075 0.3454010476971374 0
  80 0.075 0.3445191122825971 0
  81 0.075 0.3436647927468236 0
  82 0.075 0.3428323463947379 0
  83 0.07500000000000001 0.3420161775617562 0
  84 0.075 0.3412108 0
  85 0.07000000000000001 0.3404108 0
  86 0.06496610051821829 0.3404108 0
  87 0.05998057774945998 0.3404108 0
  88 0.05512258961273972 0.3404108 0
  89 0.05046328648225316 0.3404108 0
  90 0.04606196027669412 0.3404108 0
  91 0.04196362817663754 0.3404108 0
  92 0.03819816523310116 0.3404108 0
  93 0.03478083899922105 0.3404108 0
  94 0.03171391799148864 0.3404108 0
  95 0.02898894723902838 0.3404108 0
  96 0.02658929767535547 0.3404108 0
  97 0.02449267091215919 0.3404108 0
  98 0.02267334200653787 0.3404108 0
  99 0.0211040220805408 0.3404108 0
 100 0.01975730332427907 0.3404108 0
 101 0.01860670487820576 0.3404108 0
 102 0.01762737054520571 0.3404108 0
 103 0.01679648315107035 0.3404108 0
 104 0.016093461547557 0.3404108 0
 105 0.0155 0.3404108 0
 106 0.0280039961853027 0.01 0
 107 0.02793716770026679 0.01 0
 108 0.0278662594908309 0.01 0
 109 0.02779100157133366 0.01 0
 110 0.02771110353706901 0.01 0
 111 0.02762625270933322 0.01 0
 112 0.02753611207440501 0.01 0
 113 0.02744031798894118 0.01 0
 114 0.02733847761997171 0.01 0
 115 0.02723016608260974 0.01 0
 116 0.02711492323259742 0.01 0
 117 0.02699225006369609 0.01 0
 118 0.026861604651462 0.01 0
 119 0.0267223975748356 0.01 0
 120 0.02657398673484724 0.01 0
 121 0.0264156714751542 0.01 0
 122 0.02624668589150055 0.01 0
 123 0.02606619119581855 0.01 0
 124 0.02587326697465701 0.01 0
 125 0.02566690114977329 0.01 0
 126 0.02544597840958138 0.01 0
 127 0.02520926683180255 0.01 0
 128 0.02495540235765092 0.01 0
 129 0.02468287070298867 0.01 0
 130 0.02438998619788676 0.01 0
 131 0.0240748669273575 0.01 0
 132 0.02373540539527428 0.01 0
 133 0.023369233740726 0.01 0
 134 0.02297368228784219 0.01 0
 135 0.02254572988816607 0.01 0
 136 0.02208194409376872 0.01 0
 137 0.02157840864452275 0.01 0
 138 0.02103063501522711 0.01 0
 139 0.02043345377800969 0.01 0
 140 0.0197808801927787 0.01 0
 141 0.01906594659837693 0.01 0
 142 0.01828049162593197 0.01 0
 143 0.0174148926747068 0.01 0
 144 0.0164577229957578 0.01 0
 145 0.01539530737385235 0.01 0
 146 0.01421113961193414 0.01 0
 147 0.01288510892900396 0.01 0
 148 0.01139245791224364 0.01 0
 149 0.009702356675702663 0.01 0
 150 0.007775917530131684 0.01 0
 151 0.005563376115988557 0.01 0
 152 0.00299999999999999 0.01 0
 153 0.015 0.3396108 0
 154 0.015 0.3387312256575959 0
 155 0.015 0.3377709253064718 0
 156 0.015 0.3367304903904721 0
 157 0.015 0.33561254757873 0
 158 0.015 0.3344219805008777 0
 159 0.015 0.3331660444657269 0
 160 0.015 0.3318543417224903 0
 161 0.015 0.3304986353792964 0
 162 0.015 0.329112496586461 0
 163 0.015 0.3277108 0
 164 0.015 0.326309103413539 0
 165 0.015 0.3249229646207036 0
 166 0.015 0.3235672582775097 0
 167 0.015 0.3222555555342731 0
 168 0.015 0.3209996194991223 0
 169 0.015 0.31980905242127 0
 170 0.015 0.3186911096095278 0
 171 0.015 0.3176506746935282 0
 172 0.015 0.3166903743424041 0
 173 0.015 0.3158108 0
 174 0.015 0.3150108 0
 175 0.015063 0.3150108 0
 176 0.01515197629869467 0.3150108 0
 177 0.0152766361532599 0.3150108 0
 178 0.01544934275969107 0.3150108 0
 179 0.01568493383581604 0.3150108 0
 180 0.0159996004002981 0.3150108 0
 181 0.01640825192726532 0.3150108 0
 182 0.01692004110481805 0.3150108 0
 183 0.01753263771782648 0.3150108 0
 184 0.01822739793898818 0.3150108 0
 185 0.01896875 0.3150108 0
 186 0.01971010206101181 0.3150108 0
 187 0.02040486228217352 0.3150108 0
 188 0.02101745889518195 0.3150108 0
 189 0.02152924807273467 0.3150108 0
 190 0.02193789959970189 0.3150108 0
 191 0.02225256616418395 0.3150108 0
 192 0.02248815724030892 0.3150108 0
 193 0.0226608638467401 0.3150108 0
 194 0.02278552370130533 0.3150108 0
 195 0.0228745 0.3150108 0
 196 0.0229375 0.3150108 0
 197 0.0242569961853029 0.1238504 0
 198 0.0243569961853029 0.1238504 0
 199 0.02458085766975241 0.1238504 0
 200 0.02493000687135691 0.1238504 0
 201 0.02536156475523899 0.1238504 0
 202 0.02579599173218176 0.1238504 0
 203 0.0261619961853028 0.1238504 0
 204 0.02652800063842384 0.1238504 0
 205 0.02696242761536665 0.1238504 0
 206 0.02739398549924878 0.1238504 0
 207 0.02774313470085326 0.1238504 0
 208 0.02796699618530271 0.1238504 0
 209 0.0280669961853027 0.1235504 0
 210 0.0280669961853027 0.1232374508082683 0
 211 0.0280669961853027 0.1229105352507567 0
 212 0.0280669961853027 0.1225685993333743 0
 213 0.0280669961853027 0.1222105517190787 0
 214 0.0280669961853027 0.1218352633504471 0
 215 0.0280669961853027 0.1214415672379532 0
 216 0.0280669961853027 0.1210282584355231 0
 217 0.0280669961853027 0.1205940942263032 0
 218 0.0280669961853027 0.1201377945429337 0
 219 0.0280669961853027 0.1196546591628018 0
 220 0.0280669961853027 0.1191463547278049 0
 221 0.0280669961853027 0.1186114787316668 0
 222 0.0280669961853027 0.1180485979956751 0
 223 0.0280669961853027 0.1174562512703126 0
 224 0.0280669961853027 0.1168329523137684 0
 225 0.0280669961853027 0.1161771934805948 0
 226 0.0280669961853027 0.1154874498533036 0
 227 0.0280669961853027 0.1147621839488936 0
 228 0.0280669961853027 0.113999851031204 0
 229 0.0280669961853027 0.1131937548354024 0
 230 0.0280669961853027 0.1123471073699241 0
 231 0.0280669961853027 0.1114583945886265 0
 232 0.0280669961853027 0.1105261307995092 0
 233 0.0280669961853027 0.109548868294224 0
 234 0.0280669961853027 0.1085252076858443 0
 235 0.0280669961853027 0.1074538089340437 0
 236 0.0280669961853027 0.106333403027098 0
 237 0.0280669961853027 0.1051628042797683 0
 238 0.0280669961853027 0.1039409231951715 0
 239 0.0280669961853027 0.1026601934721573 0
 240 0.0280669961853027 0.1013261978407729 0
 241 0.0280669961853027 0.09993829878938065 0
 242 0.0280669961853027 0.09849602183723788 0
 243 0.0280669961853027 0.09699906951146296 0
 244 0.0280669961853027 0.09544733493101148 0
 245 0.0280669961853027 0.09384091481255318 0
 246 0.0280669961853027 0.09218012170450064 0
 247 0.0280669961853027 0.09046549524830484 0
 248 0.0280669961853027 0.08869781226049775 0
 249 0.0280669961853027 0.0868737362493638 0
 250 0.0280669961853027 0.08495118923495615 0
 251 0.0280669961853027 0.08293413570483132 0
 252 0.0280669961853027 0.08082725339671802 0
 253 0.0280669961853027 0.07863592835254746 0
 254 0.0280669961853027 0.07636623887969123 0
 255 0.0280669961853027 0.07402492795132323 0
 256 0.0280669961853027 0.07161936388811123 0
 257 0.0280669961853027 0.06915748950696038 0
 258 0.0280669961853027 0.06664776028479774 0
 259 0.0280669961853027 0.06409676614272314 0
 260 0.0280669961853027 0.06151722194364365 0
 261 0.0280669961853027 0.05891870573738451 0
 262 0.0280669961853027 0.05631095191730284 0
 263 0.0280669961853027 0.05370375332380303 0
 264 0.0280669961853027 0.05110686279606548 0
 265 0.0280669961853027 0.04852989636020942 0
 266 0.0280669961853027 0.0459822401515008 0
 267 0.0280669961853027 0.04347296299761129 0
 268 0.0280669961853027 0.04101073635098019 0
 269 0.0280669961853027 0.03860675644369006 0
 270 0.0280669961853027 0.03626674319307707 0
 271 0.0280669961853027 0.03399769222607731 0
 272 0.0280669961853027 0.03180596369562691 0
 273 0.0280669961853027 0.02969725641377528 0
 274 0.0280669961853027 0.02767659286261632 0
 275 0.0280669961853027 0.02574831445007022 0
 276 0.0280669961853027 0.02391608617451872 0
 277 0.0280669961853027 0.02218290971365344 0
 278 0.0280669961853027 0.0205511438571048 0
 279 0.0280669961853027 0.01902884294739304 0
 280 0.0280669961853027 0.0176111729763567 0
 281 0.0280669961853027 0.01629862049317545 0
 282 0.0280669961853027 0.01509116894453201 0
 283 0.0280669961853027 0.0139883410495396 0
 284 0.0280669961853027 0.01298924186810454 0
 285 0.0280669961853027 0.01209260180632094 0
 286 0.0280669961853027 0.01129681892105719 0
 287 0.0280669961853027 0.01060000000000003 0
 288 0.0280669961853027 0.1238504 0
 289 0.0241569961853029 0.1238504 0
 290 0.02405576891385078 0.1238504 0
 291 0.02395207203754225 0.1238504 0
 292 0.02384463291421763 0.1238504 0
 293 0.02373213297418796 0.1238504 0
 294 0.0236131915378056 0.1238504 0
 295 0.02348634887077708 0.1238504 0
 296 0.02335004826926087 0.1238504 0
 297 0.02320261695488547 0.1238504 0
 298 0.02304224554521809 0.1238504 0
 299 0.0228669658477305 0.1238504 0
 300 0.02267462670473409 0.1238504 0
 301 0.02246286759283561 0.1238504 0
 302 0.02222908965290747 0.1238504 0
 303 0.02197042379503156 0.1238504 0
 304 0.02168369548697782 0.1238504 0
 305 0.02136538579407634 0.1238504 0
 306 0.02101158819233681 0.1238504 0
 307 0.02061796062479481 0.1238504 0
 308 0.02017967221268621 0.1238504 0
 309 0.01969134396745126 0.1238504 0
 310 0.01914698277594357 0.1238504 0
 311 0.01853990784866333 0.1238504 0
 312 0.01786266872833506 0.1238504 0
 313 0.01710695385257238 0.1238504 0
 314 0.01626348854844564 0.1238504 0
 315 0.01532192120706877 0.1238504 0
 316 0.01427069624125856 0.1238504 0
 317 0.01309691226711206 0.1238504 0
 318 0.01178616376900503 0.1238504 0
 319 0.01032236430481111 0.1238504 0
 320 0.008687549081589993 0.1238504 0
 321 0.006861654478812144 0.1238504 0
 322 0.004822271813271912 0.1238504 0
 323 0.002544372323715626 0.1238504 0
 324 0 0.1238504 0
 325 0 0.0106 0
 326 0 0.01129681892105711 0
 327 0 0.01209260180632092 0
 328 0 0.01298924186810445 0
 329 0 0.01398834104953942 0
 330 0 0.01509116894453182 0
 331 0 0.01629862049317518 0
 332 0 0.01761117297635649 0
 333 0 0.01902884294739271 0
 334 0 0.02055114385710443 0
 335 0 0.0221829097136531 0
 336 0 0.02391608617451822 0
 337 0 0.02574831445006983 0
 338 0 0.02767659286261594 0
 339 0 0.02969725641377491 0
 340 0 0.03180596369562653 0
 341 0 0.03399769222607688 0
 342 0 0.0362667431930766 0
 343 0 0.03860675644368953 0
 344 0 0.04101073635097967 0
 345 0 0.04347296299761086 0
 346 0 0.04598224015150026 0
 347 0 0.04852989636020886 0
 348 0 0.05110686279606498 0
 349 0 0.05370375332380252 0
 350 0 0.05631095191730238 0
 351 0 0.05891870573738393 0
 352 0 0.06151722194364299 0
 353 0 0.06409676614272246 0
 354 0 0.0666477602847972 0
 355 0 0.06915748950695988 0
 356 0 0.07161936388811055 0
 357 0 0.07402492795132265 0
 358 0 0.07636623887969056 0
 359 0 0.07863592835254676 0
 360 0 0.0808272533967174 0
 361 0 0.08293413570483067 0
 362 0 0.08495118923495551 0
 363 0 0.08687373624936311 0
 364 0 0.08869781226049721 0
 365 0 0.09046549524830419 0
 366 0 0.09218012170449999 0
 367 0 0.09384091481255263 0
 368 0 0.09544733493101096 0
 369 0 0.09699906951146252 0
 370 0 0.0984960218372375 0
 371 0 0.09993829878938026 0
 372 0 0.1013261978407725 0
 373 0 0.1026601934721569 0
 374 0 0.1039409231951711 0
 375 0 0.105162804279768 0
 376 0 0.1063334030270976 0
 377 0 0.1074538089340435 0
 378 0 0.1085252076858441 0
 379 0 0.1095488682942238 0
 380 0 0.1105261307995089 0
 381 0 0.1114583945886264 0
 382 0 0.1123471073699239 0
 383 0 0.1131937548354023 0
 384 0 0.1139998510312039 0
 385 0 0.1147621839488935 0
 386 0 0.1154874498533035 0
 387 0 0.1161771934805947 0
 388 0 0.1168329523137684 0
 389 0 0.1174562512703127 0
 390 0 0.118048597995675 0
 391 0 0.1186114787316668 0
 392 0 0.1191463547278049 0
 393 0 0.1196546591628018 0
 394 0 0.1201377945429337 0
 395 0 0.1205940942263032 0
 396 0 0.1210282584355231 0
 397 0 0.1214415672379532 0
 398 0 0.1218352633504471 0
 399 0 0.1222105517190787 0
 400 0 0.1225685993333743 0
 401 0 0.1229105352507566 0
 402 0 0.1232374508082683 0
 403 0 0.1235504 0
 404 0.002545572919434967 0.1235504 0
 405 0.004824224650423253 0.1235504 0
 406 0.006864063595647886 0.1235504 0
 407 0.008690223137001601 0.1235504 0
 408 0.01032518404090541 0.1235504 0
 409 0.01178905953000368 0.1235504 0
 410 0.01309984829723094 0.1235504 0
 411 0.01427365963304091 0.1235504 0
 412 0.01532491408664238 0.1235504 0
 413 0.01626652254075378 0.1235504 0
 414 0.01711004616785636 0.1235504 0
 415 0.01786583940986989 0.1235504 0
 416 0.01854317785652659 0.1235504 0
 417 0.01915037267444739 0.1235504 0
 418 0.01969487304872224 0.1235504 0
 419 0.02018335793473507 0.1235504 0
 420 0.02062181827519122 0.1235504 0
 421 0.02101563071224669 0.1235504 0
 422 0.02136962371461179 0.1235504 0
 423 0.0216881369423976 0.1235504 0
 424 0.02197507458659728 0.1235504 0
 425 0.02223395334405246 0.1235504 0
 426 0.02246794562138462 0.1235504 0
 427 0.02267991850168409 0.1235504 0
 428 0.02287246895490427 0.1235504 0
 429 0.02304795572617464 0.1235504 0
 430 0.02320852829499854 0.1235504 0
 431 0.02335615326198951 0.1235504 0
 432 0.02349263848795158 0.1235504 0
 433 0.0236196552823107 0.1235504 0
 434 0.02373875891379989 0.1235504 0
 435 0.02385140769558231 0.1235504 0
 436 0.02395898087940131 0.1235504 0
 437 0.02406279557865209 0.1235504 0
 438 0.02416412292829061 0.1235504 0
 439 0.02426420368008129 0.1235504 0
 440 0.02436426342471697 0.1235504 0
 441 0.02458783869506156 0.1235504 0
 442 0.02493635328054462 0.1235504 0
 443 0.02536704234662305 0.1235504 0
 444 0.02580057701341632 0.1235504 0
 445 0.02616585455520935 0.1235504 0
 446 0.02653111815816549 0.1235504 0
 447 0.02696461093827804 0.1235504 0
 448 0.02739522995862244 0.1235504 0
 449 0.02774364598495787 0.1235504 0
 450 0.02796709368166636 0.1235504 0
 451 0.002546825337634848 0.1232374508082683 0
 452 0.004826261779783572 0.1232374508082683 0
 453 0.006866576699536326 0.1232374508082683 0
 454 0.008693012615267299 0.1232374508082683 0
 455 0.01032812548801076 0.1232374508082683 0
 456 0.01179208028355025 0.1232374508082683 0
 457 0.01310291105807295 0.1232374508082683 0
 458 0.01427675093658449 0.1232374508082683 0
 459 0.01532803615078741 0.1232374508082683 0
 460 0.01626968749222228 0.1232374508082683 0
 461 0.01711327195975204 0.1232374508082683 0
 462 0.01786914695061509 0.1232374508082683 0
 463 0.01854658901091913 0.1232374508082683 0
 464 0.01915390889443681 0.1232374508082683 0
 465 0.01969855445915993 0.1232374508082683 0
 466 0.02018720274718885 0.1232374508082683 0
 467 0.02062584243710303 0.1232374508082683 0
 468 0.02101984772337456 0.1232374508082683 0
 469 0.02137404456063244 0.1232374508082683 0
 470 0.02169277010867671 0.1232374508082683 0
 471 0.02197992612480195 0.1232374508082683 0
 472 0.02223902697142801 0.1232374508082683 0
 473 0.02247324283781795 0.1232374508082683 0
 474 0.02268543871361179 0.1232374508082683 0
 475 0.02287820959804441 0.1232374508082683 0
 476 0.02305391238122462 0.1232374508082683 0
 477 0.02321469479203332 0.1232374508082683 0
 478 0.02336252177045604 0.1232374508082683 0
 479 0.02349919958998846 0.1232374508082683 0
 480 0.02362639802770548 0.1232374508082683 0
 481 0.0237456708552866 0.1232374508082683 0
 482 0.02385847490342309 0.1232374508082683 0
 483 0.02396618793431997 0.1232374508082683 0
 484 0.02407012554221923 0.1232374508082683 0
 485 0.02417155728981621 0.1232374508082683 0
 486 0.02427172227896566 0.1232374508082683 0
 487 0.02437184434705282 0.1232374508082683 0
 488 0.02459512104915476 0.1232374508082683 0
 489 0.0249429736259636 0.1232374508082683 0
 490 0.02537275637261063 0.1232374508082683 0
 491 0.02580536021360371 0.1232374508082683 0
 492 0.02616987946768821 0.1232374508082683 0
 493 0.02653437024244332 0.1232374508082683 0
 494 0.02696688850207938 0.1232374508082683 0
 495 0.0273965281338062 0.1232374508082683 0
 496 0.02774417933811548 0.1232374508082683 0
 497 0.02796719538636036 0.1232374508082683 0
 498 0.002548133649031298 0.1229105352507566 0
 499 0.004828389822603772 0.1229105352507566 0
 500 0.006869201958781217 0.1229105352507566 0
 501 0.008695926582986306 0.1229105352507566 0
 502 0.01033119820666843 0.1229105352507566 0
 503 0.01179523584795456 0.1229105352507567 0
 504 0.01310611050448357 0.1229105352507567 0
 505 0.01427998019950668 0.1229105352507567 0
 506 0.01533129754710198 0.1229105352507566 0
 507 0.01627299368984529 0.1229105352507566 0
 508 0.01711664171300226 0.1229105352507567 0
 509 0.01787260210102059 0.1229105352507567 0
 510 0.01855015239906473 0.1229105352507567 0
 511 0.01915760292963442 0.1229105352507567 0
 512 0.01970240016439727 0.1229105352507567 0
 513 0.02019121914678363 0.1229105352507566 0
 514 0.02063004619020313 0.1229105352507567 0
 515 0.02102425293220821 0.1229105352507567 0
 516 0.02137866270114756 0.1229105352507567 0
 517 0.02169761004492578 0.1229105352507567 0
 518 0.0219849941785272 0.1229105352507567 0
 519 0.02224432702576879 0.1229105352507567 0
 520 0.02247877645959848 0.1229105352507567 0
 521 0.02269120528277896 0.1229105352507567 0
 522 0.02288420643587694 0.1229105352507567 0
 523 0.02306013487119429 0.1229105352507567 0
 524 0.02322113648886234 0.1229105352507567 0
 525 0.02336917449412768 0.1229105352507567 0
 526 0.02350605350233892 0.1229105352507567 0
 527 0.0236334416898338 0.1229105352507567 0
 528 0.02375289126442751 0.1229105352507567 0
 529 0.02386585750817927 0.1229105352507567 0
 530 0.02397371662728036 0.1229105352507567 0
 531 0.02407778262902247 0.1229105352507567 0
 532 0.02417932343367311 0.1229105352507567 0
 533 0.02427957641954479 0.1229105352507567 0
 534 0.02437976359246823 0.1229105352507567 0
 535 0.0246027284017579 0.1229105352507567 0
 536 0.02494988942562293 0.1229105352507567 0
 537 0.02537872540541442 0.1229105352507567 0
 538 0.02581035687950753 0.1229105352507567 0
 539 0.02617408400485184 0.1229105352507567 0
 540 0.02653776746145797 0.1229105352507567 0
 541 0.02696926770950205 0.1229105352507567 0
 542 0.02739788424423933 0.1229105352507567 0
 543 0.02774473649387584 0.1229105352507567 0
 544 0.02796730162995395 0.1229105352507567 0
 545 0.002549502071693625 0.1225685993333743 0
 546 0.004830615639813244 0.1225685993333743 0
 547 0.006871947837365586 0.1225685993333743 0
 548 0.00869897443495397 0.1225685993333743 0
 549 0.0103344121034957 0.1225685993333743 0
 550 0.01179853639693319 0.1225685993333743 0
 551 0.01310945695165744 0.1225685993333743 0
 552 0.01428335783313222 0.1225685993333743 0
 553 0.01533470879051069 0.1225685993333743 0
 554 0.01627645179298933 0.1225685993333743 0
 555 0.01712016629188048 0.1225685993333743 0
 556 0.01787621600068505 0.1225685993333743 0
 557 0.01855387950952663 0.1225685993333743 0
 558 0.01916146668981689 0.1225685993333743 0
 559 0.01970642256320363 0.1225685993333743 0
 560 0.02019542008261694 0.1225685993333743 0
 561 0.02063444308762726 0.1225685993333743 0
 562 0.02102886054138795 0.1225685993333743 0
 563 0.02138349302530117 0.1225685993333743 0
 564 0.02170267235537071 0.1225685993333743 0
 565 0.02199029508746245 0.1225685993333743 0
 566 0.02224987059474722 0.1225685993333743 0
 567 0.02248456432743314 0.1225685993333743 0
 568 0.02269723680092796 0.1225685993333743 0
 569 0.02289047880254333 0.1225685993333743 0
 570 0.02306664325774027 0.1225685993333743 0
 571 0.02322787415387741 0.1225685993333743 0
 572 0.02337613288175862 0.1225685993333743 0
 573 0.02351322232240074 0.1225685993333743 0
 574 0.0236408089778574 0.1225685993333743 0
 575 0.02376044342022659 0.1225685993333743 0
 576 0.02387357931178259 0.1225685993333743 0
 577 0.02398159123121079 0.1225685993333743 0
 578 0.02408579152593904 0.1225685993333743 0
 579 0.02418744639834462 0.1225685993333743 0
 580 0.02428779142400839 0.1225685993333743 0
 581 0.02438804669305453 0.1225685993333743 0
 582 0.02461068527940242 0.1225685993333743 0
 583 0.02495712297644853 0.1225685993333743 0
 584 0.02538496868953093 0.1225685993333743 0
 585 0.02581558312065884 0.1225685993333743 0
 586 0.02617848172236383 0.1225685993333743 0
 587 0.02654132076803402 0.1225685993333743 0
 588 0.02697175623124422 0.1225685993333743 0
 589 0.02739930266209792 0.1225685993333743 0
 590 0.02774531924854036 0.1225685993333743 0
 591 0.02796741275498244 0.1225685993333743 0
 592 0.002550934973137104 0.1222105517190787 0
 593 0.004832946335423729 0.1222105517190787 0
 594 0.006874823099150908 0.1222105517190787 0
 595 0.008702165898822709 0.1222105517190787 0
 596 0.01033777743610071 0.1222105517190787 0
 597 0.01180199246465697 0.1222105517190787 0
 598 0.01311296108025599 0.1222105517190787 0
 599 0.01428689461765854 0.1222105517190787 0
 600 0.01533828076848137 0.1222105517190787 0
 601 0.01628007283868173 0.1222105517190787 0
 602 0.01712385694558075 0.1222105517190787 0
 603 0.0178800001838825 0.1222105517190787 0
 604 0.01855778223790719 0.1222105517190787 0
 605 0.01916551250672355 0.1222105517190787 0
 606 0.01971063449363606 0.1222105517190787 0
 607 0.0201998189625721 0.1222105517190787 0
 608 0.02063904716269801 0.1222105517190787 0
 609 0.02103368525675288 0.1222105517190787 0
 610 0.02138855094975883 0.1222105517190787 0
 611 0.02170797319709422 0.1222105517190787 0
 612 0.02199584577021141 0.1222105517190787 0
 613 0.02225567537145102 0.1222105517190787 0
 614 0.02249062491412412 0.1222105517190787 0
 615 0.02270355251850557 0.1222105517190787 0
 616 0.02289704671719259 0.1222105517190787 0
 617 0.02307345831330257 0.1222105517190787 0
 618 0.02323492929129332 0.1222105517190787 0
 619 0.02338341914203124 0.1222105517190787 0
 620 0.02352072893048128 0.1222105517190787 0
 621 0.0236485234055223 0.1222105517190787 0
 622 0.02376835142646165 0.1222105517190787 0
 623 0.02388166495946591 0.1222105517190787 0
 624 0.02398983687902807 0.1222105517190787 0
 625 0.02409417779450093 0.1222105517190787 0
 626 0.0241959521094261 0.1222105517190787 0
 627 0.0242963935117099 0.1222105517190787 0
 628 0.02439672008550362 0.1222105517190787 0
 629 0.02461901707759335 0.1222105517190787 0
 630 0.02496469736534521 0.1222105517190787 0
 631 0.02539150615128807 0.1222105517190787 0
 632 0.02582105561734853 0.1222105517190787 0
 633 0.0261830866561642 0.1222105517190787 0
 634 0.02654504150305407 0.1222105517190787 0
 635 0.0269743620097764 0.1222105517190787 0
 636 0.02740078791446401 0.1222105517190787 0
 637 0.0277459294620533 0.1222105517190787 0
 638 0.02796752911611713 0.1222105517190787 0
 639 0.00255243687183343 0.1218352633504471 0
 640 0.004835389258986162 0.1218352633504471 0
 641 0.006877836810908002 0.1218352633504471 0
 642 0.008705511038466221 0.1218352633504471 0
 643 0.01034130481663004 0.1218352633504471 0
 644 0.01180561494939406 0.1218352633504471 0
 645 0.01311663394010122 0.1218352633504471 0
 646 0.01429060170588393 0.1218352633504471 0
 647 0.01534202474479033 0.1218352633504471 0
 648 0.0162838682454276 0.1218352633504471 0
 649 0.01712772531210816 0.1218352633504471 0
 650 0.01788396658355135 0.1218352633504471 0
 651 0.01856187289096189 0.1218352633504471 0
 652 0.01916975313832131 0.1218352633504471 0
 653 0.01971504923747923 0.1218352633504471 0
 654 0.02020442965795525 0.1218352633504471 0
 655 0.02064387293377808 0.1218352633504471 0
 656 0.02103874229242668 0.1218352633504471 0
 657 0.0213938524240393 0.1218352633504471 0
 658 0.02171352928562369 0.1218352633504471 0
 659 0.02200166373014321 0.1218352633504471 0
 660 0.02226175966050213 0.1218352633504471 0
 661 0.02249697733095752 0.1218352633504471 0
 662 0.02271017235132056 0.1218352633504471 0
 663 0.02290393089090475 0.1218352633504471 0
 664 0.02308060152828849 0.1218352633504471 0
 665 0.02324232414858485 0.1218352633504471 0
 666 0.02339105625123671 0.1218352633504471 0
 667 0.0235285969977104 0.1218352633504471 0
 668 0.02365660929929087 0.1218352633504471 0
 669 0.02377664022002036 0.1218352633504471 0
 670 0.02389013994828653 0.1218352633504471 0
 671 0.02399847957232948 0.1218352633504471 0
 672 0.02410296787973495 0.1218352633504471 0
 673 0.02420486738859115 0.1218352633504471 0
 674 0.02430540980823423 0.1218352633504471 0
 675 0.02440581112025083 0.1218352633504471 0
 676 0.02462775006959218 0.1218352633504471 0
 677 0.02497263647718096 0.1218352633504471 0
 678 0.02539835840573658 0.1218352633504471 0
 679 0.02582679162639599 0.1218352633504471 0
 680 0.02618791332732356 0.1218352633504471 0
 681 0.02654894139938078 0.1218352633504471 0
 682 0.02697709326208843 0.1218352633504471 0
 683 0.02740234468489124 0.1218352633504471 0
 684 0.02774656905864506 0.1218352633504471 0
 685 0.027967651080288 0.1218352633504471 0
 686 0.002554012438058036 0.1214415672379532 0
 687 0.004837952006968883 0.1214415672379532 0
 688 0.00688099834401725 0.1214415672379532 0
 689 0.008709020255866699 0.1214415672379532 0
 690 0.01034500521375865 0.1214415672379532 0
 691 0.01180941511555364 0.1214415672379532 0
 692 0.01312048695224778 0.1214415672379532 0
 693 0.01429449062529897 0.1214415672379532 0
 694 0.01534595236163463 0.1214415672379532 0
 695 0.01628784981535111 0.1214415672379532 0
 696 0.01713178342046118 0.1214415672379532 0
 697 0.01788812753353208 0.1214415672379532 0
 698 0.01856616418890719 0.1214415672379532 0
 699 0.019174201771197 0.1214415672379532 0
 700 0.01971968052273609 0.1214415672379532 0
 701 0.02020926650609647 0.1214415672379532 0
 702 0.02064893540699284 0.1214415672379532 0
 703 0.02104404737367069 0.1214415672379532 0
 704 0.02139941393350551 0.1214415672379532 0
 705 0.02171935789806563 0.1214415672379532 0
 706 0.02200776705867469 0.1214415672379532 0
 707 0.02226814238148933 0.1214415672379532 0
 708 0.0225036413312871 0.1214415672379532 0
 709 0.0227171168842783 0.1214415672379532 0
 710 0.02291115273057457 0.1214415672379532 0
 711 0.02308809511510258 0.1214415672379533 0
 712 0.02325008172065866 0.1214415672379532 0
 713 0.02339906795758361 0.1214415672379532 0
 714 0.02353685099047933 0.1214415672379532 0
 715 0.02366509180290359 0.1214415672379532 0
 716 0.02378533557557647 0.1214415672379532 0
 717 0.02389903063190743 0.1214415672379532 0
 718 0.02400754618626865 0.1214415672379532 0
 719 0.02411218911512187 0.1214415672379532 0
 720 0.02421421995862116 0.1214415672379532 0
 721 0.02431486835048448 0.1214415672379532 0
 722 0.02441534806660378 0.1214415672379532 0
 723 0.02463691141134363 0.1214415672379532 0
 724 0.02498096499926596 0.1214415672379532 0
 725 0.02540554676051568 0.1214415672379532 0
 726 0.0258328089843851 0.1214415672379532 0
 727 0.02619297674476614 0.1214415672379532 0
 728 0.02655303258405714 0.1214415672379532 0
 729 0.0269799584812302 0.1214415672379532 0
 730 0.02740397781428312 0.1214415672379532 0
 731 0.02774724002719296 0.1214415672379532 0
 732 0.0279677790267525 0.1214415672379532 0
 733 0.002555666493987914 0.1210282584355231 0
 734 0.004840642422916755 0.1210282584355231 0
 735 0.006884317374664898 0.1210282584355231 0
 736 0.008712704291332708 0.1210282584355231 0
 737 0.01034888995291965 0.1210282584355231 0
 738 0.01181340459392189 0.1210282584355231 0
 739 0.01312453190922222 0.1210282584355231 0
 740 0.01429857327832796 0.1210282584355231 0
 741 0.01535007563987591 0.1210282584355231 0
 742 0.01629202973444263 0.1210282584355231 0
 743 0.01713604369088372 0.1210282584355231 0
 744 0.01789249576882557 0.1210282584355231 0
 745 0.01857066926568686 0.1210282584355231 0
 746 0.01917887202083358 0.1210282584355231 0
 747 0.01972454252391536 0.1210282584355231 0
 748 0.02021434431065016 0.1210282584355231 0
 749 0.02065425007654464 0.1210282584355231 0
 750 0.02104961673721321 0.1210282584355231 0
 751 0.02140525249970986 0.1210282584355231 0
 752 0.02172547687346762 0.1210282584355231 0
 753 0.02201417443564927 0.1210282584355231 0
 754 0.02227484306936443 0.1210282584355231 0
 755 0.02251063731094808 0.1210282584355231 0
 756 0.02272440737181199 0.1210282584355231 0
 757 0.02291873433936002 0.1210282584355231 0
 758 0.02309596200861195 0.1210282584355231 0
 759 0.02325822575033496 0.1210282584355231 0
 760 0.02340747878169536 0.1210282584355231 0
 761 0.02354551617095312 0.1210282584355231 0
 762 0.02367399687790564 0.1210282584355231 0
 763 0.02379446410612974 0.1210282584355231 0
 764 0.02390836422114929 0.1210282584355231 0
 765 0.02401706447011848 0.1210282584355231 0
 766 0.02412186972316889 0.1210282584355231 0
 767 0.02422403844398608 0.1210282584355231 0
 768 0.02432479808726908 0.1210282584355231 0
 769 0.02442536011333446 0.1210282584355231 0
 770 0.0246465291420445 0.1210282584355231 0
 771 0.02498970842186963 0.1210282584355231 0
 772 0.02541309321629949 0.1210282584355231 0
 773 0.02583912610803797 0.1210282584355231 0
 774 0.02619829240558417 0.1210282584355231 0
 775 0.02655732757856037 0.1210282584355231 0
 776 0.02698296643648961 0.1210282584355231 0
 777 0.02740569230099445 0.1210282584355231 0
 778 0.0277479444212629 0.1210282584355231 0
 779 0.0279679133471035 0.1210282584355231 0
 780 0.002557404012958183 0.1205940942263032 0
 781 0.004843468596241913 0.1205940942263032 0
 782 0.006887803882351257 0.1205940942263032 0
 783 0.008716574221843345 0.1205940942263032 0
 784 0.01035297071455828 0.1205940942263032 0
 785 0.01181759537986877 0.1205940942263032 0
 786 0.01312878097320493 0.1205940942263032 0
 787 0.01430286194049395 0.1205940942263032 0
 788 0.01535440697718713 0.1205940942263032 0
 789 0.01629642057068011 0.1205940942263032 0
 790 0.01714051893295016 0.1205940942263032 0
 791 0.01789708442362975 0.1205940942263032 0
 792 0.01857540166694716 0.1205940942263032 0
 793 0.01918377792951106 0.1205940942263032 0
 794 0.0197296498598463 0.1205940942263032 0
 795 0.02021967833931263 0.1205940942263032 0
 796 0.02065983292232399 0.1205940942263032 0
 797 0.02105546712874632 0.1205940942263032 0
 798 0.02141138567776989 0.1205940942263032 0
 799 0.02173190461006801 0.1205940942263032 0
 800 0.02202090512645719 0.1205940942263032 0
 801 0.02228188187143064 0.1205940942263032 0
 802 0.02251798630511266 0.1205940942263032 0
 803 0.02273206573460582 0.1205940942263032 0
 804 0.02292669851327453 0.1205940942263032 0
 805 0.02310422586261029 0.1205940942263032 0
 806 0.02326678072468703 0.1205940942263032 0
 807 0.02341631401282979 0.1205940942263032 0
 808 0.02355461859317599 0.1205940942263032 0
 809 0.02368335129964451 0.1205940942263032 0
 810 0.02380405325890292 0.1205940942263032 0
 811 0.0239181687797954 0.1205940942263032 0
 812 0.02402706304299304 0.1205940942263032 0
 813 0.02413203881105861 0.1205940942263032 0
 814 0.02423435236643132 0.1205940942263032 0
 815 0.0243352288748388 0.1205940942263032 0
 816 0.02443587736417921 0.1205940942263032 0
 817 0.02465663217982081 0.1205940942263032 0
 818 0.02499889303429085 0.1205940942263032 0
 819 0.02542102046340511 0.1205940942263032 0
 820 0.02584576199137548 0.1205940942263032 0
 821 0.0262038762926487 0.1205940942263032 0
 822 0.02656183929687156 0.1205940942263032 0
 823 0.02698612617204059 0.1205940942263032 0
 824 0.02740749330006069 0.1205940942263032 0
 825 0.02774868435879278 0.1205940942263032 0
 826 0.02796805444520892 0.1205940942263032 0
 827 0.00255923011778015 0.1201377945429337 0
 828 0.004846438859488011 0.1201377945429337 0
 829 0.006891468146515754 0.1201377945429337 0
 830 0.008720641457302114 0.1201377945429337 0
 831 0.01035725953018165 0.1201377945429337 0
 832 0.01182199982929141 0.1201377945429337 0
 833 0.01313324667191695 0.1201377945429337 0
 834 0.01430736925626724 0.1201377945429337 0
 835 0.0153589591438598 0.1201377945429337 0
 836 0.0163010352697786 0.1201377945429337 0
 837 0.01714522234123336 0.1201377945429337 0
 838 0.01790190702689777 0.1201377945429337 0
 839 0.01858037534545589 0.1201377945429337 0
 840 0.01918893396155757 0.1201377945429337 0
 841 0.01973501758873474 0.1201377945429337 0
 842 0.0202252843186589 0.1201377945429337 0
 843 0.02066570040450544 0.1201377945429337 0
 844 0.02106161579726265 0.1201377945429337 0
 845 0.02141783155043148 0.1201377945429337 0
 846 0.02173866005907382 0.1201377945429337 0
 847 0.02202797897552002 0.1201377945429337 0
 848 0.02228927954052887 0.1201377945429337 0
 849 0.02252570998117617 0.1201377945429337 0
 850 0.02274011455218162 0.1201377945429337 0
 851 0.02293506873347765 0.1201377945429337 0
 852 0.02311291104181847 0.1201377945429337 0
 853 0.02327577186675996 0.1201377945429337 0
 854 0.02342559970032664 0.1201377945429337 0
 855 0.02356418509426014 0.1201377945429337 0
 856 0.0236931826482147 0.1201377945429337 0
 857 0.0238141313060594 0.1201377945429337 0
 858 0.02392847321510073 0.1201377945429337 0
 859 0.02403757138416885 0.1201377945429337 0
 860 0.02414272636080522 0.1201377945429337 0
 861 0.02424519213499381 0.1201377945429337 0
 862 0.0243461914667897 0.1201377945429337 0
 863 0.02444693082765792 0.1201377945429337 0
 864 0.02466725031194801 0.1201377945429337 0
 865 0.02500854591596714 0.1201377945429337 0
 866 0.02542935187411901 0.1201377945429337 0
 867 0.02585273619929378 0.1201377945429337 0
 868 0.02620974486920431 0.1201377945429337 0
 869 0.02656658104110825 0.1201377945429337 0
 870 0.02698944700388444 0.1201377945429337 0
 871 0.02740938612145457 0.1201377945429337 0
 872 0.02774946202137627 0.1201377945429337 0
 873 0.02796820273707513 0.1201377945429337 0
 874 0.002561163618677647 0.1196546591628018 0
 875 0.004849583808552836 0.1196546591628018 0
 876 0.00689534791177648 0.1196546591628018 0
 877 0.008724947893228049 0.1196546591628018 0
 878 0.01036180057774761 0.1196546591628018 0
 879 0.01182666331126091 0.1196546591628018 0
 880 0.01313797500534216 0.1196546591628018 0
 881 0.01431214165431808 0.1196546591628018 0
 882 0.0153637790305614 0.1196546591628018 0
 883 0.01630592136653563 0.1196546591628018 0
 884 0.01715020236430075 0.1196546591628018 0
 885 0.01790701325499312 0.1196546591628018 0
 886 0.01858564153376272 0.1196546591628018 0
 887 0.01919439322789842 0.1196546591628018 0
 888 0.0197407010021393 0.1196546591628018 0
 889 0.02023121999440269 0.1196546591628018 0
 890 0.02067191296247441 0.1196546591628018 0
 891 0.02106812607857383 0.1196546591628018 0
 892 0.0214246565149277 0.1196546591628018 0
 893 0.02174581280658242 0.1196546591628018 0
 894 0.02203546884869007 0.1196546591628018 0
 895 0.02229711227809616 0.1196546591628018 0
 896 0.0225338878986873 0.1196546591628018 0
 897 0.02274863673328503 0.1196546591628018 0
 898 0.02294393121939867 0.1196546591628018 0
 899 0.02312210700997535 0.1196546591628018 0
 900 0.02328529179193535 0.1196546591628018 0
 901 0.02343543149360216 0.1196546591628018 0
 902 0.02357431421620843 0.1196546591628018 0
 903 0.0237035921937432 0.1196546591628018 0
 904 0.0238248020589032 0.1196546591628018 0
 905 0.02393938367033384 0.1196546591628018 0
 906 0.02404869773729502 0.1196546591628018 0
 907 0.02415404246203803 0.1196546591628018 0
 908 0.02425666940726871 0.1196546591628018 0
 909 0.02435779878588822 0.1196546591628018 0
 910 0.02445863436258068 0.1196546591628018 0
 911 0.02467849291300284 0.1196546591628018 0
 912 0.02501876649868506 0.1196546591628018 0
 913 0.02543817326810414 0.1196546591628018 0
 914 0.02586012057126801 0.1196546591628018 0
 915 0.02621595858590929 0.1196546591628018 0
 916 0.0265716016547264 0.1196546591628018 0
 917 0.02699296313903358 0.1196546591628018 0
 918 0.02741139026262974 0.1196546591628018 0
 919 0.0277502854195104 0.1196546591628018 0
 920 0.02796835975021751 0.1196546591628018 0
 921 0.002563197845773578 0.1191463547278049 0
 922 0.004852892594502349 0.1191463547278049 0
 923 0.006899429794349923 0.1191463547278049 0
 924 0.008729478673978542 0.1191463547278049 0
 925 0.01036657819228845 0.1191463547278049 0
 926 0.01183156973845525 0.1191463547278049 0
 927 0.01314294966244454 0.1191463547278049 0
 928 0.01431716267160343 0.1191463547278049 0
 929 0.01536885001043031 0.1191463547278049 0
 930 0.01631106200568887 0.1191463547278049 0
 931 0.01715544182287828 0.1191463547278049 0
 932 0.01791238549328017 0.1191463547278049 0
 933 0.01859118206542726 0.1191463547278049 0
 934 0.01920013689604403 0.1191463547278049 0
 935 0.0197466804943443 0.1191463547278049 0
 936 0.02023746489061468 0.1191463547278049 0
 937 0.02067844916515828 0.1191463547278049 0
 938 0.0210749755145697 0.1191463547278049 0
 939 0.02143183702760549 0.1191463547278049 0
 940 0.02175333817820813 0.1191463547278049 0
 941 0.02204334890862039 0.1191463547278049 0
 942 0.02230535306402769 0.1191463547278049 0
 943 0.02254249184679563 0.1191463547278049 0
 944 0.02275760287948099 0.1191463547278049 0
 945 0.02295325539867429 0.1191463547278049 0
 946 0.02313178204432485 0.1191463547278049 0
 947 0.02329530765992285 0.1191463547278049 0
 948 0.02344577547653415 0.1191463547278049 0
 949 0.02358497101722253 0.1191463547278049 0
 950 0.02371454402707197 0.1191463547278049 0
 951 0.02383602870720575 0.1191463547278049 0
 952 0.02395086250837984 0.1191463547278049 0
 953 0.0240604037204872 0.1191463547278049 0
 954 0.02416594807831051 0.1191463547278049 0
 955 0.02426874459082783 0.1191463547278049 0
 956 0.0243700107910918 0.1191463547278049 0
 957 0.02447094759599521 0.1191463547278049 0
 958 0.02469032120008774 0.1191463547278049 0
 959 0.0250295195251398 0.1191463547278049 0
 960 0.02544745421474952 0.1191463547278049 0
 961 0.02586788963389213 0.1191463547278049 0
 962 0.02622249600769382 0.1191463547278049 0
 963 0.02657688381842929 0.1191463547278049 0
 964 0.02699666244809653 0.1191463547278049 0
 965 0.02741349881002575 0.1191463547278049 0
 966 0.02775115171277013 0.1191463547278049 0
 967 0.02796852494299764 0.1191463547278049 0
 968 0.002565338411878051 0.1186114787316668 0
 969 0.004856374346891077 0.1186114787316668 0
 970 0.006903725056907692 0.1186114787316668 0
 971 0.008734246300818585 0.1186114787316668 0
 972 0.01037160555612938 0.1186114787316668 0
 973 0.01183673264861767 0.1186114787316668 0
 974 0.0131481843692263 0.1186114787316668 0
 975 0.01432244616204188 0.1186114787316668 0
 976 0.01537418607524116 0.1186114787316668 0
 977 0.01631647137121584 0.1186114787316668 0
 978 0.01716095517360459 0.1186114787316668 0
 979 0.01791803856476143 0.1186114787316668 0
 980 0.01859701222780473 0.1186114787316668 0
 981 0.01920618081384083 0.1186114787316668 0
 982 0.01975297256387852 0.1186114787316668 0
 983 0.02024403623812258 0.1186114787316668 0
 984 0.02068532704715341 0.1186114787316668 0
 985 0.0210821830041154 0.1186114787316668 0
 986 0.02143939290083201 0.1186114787316668 0
 987 0.02176125693784801 0.1186114787316668 0
 988 0.02205164089785886 0.1186114787316668 0
 989 0.02231402463618132 0.1186114787316668 0
 990 0.02255154556539085 0.1186114787316668 0
 991 0.02276703773003096 0.1186114787316668 0
 992 0.0229630669984457 0.1186114787316668 0
 993 0.02314196284008238 0.1186114787316668 0
 994 0.02330584710636114 0.1186114787316668 0
 995 0.02345666019009132 0.1186114787316668 0
 996 0.02359618490139433 0.1186114787316668 0
 997 0.0237260683663418 0.1186114787316668 0
 998 0.02384784222737336 0.1186114787316668 0
 999 0.02396294140148333 0.1186114787316668 0
1000 0.02407272163272564 0.1186114787316668 0
1001 0.02417847605942762 0.1186114787316668 0
1002 0.02428145100334372 0.1186114787316668 0
1003 0.02438286117758931 0.1186114787316668 0
1004 0.02448390450239781 0.1186114787316668 0
1005 0.02470276780964206 0.1186114787316668 0
1006 0.02504083466492704 0.1186114787316668 0
1007 0.02545722032190946 0.1186114787316668 0
1008 0.02587606482345182 0.1186114787316668 0
1009 0.02622937517251794 0.1186114787316668 0
1010 0.02658244210668691 0.1186114787316668 0
1011 0.02700055513815359 0.1186114787316668 0
1012 0.02741571758151622 0.1186114787316668 0
1013 0.02775206329141934 0.1186114787316668 0
1014 0.02796869877121306 0.1186114787316668 0
1015 0.002567591052551822 0.118048597995675 0
1016 0.004860038394934474 0.118048597995675 0
1017 0.006908245208432998 0.118048597995675 0
1018 0.008739263548412481 0.118048597995675 0
1019 0.01037689613988958 0.118048597995675 0
1020 0.01184216587555824 0.118048597995675 0
1021 0.01315369315187366 0.1180485979956751 0
1022 0.0143280062825335 0.118048597995675 0
1023 0.01537980152276491 0.118048597995675 0
1024 0.01632216395729384 0.118048597995675 0
1025 0.01716675718928116 0.1180485979956751 0
1026 0.01792398761661449 0.1180485979956751 0
1027 0.01860314764258062 0.1180485979956751 0
1028 0.0192125411757234 0.1180485979956751 0
1029 0.01975959407008912 0.1180485979956751 0
1030 0.02025095164458765 0.1180485979956751 0
1031 0.02069256503746786 0.1180485979956751 0
1032 0.02108976785938919 0.1180485979956751 0
1033 0.02144734438026558 0.1180485979956751 0
1034 0.02176959030349987 0.1180485979956751 0
1035 0.02206036703445703 0.1180485979956751 0
1036 0.02232315022968578 0.1180485979956751 0
1037 0.02256107331354769 0.1180485979956751 0
1038 0.02277696656523741 0.1180485979956751 0
1039 0.02297339230849974 0.1180485979956751 0
1040 0.02315267667628061 0.1180485979956751 0
1041 0.02331693837127295 0.1180485979956751 0
1042 0.02346811479942574 0.1180485979956751 0
1043 0.0236079859158753 0.1180485979956751 0
1044 0.02373819609055612 0.1180485979956751 0
1045 0.02386027427325802 0.1180485979956751 0
1046 0.02397565271455244 0.1180485979956751 0
1047 0.02408568447936057 0.1180485979956751 0
1048 0.02419165997361071 0.1180485979956751 0
1049 0.02429482269113754 0.1180485979956751 0
1050 0.02439638437747437 0.1180485979956751 0
1051 0.02449753979929789 0.1180485979956751 0
1052 0.02471586609185537 0.1180485979956751 0
1053 0.02505274223650865 0.1180485979956751 0
1054 0.02546749775747517 0.1180485979956751 0
1055 0.02588466804503861 0.1180485979956751 0
1056 0.02623661451282704 0.1180485979956751 0
1057 0.02658829141270906 0.1180485979956751 0
1058 0.02700465163951114 0.1180485979956751 0
1059 0.02741805252221006 0.1180485979956751 0
1060 0.02775302259799637 0.1180485979956751 0
1061 0.02796888170062949 0.1180485979956751 0
1062 0.002569961615694609 0.1174562512703127 0
1063 0.004863894250573682 0.1174562512703127 0
1064 0.006913001983328552 0.1174562512703127 0
1065 0.008744543441634164 0.1174562512703126 0
1066 0.01038246367802905 0.1174562512703126 0
1067 0.01184788352404149 0.1174562512703126 0
1068 0.01315949031129528 0.1174562512703126 0
1069 0.01433385746726099 0.1174562512703126 0
1070 0.01538571093081434 0.1174562512703126 0
1071 0.01632815454198883 0.1174562512703126 0
1072 0.01717286293205534 0.1174562512703126 0
1073 0.01793024809269556 0.1174562512703126 0
1074 0.01860960423741298 0.1174562512703126 0
1075 0.0192192344933169 0.1174562512703126 0
1076 0.01976656220253711 0.1174562512703126 0
1077 0.02025822906254177 0.1174562512703126 0
1078 0.02070018192606755 0.1174562512703126 0
1079 0.02109774977082531 0.1174562512703126 0
1080 0.02145571210810399 0.1174562512703126 0
1081 0.02177835990874572 0.1174562512703126 0
1082 0.02206954997163801 0.1174562512703126 0
1083 0.02233275353476217 0.1174562512703126 0
1084 0.02257109982548868 0.1174562512703126 0
1085 0.0227874151605528 0.1174562512703126 0
1086 0.0229842581335454 0.1174562512703126 0
1087 0.02316395136625007 0.1174562512703126 0
1088 0.02332861024780121 0.1174562512703126 0
1089 0.02348016904092966 0.1174562512703126 0
1090 0.0236204046963323 0.1174562512703126 0
1091 0.02375095868352672 0.1174562512703126 0
1092 0.02387335711869659 0.1174562512703126 0
1093 0.02398902944640715 0.1174562512703126 0
1094 0.02409932591219813 0.1174562512703126 0
1095 0.02420553404656163 0.1174562512703126 0
1096 0.0243088943673751 0.1174562512703126 0
1097 0.0244106154972412 0.1174562512703126 0
1098 0.02451188888419573 0.1174562512703126 0
1099 0.0247296500501272 0.1174562512703126 0
1100 0.02506527315217582 0.1174562512703126 0
1101 0.02547831320187256 0.1174562512703126 0
1102 0.0258937216327858 0.1174562512703126 0
1103 0.02624423282209165 0.1174562512703126 0
1104 0.02659444692140977 0.1174562512703126 0
1105 0.0270089625867677 0.1174562512703126 0
1106 0.02742050969365951 0.1174562512703126 0
1107 0.02775403212288004 0.1174562512703126 0
1108 0.0279690742061353 0.1174562512703126 0
1109 0.002572456049224932 0.1168329523137684 0
1110 0.004867951588436121 0.1168329523137684 0
1111 0.006918007316694922 0.1168329523137684 0
1112 0.00875009922812682 0.1168329523137684 0
1113 0.0103883221399134 0.1168329523137684 0
1114 0.01185389994007101 0.1168329523137684 0
1115 0.01316559039299355 0.1168329523137684 0
1116 0.01434001439728024 0.1168329523137684 0
1117 0.01539192912653197 0.1168329523137684 0
1118 0.01633445815612158 0.1168329523137684 0
1119 0.01717928772168806 0.1168329523137684 0
1120 0.01793683570100287 0.1168329523137684 0
1121 0.0186163982123765 0.1168329523137684 0
1122 0.01922627756065099 0.1168329523137684 0
1123 0.01977389444478297 0.1168329523137684 0
1124 0.02026588675156565 0.1168329523137684 0
1125 0.02070819682429022 0.1168329523137684 0
1126 0.02110614876563079 0.1168329523137684 0
1127 0.02146451707959621 0.1168329523137684 0
1128 0.02178758775717467 0.1168329523137684 0
1129 0.02207921275007137 0.1168329523137684 0
1130 0.02234285864681428 0.1168329523137684 0
1131 0.02258165025847499 0.1168329523137684 0
1132 0.02279840973227672 0.1168329523137684 0
1133 0.0229956917367426 0.1168329523137684 0
1134 0.02317581519902305 0.1168329523137684 0
1135 0.02334089202154871 0.1168329523137684 0
1136 0.02349285315958792 0.1168329523137684 0
1137 0.0236334724024054 0.1168329523137684 0
1138 0.02376438816754471 0.1168329523137684 0
1139 0.0238871235895174 0.1168329523137684 0
1140 0.02400310516025855 0.1168329523137684 0
1141 0.02411368015860375 0.1168329523137684 0
1142 0.02422013308935712 0.1168329523137684 0
1143 0.02432370133893443 0.1168329523137684 0
1144 0.02442559024382343 0.1168329523137684 0
1145 0.02452698776000823 0.1168329523137684 0
1146 0.02474415426942988 0.1168329523137684 0
1147 0.02507845885292416 0.1168329523137684 0
1148 0.02548969379185274 0.1168329523137684 0
1149 0.02590324830281568 0.1168329523137684 0
1150 0.02625224921521405 0.1168329523137684 0
1151 0.02660092407741634 0.1168329523137684 0
1152 0.02701349879640925 0.1168329523137684 0
1153 0.02742309526108971 0.1168329523137684 0
1154 0.02775509439904305 0.1168329523137684 0
1155 0.02796927677074106 0.1168329523137684 0
1156 0.002575080386718361 0.1161771934805947 0
1157 0.004872220222475257 0.1161771934805947 0
1158 0.006923273315512204 0.1161771934805947 0
1159 0.008755944346315346 0.1161771934805947 0
1160 0.01039448569608357 0.1161771934805947 0
1161 0.01186022967624974 0.1161771934805947 0
1162 0.01317200815194328 0.1161771934805947 0
1163 0.01434649196507169 0.1161771934805947 0
1164 0.01539847115058869 0.1161771934805948 0
1165 0.01634109004697439 0.1161771934805948 0
1166 0.01718604709856284 0.1161771934805948 0
1167 0.01794376637574834 0.1161771934805948 0
1168 0.01862354600084609 0.1161771934805947 0
1169 0.01923368741360914 0.1161771934805948 0
1170 0.01978160853217107 0.1161771934805948 0
1171 0.0202739432341995 0.1161771934805947 0
1172 0.02071662911869937 0.1161771934805947 0
1173 0.02111498515942808 0.1161771934805948 0
1174 0.02147378059234759 0.1161771934805948 0
1175 0.02179729616925357 0.1161771934805948 0
1176 0.02208937874223959 0.1161771934805948 0
1177 0.02235349000824816 0.1161771934805948 0
1178 0.02259275013206205 0.1161771934805948 0
1179 0.02280997687425448 0.1161771934805948 0
1180 0.02300772077387293 0.1161771934805948 0
1181 0.02318829687102731 0.1161771934805948 0
1182 0.02335381339986551 0.1161771934805948 0
1183 0.02350619783594882 0.1161771934805948 0
1184 0.02364722064247026 0.1161771934805948 0
1185 0.02377851702606004 0.1161771934805948 0
1186 0.02390160698427938 0.1161771934805948 0
1187 0.02401791390266757 0.1161771934805948 0
1188 0.02412878193885735 0.1161771934805948 0
1189 0.02423549241439449 0.1161771934805948 0
1190 0.02433927942115425 0.1161771934805948 0
1191 0.02444134483837672 0.1161771934805948 0
1192 0.0245428729481368 0.1161771934805948 0
1193 0.02475941383280016 0.1161771934805948 0
1194 0.02509233123253674 0.1161771934805948 0
1195 0.02550166705496809 0.1161771934805948 0
1196 0.02591327109838949 0.1161771934805948 0
1197 0.02626068308237363 0.1161771934805948 0
1198 0.02660773854777692 0.1161771934805948 0
1199 0.02701827124069195 0.1161771934805948 0
1200 0.02742581547851238 0.1161771934805948 0
1201 0.02775621199593592 0.1161771934805948 0
1202 0.02796948988441328 0.1161771934805948 0
1203 0.002577840730872923 0.1154874498533035 0
1204 0.004876710079076174 0.1154874498533035 0
1205 0.006928812225461712 0.1154874498533035 0
1206 0.008762092388579281 0.1154874498533035 0
1207 0.01040096867942251 0.1154874498533035 0
1208 0.01186688745189964 0.1154874498533035 0
1209 0.01317875851215673 0.1154874498533036 0
1210 0.01435330523372852 0.1154874498533036 0
1211 0.01540535221596584 0.1154874498533036 0
1212 0.01634806563650702 0.1154874498533035 0
1213 0.01719315678109851 0.1154874498533035 0
1214 0.01795105623369107 0.1154874498533035 0
1215 0.01863106422446233 0.1154874498533035 0
1216 0.01924148128324306 0.1154874498533036 0
1217 0.01978972240322721 0.1154874498533036 0
1218 0.02028241724518338 0.1154874498533035 0
1219 0.02072549841795685 0.1154874498533035 0
1220 0.02112427950058156 0.1154874498533036 0
1221 0.02148352418795524 0.1154874498533036 0
1222 0.02180750772115922 0.1154874498533036 0
1223 0.02210007158838729 0.1154874498533036 0
1224 0.02236467234148942 0.1154874498533036 0
1225 0.02260442525816498 0.1154874498533036 0
1226 0.02282214348499842 0.1154874498533036 0
1227 0.02302037321755095 0.1154874498533036 0
1228 0.0232014254074455 0.1154874498533036 0
1229 0.02336740443043797 0.1154874498533036 0
1230 0.02352023410204631 0.1154874498533036 0
1231 0.02366168138701765 0.1154874498533036 0
1232 0.02379337811466283 0.1154874498533036 0
1233 0.02391684098301985 0.1154874498533036 0
1234 0.02403349011024283 0.1154874498533036 0
1235 0.02414466637100486 0.1154874498533036 0
1236 0.02425164773862054 0.1154874498533036 0
1237 0.02435566483968463 0.1154874498533036 0
1238 0.02445791591701715 0.1154874498533036 0
1239 0.02455958138838299 0.1154874498533036 0
1240 0.02477546422519666 0.1154874498533036 0
1241 0.02510692255018143 0.1154874498533036 0
1242 0.02551426083413495 0.1154874498533036 0
1243 0.02592381332675908 0.1154874498533036 0
1244 0.02626955403588955 0.1154874498533036 0
1245 0.02661490617902608 0.1154874498533036 0
1246 0.02702329101757343 0.1154874498533036 0
1247 0.02742867667158707 0.1154874498533036 0
1248 0.02775738751244557 0.1154874498533036 0
1249 0.02796971404273164 0.1154874498533036 0
1250 0.002580743234673653 0.1147621839488935 0
1251 0.004881431166418617 0.1147621839488935 0
1252 0.006934636393130723 0.1147621839488936 0
1253 0.00876855705930109 0.1147621839488936 0
1254 0.01040778554091792 0.1147621839488935 0
1255 0.01187388810763176 0.1147621839488936 0
1256 0.01318585652062187 0.1147621839488936 0
1257 0.01436046939046569 0.1147621839488936 0
1258 0.01541258766100164 0.1147621839488936 0
1259 0.01635540047375813 0.1147621839488936 0
1260 0.01720063261723571 0.1147621839488936 0
1261 0.01795872152439423 0.1147621839488936 0
1262 0.01863896964183023 0.1147621839488936 0
1263 0.0192496765425905 0.1147621839488936 0
1264 0.01979825414429298 0.1147621839488936 0
1265 0.02029132767363395 0.1147621839488936 0
1266 0.02073482449230237 0.1147621839488936 0
1267 0.0211340525067767 0.1147621839488936 0
1268 0.02149376958552179 0.1147621839488936 0
1269 0.02181824517509897 0.1147621839488936 0
1270 0.02211131512355771 0.1147621839488936 0
1271 0.02237643057267959 0.1147621839488936 0
1272 0.02261670166139234 0.1147621839488936 0
1273 0.02283493668466807 0.1147621839488936 0
1274 0.0230336772708891 0.1147621839488936 0
1275 0.02321523007263148 0.1147621839488936 0
1276 0.02338169540854923 0.1147621839488936 0
1277 0.02353499324562217 0.1147621839488936 0
1278 0.02367688686997918 0.1147621839488936 0
1279 0.02380900455967738 0.1147621839488936 0
1280 0.0239328595433039 0.1147621839488936 0
1281 0.02404986850335493 0.1147621839488936 0
1282 0.02416136886246934 0.1147621839488936 0
1283 0.02426863507329425 0.1147621839488936 0
1284 0.02437289411867956 0.1147621839488936 0
1285 0.02447534041774709 0.1147621839488936 0
1286 0.02457715032493704 0.1147621839488936 0
1287 0.02479234122397849 0.1147621839488936 0
1288 0.02512226533084569 0.1147621839488936 0
1289 0.02552750320169875 0.1147621839488936 0
1290 0.02593489848723093 0.1147621839488936 0
1291 0.02627888184968896 0.1147621839488936 0
1292 0.02662244294827587 0.1147621839488936 0
1293 0.0270285693164599 0.1147621839488936 0
1294 0.02743168521809752 0.1147621839488936 0
1295 0.02775862356887404 0.1147621839488936 0
1296 0.02796994974535951 0.1147621839488936 0
1297 0.002583794080132624 0.1139998510312039 0
1298 0.004886393539896464 0.1139998510312039 0
1299 0.006940758223352208 0.1139998510312039 0
1300 0.008775352127514409 0.113999851031204 0
1301 0.01041495079973085 0.113999851031204 0
1302 0.01188124655406851 0.1139998510312039 0
1303 0.01319331729531171 0.1139998510312039 0
1304 0.0143679996941447 0.1139998510312039 0
1305 0.01542019289639378 0.1139998510312039 0
1306 0.01636311018111983 0.1139998510312039 0
1307 0.01720849052967857 0.113999851031204 0
1308 0.01796677857407926 0.113999851031204 0
1309 0.01864727909061444 0.113999851031204 0
1310 0.01925829064664748 0.113999851031204 0
1311 0.01980722192703319 0.113999851031204 0
1312 0.02030069349777826 0.113999851031204 0
1313 0.02074462720524279 0.113999851031204 0
1314 0.02114432499343578 0.113999851031204 0
1315 0.02150453860661088 0.113999851031204 0
1316 0.02182953140066215 0.113999851031204 0
1317 0.02212313329523722 0.113999851031204 0
1318 0.02238878974555063 0.113999851031204 0
1319 0.02262960548912525 0.113999851031204 0
1320 0.02284838372136379 0.1139998510312039 0
1321 0.02304766127004955 0.1139998510312039 0
1322 0.02322974026899529 0.113999851031204 0
1323 0.02339671677240207 0.1139998510312039 0
1324 0.02355050670201985 0.1139998510312039 0
1325 0.02369286947735181 0.113999851031204 0
1326 0.02382542964370331 0.1139998510312039 0
1327 0.02394969678289321 0.113999851031204 0
1328 0.02406708396616974 0.113999851031204 0
1329 0.02417892498771027 0.113999851031204 0
1330 0.02428649059955962 0.113999851031204 0
1331 0.0243910039545977 0.113999851031204 0
1332 0.02449365545282591 0.113999851031204 0
1333 0.02459561717769064 0.113999851031204 0
1334 0.02481008077528646 0.113999851031204 0
1335 0.02513839225295542 0.113999851031204 0
1336 0.02554142236243779 0.113999851031204 0
1337 0.02594655018997083 0.113999851031204 0
1338 0.0262886863909836 0.113999851031204 0
1339 0.0266303649080112 0.113999851031204 0
1340 0.02703411737954422 0.113999851031204 0
1341 0.02743484752591507 0.113999851031204 0
1342 0.02775992279788484 0.113999851031204 0
1343 0.02797019749431739 0.113999851031204 0
1344 0.002587020065606147 0.1131937548354023 0
1345 0.004891640788558848 0.1131937548354023 0
1346 0.006947231489740651 0.1131937548354023 0
1347 0.00878253728049661 0.1131937548354024 0
1348 0.0104225273948601 0.1131937548354024 0
1349 0.01188902742715169 0.1131937548354023 0
1350 0.01320120637101034 0.1131937548354023 0
1351 0.01437596229028613 0.1131937548354023 0
1352 0.01542823472585636 0.1131937548354023 0
1353 0.01637126247997877 0.1131937548354024 0
1354 0.01721679954163404 0.1131937548354024 0
1355 0.017975298155157 0.1131937548354024 0
1356 0.01865606556027714 0.1131937548354024 0
1357 0.0192673992609411 0.1131937548354024 0
1358 0.01981670452365721 0.1131937548354024 0
1359 0.02031059698618615 0.1131937548354024 0
1360 0.0207549926629404 0.1131937548354024 0
1361 0.02115518719317182 0.1131937548354024 0
1362 0.02151592584535002 0.1131937548354024 0
1363 0.02184146553505451 0.1131937548354024 0
1364 0.02213562991319918 0.1131937548354024 0
1365 0.02240185842198242 0.1131937548354024 0
1366 0.02264325008744367 0.1131937548354024 0
1367 0.02286260271266496 0.1131937548354024 0
1368 0.02306244804924242 0.1131937548354024 0
1369 0.02324508345281666 0.1131937548354024 0
1370 0.02341260046832618 0.1131937548354024 0
1371 0.02356691074006639 0.1131937548354024 0
1372 0.02370976959894318 0.1131937548354024 0
1373 0.02384279764322397 0.1131937548354024 0
1374 0.02396750059860916 0.1131937548354024 0
1375 0.02408528771778791 0.1131937548354024 0
1376 0.0241974889581769 0.1131937548354024 0
1377 0.02430537115877799 0.1131937548354024 0
1378 0.02441015342263387 0.1131937548354024 0
1379 0.02451302189989965 0.1131937548354024 0
1380 0.02461514415784287 0.1131937548354024 0
1381 0.02482883870176814 0.1131937548354024 0
1382 0.02515544497396614 0.1131937548354024 0
1383 0.02555614058102726 0.1131937548354024 0
1384 0.02595887078250368 0.1131937548354024 0
1385 0.02629905378199583 0.1131937548354024 0
1386 0.02663874164402477 0.1131937548354024 0
1387 0.02703998394052113 0.1131937548354024 0
1388 0.02743819137247153 0.1131937548354024 0
1389 0.02776129661179053 0.1131937548354024 0
1390 0.0279704594658102 0.1131937548354024 0
1391 0.002590408336682295 0.1123471073699239 0
1392 0.00489715200397443 0.1123471073699239 0
1393 0.006954030398617389 0.1123471073699239 0
1394 0.008790083887952565 0.112347107369924 0
1395 0.01043048513625194 0.112347107369924 0
1396 0.01189719972285213 0.112347107369924 0
1397 0.0132094923125394 0.112347107369924 0
1398 0.01438432545075864 0.112347107369924 0
1399 0.01543668110554127 0.112347107369924 0
1400 0.01637982488630532 0.112347107369924 0
1401 0.01722552654462619 0.112347107369924 0
1402 0.017984246320108 0.112347107369924 0
1403 0.0186652940398422 0.112347107369924 0
1404 0.01927696609086275 0.112347107369924 0
1405 0.019826664149369 0.1123471073699241 0
1406 0.02032099867695655 0.1123471073699241 0
1407 0.02076587956270983 0.1123471073699241 0
1408 0.021166595823958 0.1123471073699241 0
1409 0.02152788592761749 0.1123471073699241 0
1410 0.02185400002496848 0.1123471073699241 0
1411 0.02214875518283776 0.1123471073699241 0
1412 0.02241558452791839 0.1123471073699241 0
1413 0.02265758108744579 0.1123471073699241 0
1414 0.02287753700091677 0.1123471073699241 0
1415 0.02307797868837884 0.1123471073699241 0
1416 0.02326119848693094 0.1123471073699241 0
1417 0.02342928320540721 0.1123471073699241 0
1418 0.02358413999546797 0.1123471073699241 0
1419 0.02372751989374192 0.1123471073699241 0
1420 0.02386103935289978 0.1123471073699241 0
1421 0.02398620004853867 0.1123471073699241 0
1422 0.02410440722269316 0.1123471073699241 0
1423 0.02421698680300812 0.1123471073699241 0
1424 0.02432520151859398 0.1123471073699241 0
1425 0.02443026621892606 0.1123471073699241 0
1426 0.02453336259052157 0.1123471073699241 0
1427 0.02463565345727937 0.1123471073699241 0
1428 0.02484854025971625 0.1123471073699241 0
1429 0.02517335554481168 0.1123471073699241 0
1430 0.02557159921056803 0.1123471073699241 0
1431 0.02597181117162283 0.1123471073699241 0
1432 0.02630994271233669 0.1123471073699241 0
1433 0.02664753977798423 0.1123471073699241 0
1434 0.0270461456232186 0.1123471073699241 0
1435 0.02744170343372018 0.1123471073699241 0
1436 0.02776273953642823 0.1123471073699241 0
1437 0.02797073461597412 0.1123471073699241 0
1438 0.002593964952552128 0.1114583945886264 0
1439 0.004902937041761726 0.1114583945886264 0
1440 0.006961167108362596 0.1114583945886265 0
1441 0.008798005445359882 0.1114583945886264 0
1442 0.01043883825460821 0.1114583945886264 0
1443 0.01190577805555572 0.1114583945886264 0
1444 0.01321818993751581 0.1114583945886265 0
1445 0.01439310413126855 0.1114583945886265 0
1446 0.01544554713997443 0.1114583945886265 0
1447 0.01638881271211398 0.1114583945886265 0
1448 0.01723468714501512 0.1114583945886265 0
1449 0.01799363907079275 0.1114583945886265 0
1450 0.01867498103245226 0.1114583945886265 0
1451 0.01928700824462157 0.1114583945886265 0
1452 0.01983711861480817 0.1114583945886265 0
1453 0.02033191717126698 0.1114583945886265 0
1454 0.02077730737342007 0.1114583945886265 0
1455 0.02117857128766656 0.1114583945886265 0
1456 0.02154044024143743 0.1114583945886265 0
1457 0.02186715728563224 0.1114583945886265 0
1458 0.0221625325758631 0.1114583945886265 0
1459 0.02242999260953454 0.1114583945886265 0
1460 0.02267262411703011 0.1114583945886265 0
1461 0.02289321329286843 0.1114583945886265 0
1462 0.02309428096065275 0.1114583945886265 0
1463 0.02327811418959629 0.1114583945886265 0
1464 0.02344679481711747 0.1114583945886265 0
1465 0.0236022252790269 0.1114583945886265 0
1466 0.02374615210431676 0.1114583945886265 0
1467 0.02388018739408887 0.1114583945886265 0
1468 0.02400582857260941 0.1114583945886265 0
1469 0.02412447667199078 0.1114583945886265 0
1470 0.02423745338988852 0.1114583945886265 0
1471 0.02434601714132339 0.1114583945886265 0
1472 0.02445137831086671 0.1114583945886265 0
1473 0.02455471389962387 0.1114583945886265 0
1474 0.02465718175245284 0.1114583945886265 0
1475 0.02486922068111228 0.1114583945886265 0
1476 0.02519215599467989 0.1114583945886265 0
1477 0.02558782589548047 0.1114583945886265 0
1478 0.02598539449841949 0.1114583945886265 0
1479 0.02632137265450646 0.1114583945886265 0
1480 0.02665677504345204 0.1114583945886265 0
1481 0.02705261344647543 0.1114583945886265 0
1482 0.0274453899902241 0.1114583945886265 0
1483 0.02776425415215705 0.1114583945886265 0
1484 0.0279710234368558 0.1114583945886265 0
1485 0.002597695858933833 0.1105261307995089 0
1486 0.004909005572969189 0.110526130799509 0
1487 0.006968653549661644 0.110526130799509 0
1488 0.008806315195461004 0.110526130799509 0
1489 0.01044760071412681 0.110526130799509 0
1490 0.01191477676595895 0.110526130799509 0
1491 0.01322731378606112 0.110526130799509 0
1492 0.01440231300744075 0.110526130799509 0
1493 0.0154548476508133 0.1105261307995091 0
1494 0.01639824098266511 0.1105261307995091 0
1495 0.01724429665689444 0.1105261307995091 0
1496 0.01800349210939855 0.1105261307995091 0
1497 0.01868514273218906 0.1105261307995091 0
1498 0.01929754251003457 0.1105261307995091 0
1499 0.01984808539706744 0.1105261307995091 0
1500 0.0203433707219433 0.1105261307995091 0
1501 0.02078929519933893 0.1105261307995091 0
1502 0.02119113360409581 0.1105261307995091 0
1503 0.02155360977429197 0.1105261307995091 0
1504 0.02188095931249504 0.1105261307995091 0
1505 0.02217698512442124 0.1105261307995091 0
1506 0.022445106753321 0.1105261307995092 0
1507 0.02268840432415123 0.1105261307995092 0
1508 0.02290965779512125 0.1105261307995092 0
1509 0.02311138211913854 0.1105261307995091 0
1510 0.02329585883937995 0.1105261307995091 0
1511 0.02346516457822604 0.1105261307995091 0
1512 0.02362119682453937 0.1105261307995091 0
1513 0.02376569737878075 0.1105261307995091 0
1514 0.02390027377723625 0.1105261307995091 0
1515 0.02402641898450635 0.1105261307995091 0
1516 0.0241455296164757 0.1105261307995091 0
1517 0.02425892293352167 0.1105261307995092 0
1518 0.02436785282516516 0.1105261307995092 0
1519 0.02447352499227267 0.1105261307995092 0
1520 0.02457711152093104 0.1105261307995092 0
1521 0.02467976503296147 0.1105261307995092 0
1522 0.02489091453813439 0.1105261307995092 0
1523 0.02521187775293529 0.1105261307995092 0
1524 0.0256048477624769 0.1105261307995092 0
1525 0.02599964347061247 0.1105261307995092 0
1526 0.02633336271633612 0.1105261307995092 0
1527 0.026666462879342 0.1105261307995092 0
1528 0.0270593982227762 0.1105261307995092 0
1529 0.02744925720492773 0.1105261307995092 0
1530 0.02776584299101267 0.1105261307995092 0
1531 0.02797132641128713 0.1105261307995092 0
1532 0.002601606849535561 0.1095488682942238 0
1533 0.004915367021392299 0.1095488682942238 0
1534 0.006976501348176381 0.1095488682942238 0
1535 0.0088150260424304 0.1095488682942239 0
1536 0.01045678612199265 0.1095488682942239 0
1537 0.01192420982811974 0.1095488682942239 0
1538 0.01323687802655969 0.1095488682942239 0
1539 0.01441196637969864 0.1095488682942239 0
1540 0.01546459708078035 0.1095488682942239 0
1541 0.01640812433907866 0.1095488682942239 0
1542 0.01725437000283297 0.1095488682942239 0
1543 0.01801382073666584 0.1095488682942239 0
1544 0.01869579491911155 0.1095488682942239 0
1545 0.01930858524571627 0.1095488682942239 0
1546 0.01985958152641485 0.1095488682942239 0
1547 0.02035537711515414 0.1095488682942239 0
1548 0.02080186165630864 0.1095488682942239 0
1549 0.02120430228121182 0.109548868294224 0
1550 0.0215674149770909 0.109548868294224 0
1551 0.02189542753866387 0.1095488682942239 0
1552 0.02219213527181147 0.1095488682942239 0
1553 0.02246095042996532 0.1095488682942239 0
1554 0.02270494621382359 0.1095488682942239 0
1555 0.02292689604427064 0.109548868294224 0
1556 0.02312930872015016 0.109548868294224 0
1557 0.02331445999187072 0.109548868294224 0
1558 0.02348442101505434 0.109548868294224 0
1559 0.0236410840928352 0.109548868294224 0
1560 0.02378618606890488 0.109548868294224 0
1561 0.0239213296943982 0.109548868294224 0
1562 0.02404800325898975 0.109548868294224 0
1563 0.02416759874917303 0.109548868294224 0
1564 0.02428142877386771 0.109548868294224 0
1565 0.02439074247865692 0.109548868294224 0
1566 0.0244967406546283 0.109548868294224 0
1567 0.0246005902356109 0.109548868294224 0
1568 0.0247034383682825 0.109548868294224 0
1569 0.024913655519078 0.109548868294224 0
1570 0.02523255144540978 0.109548868294224 0
1571 0.02562269124473992 0.109548868294224 0
1572 0.02601458021536822 0.109548868294224 0
1573 0.02634593151714011 0.109548868294224 0
1574 0.02667661832985197 0.109548868294224 0
1575 0.02706651048817028 0.109548868294224 0
1576 0.02745331108321181 0.109548868294224 0
1577 0.02776750852029596 0.109548868294224 0
1578 0.0279716440097558 0.109548868294224 0
1579 0.002605703524683825 0.1085252076858441 0
1580 0.004922030496280325 0.1085252076858441 0
1581 0.00698472174152882 0.1085252076858441 0
1582 0.008824150459728695 0.1085252076858441 0
1583 0.01046640763121183 0.1085252076858442 0
1584 0.01193409074967171 0.1085252076858442 0
1585 0.0132468963544854 0.1085252076858442 0
1586 0.01442207807114796 0.1085252076858442 0
1587 0.01547480939053077 0.1085252076858442 0
1588 0.01641847693378522 0.1085252076858442 0
1589 0.01726492160731599 0.1085252076858442 0
1590 0.0180246397426289 0.1085252076858442 0
1591 0.0187069528465739 0.1085252076858442 0
1592 0.01932015226426551 0.1085252076858442 0
1593 0.01987162346468441 0.1085252076858442 0
1594 0.02036795354340363 0.1085252076858442 0
1595 0.02081502473881435 0.1085252076858442 0
1596 0.02121809617584631 0.1085252076858442 0
1597 0.0215818756181362 0.1085252076858442 0
1598 0.02191058268185423 0.1085252076858443 0
1599 0.02220800471222348 0.1085252076858443 0
1600 0.02247754632675353 0.1085252076858443 0
1601 0.0227222734731364 0.1085252076858443 0
1602 0.02294495272455484 0.1085252076858443 0
1603 0.02314808643360841 0.1085252076858443 0
1604 0.0233339442829105 0.1085252076858443 0
1605 0.02350459170177594 0.1085252076858443 0
1606 0.0236619155614044 0.1085252076858443 0
1607 0.02380764751338264 0.1085252076858443 0
1608 0.02394338529650655 0.1085252076858443 0
1609 0.02407061230357052 0.1085252076858443 0
1610 0.02419071567188439 0.1085252076858443 0
1611 0.02430500313806988 0.1085252076858443 0
1612 0.02441471887854157 0.1085252076858443 0
1613 0.02452105854150351 0.1085252076858443 0
1614 0.02462518366391005 0.1085252076858443 0
1615 0.02472823565734868 0.1085252076858443 0
1616 0.02493747618779495 0.1085252076858443 0
1617 0.02525420667571018 0.1085252076858443 0
1618 0.02564138189316876 0.1085252076858443 0
1619 0.02603022612129541 0.1085252076858443 0
1620 0.02635909705475977 0.1085252076858443 0
1621 0.02668725593703651 0.1085252076858443 0
1622 0.02707396042703613 0.1085252076858443 0
1623 0.02745755743001029 0.1085252076858443 0
1624 0.02776925312495458 0.1085252076858443 0
1625 0.02797197668704555 0.1085252076858443 0
1626 0.00260999124720089 0.1074538089340435 0
1627 0.004929004720568377 0.1074538089340435 0
1628 0.006993325490764673 0.1074538089340435 0
1629 0.008833700391829504 0.1074538089340436 0
1630 0.01047647783698461 0.1074538089340436 0
1631 0.01194443246540324 0.1074538089340436 0
1632 0.01325738188450079 0.1074538089340436 0
1633 0.01443266131867034 0.1074538089340436 0
1634 0.01548549794866226 0.1074538089340436 0
1635 0.01642931231902492 0.1074538089340436 0
1636 0.01727596528310078 0.1074538089340436 0
1637 0.01803596329009146 0.1074538089340436 0
1638 0.01871863112105079 0.1074538089340436 0
1639 0.0193322587076846 0.1074538089340436 0
1640 0.01988422697558015 0.1074538089340436 0
1641 0.02038111647007906 0.1074538089340436 0
1642 0.02082880167821303 0.1074538089340436 0
1643 0.02123253334513158 0.1074538089340436 0
1644 0.02159701062737592 0.1074538089340437 0
1645 0.021926444581164 0.1074538089340437 0
1646 0.0222246142198181 0.1074538089340437 0
1647 0.02249491616882654 0.1074538089340436 0
1648 0.0227404087846331 0.1074538089340436 0
1649 0.02296385147337823 0.1074538089340436 0
1650 0.02316773984079841 0.1074538089340436 0
1651 0.02335433721874183 0.1074538089340437 0
1652 0.02352570304317132 0.1074538089340436 0
1653 0.02368371850003516 0.1074538089340437 0
1654 0.02383010980668286 0.1074538089340437 0
1655 0.0239664694558223 0.1074538089340436 0
1656 0.02409427571500294 0.1074538089340437 0
1657 0.02421491064621051 0.1074538089340437 0
1658 0.02432967688655052 0.1074538089340437 0
1659 0.02443981341153306 0.1074538089340437 0
1660 0.02454651048664162 0.1074538089340437 0
1661 0.02465092400027399 0.1074538089340437 0
1662 0.02475418936147293 0.1074538089340437 0
1663 0.02496240772713666 0.1074538089340437 0
1664 0.02527687179198393 0.1074538089340437 0
1665 0.02566094417507457 0.1074538089340437 0
1666 0.02604660166993329 0.1074538089340437 0
1667 0.02637287656376599 0.1074538089340437 0
1668 0.0266983896262362 0.1074538089340437 0
1669 0.02708175779184291 0.1074538089340437 0
1670 0.02746200180407563 0.1074538089340437 0
1671 0.02777107908879291 0.1074538089340437 0
1672 0.02797232487865329 0.1074538089340437 0
1673 0.00261447509565357 0.1063334030270976 0
1674 0.00493629795483393 0.1063334030270977 0
1675 0.007002322786542297 0.1063334030270977 0
1676 0.008843687150091727 0.1063334030270977 0
1677 0.01048700866690486 0.1063334030270977 0
1678 0.01195524722449651 0.1063334030270978 0
1679 0.01326834703612801 0.1063334030270978 0
1680 0.01444372865752884 0.1063334030270978 0
1681 0.01549667541517241 0.1063334030270978 0
1682 0.01644064332870381 0.1063334030270978 0
1683 0.01728751411080183 0.1063334030270978 0
1684 0.01804780479116034 0.1063334030270979 0
1685 0.01873084357480329 0.1063334030270979 0
1686 0.01934491891537671 0.1063334030270979 0
1687 0.01989740698725378 0.1063334030270979 0
1688 0.02039488148592871 0.1063334030270979 0
1689 0.02084320879251661 0.1063334030270979 0
1690 0.02124763088908486 0.1063334030270979 0
1691 0.02161283793137955 0.1063334030270979 0
1692 0.02194303202412321 0.1063334030270979 0
1693 0.02224198346762542 0.1063334030270979 0
1694 0.02251308052978794 0.1063334030270979 0
1695 0.02275937362857289 0.1063334030270979 0
1696 0.02298361467524868 0.106333403027098 0
1697 0.02318829222007855 0.106333403027098 0
1698 0.02337566295365332 0.106333403027098 0
1699 0.02354778004444012 0.1063334030270979 0
1700 0.02370651873308529 0.1063334030270979 0
1701 0.02385359955413199 0.1063334030270979 0
1702 0.02399060951423733 0.1063334030270979 0
1703 0.02411902152127051 0.1063334030270979 0
1704 0.02424021232974134 0.1063334030270979 0
1705 0.02435547924398069 0.1063334030270979 0
1706 0.02446605580069813 0.106333403027098 0
1707 0.024573126636444 0.106333403027098 0
1708 0.02467784173268729 0.106333403027098 0
1709 0.024781330221362 0.106333403027098 0
1710 0.02498847966711303 0.106333403027098 0
1711 0.02530057363978995 0.1063334030270979 0
1712 0.02568140126088298 0.1063334030270979 0
1713 0.02606372625720065 0.1063334030270979 0
1714 0.02638728636521427 0.106333403027098 0
1715 0.02671003258468137 0.106333403027098 0
1716 0.02708991181813185 0.106333403027098 0
1717 0.02746664946951963 0.106333403027098 0
1718 0.02777298857456271 0.106333403027098 0
1719 0.02797268899699241 0.106333403027098 0
1720 0.002619159815137271 0.105162804279768 0
1721 0.004943917917244257 0.1051628042797681 0
1722 0.007011723150375926 0.1051628042797681 0
1723 0.008854121303142124 0.1051628042797681 0
1724 0.01049801126537079 0.1051628042797681 0
1725 0.01196654647182176 0.1051628042797681 0
1726 0.01327980341339229 0.1051628042797681 0
1727 0.01445529179988975 0.1051628042797681 0
1728 0.01550835361877164 0.1051628042797682 0
1729 0.01645248195402151 0.1051628042797682 0
1730 0.01729958031212777 0.1051628042797682 0
1731 0.01806017677726983 0.1051628042797682 0
1732 0.01874360313183156 0.1051628042797682 0
1733 0.01935814628518388 0.1051628042797682 0
1734 0.0199111774476372 0.1051628042797682 0
1735 0.02040926315797336 0.1051628042797682 0
1736 0.02085826132825554 0.1051628042797682 0
1737 0.02126340478489343 0.1051628042797682 0
1738 0.02162937427961317 0.1051628042797682 0
1739 0.02196036256462561 0.1051628042797682 0
1740 0.02226013083689514 0.1051628042797682 0
1741 0.02253205863232707 0.1051628042797682 0
1742 0.02277918807476745 0.1051628042797682 0
1743 0.02300426324485133 0.1051628042797682 0
1744 0.02320976532129199 0.1051628042797682 0
1745 0.02339794405590252 0.1051628042797683 0
1746 0.02357084606887811 0.1051628042797682 0
1747 0.02373034038922066 0.1051628042797683 0
1748 0.02387814161408418 0.1051628042797683 0
1749 0.02401583101830643 0.1051628042797682 0
1750 0.02414487590996919 0.1051628042797683 0
1751 0.02426664749833775 0.1051628042797683 0
1752 0.02438243751606643 0.1051628042797683 0
1753 0.02449347381741253 0.1051628042797683 0
1754 0.02460093515782384 0.1051628042797683 0
1755 0.0247059653472172 0.1051628042797683 0
1756 0.02480968695921087 0.1051628042797683 0
1757 0.02501571959871959 0.1051628042797683 0
1758 0.02532533730194053 0.1051628042797683 0
1759 0.0257027747995915 0.1051628042797683 0
1760 0.02608161800543173 0.1051628042797683 0
1761 0.02640234170847876 0.1051628042797683 0
1762 0.02672219713369585 0.1051628042797683 0
1763 0.02709843113501545 0.1051628042797683 0
1764 0.02747150534479932 0.1051628042797683 0
1765 0.027774983603004 0.1051628042797683 0
1766 0.02797306942739627 0.1051628042797683 0
1767 0.002624049765802976 0.1039409231951712 0
1768 0.00495187169983266 0.1039409231951712 0
1769 0.007021535331349847 0.1039409231951712 0
1770 0.008865012562230821 0.1039409231951712 0
1771 0.0105094958726947 0.1039409231951713 0
1772 0.01197834072378761 0.1039409231951713 0
1773 0.01329176167894585 0.1039409231951713 0
1774 0.01446736150777346 0.1039409231951713 0
1775 0.01552054342856986 0.1039409231951713 0
1776 0.01646483921339527 0.1039409231951713 0
1777 0.01731217511730481 0.1039409231951713 0
1778 0.01807309076324545 0.1039409231951714 0
1779 0.01875692166768021 0.1039409231951714 0
1780 0.0193719531280523 0.1039409231951714 0
1781 0.01992555117314055 0.1039409231951714 0
1782 0.02042427487148862 0.1039409231951714 0
1783 0.02087397329509012 0.1039409231951714 0
1784 0.02127986971360009 0.1039409231951714 0
1785 0.02164663506274749 0.1039409231951714 0
1786 0.02197845233251065 0.1039409231951714 0
1787 0.02227907321770361 0.1039409231951714 0
1788 0.0225518681396984 0.1039409231951714 0
1789 0.02279987056487101 0.1039409231951714 0
1790 0.02302581640017377 0.1039409231951714 0
1791 0.02323217912983244 0.1039409231951714 0
1792 0.02342120126290395 0.1039409231951715 0
1793 0.0235949225844407 0.1039409231951714 0
1794 0.02375520563967645 0.1039409231951715 0
1795 0.02390375882826711 0.1039409231951715 0
1796 0.02404215744212795 0.1039409231951714 0
1797 0.02417186294423417 0.1039409231951715 0
1798 0.02429424075567701 0.1039409231951715 0
1799 0.02441057679334665 0.1039409231951715 0
1800 0.02452209298010763 0.1039409231951715 0
1801 0.02462996193266205 0.1039409231951715 0
1802 0.02473532101900737 0.1039409231951715 0
1803 0.02483928596713519 0.1039409231951715 0
1804 0.02504415287464075 0.1039409231951715 0
1805 0.02535118582641246 0.1039409231951715 0
1806 0.02572508468392924 0.1039409231951715 0
1807 0.02610029356679195 0.1039409231951715 0
1808 0.02641805660583274 0.1039409231951715 0
1809 0.02673489459503973 0.1039409231951715 0
1810 0.02710732367157208 0.1039409231951715 0
1811 0.02747657394936339 0.1039409231951715 0
1812 0.02777706603092495 0.1039409231951715 0
1813 0.02797346652393813 0.1039409231951715 0
1814 0.002629175227879923 0.1026601934721569 0
1815 0.004960208555112422 0.102660193472157 0
1816 0.007031820089809004 0.102660193472157 0
1817 0.008876428369719597 0.102660193472157 0
1818 0.01052153360545142 0.1026601934721571 0
1819 0.01199070301439328 0.1026601934721571 0
1820 0.01330429588241556 0.102660193472157 0
1821 0.01448001252089546 0.1026601934721571 0
1822 0.01553332032799425 0.1026601934721571 0
1823 0.01647779162715669 0.1026601934721571 0
1824 0.01732537651762859 0.1026601934721572 0
1825 0.01808662671685833 0.1026601934721571 0
1826 0.01877088165523007 0.1026601934721571 0
1827 0.01938642494062514 0.1026601934721572 0
1828 0.01994061717073611 0.1026601934721572 0
1829 0.02044000958408442 0.1026601934721572 0
1830 0.02089044198683574 0.1026601934721572 0
1831 0.02129712763161499 0.1026601934721572 0
1832 0.02166472716539258 0.1026601934721572 0
1833 0.0219974133457425 0.1026601934721572 0
1834 0.02229892790768278 0.1026601934721572 0
1835 0.02257263171907495 0.1026601934721572 0
1836 0.02282154917186109 0.1026601934721572 0
1837 0.02304840760564718 0.1026601934721572 0
1838 0.02325567243958701 0.1026601934721572 0
1839 0.02344557859115342 0.1026601934721572 0
1840 0.02362015868105954 0.1026601934721572 0
1841 0.02378126845849767 0.1026601934721572 0
1842 0.02393060982713966 0.1026601934721572 0
1843 0.0240697518078268 0.1026601934721572 0
1844 0.02420014973691381 0.1026601934721572 0
1845 0.02432316296854588 0.1026601934721572 0
1846 0.02444007132374835 0.1026601934721572 0
1847 0.02455209050832329 0.1026601934721572 0
1848 0.02466038670457085 0.1026601934721573 0
1849 0.02476609052831123 0.1026601934721573 0
1850 0.02487031053220809 0.1026601934721573 0
1851 0.02507395556334258 0.1026601934721573 0
1852 0.02537827927601615 0.1026601934721573 0
1853 0.0257484690642495 0.1026601934721573 0
1854 0.02611986858667688 0.1026601934721573 0
1855 0.02643452836923844 0.1026601934721573 0
1856 0.0267482035956904 0.1026601934721573 0
1857 0.02711664449339723 0.1026601934721573 0
1858 0.02748188666972648 0.1026601934721573 0
1859 0.02777924875342391 0.1026601934721573 0
1860 0.02797388274557417 0.1026601934721573 0
1861 0.002634513859362124 0.1013261978407725 0
1862 0.0049688921425414 0.1013261978407726 0
1863 0.007042532594256915 0.1013261978407726 0
1864 0.008888318963843483 0.1013261978407726 0
1865 0.01053407199088957 0.1013261978407726 0
1866 0.01200357945613235 0.1013261978407727 0
1867 0.01331735138692289 0.1013261978407727 0
1868 0.01449318969320128 0.1013261978407727 0
1869 0.01554662862224907 0.1013261978407727 0
1870 0.01649128273543905 0.1013261978407727 0
1871 0.01733912696789425 0.1013261978407727 0
1872 0.01810072563457823 0.1013261978407728 0
1873 0.01878542224257731 0.1013261978407728 0
1874 0.0194014986399416 0.1013261978407728 0
1875 0.01995630976739704 0.1013261978407728 0
1876 0.02045639870778998 0.1013261978407728 0
1877 0.02090759561608983 0.1013261978407728 0
1878 0.02131510331128025 0.1013261978407728 0
1879 0.02168357172366077 0.1013261978407728 0
1880 0.02201716295283244 0.1013261978407728 0
1881 0.02231960835978657 0.1013261978407728 0
1882 0.02259425886154108 0.1013261978407728 0
1883 0.0228441293981958 0.1013261978407728 0
1884 0.0230719383856921 0.1013261978407728 0
1885 0.02328014284268317 0.1013261978407728 0
1886 0.02347096977932159 0.1013261978407728 0
1887 0.02364644435401441 0.1013261978407729 0
1888 0.02380841523726317 0.1013261978407728 0
1889 0.02395857756658588 0.1013261978407728 0
1890 0.02409849383093412 0.1013261978407728 0
1891 0.02422961298523423 0.1013261978407729 0
1892 0.02435328806435943 0.1013261978407729 0
1893 0.02447079253994141 0.1013261978407729 0
1894 0.02458333564215048 0.1013261978407729 0
1895 0.02469207685127619 0.1013261978407729 0
1896 0.02479813975013656 0.1013261978407729 0
1897 0.02490262541764343 0.1013261978407729 0
1898 0.02510499775422589 0.1013261978407729 0
1899 0.02540649954978742 0.1013261978407729 0
1900 0.02577282600750561 0.1013261978407729 0
1901 0.02614025773712878 0.1013261978407729 0
1902 0.02645168519790379 0.1013261978407729 0
1903 0.02676206612141074 0.1013261978407729 0
1904 0.02712635297081618 0.1013261978407729 0
1905 0.02748742034761945 0.1013261978407729 0
1906 0.02778152225596375 0.1013261978407729 0
1907 0.02797431627798478 0.1013261978407729 0
1908 0.002640068211562055 0.09993829878938029 0
1909 0.004977926611974298 0.09993829878938033 0
1910 0.007053677964160309 0.09993829878938035 0
1911 0.00890069002707396 0.09993829878938038 0
1912 0.01054711702105773 0.09993829878938042 0
1913 0.01201697620260926 0.09993829878938046 0
1914 0.01333093443164574 0.09993829878938046 0
1915 0.01450689932201341 0.09993829878938047 0
1916 0.01556047467131953 0.09993829878938049 0
1917 0.01650531898559371 0.09993829878938047 0
1918 0.01735343303939175 0.09993829878938051 0
1919 0.0181153942542264 0.0999382987893805 0
1920 0.0188005503786155 0.09993829878938051 0
1921 0.01941718142966751 0.09993829878938054 0
1922 0.01997263646255793 0.09993829878938053 0
1923 0.02047345007490765 0.09993829878938051 0
1924 0.02092544238050913 0.09993829878938053 0
1925 0.02133380534310747 0.09993829878938056 0
1926 0.02170317774329754 0.09993829878938057 0
1927 0.0220377105920455 0.09993829878938057 0
1928 0.02234112445712748 0.09993829878938058 0
1929 0.02261675990262912 0.09993829878938058 0
1930 0.02286762203488282 0.09993829878938058 0
1931 0.02309641998558232 0.09993829878938058 0
1932 0.0233056020334371 0.09993829878938058 0
1933 0.0234973869617645 0.0999382987893806 0
1934 0.02367379216513235 0.0999382987893806 0
1935 0.02383665894931933 0.0999382987893806 0
1936 0.02398767541228625 0.0999382987893806 0
1937 0.0241283972471577 0.0999382987893806 0
1938 0.02426026676957416 0.09993829878938061 0
1939 0.02438463043979085 0.09993829878938058 0
1940 0.02450275512348281 0.09993829878938058 0
1941 0.02461584331352445 0.09993829878938058 0
1942 0.02472504751738338 0.09993829878938061 0
1943 0.02483148400068938 0.09993829878938061 0
1944 0.02493624606660689 0.09993829878938058 0
1945 0.02513729428224029 0.09993829878938061 0
1946 0.02543586013409199 0.09993829878938063 0
1947 0.02579816715379173 0.09993829878938063 0
1948 0.02616147076204815 0.09993829878938061 0
1949 0.02646953529101455 0.09993829878938061 0
1950 0.02677648879705113 0.09993829878938061 0
1951 0.02713645374347482 0.09993829878938064 0
1952 0.02749317762756677 0.09993829878938065 0
1953 0.02778388762504303 0.09993829878938064 0
1954 0.02797476732835353 0.09993829878938064 0
1955 0.00264584018334488 0.09849602183723755 0
1956 0.004987315052023186 0.09849602183723759 0
1957 0.007065260009784338 0.09849602183723759 0
1958 0.008913545788703674 0.09849602183723763 0
1959 0.01056067315565748 0.09849602183723766 0
1960 0.01203089783376677 0.09849602183723767 0
1961 0.0133450496602166 0.0984960218372377 0
1962 0.01452114609423962 0.09849602183723771 0
1963 0.01557486320875136 0.0984960218372377 0
1964 0.01651990517619039 0.09849602183723773 0
1965 0.01736829962293458 0.09849602183723773 0
1966 0.01813063759056061 0.09849602183723771 0
1967 0.01881627123519716 0.09849602183723773 0
1968 0.01943347867127474 0.09849602183723775 0
1969 0.01998960283782248 0.09849602183723774 0
1970 0.02049116951478455 0.09849602183723775 0
1971 0.02094398838136305 0.09849602183723777 0
1972 0.02135324012075619 0.0984960218372378 0
1973 0.02172355192700854 0.09849602183723778 0
1974 0.02205906328799857 0.09849602183723778 0
1975 0.02236348355540896 0.09849602183723782 0
1976 0.02264014253476506 0.09849602183723782 0
1977 0.02289203511334465 0.09849602183723782 0
1978 0.023121860774837 0.09849602183723782 0
1979 0.02333205871557674 0.09849602183723782 0
1980 0.02352483916971847 0.09849602183723781 0
1981 0.02370221146380353 0.09849602183723781 0
1982 0.02386600925033776 0.09849602183723781 0
1983 0.02401791331191488 0.09849602183723781 0
1984 0.02415947227957187 0.09849602183723781 0
1985 0.02429212156953606 0.09849602183723784 0
1986 0.0244172008098511 0.09849602183723782 0
1987 0.02453597000141391 0.09849602183723782 0
1988 0.02464962463583567 0.09849602183723785 0
1989 0.02475930997456676 0.09849602183723785 0
1990 0.02486613467936127 0.09849602183723785 0
1991 0.0249711839729823 0.09849602183723785 0
1992 0.02517085618859267 0.09849602183723785 0
1993 0.02546637106642632 0.09849602183723785 0
1994 0.02582450116647998 0.09849602183723785 0
1995 0.02618351491352713 0.09849602183723787 0
1996 0.0264880847509781 0.09849602183723784 0
1997 0.02679147655328852 0.09849602183723784 0
1998 0.02714695026452206 0.09849602183723787 0
1999 0.02749916047780845 0.09849602183723788 0
2000 0.02778634566930998 0.09849602183723788 0
2001 0.02797523605088088 0.09849602183723787 0
2002 0.002651830965192826 0.09699906951146256 0
2003 0.00499705939907505 0.09699906951146263 0
2004 0.007077281119952091 0.09699906951146264 0
2005 0.008926888900262539 0.09699906951146264 0
2006 0.01057474319067223 0.09699906951146267 0
2007 0.01204534722097279 0.09699906951146268 0
2008 0.01335969998393328 0.09699906951146274 0
2009 0.0145359329483089 0.09699906951146277 0
2010 0.01558979720221293 0.09699906951146275 0
2011 0.01653504431566389 0.0969990695114628 0
2012 0.01738372978478922 0.09699906951146278 0
2013 0.01814645878755345 0.09699906951146282 0
2014 0.01883258805478449 0.09699906951146281 0
2015 0.01945039372610621 0.09699906951146282 0
2016 0.02000721239254391 0.09699906951146285 0
2017 0.02050956068209519 0.09699906951146284 0
2018 0.0209632374438062 0.09699906951146282 0
2019 0.02137341165269318 0.09699906951146285 0
2020 0.0217446984770152 0.09699906951146288 0
2021 0.02208122544473347 0.09699906951146287 0
2022 0.02238669026624558 0.09699906951146287 0
2023 0.02266441158066959 0.09699906951146289 0
2024 0.02291737366883392 0.09699906951146292 0
2025 0.02314826600067645 0.09699906951146292 0
2026 0.0233595183458526 0.09699906951146292 0
2027 0.02355333206526347 0.09699906951146291 0
2028 0.02373170811157254 0.09699906951146291 0
2029 0.0238964721938844 0.09699906951146291 0
2030 0.02404929750210689 0.09699906951146292 0
2031 0.0241917253374723 0.09699906951146289 0
2032 0.02432518395524446 0.09699906951146292 0
2033 0.02445100589225267 0.09699906951146292 0
2034 0.02457044402437839 0.09699906951146292 0
2035 0.02468468657655823 0.09699906951146295 0
2036 0.02479487128953559 0.09699906951146292 0
2037 0.02490209893293303 0.09699906951146293 0
2038 0.02500744634279185 0.09699906951146293 0
2039 0.02520569039550211 0.09699906951146293 0
2040 0.0254980386397392 0.09699906951146292 0
2041 0.02585183347701997 0.09699906951146295 0
2042 0.02620639473822181 0.09699906951146295 0
2043 0.02650733740366248 0.09699906951146295 0
2044 0.02680703248138151 0.09699906951146296 0
2045 0.0271578446988891 0.09699906951146292 0
2046 0.02750537013232088 0.09699906951146292 0
2047 0.02778889689574177 0.09699906951146295 0
2048 0.02797572254224196 0.09699906951146295 0
2049 0.002658040984842307 0.09544733493101103 0
2050 0.00500716034886747 0.09544733493101103 0
2051 0.007089742152959985 0.09544733493101108 0
2052 0.008940720314436658 0.09544733493101112 0
2053 0.01058932813068977 0.09544733493101114 0
2054 0.0120603253959005 0.09544733493101117 0
2055 0.01337488644881567 0.09544733493101119 0
2056 0.01455126093998927 0.09544733493101122 0
2057 0.01560527771797789 0.09544733493101126 0
2058 0.01655073748493508 0.09544733493101128 0
2059 0.01739972462665529 0.09544733493101129 0
2060 0.01816285897482408 0.0954473349310113 0
2061 0.01884950200238369 0.09544733493101132 0
2062 0.01946792780188156 0.09544733493101133 0
2063 0.02002546638402856 0.09544733493101132 0
2064 0.02052862488995233 0.0954473349310113 0
2065 0.02098319094220423 0.0954473349310113 0
2066 0.02139432137914763 0.09544733493101135 0
2067 0.0217666189031621 0.09544733493101136 0
2068 0.02210419864460817 0.09544733493101136 0
2069 0.02241074624657554 0.09544733493101136 0
2070 0.02268956877313071 0.09544733493101137 0
2071 0.0229436395105006 0.09544733493101137 0
2072 0.02317563754840992 0.09544733493101139 0
2073 0.02338798288485748 0.0954473349310114 0
2074 0.0235828676827665 0.09544733493101142 0
2075 0.02376228421447339 0.0954473349310114 0
2076 0.02392804995498589 0.09544733493101142 0
2077 0.02408183022366516 0.09544733493101142 0
2078 0.02422515872369821 0.09544733493101142 0
2079 0.02435945628732383 0.0954473349310114 0
2080 0.0244860481006479 0.0954473349310114 0
2081 0.02460617965379034 0.0954473349310114 0
2082 0.02472103163908302 0.0954473349310114 0
2083 0.02483173400133564 0.0954473349310114 0
2084 0.02493937932921987 0.09544733493101143 0
2085 0.02504503576513598 0.09544733493101143 0
2086 0.02524179939009951 0.09544733493101144 0
2087 0.02553086511506674 0.09544733493101144 0
2088 0.02588016603691401 0.09544733493101143 0
2089 0.02623011186973102 0.09544733493101146 0
2090 0.02652729462368972 0.09544733493101147 0
2091 0.02682315769200932 0.09544733493101147 0
2092 0.02716913782442872 0.09544733493101146 0
2093 0.02751180703446779 0.09544733493101148 0
2094 0.02779154148649365 0.09544733493101148 0
2095 0.02797622683717176 0.09544733493101147 0
2096 0.002664469855234589 0.09384091481255266 0
2097 0.005017617271827425 0.09384091481255272 0
2098 0.007102642332135489 0.09384091481255277 0
2099 0.008955039169140261 0.0938409148125528 0
2100 0.01060442706665849 0.09384091481255283 0
2101 0.01207583142498871 0.09384091481255286 0
2102 0.01339060810832023 0.09384091481255288 0
2103 0.01456712911391611 0.09384091481255293 0
2104 0.0156213037911751 0.09384091481255297 0
2105 0.01656698370587855 0.09384091481255297 0
2106 0.01741628315160465 0.09384091481255298 0
2107 0.01817983713017998 0.09384091481255297 0
2108 0.01886701202378052 0.09384091481255297 0
2109 0.01948607980573515 0.09384091481255297 0
2110 0.02004436367453978 0.09384091481255301 0
2111 0.02054836095012008 0.09384091481255299 0
2112 0.02100384763289351 0.09384091481255299 0
2113 0.02141596799685601 0.09384091481255304 0
2114 0.02178931183919071 0.09384091481255302 0
2115 0.02212798145574676 0.09384091481255305 0
2116 0.02243564999703525 0.09384091481255306 0
2117 0.02271561254414838 0.09384091481255308 0
2118 0.02297083100124468 0.09384091481255306 0
2119 0.02320397371202085 0.09384091481255306 0
2120 0.02341745055845072 0.09384091481255306 0
2121 0.02361344418132862 0.09384091481255311 0
2122 0.02379393786675566 0.09384091481255311 0
2123 0.02396074056546037 0.09384091481255309 0
2124 0.02411550944888689 0.09384091481255309 0
2125 0.02425977035441013 0.09384091481255309 0
2126 0.02439493642964479 0.09384091481255309 0
2127 0.02452232525092247 0.09384091481255309 0
2128 0.02464317466231584 0.09384091481255309 0
2129 0.02475865755809134 0.09384091481255309 0
2130 0.0248698958123841 0.09384091481255312 0
2131 0.02497797354460552 0.09384091481255312 0
2132 0.02508394989713741 0.09384091481255313 0
2133 0.02527918092177982 0.09384091481255313 0
2134 0.02556484844639709 0.09384091481255312 0
2135 0.02590949708024745 0.09384091481255312 0
2136 0.02625466482981096 0.09384091481255315 0
2137 0.0265479551671642 0.09384091481255316 0
2138 0.02683985118011819 0.09384091481255315 0
2139 0.02718082893726184 0.09384091481255315 0
2140 0.02751847078304927 0.09384091481255318 0
2141 0.02779427927673333 0.09384091481255316 0
2142 0.02797674890423857 0.09384091481255318 0
2143 0.002671116325555388 0.09218012170450009 0
2144 0.005028428133434411 0.0921801217045001 0
2145 0.00711597914759313 0.09218012170450017 0
2146 0.008969842678467429 0.0921801217045002 0
2147 0.01062003706089826 0.09218012170450024 0
2148 0.01209186229135241 0.09218012170450028 0
2149 0.01340686190360847 0.0921801217045003 0
2150 0.01458353438274477 0.09218012170450032 0
2151 0.01563787230373868 0.09218012170450036 0
2152 0.01658377981759601 0.09218012170450041 0
2153 0.01743340213797655 0.09218012170450041 0
2154 0.0181973899503162 0.09218012170450038 0
2155 0.01888511471218908 0.09218012170450042 0
2156 0.01950484620597565 0.09218012170450043 0
2157 0.02006390058738173 0.09218012170450045 0
2158 0.02056876502270987 0.09218012170450043 0
2159 0.02102520349686566 0.09218012170450043 0
2160 0.0214383472942077 0.09218012170450046 0
2161 0.02181277286991657 0.0921801217045005 0
2162 0.02215256925091641 0.09218012170450052 0
2163 0.02246139667229965 0.0921801217045005 0
2164 0.02274253782659277 0.0921801217045005 0
2165 0.02299894285063361 0.0921801217045005 0
2166 0.02323326897836677 0.09218012170450052 0
2167 0.02344791563334093 0.09218012170450053 0
2168 0.02364505561192317 0.09218012170450053 0
2169 0.02382666290981945 0.09218012170450053 0
2170 0.02399453766495519 0.09218012170450053 0
2171 0.02415032862507258 0.09218012170450053 0
2172 0.02429555349549775 0.09218012170450053 0
2173 0.02443161747911767 0.09218012170450057 0
2174 0.0245598302849192 0.09218012170450057 0
2175 0.02468142185212972 0.09218012170450056 0
2176 0.02479755701300673 0.09218012170450056 0
2177 0.02490934929784026 0.09218012170450056 0
2178 0.02501787407011978 0.09218012170450056 0
2179 0.0251241811675823 0.09218012170450056 0
2180 0.02531782771751508 0.09218012170450056 0
2181 0.0255999820218632 0.0921801217045006 0
2182 0.02593982090031198 0.09218012170450059 0
2183 0.02628004884138709 0.0921801217045006 0
2184 0.02656931501432794 0.0921801217045006 0
2185 0.02685710969778862 0.09218012170450061 0
2186 0.02719291576274144 0.09218012170450061 0
2187 0.02752536008155268 0.09218012170450063 0
2188 0.02779710973379067 0.09218012170450064 0
2189 0.02797728864186793 0.09218012170450064 0
2190 0.002677978236167316 0.09046549524830423 0
2191 0.005039589420915513 0.09046549524830431 0
2192 0.007129748265801891 0.09046549524830436 0
2193 0.008985126032314356 0.09046549524830438 0
2194 0.01063615304125414 0.09046549524830444 0
2195 0.01210841278608272 0.09046549524830447 0
2196 0.01342364255333521 0.09046549524830451 0
2197 0.01460047141591179 0.09046549524830454 0
2198 0.01565497787206238 0.09046549524830454 0
2199 0.01660112036252744 0.09046549524830456 0
2200 0.01745107602329929 0.09046549524830461 0
2201 0.01821551173179548 0.09046549524830459 0
2202 0.01890380418550343 0.09046549524830463 0
2203 0.01952422090483723 0.09046549524830465 0
2204 0.02008407077442598 0.09046549524830466 0
2205 0.02058983047782704 0.09046549524830465 0
2206 0.02104725159496048 0.09046549524830466 0
2207 0.02146145199949834 0.09046549524830469 0
2208 0.02183699437214772 0.09046549524830468 0
2209 0.02217795404080567 0.09046549524830472 0
2210 0.02248797790650239 0.09046549524830472 0
2211 0.02277033587163273 0.0904654952483047 0
2212 0.02302796592428507 0.09046549524830474 0
2213 0.02326351382853772 0.09046549524830472 0
2214 0.02347936821051232 0.09046549524830474 0
2215 0.02367769170304905 0.09046549524830474 0
2216 0.02386044871031758 0.09046549524830473 0
2217 0.02402943027177994 0.09046549524830474 0
2218 0.02418627643842839 0.09046549524830477 0
2219 0.02433249651994623 0.09046549524830472 0
2220 0.02446948751697023 0.09046549524830477 0
2221 0.02459855101612859 0.09046549524830477 0
2222 0.02472090879557381 0.09046549524830477 0
2223 0.02483771736423057 0.09046549524830477 0
2224 0.02495008163808436 0.09046549524830474 0
2225 0.02505906794088621 0.09046549524830477 0
2226 0.02516571650412524 0.09046549524830477 0
2227 0.02535772721980323 0.0904654952483048 0
2228 0.02563625442551351 0.0904654952483048 0
2229 0.02597112764398972 0.0904654952483048 0
2230 0.02630625565643332 0.09046549524830481 0
2231 0.0265913672247265 0.09046549524830481 0
2232 0.02687492763721105 0.09046549524830484 0
2233 0.02720539437349568 0.09046549524830484 0
2234 0.02753247269143846 0.09046549524830484 0
2235 0.02780003193796535 0.09046549524830484 0
2236 0.02797784587468292 0.09046549524830486 0
2237 0.002685052478261695 0.08869781226049726 0
2238 0.005051096077616788 0.08869781226049732 0
2239 0.007143943448622489 0.08869781226049733 0
2240 0.009000882306512869 0.08869781226049737 0
2241 0.0106527677063341 0.08869781226049743 0
2242 0.01212547541092956 0.08869781226049746 0
2243 0.01344094245497798 0.08869781226049749 0
2244 0.01461793254004472 0.0886978122604975 0
2245 0.01567261274641844 0.0886978122604975 0
2246 0.01661899748448821 0.08869781226049753 0
2247 0.01746929680036741 0.08869781226049754 0
2248 0.0182341942644917 0.08869781226049757 0
2249 0.01892307197640299 0.08869781226049758 0
2250 0.01954419512455592 0.0886978122604976 0
2251 0.02010486509751028 0.08869781226049758 0
2252 0.02061154777170552 0.08869781226049762 0
2253 0.02106998193822266 0.08869781226049762 0
2254 0.02148527164507362 0.08869781226049764 0
2255 0.02186196537226173 0.08869781226049762 0
2256 0.02220412432476117 0.08869781226049762 0
2257 0.02251538165693754 0.08869781226049762 0
2258 0.02279899408528262 0.08869781226049764 0
2259 0.02305788707321063 0.08869781226049765 0
2260 0.02329469456001588 0.08869781226049765 0
2261 0.02351179404028281 0.08869781226049765 0
2262 0.02371133766882969 0.08869781226049765 0
2263 0.02389527996149428 0.08869781226049764 0
2264 0.024065402577737 0.08869781226049764 0
2265 0.02422333660269234 0.08869781226049768 0
2266 0.02437058269061023 0.08869781226049765 0
2267 0.02450852938607103 0.08869781226049768 0
2268 0.02463846990201009 0.08869781226049768 0
2269 0.02476161760297289 0.08869781226049768 0
2270 0.02487912041699825 0.08869781226049768 0
2271 0.02499207437921051 0.08869781226049768 0
2272 0.02510153649390112 0.08869781226049768 0
2273 0.02520853708906052 0.08869781226049767 0
2274 0.02539886135205804 0.08869781226049769 0
2275 0.02567364922402942 0.08869781226049768 0
2276 0.02600340312766886 0.08869781226049772 0
2277 0.02633327340187546 0.08869781226049772 0
2278 0.02661410180754143 0.08869781226049771 0
2279 0.02689329692591588 0.08869781226049771 0
2280 0.02721825911605348 0.08869781226049771 0
2281 0.0275398053903179 0.08869781226049774 0
2282 0.02780304456534423 0.08869781226049775 0
2283 0.02797842035022757 0.08869781226049774 0
2284 0.002692352404430765 0.08687373624936318 0
2285 0.005062969822288161 0.08687373624936325 0
2286 0.007158591489382802 0.08687373624936327 0
2287 0.009017141240942061 0.08687373624936333 0
2288 0.0106699124162252 0.08687373624936336 0
2289 0.01214308237150155 0.0868737362493634 0
2290 0.01345879426200404 0.08687373624936344 0
2291 0.01463595071291735 0.08687373624936348 0
2292 0.01569081021253318 0.08687373624936351 0
2293 0.01663744492644567 0.08687373624936351 0
2294 0.01748809886079535 0.08687373624936354 0
2295 0.01825347281158044 0.08687373624936355 0
2296 0.01894295445273493 0.08687373624936359 0
2297 0.01956480656635927 0.08687373624936359 0
2298 0.02012632280580269 0.08687373624936359 0
2299 0.0206339578956156 0.08687373624936361 0
2300 0.02109343743004748 0.08687373624936361 0
2301 0.02150985119038082 0.08687373624936363 0
2302 0.02188773300288112 0.08687373624936366 0
2303 0.022231129499047 0.08687373624936366 0
2304 0.02254365964803019 0.08687373624936366 0
2305 0.02282856655975983 0.08687373624936366 0
2306 0.02308876277341093 0.08687373624936368 0
2307 0.02332687002625684 0.08687373624936366 0
2308 0.02354525432622404 0.08687373624936366 0
2309 0.0237460570158366 0.08687373624936366 0
2310 0.02393122240714061 0.08687373624936369 0
2311 0.02410252248035193 0.08687373624936369 0
2312 0.02426157906871643 0.0868737362493637 0
2313 0.0244098838949231 0.0868737362493637 0
2314 0.02454881677772882 0.08687373624936369 0
2315 0.0246796622892367 0.08687373624936369 0
2316 0.02480362511197236 0.08687373624936369 0
2317 0.02492184431933943 0.08687373624936369 0
2318 0.02503540678228183 0.0868737362493637 0
2319 0.02514535988831992 0.08687373624936373 0
2320 0.02525272374600181 0.08687373624936373 0
2321 0.0254413077547232 0.08687373624936372 0
2322 0.02571223699988323 0.08687373624936372 0
2323 0.02603670827114367 0.08687373624936374 0
2324 0.02636115307355633 0.08687373624936377 0
2325 0.0266375616741702 0.08687373624936376 0
2326 0.02691225223583243 0.08687373624936377 0
2327 0.02723153427254419 0.08687373624936376 0
2328 0.02754737201861896 0.08687373624936379 0
2329 0.02780615330224457 0.0868737362493638 0
2330 0.02797901315282125 0.0868737362493638 0
2331 0.002700046410149867 0.08495118923495561 0
2332 0.005075484559737943 0.08495118923495562 0
2333 0.007174030290649181 0.08495118923495566 0
2334 0.009034277898435222 0.0849511892349557 0
2335 0.01068798266692354 0.08495118923495577 0
2336 0.0121616398270428 0.08495118923495579 0
2337 0.01347760978180159 0.08495118923495582 0
2338 0.014654941579663 0.08495118923495586 0
2339 0.01570999005149557 0.08495118923495588 0
2340 0.01665688823595815 0.08495118923495591 0
2341 0.01750791593251813 0.08495118923495593 0
2342 0.01827379209264184 0.08495118923495591 0
2343 0.01896391026558356 0.08495118923495594 0
2344 0.01958653069718484 0.08495118923495593 0
2345 0.02014893888800639 0.08495118923495597 0
2346 0.02065757780868548 0.08495118923495597 0
2347 0.02111815914422167 0.08495118923495598 0
2348 0.02153575763899229 0.08495118923495598 0
2349 0.0219148916744569 0.08495118923495601 0
2350 0.02225959252190342 0.08495118923495602 0
2351 0.02257346419949449 0.08495118923495601 0
2352 0.02285973547605925 0.08495118923495602 0
2353 0.0231213052688308 0.08495118923495602 0
2354 0.02336078245434709 0.08495118923495605 0
2355 0.02358052093378032 0.08495118923495605 0
2356 0.02378265065366905 0.08495118923495606 0
2357 0.0239691051714257 0.08495118923495606 0
2358 0.02414164626549673 0.08495118923495605 0
2359 0.02430188601778512 0.08495118923495605 0
2360 0.02445130673725705 0.08495118923495605 0
2361 0.02459127904579068 0.08495118923495605 0
2362 0.02472307840818979 0.08495118923495608 0
2363 0.02484790035626957 0.08495118923495608 0
2364 0.02496687463078946 0.08495118923495608 0
2365 0.02508107844379339 0.08495118923495609 0
2366 0.02519154904687845 0.08495118923495609 0
2367 0.02529929577746353 0.08495118923495608 0
2368 0.0254860455859419 0.08495118923495608 0
2369 0.02575290790000337 0.08495118923495608 0
2370 0.0260718113610155 0.08495118923495612 0
2371 0.02639053780271539 0.08495118923495611 0
2372 0.02666228799931794 0.08495118923495611 0
2373 0.02693223083007124 0.08495118923495611 0
2374 0.02724552607569342 0.08495118923495615 0
2375 0.02755534712413021 0.08495118923495613 0
2376 0.02780942986134071 0.08495118923495613 0
2377 0.02797963795729741 0.08495118923495615 0
2378 0.002708118629596368 0.08293413570483073 0
2379 0.005088614483304176 0.08293413570483078 0
2380 0.007190228016042563 0.08293413570483085 0
2381 0.009052256941461004 0.08293413570483089 0
2382 0.01070694119573359 0.08293413570483094 0
2383 0.01218110951019183 0.08293413570483095 0
2384 0.0134973502148544 0.08293413570483098 0
2385 0.01467486597918216 0.08293413570483101 0
2386 0.01573011271252616 0.08293413570483103 0
2387 0.01667728731894315 0.08293413570483107 0
2388 0.01752870715071754 0.08293413570483106 0
2389 0.01829511020725091 0.08293413570483109 0
2390 0.0189858962019306 0.08293413570483112 0
2391 0.01960932271966452 0.08293413570483113 0
2392 0.02017266670745876 0.08293413570483116 0
2393 0.02068235880425115 0.08293413570483116 0
2394 0.02114409610205527 0.08293413570483114 0
2395 0.02156293756917509 0.08293413570483119 0
2396 0.021943385383045 0.08293413570483119 0
2397 0.02228945469968131 0.08293413570483121 0
2398 0.02260473385131279 0.08293413570483121 0
2399 0.02289243656070413 0.08293413570483117 0
2400 0.0231554474535336 0.08293413570483121 0
2401 0.02339636191340943 0.08293413570483121 0
2402 0.02361752113961866 0.08293413570483121 0
2403 0.02382104312252257 0.08293413570483121 0
2404 0.02400885013623514 0.0829341357048312 0
2405 0.02418269325594575 0.08293413570483124 0
2406 0.02434417433286833 0.08293413570483124 0
2407 0.02449476579949653 0.08293413570483121 0
2408 0.02463582862873945 0.08293413570483124 0
2409 0.0247686287304146 0.08293413570483124 0
2410 0.02489435203580592 0.08293413570483124 0
2411 0.02501411849426443 0.08293413570483124 0
2412 0.02512899518413221 0.08293413570483124 0
2413 0.02524000872283216 0.08293413570483124 0
2414 0.02534815714717828 0.08293413570483124 0
2415 0.0255329825917543 0.08293413570483127 0
2416 0.02579557805685566 0.08293413570483127 0
2417 0.02610864001114144 0.08293413570483127 0
2418 0.02642136699505133 0.08293413570483128 0
2419 0.02668822979478641 0.08293413570483131 0
2420 0.02695319151073827 0.08293413570483131 0
2421 0.02726020567297945 0.0829341357048313 0
2422 0.02756371426137266 0.08293413570483134 0
2423 0.02781286748603441 0.08293413570483131 0
2424 0.02798029347524565 0.08293413570483134 0
2425 0.002716550342530625 0.08082725339671747 0
2426 0.005102329143453464 0.08082725339671751 0
2427 0.007207147101507232 0.08082725339671759 0
2428 0.009071036674919781 0.08082725339671759 0
2429 0.01072674403603564 0.08082725339671765 0
2430 0.0122014462689137 0.08082725339671765 0
2431 0.01351796978123293 0.08082725339671767 0
2432 0.01469567770490968 0.08082725339671772 0
2433 0.01575113152927263 0.08082725339671774 0
2434 0.0166985948679997 0.08082725339671777 0
2435 0.017550424298594 0.08082725339671779 0
2436 0.01831737771668553 0.0808272533967178 0
2437 0.0190088612743122 0.08082725339671783 0
2438 0.01963312977694455 0.08082725339671783 0
2439 0.02019745123710446 0.08082725339671785 0
2440 0.02070824341284234 0.08082725339671787 0
2441 0.02117118815329226 0.08082725339671785 0
2442 0.02159132794810289 0.0808272533967179 0
2443 0.0219731480490428 0.0808272533967179 0
2444 0.02232064677916869 0.08082725339671792 0
2445 0.02263739608620786 0.08082725339671792 0
2446 0.02292659397678924 0.08082725339671792 0
2447 0.02319111014856689 0.08082725339671792 0
2448 0.02343352589131639 0.08082725339671794 0
2449 0.02365616913676553 0.08082725339671794 0
2450 0.02386114538663416 0.08082725339671797 0
2451 0.02405036512924001 0.08082725339671797 0
2452 0.02422556825984959 0.08082725339671791 0
2453 0.02438834594336756 0.08082725339671792 0
2454 0.02454016029596975 0.08082725339671792 0
2455 0.02468236221188277 0.08082725339671794 0
2456 0.02481620762040984 0.08082725339671794 0
2457 0.02494287242474733 0.08082725339671794 0
2458 0.02506346634678087 0.08082725339671794 0
2459 0.02517904587984979 0.08082725339671797 0
2460 0.02529062653361354 0.08082725339671797 0
2461 0.02539919454101275 0.08082725339671794 0
2462 0.02558200992080879 0.08082725339671795 0
2463 0.02584014851431444 0.08082725339671797 0
2464 0.02614710881240186 0.08082725339671797 0
2465 0.02645356915475405 0.08082725339671798 0
2466 0.02671532689910067 0.08082725339671798 0
2467 0.02697508566803445 0.08082725339671797 0
2468 0.02727553902102908 0.08082725339671797 0
2469 0.0275724540261644 0.08082725339671799 0
2470 0.02781645820414918 0.08082725339671801 0
2471 0.02798097818645792 0.08082725339671801 0
2472 0.002725319994089681 0.07863592835254683 0
2473 0.005116593479976528 0.07863592835254689 0
2474 0.007224744295028873 0.07863592835254696 0
2475 0.009090569090229639 0.078635928352547 0
2476 0.01074734056377356 0.07863592835254701 0
2477 0.01222259811424121 0.07863592835254707 0
2478 0.0135394157689994 0.07863592835254711 0
2479 0.01471732355367091 0.07863592835254714 0
2480 0.01577299276915205 0.07863592835254717 0
2481 0.01672075641242851 0.07863592835254719 0
2482 0.01757301185834823 0.07863592835254719 0
2483 0.01834053769620004 0.07863592835254719 0
2484 0.01903274677473015 0.07863592835254725 0
2485 0.01965789100857331 0.07863592835254726 0
2486 0.02022322911767778 0.07863592835254728 0
2487 0.02073516546294736 0.07863592835254726 0
2488 0.02119936603970999 0.0786359283525473 0
2489 0.02162085619850321 0.07863592835254732 0
2490 0.02200410358705795 0.07863592835254732 0
2491 0.02235308902081515 0.07863592835254729 0
2492 0.02267136740631839 0.07863592835254729 0
2493 0.02296212040416643 0.07863592835254732 0
2494 0.0232282021856817 0.07863592835254733 0
2495 0.02347217938193373 0.07863592835254732 0
2496 0.02369636612533429 0.07863592835254732 0
2497 0.02390285492842359 0.07863592835254735 0
2498 0.02409354402135459 0.07863592835254735 0
2499 0.02427016167138548 0.07863592835254735 0
2500 0.02443428792881 0.07863592835254736 0
2501 0.0245873741800136 0.07863592835254736 0
2502 0.02473076083659204 0.07863592835254735 0
2503 0.02486569344732049 0.07863592835254735 0
2504 0.02499333748538728 0.07863592835254739 0
2505 0.02511479203530123 0.07863592835254739 0
2506 0.02523110258115756 0.07863592835254737 0
2507 0.02534327307965895 0.07863592835254737 0
2508 0.02545227748677958 0.07863592835254737 0
2509 0.02563300223945524 0.07863592835254737 0
2510 0.02588650533229304 0.07863592835254737 0
2511 0.0261871194230072 0.07863592835254742 0
2512 0.02648706196010023 0.07863592835254742 0
2513 0.02674351004112035 0.07863592835254742 0
2514 0.02699785733165296 0.07863592835254742 0
2515 0.02729148692161316 0.07863592835254744 0
2516 0.02758154407613756 0.07863592835254746 0
2517 0.02782019283635962 0.07863592835254744 0
2518 0.02798169034053585 0.07863592835254744 0
2519 0.002734403258974165 0.07636623887969066 0
2520 0.005131367926391862 0.0763662388796907 0
2521 0.00724297078543208 0.07636623887969074 0
2522 0.009110800008288181 0.07636623887969075 0
2523 0.01076867364820507 0.07636623887969081 0
2524 0.01224450637508962 0.07636623887969084 0
2525 0.01356162869117544 0.07636623887969088 0
2526 0.01473974348411214 0.07636623887969091 0
2527 0.01579563579335784 0.07636623887969095 0
2528 0.01674371048043687 0.07636623887969098 0
2529 0.01759640717650427 0.07636623887969099 0
2530 0.01836452590453795 0.07636623887969102 0
2531 0.01905748644947476 0.07636623887969102 0
2532 0.01968353773173391 0.07636623887969102 0
2533 0.02024992884637638 0.07636623887969105 0
2534 0.02076305027806123 0.07636623887969105 0
2535 0.02122855160135902 0.07636623887969102 0
2536 0.02165144041478083 0.07636623887969107 0
2537 0.02203616613247836 0.07636623887969106 0
2538 0.02238669143618329 0.07636623887969109 0
2539 0.0227065535818422 0.07636623887969111 0
2540 0.02299891729946988 0.0763662388796911 0
2541 0.02326662067881681 0.07636623887969111 0
2542 0.02351221516803342 0.07636623887969111 0
2543 0.02373800060673527 0.07636623887969114 0
2544 0.02394605605377419 0.07636623887969114 0
2545 0.0241382670427716 0.07636623887969114 0
2546 0.02431634979714574 0.07636623887969113 0
2547 0.02448187285510754 0.07636623887969114 0
2548 0.02463627648954182 0.07636623887969111 0
2549 0.02478089025454194 0.07636623887969117 0
2550 0.02491694894713485 0.07636623887969114 0
2551 0.02504560723751112 0.07636623887969117 0
2552 0.02516795319239733 0.07636623887969114 0
2553 0.02528502089294073 0.07636623887969117 0
2554 0.02539780232973956 0.07636623887969114 0
2555 0.02550725874276243 0.07636623887969117 0
2556 0.02568581810496833 0.07636623887969117 0
2557 0.02593451992603898 0.07636623887969117 0
2558 0.02622856086134383 0.07636623887969118 0
2559 0.0265217525085941 0.0763662388796912 0
2560 0.02677270104631798 0.0763662388796912 0
2561 0.02702144333744967 0.0763662388796912 0
2562 0.02730800513837254 0.0763662388796912 0
2563 0.02759095919727018 0.07636623887969121 0
2564 0.02782406102352589 0.07636623887969123 0
2565 0.02798242796210324 0.0763662388796912 0
2566 0.002743773151901652 0.07402492795132269 0
2567 0.005146608589604386 0.07402492795132279 0
2568 0.007261772424016202 0.07402492795132279 0
2569 0.009131669325482383 0.07402492795132284 0
2570 0.01079067991131401 0.07402492795132287 0
2571 0.01226710596466316 0.0740249279513229 0
2572 0.01358454255585329 0.07402492795132293 0
2573 0.01476287088932904 0.07402492795132296 0
2574 0.01581899333220107 0.074024927951323 0
2575 0.01676738887826228 0.074024927951323 0
2576 0.01762054074839879 0.074024927951323 0
2577 0.01838927107563083 0.07402492795132301 0
2578 0.01908300679996171 0.07402492795132305 0
2579 0.01970999375311079 0.07402492795132305 0
2580 0.02027747110153247 0.07402492795132304 0
2581 0.0207918150157676 0.07402492795132309 0
2582 0.0212586581314622 0.07402492795132308 0
2583 0.02168298973492472 0.07402492795132308 0
2584 0.02206924043135575 0.07402492795132312 0
2585 0.02242135419655727 0.07402492795132311 0
2586 0.0227428500789034 0.07402492795132311 0
2587 0.02303687534356989 0.07402492795132312 0
2588 0.02330625149127129 0.07402492795132314 0
2589 0.02355351430813256 0.07402492795132314 0
2590 0.023780948889955 0.07402492795132314 0
2591 0.0239906204173626 0.07402492795132314 0
2592 0.02418440132679835 0.07402492795132315 0
2593 0.02436399541778971 0.07402492795132315 0
2594 0.02453095935319393 0.07402492795132316 0
2595 0.02468672194170175 0.07402492795132316 0
2596 0.02483260153728898 0.07402492795132316 0
2597 0.02496982184595626 0.07402492795132316 0
2598 0.02509952639400112 0.07402492795132316 0
2599 0.02522279188269498 0.07402492795132316 0
2600 0.02534064063041003 0.07402492795132316 0
2601 0.02545405228404225 0.07402492795132316 0
2602 0.02556397496629324 0.07402492795132318 0
2603 0.02574030060779344 0.07402492795132321 0
2604 0.02598404964999592 0.07402492795132319 0
2605 0.02627131000990586 0.07402492795132319 0
2606 0.02655753773880781 0.07402492795132319 0
2607 0.02680281319174433 0.07402492795132321 0
2608 0.02704577361425136 0.07402492795132322 0
2609 0.02732504459768112 0.07402492795132323 0
2610 0.02760067141837503 0.07402492795132323 0
2611 0.02782805127373135 0.07402492795132323 0
2612 0.02798318885977552 0.07402492795132325 0
2613 0.002753400184957965 0.0716193638881106 0
2614 0.005162267505846285 0.07161936388811067 0
2615 0.007281090040296662 0.07161936388811073 0
2616 0.00915311136415306 0.07161936388811077 0
2617 0.01081329009736792 0.07161936388811083 0
2618 0.01229032575997643 0.07161936388811087 0
2619 0.01360808525099491 0.07161936388811085 0
2620 0.01478663298525189 0.07161936388811088 0
2621 0.01584299187736035 0.07161936388811091 0
2622 0.01679171708781067 0.07161936388811094 0
2623 0.01764533662346305 0.07161936388811099 0
2624 0.01841469533415106 0.07161936388811098 0
2625 0.0191092275113026 0.07161936388811101 0
2626 0.01973717581317324 0.07161936388811105 0
2627 0.02030576920513782 0.07161936388811103 0
2628 0.02082136915079331 0.07161936388811102 0
2629 0.02128959088200238 0.07161936388811106 0
2630 0.02171540487032489 0.07161936388811108 0
2631 0.02210322239583187 0.07161936388811109 0
2632 0.02245696821504458 0.07161936388811108 0
2633 0.02278014266908995 0.07161936388811112 0
2634 0.02307587507901316 0.07161936388811113 0
2635 0.0233469699012361 0.07161936388811113 0
2636 0.02359594683004168 0.07161936388811112 0
2637 0.02382507581279906 0.07161936388811113 0
2638 0.02403640777104097 0.07161936388811116 0
2639 0.02423180168460308 0.07161936388811116 0
2640 0.02441294858817041 0.07161936388811116 0
2641 0.02458139294334841 0.07161936388811116 0
2642 0.02473855178001929 0.07161936388811115 0
2643 0.02488573194467387 0.07161936388811117 0
2644 0.02502414574791288 0.07161936388811119 0
2645 0.0251549252663164 0.07161936388811119 0
2646 0.0252791355237959 0.07161936388811119 0
2647 0.02539778675313996 0.07161936388811117 0
2648 0.02551184591879123 0.07161936388811117 0
2649 0.02562224766620411 0.07161936388811119 0
2650 0.02579627828648702 0.07161936388811119 0
2651 0.02603493862957057 0.07161936388811121 0
2652 0.02631523233319397 0.07161936388811121 0
2653 0.02659430503133306 0.07161936388811117 0
2654 0.02683375171171028 0.07161936388811117 0
2655 0.02707077159244083 0.07161936388811119 0
2656 0.02734255167479448 0.07161936388811121 0
2657 0.02761065017419969 0.07161936388811121 0
2658 0.02783215102929186 0.0716193638881112 0
2659 0.02798397063893782 0.0716193638881112 0
2660 0.002763252571103185 0.06915748950695991 0
2661 0.005178292971691102 0.06915748950695995 0
2662 0.007300859850360364 0.06915748950695999 0
2663 0.009175055325858451 0.06915748950696006 0
2664 0.01083642955087508 0.06915748950696007 0
2665 0.01231408909269806 0.0691574895069601 0
2666 0.01363217904210144 0.06915748950696013 0
2667 0.01481095131295289 0.06915748950696016 0
2668 0.01586755218918744 0.06915748950696017 0
2669 0.01681661478093071 0.0691574895069602 0
2670 0.01767071292938333 0.06915748950696018 0
2671 0.01844071473295564 0.06915748950696023 0
2672 0.01913606200658495 0.06915748950696023 0
2673 0.01976499416077747 0.06915748950696023 0
2674 0.02033472972103784 0.06915748950696021 0
2675 0.02085161509975371 0.06915748950696025 0
2676 0.02132124771761029 0.06915748950696025 0
2677 0.02174857879099637 0.06915748950696024 0
2678 0.02213799982248383 0.06915748950696025 0
2679 0.0224934158994212 0.06915748950696028 0
2680 0.02281830821778227 0.06915748950696028 0
2681 0.02311578773443887 0.06915748950696028 0
2682 0.02338864146254124 0.06915748950696027 0
2683 0.02363937262784655 0.06915748950696027 0
2684 0.02387023567469179 0.0691574895069603 0
2685 0.0240832669317365 0.06915748950696032 0
2686 0.02428031160721185 0.06915748950696031 0
2687 0.02446304767215631 0.06915748950696031 0
2688 0.02463300710131225 0.06915748950696032 0
2689 0.02479159487003068 0.06915748950696032 0
2690 0.02494010604794606 0.06915748950696032 0
2691 0.02507974128351153 0.06915748950696032 0
2692 0.0252116209355706 0.06915748950696032 0
2693 0.02533679807732686 0.06915748950696035 0
2694 0.02545627057308157 0.06915748950696035 0
2695 0.02557099240794856 0.06915748950696035 0
2696 0.02568188443465479 0.06915748950696035 0
2697 0.02585356631102958 0.06915748950696034 0
2698 0.02608701883687564 0.06915748950696032 0
2699 0.02636018280618999 0.06915748950696034 0
2700 0.0266319329860055 0.06915748950696035 0
2701 0.02686541445179677 0.06915748950696038 0
2702 0.02709635473238975 0.06915748950696037 0
2703 0.0273604685639322 0.06915748950696035 0
2704 0.02762086251636766 0.06915748950696037 0
2705 0.02783634675342067 0.06915748950696038 0
2706 0.0279847707182709 0.06915748950696038 0
2707 0.002773296471639299 0.06664776028479724 0
2708 0.005194629946573918 0.0666477602847973 0
2709 0.007321013953434575 0.06664776028479732 0
2710 0.009197425842552436 0.06664776028479737 0
2711 0.01086001879779053 0.06664776028479742 0
2712 0.01233831434602702 0.06664776028479744 0
2713 0.0136567411773898 0.06664776028479748 0
2714 0.01483574234946256 0.06664776028479751 0
2715 0.01589258991360174 0.06664776028479752 0
2716 0.01684199644478254 0.06664776028479755 0
2717 0.01769658250949119 0.06664776028479753 0
2718 0.01846723990662939 0.06664776028479755 0
2719 0.01916341812088864 0.06664776028479756 0
2720 0.01979335325189485 0.06664776028479757 0
2721 0.02036425318234834 0.06664776028479759 0
2722 0.02088244898085631 0.06664776028479757 0
2723 0.0213535199107062 0.0666477602847976 0
2724 0.02178239755882644 0.0666477602847976 0
2725 0.02217345326584729 0.06664776028479764 0
2726 0.02253057206760773 0.06664776028479764 0
2727 0.02285721564277778 0.06664776028479763 0
2728 0.02315647622708615 0.06664776028479763 0
2729 0.0234311230513426 0.06664776028479766 0
2730 0.02368364255265711 0.06664776028479766 0
2731 0.02391627337098077 0.06664776028479766 0
2732 0.02413103695843812 0.06664776028479769 0
2733 0.0243297644839582 0.06664776028479767 0
2734 0.02451412060099691 0.06664776028479767 0
2735 0.02468562455470913 0.06664776028479767 0
2736 0.02484566903159419 0.06664776028479767 0
2737 0.02499553709550719 0.0666477602847977 0
2738 0.0251364175060605 0.06664776028479769 0
2739 0.02526941867658727 0.06664776028479769 0
2740 0.02539558149728085 0.06664776028479769 0
2741 0.02551589122353189 0.06664776028479769 0
2742 0.02563128860882828 0.06664776028479769 0
2743 0.02574268044506132 0.06664776028479769 0
2744 0.02591196792175971 0.0666477602847977 0
2745 0.0261401113988563 0.0666477602847977 0
2746 0.02640600704340204 0.06664776028479771 0
2747 0.02667029236702618 0.06664776028479771 0
2748 0.02689769266414474 0.06664776028479771 0
2749 0.02712243516704396 0.0666477602847977 0
2750 0.02737873372830592 0.06664776028479773 0
2751 0.0276312733698872 0.06664776028479773 0
2752 0.0278406240356146 0.06664776028479774 0
2753 0.02798558634984724 0.06664776028479774 0
2754 0.0027835055137961 0.06409676614272253 0
2755 0.005211235533685571 0.0640967661427226 0
2756 0.007341499429886403 0.06409676614272262 0
2757 0.009220164174854426 0.06409676614272269 0
2758 0.010883995898653 0.06409676614272274 0
2759 0.01236293791050829 0.06409676614272275 0
2760 0.01368170716283719 0.06409676614272278 0
2761 0.01486094099972078 0.06409676614272281 0
2762 0.0159180393078024 0.06409676614272283 0
2763 0.0168677954334664 0.06409676614272286 0
2764 0.01772287743674084 0.06409676614272289 0
2765 0.01849420120670181 0.06409676614272292 0
2766 0.01919122402390097 0.06409676614272293 0
2767 0.01982217862264647 0.06409676614272293 0
2768 0.02039426206784552 0.06409676614272297 0
2769 0.02091378983204279 0.06409676614272296 0
2770 0.02138632272258431 0.06409676614272296 0
2771 0.02181677237419093 0.06409676614272299 0
2772 0.02220948963404903 0.064096766142723 0
2773 0.02256833915680158 0.064096766142723 0
2774 0.02289676278291157 0.06409676614272301 0
2775 0.02319783371915203 0.06409676614272303 0
2776 0.02347430312161524 0.06409676614272303 0
2777 0.02372864036272544 0.06409676614272303 0
2778 0.0239630680181924 0.06409676614272304 0
2779 0.02417959241900591 0.06409676614272304 0
2780 0.02438003046395902 0.06409676614272307 0
2781 0.02456603326995754 0.06409676614272306 0
2782 0.02473910714326929 0.06409676614272306 0
2783 0.02490063227948882 0.06409676614272306 0
2784 0.02505187953929308 0.06409676614272306 0
2785 0.02519402559797758 0.06409676614272307 0
2786 0.02532816672695727 0.06409676614272307 0
2787 0.02545533143310243 0.06409676614272307 0
2788 0.0255764921555776 0.06409676614272307 0
2789 0.02569257619869067 0.06409676614272308 0
2790 0.02580447606230919 0.06409676614272308 0
2791 0.02597132977065746 0.06409676614272308 0
2792 0.02619407690772649 0.06409676614272308 0
2793 0.02645258472184667 0.0640967661427231 0
2794 0.02670928245225659 0.06409676614272311 0
2795 0.02693050159424333 0.0640967661427231 0
2796 0.02714894441570637 0.06409676614272311 0
2797 0.02739729920816323 0.06409676614272312 0
2798 0.02764185539846137 0.06409676614272312 0
2799 0.02784497164480063 0.06409676614272312 0
2800 0.02798641539202239 0.06409676614272314 0
2801 0.002793828812873655 0.06151722194364306 0
2802 0.00522802696617053 0.0615172219436431 0
2803 0.007362214174414876 0.06151722194364317 0
2804 0.009243156988604532 0.06151722194364322 0
2805 0.01090824134493623 0.06151722194364324 0
2806 0.01238783705546151 0.06151722194364328 0
2807 0.01370695256104213 0.06151722194364331 0
2808 0.01488642166666005 0.06151722194364334 0
2809 0.01594377352494452 0.06151722194364336 0
2810 0.01689388315766142 0.06151722194364338 0
2811 0.01774946664991594 0.0615172219436434 0
2812 0.01852146425056944 0.06151722194364342 0
2813 0.01921934112328298 0.06151722194364344 0
2814 0.01985132659938316 0.06151722194364347 0
2815 0.02042460680491425 0.06151722194364348 0
2816 0.02094548144181127 0.06151722194364347 0
2817 0.02141949265492481 0.06151722194364348 0
2818 0.02185153190346831 0.06151722194364351 0
2819 0.02224592931182701 0.06151722194364353 0
2820 0.02260652892534682 0.06151722194364351 0
2821 0.02293675252425976 0.06151722194364354 0
2822 0.02323965407341605 0.06151722194364353 0
2823 0.02351796645190304 0.06151722194364354 0
2824 0.02377414177647571 0.06151722194364355 0
2825 0.02401038637881572 0.06151722194364354 0
2826 0.02422869129954643 0.06151722194364357 0
2827 0.02443085900761719 0.06151722194364356 0
2828 0.02461852693188623 0.06151722194364358 0
2829 0.02479318829492569 0.06151722194364358 0
2830 0.0249562106616304 0.06151722194364356 0
2831 0.02510885255292441 0.06151722194364358 0
2832 0.02525227842454186 0.06151722194364358 0
2833 0.02538757227009032 0.06151722194364359 0
2834 0.0255157500745261 0.06151722194364359 0
2835 0.02563777131735184 0.06151722194364359 0
2836 0.02575454970317567 0.0615172219436436 0
2837 0.02586696327988887 0.0615172219436436 0
2838 0.0260313559817903 0.0615172219436436 0
2839 0.02624864638441029 0.0615172219436436 0
2840 0.02649968368544552 0.06151722194364362 0
2841 0.0267487089042891 0.06151722194364362 0
2842 0.02696367771327784 0.06151722194364363 0
2843 0.02717575034892324 0.06151722194364363 0
2844 0.02741607246799915 0.06151722194364365 0
2845 0.02765255585832239 0.06151722194364365 0
2846 0.02784936791128776 0.06151722194364365 0
2847 0.02798725371262 0.06151722194364365 0
2848 0.002804228037653236 0.058918705737384 0
2849 0.005244941896123675 0.05891870573738403 0
2850 0.007383081271549691 0.05891870573738408 0
2851 0.009266318909682865 0.05891870573738411 0
2852 0.01093266511139755 0.05891870573738417 0
2853 0.01241291932840958 0.0589187057373842 0
2854 0.01373238363386205 0.05891870573738421 0
2855 0.01491208973856655 0.05891870573738424 0
2856 0.0159696970118625 0.05891870573738427 0
2857 0.01692016275160262 0.05891870573738428 0
2858 0.01777625142118361 0.05891870573738429 0
2859 0.01854892780841321 0.05891870573738431 0
2860 0.01924766501804052 0.05891870573738433 0
2861 0.01988068895338237 0.05891870573738434 0
2862 0.02045517472116701 0.05891870573738436 0
2863 0.02097740613673032 0.05891870573738436 0
2864 0.02145290654516871 0.05891870573738437 0
2865 0.02188654708180155 0.05891870573738437 0
2866 0.02228263699580107 0.05891870573738438 0
2867 0.02264499957163909 0.05891870573738441 0
2868 0.02297703638177788 0.05891870573738441 0
2869 0.02328178200762448 0.05891870573738442 0
2870 0.02356195091683781 0.05891870573738442 0
2871 0.02381997784359174 0.05891870573738442 0
2872 0.02405805275606843 0.05891870573738443 0
2873 0.02427815129206731 0.05891870573738445 0
2874 0.02448206138456557 0.05891870573738445 0
2875 0.02467140667370119 0.05891870573738445 0
2876 0.02484766720212272 0.05891870573738445 0
2877 0.02501219781112916 0.05891870573738443 0
2878 0.02516624459113536 0.05891870573738446 0
2879 0.02531095968844178 0.05891870573738446 0
2880 0.02544741472854787 0.05891870573738446 0
2881 0.02557661308239998 0.05891870573738446 0
2882 0.02569950117452318 0.05891870573738446 0
2883 0.02581697900980294 0.05891870573738446 0
2884 0.02592991007786301 0.05891870573738447 0
2885 0.02609182367313077 0.05891870573738447 0
2886 0.02630361720816302 0.05891870573738447 0
2887 0.02654712905205458 0.05891870573738448 0
2888 0.02678842532961662 0.05891870573738449 0
2889 0.02699709783571758 0.05891870573738448 0
2890 0.02720275343416318 0.05891870573738451 0
2891 0.02743498380122822 0.0589187057373845 0
2892 0.02766333501782399 0.05891870573738451 0
2893 0.02785379651139391 0.05891870573738451 0
2894 0.02798809819888998 0.0589187057373845 0
2895 0.002814664231231523 0.05631095191730243 0
2896 0.005261916957928361 0.05631095191730246 0
2897 0.007404022550321111 0.0563109519173025 0
2898 0.009289563170398639 0.05631095191730253 0
2899 0.0109571757033026 0.05631095191730257 0
2900 0.01243809076776375 0.05631095191730258 0
2901 0.01375790511305668 0.05631095191730261 0
2902 0.01493784905936935 0.05631095191730262 0
2903 0.0159957126556662 0.05631095191730264 0
2904 0.01694653576837477 0.05631095191730267 0
2905 0.01780313141116597 0.05631095191730268 0
2906 0.0185764889980289 0.0563109519173027 0
2907 0.01927608960303084 0.05631095191730269 0
2908 0.01991015568929249 0.05631095191730272 0
2909 0.02048585130505287 0.05631095191730272 0
2910 0.02100944432257253 0.05631095191730272 0
2911 0.02148643922036136 0.05631095191730273 0
2912 0.02192168673759411 0.05631095191730273 0
2913 0.02231947517401952 0.05631095191730273 0
2914 0.0226836069794313 0.05631095191730275 0
2915 0.02301746344668415 0.05631095191730275 0
2916 0.02332405970483473 0.05631095191730276 0
2917 0.02360609174466162 0.05631095191730276 0
2918 0.02386597685596328 0.05631095191730276 0
2919 0.02410588858525079 0.05631095191730277 0
2920 0.02432778711274329 0.05631095191730279 0
2921 0.02453344578377108 0.05631095191730278 0
2922 0.02472447440073354 0.05631095191730279 0
2923 0.02490233977950159 0.05631095191730279 0
2924 0.02506838399254655 0.05631095191730278 0
2925 0.02522384065558415 0.05631095191730279 0
2926 0.02536984956172162 0.05631095191730279 0
2927 0.02550746992438227 0.05631095191730279 0
2928 0.02563769245566018 0.05631095191730281 0
2929 0.02576145047869297 0.05631095191730281 0
2930 0.02587963024994152 0.05631095191730281 0
2931 0.02599308064900803 0.05631095191730281 0
2932 0.0261525063245242 0.05631095191730281 0
2933 0.02635878345083984 0.05631095191730281 0
2934 0.02659474308490993 0.05631095191730282 0
2935 0.02682828294513518 0.05631095191730282 0
2936 0.02703063676526126 0.05631095191730282 0
2937 0.02722985251421465 0.05631095191730284 0
2938 0.02745396236343699 0.05631095191730284 0
2939 0.02767415249677596 0.05631095191730284 0
2940 0.02785824085498377 0.05631095191730284 0
2941 0.02798894568727248 0.05631095191730285 0
2942 0.002825098202800953 0.05370375332380256 0
2943 0.005278888405509392 0.05370375332380261 0
2944 0.007424959370406849 0.05370375332380267 0
2945 0.00931280248209226 0.0537037533238027 0
2946 0.01098168107656621 0.05370375332380271 0
2947 0.01246325684777297 0.05370375332380275 0
2948 0.01378342115837807 0.05370375332380277 0
2949 0.0149636028956592 0.0537037533238028 0
2950 0.01602172276038226 0.05370375332380281 0
2951 0.01697290316996965 0.05370375332380285 0
2952 0.01783000567802952 0.05370375332380285 0
2953 0.01860404431948901 0.05370375332380286 0
2954 0.01930450813603687 0.05370375332380287 0
2955 0.01993961615133009 0.05370375332380289 0
2956 0.02051652135747296 0.05370375332380289 0
2957 0.02104147568704521 0.05370375332380291 0
2958 0.0215199647559872 0.05370375332380291 0
2959 0.02195681891167163 0.05370375332380292 0
2960 0.0223563055088842 0.05370375332380292 0
2961 0.02272220616717647 0.05370375332380294 0
2962 0.02305788190411344 0.05370375332380294 0
2963 0.02336632840054296 0.05370375332380295 0
2964 0.02365022317429733 0.05370375332380296 0
2965 0.02391196607451371 0.05370375332380296 0
2966 0.02415371422952853 0.05370375332380297 0
2967 0.02437741236527176 0.05370375332380298 0
2968 0.02458481924253271 0.05370375332380298 0
2969 0.0247775308289184 0.05370375332380298 0
2970 0.0249570007163383 0.05370375332380298 0
2971 0.02512455821115472 0.05370375332380298 0
2972 0.02528142445704025 0.05370375332380298 0
2973 0.02542872689653913 0.053703753323803 0
2974 0.02556751233364118 0.053703753323803 0
2975 0.02569875882428345 0.053703753323803 0
2976 0.02582338659300558 0.053703753323803 0
2977 0.02594226815077113 0.053703753323803 0
2978 0.02605623777027139 0.053703753323803 0
2979 0.02621317605574824 0.053703753323803 0
2980 0.02641393794786642 0.053703753323803 0
2981 0.02664234698008414 0.053703753323803 0
2982 0.02686813207442033 0.053703753323803 0
2983 0.0270641685539065 0.05370375332380301 0
2984 0.02725694582450002 0.05370375332380301 0
2985 0.02747293688484938 0.05370375332380301 0
2986 0.02768496767253818 0.05370375332380303 0
2987 0.02786268425231187 0.05370375332380303 0
2988 0.02798979299521307 0.05370375332380303 0
2989 0.002835490921638286 0.05110686279606503 0
2990 0.005295792753177829 0.05110686279606509 0
2991 0.007445813412710014 0.05110686279606509 0
2992 0.009335949912655765 0.05110686279606514 0
2993 0.01100608956307951 0.05110686279606517 0
2994 0.01248832342879951 0.0511068627960652 0
2995 0.01380883632106098 0.05110686279606523 0
2996 0.01498925490915779 0.05110686279606524 0
2997 0.0160476300291001 0.05110686279606526 0
2998 0.01699916632292375 0.05110686279606529 0
2999 0.01785677369226206 0.05110686279606531 0
3000 0.01863149069563655 0.05110686279606532 0
3001 0.01933281431085591 0.05110686279606532 0
3002 0.019968960135712 0.05110686279606533 0
3003 0.02054707014988698 0.05110686279606535 0
3004 0.02107338040930037 0.05110686279606535 0
3005 0.02155335774189979 0.05110686279606537 0
3006 0.0219918121838789 0.05110686279606538 0
3007 0.02239299022787028 0.05110686279606538 0
3008 0.0227606527455398 0.0511068627960654 0
3009 0.02309814055932502 0.05110686279606541 0
3010 0.02340842997875729 0.05110686279606541 0
3011 0.02369418012175895 0.0511068627960654 0
3012 0.02395777346576094 0.05110686279606542 0
3013 0.02420135078583745 0.05110686279606541 0
3014 0.02442684141473084 0.0511068627960654 0
3015 0.02463598958635225 0.05110686279606541 0
3016 0.02483037748821484 0.05110686279606542 0
3017 0.02501144554055017 0.05110686279606542 0
3018 0.02518051033408479 0.05110686279606541 0
3019 0.02533878058975883 0.05110686279606543 0
3020 0.02548737144838387 0.05110686279606545 0
3021 0.02562731735357933 0.05110686279606545 0
3022 0.02575958375516383 0.05110686279606545 0
3023 0.02588507783086691 0.05110686279606545 0
3024 0.02600465840050023 0.05110686279606545 0
3025 0.02611914518759544 0.05110686279606545 0
3026 0.02627360591741235 0.05110686279606546 0
3027 0.02646887438088212 0.05110686279606546 0
3028 0.02668976266401767 0.05110686279606545 0
3029 0.02690782365243712 0.05110686279606546 0
3030 0.02709756776811596 0.05110686279606546 0
3031 0.02728393201612368 0.05110686279606547 0
3032 0.02749183638680792 0.05110686279606547 0
3033 0.02769574008840354 0.05110686279606547 0
3034 0.02786711008180606 0.05110686279606549 0
3035 0.02799063695315723 0.05110686279606549 0
3036 0.002845803904544204 0.04852989636020893 0
3037 0.005312567405823486 0.04852989636020896 0
3038 0.00746650745679588 0.04852989636020901 0
3039 0.009358919749466881 0.04852989636020904 0
3040 0.01103031078065607 0.04852989636020908 0
3041 0.01251319769179871 0.0485298963602091 0
3042 0.01383405649129771 0.04852989636020913 0
3043 0.01501471011302255 0.04852989636020916 0
3044 0.01607333852979256 0.04852989636020918 0
3045 0.01702522797740614 0.0485298963602092 0
3046 0.01788333633458178 0.04852989636020921 0
3047 0.01865872649528334 0.04852989636020924 0
3048 0.01936090331255121 0.04852989636020924 0
3049 0.01999807898459638 0.04852989636020925 0
3050 0.02057738456316933 0.04852989636020925 0
3051 0.02110504034933968 0.04852989636020927 0
3052 0.02158649452720924 0.04852989636020929 0
3053 0.02202653697762577 0.0485298963602093 0
3054 0.02242939349112926 0.0485298963602093 0
3055 0.02279880435068357 0.04852989636020932 0
3056 0.02313809033854169 0.04852989636020932 0
3057 0.02345020854154076 0.04852989636020933 0
3058 0.0237377998188626 0.04852989636020933 0
3059 0.02400322940951266 0.04852989636020935 0
3060 0.02424862186076982 0.04852989636020934 0
3061 0.0244758912302898 0.04852989636020935 0
3062 0.02468676733655992 0.04852989636020937 0
3063 0.02488281869272442 0.04852989636020937 0
3064 0.02506547264839375 0.04852989636020937 0
3065 0.02523603317621679 0.04852989636020937 0
3066 0.02539569666971198 0.04852989636020938 0
3067 0.02554556606234065 0.04852989636020937 0
3068 0.02568666353218418 0.04852989636020938 0
3069 0.02581994201966048 0.04852989636020938 0
3070 0.0259462957557879 0.04852989636020938 0
3071 0.02606656997426864 0.04852989636020938 0
3072 0.02618156996110012 0.04852989636020939 0
3073 0.02633357214377752 0.04852989636020938 0
3074 0.02652338932576524 0.04852989636020938 0
3075 0.02673681456117109 0.04852989636020939 0
3076 0.02694721070523852 0.04852989636020941 0
3077 0.02713071073393698 0.04852989636020941 0
3078 0.02731071116191477 0.04852989636020941 0
3079 0.02751059088634549 0.04852989636020941 0
3080 0.02770642985519254 0.04852989636020941 0
3081 0.02787150195506199 0.04852989636020942 0
3082 0.02799147443601304 0.04852989636020941 0
3083 0.002855999588339301 0.0459822401515003 0
3084 0.005329151264800854 0.04598224015150036 0
3085 0.007486966128342818 0.0459822401515004 0
3086 0.009381628329039599 0.04598224015150042 0
3087 0.01105425650788122 0.04598224015150046 0
3088 0.01253778903675579 0.0459822401515005 0
3089 0.01385898980916878 0.04598224015150053 0
3090 0.01503987579126643 0.04598224015150054 0
3091 0.01609875462388459 0.04598224015150058 0
3092 0.0170509932085428 0.04598224015150059 0
3093 0.01790959685535688 0.04598224015150059 0
3094 0.01868565251694346 0.04598224015150062 0
3095 0.01938867283200237 0.04598224015150064 0
3096 0.02002686663783025 0.04598224015150064 0
3097 0.02060735418253943 0.04598224015150065 0
3098 0.02113634019154415 0.04598224015150065 0
3099 0.02161925441715409 0.04598224015150067 0
3100 0.02206086681411663 0.04598224015150068 0
3101 0.02246538270634314 0.04598224015150069 0
3102 0.02283652202226996 0.04598224015150071 0
3103 0.02317758573190099 0.04598224015150071 0
3104 0.02349151191801679 0.04598224015150072 0
3105 0.02378092338873215 0.04598224015150073 0
3106 0.02404816834069564 0.04598224015150073 0
3107 0.02429535527796461 0.04598224015150073 0
3108 0.0245243831568458 0.04598224015150073 0
3109 0.02473696754436274 0.04598224015150073 0
3110 0.02493466343482197 0.04598224015150073 0
3111 0.02511888525587717 0.04598224015150074 0
3112 0.02529092450561657 0.04598224015150074 0
3113 0.02545196539034817 0.04598224015150074 0
3114 0.02560309877502852 0.04598224015150074 0
3115 0.0257453347117083 0.04598224015150074 0
3116 0.02587961377368575 0.04598224015150076 0
3117 0.02600681739252291 0.04598224015150076 0
3118 0.02612777737033999 0.04598224015150076 0
3119 0.0262432847198116 0.04598224015150076 0
3120 0.02639285631868424 0.04598224015150076 0
3121 0.02657728422166549 0.04598224015150078 0
3122 0.02678333129349891 0.04598224015150078 0
3123 0.0269861497725915 0.04598224015150077 0
3124 0.02716347673409672 0.04598224015150078 0
3125 0.02733718572366663 0.04598224015150079 0
3126 0.02752913207358148 0.04598224015150079 0
3127 0.02771699803735848 0.04598224015150079 0
3128 0.02787584387547379 0.04598224015150079 0
3129 0.0279923023934003 0.04598224015150081 0
3130 0.002866041679704637 0.04347296299761091 0
3131 0.005345485296964604 0.04347296299761094 0
3132 0.007507116601132735 0.04347296299761098 0
3133 0.009403994816214879 0.04347296299761099 0
3134 0.01107784150575259 0.04347296299761102 0
3135 0.01256200992647918 0.04347296299761105 0
3136 0.01388354752017025 0.04347296299761107 0
3137 0.01506466236225807 0.04347296299761109 0
3138 0.01612378783834589 0.04347296299761111 0
3139 0.01707637030048909 0.04347296299761112 0
3140 0.01793546177567264 0.04347296299761114 0
3141 0.01871217291273546 0.04347296299761116 0
3142 0.01941602401875004 0.04347296299761116 0
3143 0.02005522062072909 0.04347296299761117 0
3144 0.02063687232589767 0.04347296299761117 0
3145 0.02116716851865341 0.04347296299761117 0
3146 0.02165152079717883 0.04347296299761119 0
3147 0.02209467949029672 0.04347296299761119 0
3148 0.02250082976360853 0.0434729629976112 0
3149 0.02287367149765288 0.0434729629976112 0
3150 0.02321648614864547 0.04347296299761122 0
3151 0.02353219308159589 0.04347296299761122 0
3152 0.02382339732548152 0.04347296299761122 0
3153 0.02409243029132784 0.04347296299761123 0
3154 0.02434138468165307 0.04347296299761123 0
3155 0.0245721445789086 0.04347296299761123 0
3156 0.02478641151334471 0.04347296299761123 0
3157 0.02498572716408418 0.04347296299761123 0
3158 0.02517149323148614 0.04347296299761125 0
3159 0.02534498892700069 0.04347296299761125 0
3160 0.02550738645331904 0.04347296299761125 0
3161 0.02565976478869845 0.04347296299761125 0
3162 0.02580312204183094 0.04347296299761125 0
3163 0.025938386605199 0.04347296299761125 0
3164 0.02606642730372524 0.04347296299761125 0
3165 0.02618806271028733 0.04347296299761125 0
3166 0.02630406977925689 0.04347296299761127 0
3167 0.02645124740974751 0.04347296299761127 0
3168 0.02663036722027867 0.04347296299761127 0
3169 0.02682914727656004 0.04347296299761127 0
3170 0.02702450224407828 0.04347296299761128 0
3171 0.0271957491322893 0.04347296299761128 0
3172 0.02736326146054828 0.04347296299761128 0
3173 0.02754739394791847 0.04347296299761129 0
3174 0.02772740701560936 0.04347296299761128 0
3175 0.02788012038721664 0.04347296299761129 0
3176 0.02799311787805993 0.04347296299761129 0
3177 0.002875895475611284 0.04101073635097972 0
3178 0.005361513055866478 0.04101073635097977 0
3179 0.007526889240025435 0.0410107363509798 0
3180 0.009425941917844981 0.04101073635097983 0
3181 0.01110098427024537 0.04101073635097988 0
3182 0.01258577665945627 0.0410107363509799 0
3183 0.01390764475881698 0.04101073635097994 0
3184 0.01508898416962783 0.04101073635097995 0
3185 0.01614835166446685 0.04101073635097997 0
3186 0.01710127155617832 0.04101073635097998 0
3187 0.01796084171264602 0.04101073635098 0
3188 0.01873819603461222 0.04101073635098001 0
3189 0.01944286235373536 0.04101073635098003 0
3190 0.02008304294881406 0.04101073635098004 0
3191 0.02066583698570939 0.04101073635098006 0
3192 0.02119741879545597 0.04101073635098006 0
3193 0.0216831821625103 0.04101073635098006 0
3194 0.02212785815776893 0.04101073635098008 0
3195 0.0225356121665042 0.04101073635098009 0
3196 0.0229101243972676 0.04101073635098011 0
3197 0.0232546571583822 0.0410107363509801 0
3198 0.02357211144805658 0.04101073635098011 0
3199 0.02386507484950054 0.0410107363509801 0
3200 0.02413586230285735 0.0410107363509801 0
3201 0.02438655100539478 0.04101073635098011 0
3202 0.02461901044460292 0.04101073635098013 0
3203 0.02483492837715702 0.04101073635098011 0
3204 0.02503583341666406 0.04101073635098013 0
3205 0.02522311477483337 0.04101073635098014 0
3206 0.02539803960685896 0.04101073635098014 0
3207 0.02556176833689056 0.04101073635098013 0
3208 0.02571536827936915 0.04101073635098015 0
3209 0.02585982582357346 0.04101073635098015 0
3210 0.02599605740956813 0.04101073635098015 0
3211 0.02612491949201866 0.04101073635098015 0
3212 0.02624721766261671 0.04101073635098016 0
3213 0.02636371508103284 0.04101073635098016 0
3214 0.02650854363153752 0.04101073635098016 0
3215 0.02668245487965335 0.04101073635098017 0
3216 0.02687410418144392 0.04101073635098016 0
3217 0.02706213558287171 0.04101073635098017 0
3218 0.02722741640294422 0.04101073635098017 0
3219 0.02738884826114582 0.04101073635098019 0
3220 0.02756531340075383 0.04101073635098017 0
3221 0.02773762081904425 0.04101073635098019 0
3222 0.02788431671170458 0.04101073635098019 0
3223 0.02799391807187503 0.04101073635098019 0
3224 0.002885516168898201 0.03860675644368958 0
3225 0.005377161660113254 0.03860675644368963 0
3226 0.007546194134916886 0.03860675644368967 0
3227 0.009447369836113273 0.03860675644368971 0
3228 0.01112357956662718 0.03860675644368974 0
3229 0.01260898116364643 0.03860675644368977 0
3230 0.01393117195019361 0.0386067564436898 0
3231 0.01511273061730188 0.03860675644368981 0
3232 0.01617233440566646 0.03860675644368983 0
3233 0.01712558374467043 0.03860675644368985 0
3234 0.01798562125867838 0.03860675644368986 0
3235 0.01876360355028601 0.03860675644368988 0
3236 0.01946906579773517 0.03860675644368989 0
3237 0.02011020710845056 0.03860675644368991 0
3238 0.02069411645393142 0.03860675644368992 0
3239 0.02122695346795364 0.03860675644368994 0
3240 0.02171409454265142 0.03860675644368995 0
3241 0.0221602519465629 0.03860675644368995 0
3242 0.02256957175255729 0.03860675644368997 0
3243 0.02294571496256188 0.03860675644368997 0
3244 0.02329192518997208 0.03860675644368997 0
3245 0.02361108550068276 0.03860675644368998 0
3246 0.02390576644483537 0.03860675644368999 0
3247 0.02417826688132822 0.03860675644368999 0
3248 0.02443064886897277 0.03860675644368999 0
3249 0.02466476764555803 0.03860675644369 0
3250 0.0248822975200136 0.03860675644369001 0
3251 0.02508475434951014 0.03860675644369001 0
3252 0.0252735151525402 0.03860675644369001 0
3253 0.02544983531324606 0.03860675644369001 0
3254 0.02561486375587053 0.03860675644369002 0
3255 0.02576965640695903 0.03860675644369002 0
3256 0.02591518821361292 0.03860675644369002 0
3257 0.02605236394622686 0.03860675644369002 0
3258 0.02618202798184156 0.03860675644369002 0
3259 0.02630497323804723 0.03860675644369004 0
3260 0.02642194940614253 0.03860675644369002 0
3261 0.02656448444678915 0.03860675644369004 0
3262 0.02673331034688901 0.03860675644369004 0
3263 0.0269179975802026 0.03860675644369005 0
3264 0.02709887866272889 0.03860675644369005 0
3265 0.02725833454871172 0.03860675644369005 0
3266 0.02741382977721076 0.03860675644369005 0
3267 0.02758280894878747 0.03860675644369005 0
3268 0.02774759300347663 0.03860675644369005 0
3269 0.02788841376741929 0.03860675644369006 0
3270 0.02799469933620584 0.03860675644369006 0
3271 0.002894880868537828 0.03626674319307666 0
3272 0.005392393876148008 0.0362667431930767 0
3273 0.007564985352643249 0.03626674319307672 0
3274 0.009468227586433398 0.03626674319307677 0
3275 0.01114557363270678 0.03626674319307678 0
3276 0.01263156822733785 0.03626674319307682 0
3277 0.01395407311480154 0.03626674319307684 0
3278 0.01513584520409347 0.03626674319307686 0
3279 0.01619567899853221 0.03626674319307686 0
3280 0.01714924901868143 0.03626674319307689 0
3281 0.01800974145447705 0.03626674319307691 0
3282 0.01878833500630257 0.03626674319307691 0
3283 0.01949457200350058 0.03626674319307692 0
3284 0.02013664846650783 0.03626674319307693 0
3285 0.02072164344371998 0.03626674319307695 0
3286 0.0212557022627283 0.03626674319307697 0
3287 0.02174418438613091 0.03626674319307697 0
3288 0.02219178378041292 0.03626674319307698 0
3289 0.02260262771991732 0.03626674319307698 0
3290 0.02298035851100954 0.036266743193077 0
3291 0.02332820156960409 0.036266743193077 0
3292 0.02364902250643674 0.036266743193077 0
3293 0.02394537529180756 0.03626674319307701 0
3294 0.02421954313127007 0.03626674319307701 0
3295 0.02447357334799329 0.03626674319307701 0
3296 0.02470930730923042 0.03626674319307702 0
3297 0.02492840623399179 0.03626674319307702 0
3298 0.02513237356244325 0.03626674319307703 0
3299 0.0253225744443056 0.03626674319307703 0
3300 0.02550025280588112 0.03626674319307703 0
3301 0.02566654637750277 0.03626674319307703 0
3302 0.02582250000083686 0.03626674319307703 0
3303 0.02596907748526828 0.03626674319307703 0
3304 0.02610717224203582 0.03626674319307703 0
3305 0.02623761689192472 0.03626674319307704 0
3306 0.02636119201566444 0.03626674319307704 0
3307 0.02647863419455691 0.03626674319307704 0
3308 0.02661893675254343 0.03626674319307704 0
3309 0.02678281261886585 0.03626674319307704 0
3310 0.02696072303493633 0.03626674319307707 0
3311 0.0271346440588844 0.03626674319307706 0
3312 0.02728843000440206 0.03626674319307706 0
3313 0.02743814656889237 0.03626674319307706 0
3314 0.0275998389639308 0.03626674319307706 0
3315 0.02775729984155731 0.03626674319307706 0
3316 0.02789240180601804 0.03626674319307707 0
3317 0.0279954598121486 0.03626674319307707 0
3318 0.002903961578130985 0.03399769222607694 0
3319 0.005407164166236818 0.03399769222607697 0
3320 0.007583206715595765 0.033997692226077 0
3321 0.009488452813158469 0.03399769222607703 0
3322 0.01116690071574491 0.03399769222607706 0
3323 0.01265347032498508 0.03399769222607708 0
3324 0.01397627978806949 0.0339976922260771 0
3325 0.01515825882739133 0.03399769222607711 0
3326 0.01621831565283421 0.03399769222607713 0
3327 0.01717219662928359 0.03399769222607714 0
3328 0.01803313019109503 0.03399769222607715 0
3329 0.01881231646631139 0.03399769222607717 0
3330 0.01951930471851463 0.03399769222607719 0
3331 0.02016228797476828 0.0339976922260772 0
3332 0.02074833566128838 0.0339976922260772 0
3333 0.02128357923332512 0.0339976922260772 0
3334 0.0217733617373387 0.03399769222607722 0
3335 0.02222235939278176 0.03399769222607723 0
3336 0.02263468124554746 0.03399769222607724 0
3337 0.02301395147339334 0.03399769222607724 0
3338 0.02336337784660239 0.03399769222607724 0
3339 0.02368580905008926 0.03399769222607725 0
3340 0.02398378297710611 0.03399769222607725 0
3341 0.02425956765455863 0.03399769222607725 0
3342 0.02451519611684042 0.03399769222607725 0
3343 0.02475249628130109 0.03399769222607726 0
3344 0.02497311667399119 0.03399769222607726 0
3345 0.0251785486946248 0.03399769222607726 0
3346 0.02537014598407847 0.03399769222607726 0
3347 0.02554914135828027 0.03399769222607728 0
3348 0.02571666169311519 0.03399769222607728 0
3349 0.02587374108152597 0.03399769222607728 0
3350 0.02602133253293883 0.03399769222607728 0
3351 0.02616031844390983 0.03399769222607728 0
3352 0.02629152003548412 0.03399769222607728 0
3353 0.02641570592565297 0.03399769222607728 0
3354 0.02653359998329001 0.03399769222607729 0
3355 0.02667173775997136 0.03399769222607729 0
3356 0.02683081370521367 0.03399769222607729 0
3357 0.0270021528150257 0.03399769222607729 0
3358 0.02716932484828187 0.03399769222607729 0
3359 0.02731761279762709 0.03399769222607729 0
3360 0.02746172593950706 0.03399769222607731 0
3361 0.02761635253380863 0.03399769222607731 0
3362 0.02776671231404127 0.03399769222607731 0
3363 0.02789626890499134 0.03399769222607731 0
3364 0.02799619722620932 0.03399769222607731 0
3365 0.002912732844436377 0.03180596369562657 0
3366 0.005421431129236541 0.0318059636956266 0
3367 0.007600807149269371 0.03180596369562663 0
3368 0.009507988824950561 0.03180596369562667 0
3369 0.01118750103589893 0.03180596369562668 0
3370 0.0126746260649787 0.0318059636956267 0
3371 0.0139977297246622 0.03180596369562672 0
3372 0.01517990866177898 0.03180596369562673 0
3373 0.01624018091799978 0.03180596369562674 0
3374 0.01719436225429329 0.03180596369562676 0
3375 0.0180557219098719 0.03180596369562677 0
3376 0.01883548071024756 0.03180596369562678 0
3377 0.01954319461694359 0.03180596369562678 0
3378 0.02018705376565549 0.0318059636956268 0
3379 0.02077411828831462 0.03180596369562682 0
3380 0.02131050624055774 0.03180596369562682 0
3381 0.02180154481211979 0.03180596369562683 0
3382 0.02225189308018647 0.03180596369562683 0
3383 0.02266564248337192 0.03180596369562685 0
3384 0.02304639968859423 0.03180596369562685 0
3385 0.02339735542181488 0.03180596369562685 0
3386 0.0237213420189086 0.03180596369562684 0
3387 0.02402088184393708 0.03180596369562685 0
3388 0.02429822826240085 0.03180596369562685 0
3389 0.02455540050683664 0.03180596369562685 0
3390 0.02479421350302275 0.03180596369562687 0
3391 0.02501630351658788 0.03180596369562687 0
3392 0.02522315031709671 0.03180596369562687 0
3393 0.02541609642876837 0.03180596369562687 0
3394 0.02559636393576487 0.03180596369562687 0
3395 0.0257650692294102 0.03180596369562688 0
3396 0.02592323602020772 0.03180596369562688 0
3397 0.02607180688565512 0.03180596369562688 0
3398 0.026211653582973 0.03180596369562688 0
3399 0.02634358632193527 0.03180596369562688 0
3400 0.02646836216544923 0.03180596369562688 0
3401 0.0265866927031615 0.03180596369562688 0
3402 0.02672273946777759 0.03180596369562688 0
3403 0.0268771790588224 0.0318059636956269 0
3404 0.02704217079274093 0.0318059636956269 0
3405 0.02720282382062161 0.0318059636956269 0
3406 0.02734580112897784 0.0318059636956269 0
3407 0.02748450179604704 0.0318059636956269 0
3408 0.02763230337086217 0.0318059636956269 0
3409 0.02777580403775538 0.03180596369562691 0
3410 0.02790000422485551 0.03180596369562691 0
3411 0.0279969095114154 0.03180596369562691 0
3412 0.002921171860889494 0.02969725641377495 0
3413 0.005435157668974214 0.02969725641377498 0
3414 0.0076177408899839 0.02969725641377501 0
3415 0.009526784825345675 0.02969725641377504 0
3416 0.01120732102934871 0.02969725641377505 0
3417 0.01269498043932648 0.02969725641377507 0
3418 0.01401836715163359 0.02969725641377509 0
3419 0.0152007384145471 0.02969725641377511 0
3420 0.01626121794116834 0.02969725641377512 0
3421 0.0172156882598708 0.02969725641377514 0
3422 0.0180774578690623 0.02969725641377515 0
3423 0.01885776750771729 0.02969725641377516 0
3424 0.01956617958158678 0.02969725641377517 0
3425 0.02021088144452134 0.02969725641377518 0
3426 0.02079892428622911 0.02969725641377518 0
3427 0.02133641327030208 0.02969725641377518 0
3428 0.02182866033039233 0.0296972564137752 0
3429 0.02228030805075652 0.02969725641377521 0
3430 0.02269543092968199 0.02969725641377521 0
3431 0.02307761878654661 0.02969725641377521 0
3432 0.02343004594861817 0.02969725641377522 0
3433 0.02375552902202241 0.02969725641377522 0
3434 0.02405657542986618 0.02969725641377523 0
3435 0.02433542443160934 0.02969725641377523 0
3436 0.02459408198073708 0.02969725641377523 0
3437 0.02483435050356863 0.02969725641377523 0
3438 0.02505785446972764 0.02969725641377524 0
3439 0.02526606245917188 0.02969725641377525 0
3440 0.02546030630055481 0.02969725641377525 0
3441 0.02564179775278467 0.02969725641377524 0
3442 0.02581164311977279 0.02969725641377525 0
3443 0.0259708561228632 0.02969725641377525 0
3444 0.02612036930277969 0.02969725641377525 0
3445 0.02626104418041854 0.02969725641377526 0
3446 0.02639368037138215 0.02969725641377526 0
3447 0.02651902382119291 0.02969725641377526 0
3448 0.02663777430539957 0.02969725641377526 0
3449 0.02677180926412493 0.02969725641377526 0
3450 0.02692178812304818 0.02969725641377526 0
3451 0.02708067291553611 0.02969725641377526 0
3452 0.02723505387371711 0.02969725641377527 0
3453 0.02737292170470459 0.02969725641377527 0
3454 0.02750641491798208 0.02969725641377527 0
3455 0.02764765000060173 0.02969725641377528 0
3456 0.02778455137289938 0.02969725641377528 0
3457 0.02790359805323716 0.02969725641377527 0
3458 0.02799759481572201 0.02969725641377527 0
3459 0.002929258527588663 0.02767659286261598 0
3460 0.005448311091817759 0.02767659286261601 0
3461 0.007633967605252117 0.02767659286261604 0
3462 0.009544796046359064 0.02767659286261607 0
3463 0.0112263134891808 0.02767659286261609 0
3464 0.01271448496833589 0.02767659286261611 0
3465 0.01403814291512136 0.02767659286261613 0
3466 0.01522069847375515 0.02767659286261615 0
3467 0.0162813766167263 0.02767659286261616 0
3468 0.0172361238521093 0.02767659286261617 0
3469 0.01809828629833911 0.02767659286261618 0
3470 0.01887912377641648 0.02767659286261619 0
3471 0.01958820486725771 0.02767659286261621 0
3472 0.02023371425901736 0.02767659286261621 0
3473 0.02082269457254021 0.02767659286261622 0
3474 0.02136123861764816 0.02767659286261622 0
3475 0.0218546437088895 0.02767659286261624 0
3476 0.02230753662621233 0.02767659286261624 0
3477 0.02272397563487766 0.02767659286261625 0
3478 0.02310753441014946 0.02767659286261625 0
3479 0.02346137156528775 0.02767659286261626 0
3480 0.02378828863342508 0.02767659286261626 0
3481 0.02409077872053523 0.02767659286261626 0
3482 0.02437106756899935 0.02767659286261627 0
3483 0.02463114840768425 0.02767659286261627 0
3484 0.02487281168533335 0.02767659286261628 0
3485 0.02509767056807757 0.02767659286261628 0
3486 0.02530718291346145 0.02767659286261628 0
3487 0.02550267030113901 0.02767659286261628 0
3488 0.02568533459586957 0.02767659286261628 0
3489 0.02585627243532614 0.02767659286261629 0
3490 0.02601648796876545 0.02767659286261629 0
3491 0.0261669041191975 0.02767659286261629 0
3492 0.02630837259858595 0.02767659286261629 0
3493 0.02644168287069461 0.0276765928626163 0
3494 0.02656757022783914 0.0276765928626163 0
3495 0.02668672312473813 0.0276765928626163 0
3496 0.02681883027543134 0.0276765928626163 0
3497 0.02696453464880267 0.0276765928626163 0
3498 0.02711756747972909 0.02767659286261631 0
3499 0.02726593824259206 0.0276765928626163 0
3500 0.0273989099294948 0.0276765928626163 0
3501 0.02752741311302192 0.02767659286261631 0
3502 0.02766235587069319 0.02767659286261632 0
3503 0.02779293348522354 0.02767659286261632 0
3504 0.02790704183041877 0.02767659286261632 0
3505 0.02799825150688333 0.02767659286261632 0
3506 0.002936975470281334 0.02574831445006986 0
3507 0.005460863137558253 0.0257483144500699 0
3508 0.007649452431877654 0.02574831445006993 0
3509 0.009561983790772919 0.02574831445006995 0
3510 0.01124443760997981 0.02574831445006999 0
3511 0.0127330977464078 0.02574831445007002 0
3512 0.01405701452677744 0.02574831445007003 0
3513 0.0152397459550946 0.02574831445007004 0
3514 0.01630061363363674 0.02574831445007006 0
3515 0.01725562512501467 0.02574831445007007 0
3516 0.01811816244769542 0.02574831445007008 0
3517 0.01889950363227203 0.0257483144500701 0
3518 0.01960922315249628 0.0257483144500701 0
3519 0.02025550315270285 0.02574831445007011 0
3520 0.02084537807664334 0.02574831445007011 0
3521 0.02138492894518634 0.02574831445007013 0
3522 0.02187943912216471 0.02574831445007014 0
3523 0.02233352030579409 0.02574831445007014 0
3524 0.02275121527048635 0.02574831445007014 0
3525 0.02313608228550363 0.02574831445007016 0
3526 0.02349126496854578 0.02574831445007016 0
3527 0.02381955046889242 0.02574831445007016 0
3528 0.02412341822996634 0.02574831445007016 0
3529 0.02440508109507356 0.02574831445007017 0
3530 0.02466652015023458 0.02574831445007017 0
3531 0.02490951441423416 0.02574831445007018 0
3532 0.02513566626650839 0.02574831445007017 0
3533 0.02534642333241946 0.02574831445007019 0
3534 0.02554309741120826 0.02574831445007019 0
3535 0.02572688092584758 0.02574831445007019 0
3536 0.02589886128971451 0.02574831445007019 0
3537 0.0260600335176162 0.02574831445007019 0
3538 0.0262113113545726 0.02574831445007019 0
3539 0.02635353715208119 0.0257483144500702 0
3540 0.02648749068621115 0.0257483144500702 0
3541 0.02661389708313817 0.0257483144500702 0
3542 0.02673343399434136 0.0257483144500702 0
3543 0.02686370147676826 0.0257483144500702 0
3544 0.02700532679491548 0.0257483144500702 0
3545 0.02715277521712446 0.0257483144500702 0
3546 0.02729541057199224 0.02574831445007021 0
3547 0.02742370996748955 0.02574831445007021 0
3548 0.02754745126641688 0.02574831445007021 0
3549 0.02767638938548533 0.02574831445007021 0
3550 0.02780093236570859 0.02574831445007021 0
3551 0.02791032815742413 0.02574831445007021 0
3552 0.02799887817399442 0.02574831445007022 0
3553 0.00294430802169628 0.02391608617451827 0
3554 0.005472789949045699 0.02391608617451831 0
3555 0.007664165938496162 0.02391608617451836 0
3556 0.009578315390558053 0.02391608617451839 0
3557 0.01126165894398501 0.02391608617451842 0
3558 0.01275078339701097 0.02391608617451844 0
3559 0.01407494611811638 0.02391608617451847 0
3560 0.01525784465581185 0.02391608617451849 0
3561 0.01631889242890367 0.02391608617451851 0
3562 0.01727415501333059 0.02391608617451853 0
3563 0.01813704853936289 0.02391608617451855 0
3564 0.01891886834014161 0.02391608617451856 0
3565 0.01962919448872405 0.02391608617451857 0
3566 0.02027620671233605 0.02391608617451858 0
3567 0.02086693168494799 0.02391608617451859 0
3568 0.02140743922569879 0.0239160861745186 0
3569 0.02190299944260973 0.02391608617451861 0
3570 0.02235820970340536 0.02391608617451861 0
3571 0.02277709806326835 0.02391608617451862 0
3572 0.02316320815285272 0.02391608617451862 0
3573 0.02351966934124709 0.02391608617451864 0
3574 0.02384925511035716 0.02391608617451865 0
3575 0.02415443192160482 0.02391608617451864 0
3576 0.02443740036174112 0.02391608617451865 0
3577 0.02470012997879179 0.02391608617451866 0
3578 0.0249443889309245 0.02391608617451867 0
3579 0.02517176934818027 0.02391608617451867 0
3580 0.02538370913341768 0.02391608617451867 0
3581 0.02558151079263999 0.02391608617451868 0
3582 0.02576635777734156 0.02391608617451867 0
3583 0.02593932873607808 0.02391608617451867 0
3584 0.02610141000420633 0.02391608617451869 0
3585 0.02625350660592426 0.02391608617451869 0
3586 0.02639645199852048 0.02391608617451869 0
3587 0.0265310167529267 0.02391608617451869 0
3588 0.02665791633556772 0.02391608617451869 0
3589 0.02677781813280693 0.02391608617451869 0
3590 0.02690633758331417 0.0239160861745187 0
3591 0.02704408702945529 0.0239160861745187 0
3592 0.0271862292098437 0.0239160861745187 0
3593 0.02732341484508994 0.0239160861745187 0
3594 0.02744727468229064 0.0239160861745187 0
3595 0.02756649129248429 0.02391608617451871 0
3596 0.02768972387206164 0.02391608617451871 0
3597 0.02780853281121589 0.02391608617451871 0
3598 0.02791345078806852 0.02391608617451871 0
3599 0.02799947362597522 0.02391608617451872 0
3600 0.002951244169162206 0.02218290971365314 0
3601 0.005484071986987721 0.02218290971365317 0
3602 0.007678084020466763 0.0221829097136532 0
3603 0.009593764090206219 0.02218290971365321 0
3604 0.01127794927806661 0.02218290971365323 0
3605 0.01276751294634142 0.02218290971365325 0
3606 0.01409190831241784 0.02218290971365327 0
3607 0.01527496492541686 0.02218290971365328 0
3608 0.01633618305699426 0.0221829097136533 0
3609 0.01729168316016695 0.02218290971365331 0
3610 0.01815491363289548 0.02218290971365331 0
3611 0.01893718617547848 0.02218290971365333 0
3612 0.0196480861575755 0.02218290971365333 0
3613 0.02029579101997454 0.02218290971365334 0
3614 0.02088732008690576 0.02218290971365335 0
3615 0.02142873258135335 0.02218290971365336 0
3616 0.02192528607214745 0.02218290971365337 0
3617 0.02238156437124001 0.02218290971365337 0
3618 0.02280158161031857 0.02218290971365337 0
3619 0.02318886757280456 0.02218290971365338 0
3620 0.02354653814946735 0.02218290971365339 0
3621 0.02387735389370862 0.02218290971365339 0
3622 0.02418376898676726 0.02218290971365339 0
3623 0.02446797242143919 0.02218290971365339 0
3624 0.02473192283150909 0.0221829097136534 0
3625 0.02497737810166174 0.0221829097136534 0
3626 0.02520592066663406 0.0221829097136534 0
3627 0.02541897923238784 0.0221829097136534 0
3628 0.02561784751408898 0.0221829097136534 0
3629 0.0258037004767592 0.0221829097136534 0
3630 0.02597760847796644 0.02218290971365341 0
3631 0.02614054964283554 0.02218290971365341 0
3632 0.02629342074619751 0.02218290971365342 0
3633 0.02643704683196058 0.02218290971365342 0
3634 0.02657218976355647 0.02218290971365342 0
3635 0.02669955586987345 0.02218290971365343 0
3636 0.0268198028271001 0.02218290971365342 0
3637 0.02694666874577593 0.02218290971365343 0
3638 0.02708075185283914 0.02218290971365343 0
3639 0.02721787465134062 0.02218290971365343 0
3640 0.02734990518343056 0.02218290971365344 0
3641 0.02746956546862181 0.02218290971365344 0
3642 0.02758450199859259 0.02218290971365344 0
3643 0.02770233748498322 0.02218290971365343 0
3644 0.02781572237019231 0.02218290971365343 0
3645 0.02791640460665163 0.02218290971365344 0
3646 0.02800003688731688 0.02218290971365344 0
3647 0.002957774472836673 0.02055114385710447 0
3648 0.005494693896944246 0.0205511438571045 0
3649 0.007691187735790094 0.02055114385710453 0
3650 0.009608308864603492 0.02055114385710455 0
3651 0.0112932864416771 0.02055114385710458 0
3652 0.01278326362609578 0.0205511438571046 0
3653 0.01410787802475713 0.02055114385710462 0
3654 0.01529108346385029 0.02055114385710463 0
3655 0.01635246198599749 0.02055114385710465 0
3656 0.01730818571035845 0.02055114385710466 0
3657 0.01817173341455578 0.02055114385710468 0
3658 0.01895443220838021 0.02055114385710468 0
3659 0.01966587244818184 0.02055114385710469 0
3660 0.02031422942209356 0.02055114385710471 0
3661 0.02090651553464895 0.02055114385710471 0
3662 0.02144878003267351 0.02055114385710471 0
3663 0.02194626867949203 0.02055114385710471 0
3664 0.02240355252445126 0.02055114385710472 0
3665 0.02282463259042698 0.02055114385710473 0
3666 0.02321302562382918 0.02055114385710473 0
3667 0.02357183482574353 0.02055114385710474 0
3668 0.02390380857753267 0.02055114385710475 0
3669 0.02421138949878339 0.02055114385710475 0
3670 0.02449675566671519 0.02055114385710476 0
3671 0.02476185543947936 0.02055114385710476 0
3672 0.02500843702939377 0.02055114385710476 0
3673 0.02523807374317722 0.02055114385710476 0
3674 0.02545218562801813 0.02055114385710477 0
3675 0.02565205812260937 0.02055114385710477 0
3676 0.02583885820205548 0.02055114385710477 0
3677 0.0260136484180541 0.02055114385710478 0
3678 0.02617739916589042 0.02055114385710478 0
3679 0.02633099945371058 0.02055114385710478 0
3680 0.02647526640432123 0.02055114385710478 0
3681 0.02661095368314228 0.02055114385710478 0
3682 0.02673875901617557 0.02055114385710478 0
3683 0.02685933093759095 0.02055114385710479 0
3684 0.02698464007491986 0.02055114385710479 0
3685 0.02711527136558645 0.02055114385710478 0
3686 0.02724766847332935 0.02055114385710479 0
3687 0.02737484553463464 0.02055114385710479 0
3688 0.02749055198953998 0.02055114385710479 0
3689 0.02760145887283101 0.02055114385710479 0
3690 0.02771421305758527 0.0205511438571048 0
3691 0.02782249125791163 0.0205511438571048 0
3692 0.02791918559313464 0.0205511438571048 0
3693 0.02800056719144135 0.02055114385710479 0
3694 0.002963866699355837 0.01902884294739275 0
3695 0.005504603249517595 0.01902884294739277 0
3696 0.007703412404958928 0.0190288429473928 0
3697 0.00962187792122253 0.01902884294739282 0
3698 0.01130759473108206 0.01902884294739284 0
3699 0.01279795769143757 0.01902884294739286 0
3700 0.01412277642916017 0.01902884294739287 0
3701 0.01530612071053734 0.01902884294739289 0
3702 0.01636764886365601 0.0190288429473929 0
3703 0.0173235812078609 0.01902884294739292 0
3704 0.01818742486245553 0.01902884294739293 0
3705 0.01897052131299646 0.01902884294739293 0
3706 0.0196824655679985 0.01902884294739294 0
3707 0.02033143090734758 0.01902884294739295 0
3708 0.02092442328007979 0.01902884294739296 0
3709 0.02146748262609991 0.01902884294739296 0
3710 0.02196584369518475 0.01902884294739297 0
3711 0.0224240656302391 0.01902884294739297 0
3712 0.02284613722471501 0.01902884294739297 0
3713 0.02323556306258244 0.01902884294739299 0
3714 0.02359543450651473 0.01902884294739299 0
3715 0.02392848858238132 0.01902884294739299 0
3716 0.02423715712371568 0.01902884294739299 0
3717 0.0245236080244185 0.01902884294739299 0
3718 0.02478978005633557 0.019028842947393 0
3719 0.02503741240827634 0.01902884294739301 0
3720 0.02526806987128301 0.01902884294739301 0
3721 0.02548316441463348 0.01902884294739301 0
3722 0.02568397375576432 0.01902884294739301 0
3723 0.02587165741585636 0.01902884294739302 0
3724 0.02604727066438387 0.01902884294739302 0
3725 0.0262117766853389 0.01902884294739302 0
3726 0.02636605724120095 0.01902884294739302 0
3727 0.02651092206505215 0.01902884294739302 0
3728 0.02664711717425384 0.01902884294739303 0
3729 0.0267753322690352 0.01902884294739303 0
3730 0.02689620735482809 0.01902884294739303 0
3731 0.02702006414551601 0.01902884294739303 0
3732 0.0271474751805193 0.01902884294739303 0
3733 0.02727546361448591 0.01902884294739303 0
3734 0.02739811279395015 0.01902884294739304 0
3735 0.02751013065626914 0.01902884294739304 0
3736 0.02761727821662681 0.01902884294739304 0
3737 0.02772529197243259 0.01902884294739303 0
3738 0.02782880606336702 0.01902884294739303 0
3739 0.0279217800206599 0.01902884294739304 0
3740 0.02800106192078494 0.01902884294739304 0
3741 0.002969540194351387 0.01761117297635651 0
3742 0.005513831511476859 0.01761117297635653 0
3743 0.007714796846941421 0.01761117297635655 0
3744 0.009634514348082277 0.01761117297635657 0
3745 0.01132091958170582 0.01761117297635657 0
3746 0.01281164180280781 0.01761117297635658 0
3747 0.01413665083493882 0.01761117297635659 0
3748 0.01532012441567822 0.0176111729763566 0
3749 0.01638179191531744 0.01761117297635661 0
3750 0.01733791854048624 0.01761117297635662 0
3751 0.01820203780418582 0.01761117297635663 0
3752 0.01898550457966192 0.01761117297635663 0
3753 0.01969791820784112 0.01761117297635664 0
3754 0.02034745009839335 0.01761117297635665 0
3755 0.02094110018855713 0.01761117297635665 0
3756 0.02148489975100073 0.01761117297635665 0
3757 0.02198407327893727 0.01761117297635666 0
3758 0.02244316882718431 0.01761117297635666 0
3759 0.02286616380032419 0.01761117297635666 0
3760 0.02325655145583685 0.01761117297635666 0
3761 0.02361741213166225 0.01761117297635666 0
3762 0.02395147227866353 0.01761117297635667 0
3763 0.02426115368566897 0.01761117297635668 0
3764 0.0245486147631813 0.01761117297635668 0
3765 0.02481578535562771 0.01761117297635668 0
3766 0.02506439624851394 0.01761117297635668 0
3767 0.02529600430250594 0.01761117297635668 0
3768 0.02551201396418281 0.01761117297635668 0
3769 0.025713695760423 0.01761117297635668 0
3770 0.02590220227080748 0.01761117297635668 0
3771 0.02607858198310964 0.01761117297635668 0
3772 0.0262437913656757 0.01761117297635669 0
3773 0.02639870543332841 0.01761117297635669 0
3774 0.02654412703733669 0.01761117297635668 0
3775 0.0266807950726704 0.01761117297635669 0
3776 0.0268093917654143 0.01761117297635669 0
3777 0.02693054917846032 0.01761117297635669 0
3778 0.02705305344534211 0.01761117297635669 0
3779 0.02717746555961705 0.01761117297635669 0
3780 0.02730134833721516 0.01761117297635669 0
3781 0.02741978084566678 0.0176111729763567 0
3782 0.02752836364011471 0.0176111729763567 0
3783 0.0276320102636996 0.0176111729763567 0
3784 0.0277356094101944 0.0176111729763567 0
3785 0.02783468683898105 0.0176111729763567 0
3786 0.02792419612773251 0.0176111729763567 0
3787 0.0280015226463417 0.0176111729763567 0
3788 0.002974793010660449 0.01629862049317521 0
3789 0.005522375515650996 0.01629862049317523 0
3790 0.007725337154558176 0.01629862049317526 0
3791 0.009646213808317851 0.01629862049317527 0
3792 0.01133325642041409 0.01629862049317529 0
3793 0.0128243112637727 0.01629862049317531 0
3794 0.0141494964803496 0.01629862049317532 0
3795 0.01533308977315346 0.01629862049317532 0
3796 0.01639488628703809 0.01629862049317534 0
3797 0.0173511927876129 0.01629862049317534 0
3798 0.01821556722453507 0.01629862049317535 0
3799 0.0189993768660683 0.01629862049317537 0
3800 0.01971222506431091 0.01629862049317537 0
3801 0.02036228149738977 0.01629862049317537 0
3802 0.020956540536509 0.01629862049317539 0
3803 0.0215010254297592 0.01629862049317539 0
3804 0.02200095117429414 0.01629862049317539 0
3805 0.02246085555900443 0.0162986204931754 0
3806 0.02288470544406531 0.0162986204931754 0
3807 0.0232759836003041 0.01629862049317541 0
3808 0.02363776015839003 0.01629862049317541 0
3809 0.0239727517782962 0.01629862049317542 0
3810 0.02428337094894117 0.01629862049317542 0
3811 0.02457176730060535 0.01629862049317542 0
3812 0.02483986241224818 0.01629862049317542 0
3813 0.02508937928916038 0.01629862049317542 0
3814 0.02532186744965373 0.01629862049317542 0
3815 0.02553872437540212 0.01629862049317543 0
3816 0.02574121393589185 0.01629862049317543 0
3817 0.02593048228381022 0.01629862049317543 0
3818 0.02610757162807979 0.01629862049317543 0
3819 0.02627343221935309 0.01629862049317543 0
3820 0.02642893282512182 0.01629862049317543 0
3821 0.02657486992511484 0.01629862049317544 0
3822 0.0267119758200221 0.01629862049317544 0
3823 0.02684092581597728 0.01629862049317544 0
3824 0.02696234462225637 0.01629862049317544 0
3825 0.02708359665235771 0.01629862049317544 0
3826 0.02720523221007909 0.01629862049317544 0
3827 0.02732531375779179 0.01629862049317545 0
3828 0.02743984225323513 0.01629862049317545 0
3829 0.02754524468345431 0.01629862049317545 0
3830 0.02764564995796045 0.01629862049317544 0
3831 0.0277451618298908 0.01629862049317544 0
3832 0.02784013156645142 0.01629862049317545 0
3833 0.02792643308513625 0.01629862049317545 0
3834 0.02800194920998907 0.01629862049317546 0
3835 0.00297962521452916 0.01509116894453184 0
3836 0.005530235369793112 0.01509116894453186 0
3837 0.00773503346073877 0.01509116894453187 0
3838 0.009656976449477533 0.01509116894453188 0
3839 0.01134460540279349 0.0150911689445319 0
3840 0.01283596623411373 0.01509116894453191 0
3841 0.01416131352739595 0.01509116894453191 0
3842 0.01534501694647628 0.01509116894453192 0
3843 0.01640693214395827 0.01509116894453193 0
3844 0.01736340411664967 0.01509116894453194 0
3845 0.01822801329413021 0.01509116894453194 0
3846 0.01901213834716657 0.01509116894453195 0
3847 0.01972538631783945 0.01509116894453195 0
3848 0.02037592529138374 0.01509116894453196 0
3849 0.02097074451866209 0.01509116894453196 0
3850 0.02151585986574506 0.01509116894453196 0
3851 0.02201647759411173 0.01509116894453197 0
3852 0.02247712604875649 0.01509116894453198 0
3853 0.02290176238977719 0.01509116894453197 0
3854 0.02329385974105359 0.01509116894453198 0
3855 0.02365647884331815 0.01509116894453198 0
3856 0.02399232734964672 0.01509116894453198 0
3857 0.02430380919372633 0.01509116894453198 0
3858 0.02459306592867996 0.01509116894453198 0
3859 0.02486201152984589 0.01509116894453199 0
3860 0.02511236184529044 0.01509116894453199 0
3861 0.02534565963890067 0.01509116894453199 0
3862 0.025563295985151 0.01509116894453199 0
3863 0.02576652862921761 0.01509116894453199 0
3864 0.0259564978115193 0.015091168944532 0
3865 0.02613423996489858 0.015091168944532 0
3866 0.02630069962018808 0.015091168944532 0
3867 0.02645673979779536 0.015091168944532 0
3868 0.02660315111610199 0.015091168944532 0
3869 0.0267406598095464 0.015091168944532 0
3870 0.02686993481841731 0.015091168944532 0
3871 0.026991594087206 0.015091168944532 0
3872 0.02711169415175989 0.015091168944532 0
3873 0.02723077548208584 0.015091168944532 0
3874 0.02734736017845682 0.01509116894453201 0
3875 0.02745829726966057 0.015091168944532 0
3876 0.02756077399918401 0.015091168944532 0
3877 0.02765819747142701 0.015091168944532 0
3878 0.02775394935199259 0.01509116894453201 0
3879 0.02784514031444458 0.01509116894453201 0
3880 0.02792849092108263 0.01509116894453201 0
3881 0.02800234161710665 0.01509116894453201 0
3882 0.00298403871602882 0.01398834104953944 0
3883 0.005537414180742698 0.01398834104953946 0
3884 0.007743889598234609 0.01398834104953947 0
3885 0.009666806525813126 0.01398834104953948 0
3886 0.01135497101486451 0.01398834104953949 0
3887 0.01284661132080217 0.0139883410495395 0
3888 0.01417210664711475 0.01398834104953951 0
3889 0.0153559106502142 0.01398834104953952 0
3890 0.01641793424755868 0.01398834104953953 0
3891 0.01737455735448503 0.01398834104953953 0
3892 0.01823938093264784 0.01398834104953954 0
3893 0.01902379406730905 0.01398834104953954 0
3894 0.01973740717080092 0.01398834104953955 0
3895 0.02038838687348777 0.01398834104953955 0
3896 0.02098371774955984 0.01398834104953955 0
3897 0.02152940892270729 0.01398834104953955 0
3898 0.02203065867566605 0.01398834104953956 0
3899 0.02249198672783211 0.01398834104953956 0
3900 0.02291734137972139 0.01398834104953956 0
3901 0.02331018694415793 0.01398834104953957 0
3902 0.02367357558555969 0.01398834104953957 0
3903 0.02401020673053784 0.01398834104953957 0
3904 0.02432247649884436 0.01398834104953958 0
3905 0.02461251906631695 0.01398834104953958 0
3906 0.02488224146351377 0.01398834104953958 0
3907 0.02513335300143823 0.01398834104953958 0
3908 0.02536739027481226 0.01398834104953959 0
3909 0.02558573850608393 0.01398834104953959 0
3910 0.02578964984678049 0.01398834104953958 0
3911 0.02598025913734041 0.01398834104953959 0
3912 0.02615859753501381 0.01398834104953959 0
3913 0.02632560434642622 0.01398834104953959 0
3914 0.02648213734287626 0.01398834104953959 0
3915 0.02662898178927416 0.01398834104953959 0
3916 0.02676685837943736 0.01398834104953959 0
3917 0.0268964302393994 0.01398834104953959 0
3918 0.02701830913502411 0.01398834104953959 0
3919 0.02713735704991517 0.01398834104953959 0
3920 0.02725410547236998 0.01398834104953959 0
3921 0.02736749631370915 0.0139883410495396 0
3922 0.02747515318983343 0.0139883410495396 0
3923 0.0275749577257245 0.0139883410495396 0
3924 0.02766965776387457 0.0139883410495396 0
3925 0.02776197545002742 0.0139883410495396 0
3926 0.02784971506281609 0.0139883410495396 0
3927 0.02793037044899208 0.0139883410495396 0
3928 0.02800270002280496 0.0139883410495396 0
3929 0.002988037096696915 0.01298924186810446 0
3930 0.005543917774073965 0.01298924186810447 0
3931 0.007751912753763174 0.01298924186810447 0
3932 0.009675712014389291 0.01298924186810448 0
3933 0.01136436166827674 0.01298924186810448 0
3934 0.01285625516228008 0.01298924186810449 0
3935 0.01418188459807623 0.01298924186810449 0
3936 0.01536577972456095 0.0129892418681045 0
3937 0.01642790152599909 0.0129892418681045 0
3938 0.0173846615519235 0.01298924186810451 0
3939 0.01824967936487774 0.01298924186810451 0
3940 0.0190343534850625 0.01298924186810451 0
3941 0.0197482973780658 0.01298924186810451 0
3942 0.02039967635622217 0.01298924186810452 0
3943 0.02099547075692333 0.01298924186810452 0
3944 0.0215416835956473 0.01298924186810452 0
3945 0.02204350592684379 0.01298924186810452 0
3946 0.02250544965560845 0.01298924186810452 0
3947 0.02293145505618125 0.01298924186810452 0
3948 0.02332497845907221 0.01298924186810452 0
3949 0.02368906425904745 0.01298924186810452 0
3950 0.02402640443001025 0.01298924186810452 0
3951 0.02433938801273307 0.01298924186810452 0
3952 0.02463014249965384 0.01298924186810452 0
3953 0.02490056862975597 0.01298924186810453 0
3954 0.02515236979183667 0.01298924186810453 0
3955 0.02538707699170609 0.01298924186810453 0
3956 0.02560607015021013 0.01298924186810453 0
3957 0.02581059635134911 0.01298924186810453 0
3958 0.02600178554348726 0.01298924186810453 0
3959 0.02618066410448886 0.01298924186810453 0
3960 0.02634816660814572 0.01298924186810453 0
3961 0.02650514607036312 0.01298924186810453 0
3962 0.02665238290611152 0.01298924186810453 0
3963 0.02679059278972174 0.01298924186810454 0
3964 0.02692043357984369 0.01298924186810454 0
3965 0.0270425114448571 0.01298924186810454 0
3966 0.02716060617215502 0.01298924186810454 0
3967 0.02727524111311829 0.01298924186810454 0
3968 0.02738573850393595 0.01298924186810454 0
3969 0.02749042369226042 0.01298924186810454 0
3970 0.02758780737310887 0.01298924186810454 0
3971 0.02768004013528117 0.01298924186810454 0
3972 0.02776924663713933 0.01298924186810454 0
3973 0.02785385952395459 0.01298924186810454 0
3974 0.02793207319409343 0.01298924186810454 0
3975 0.02800302471792867 0.01298924186810454 0
3976 0.00299162543743014 0.01209260180632092 0
3977 0.00554975441415407 0.01209260180632092 0
3978 0.007759113122657983 0.01209260180632092 0
3979 0.009683704231754214 0.01209260180632092 0
3980 0.01137278929609608 0.01209260180632093 0
3981 0.01286491001334919 0.01209260180632093 0
3982 0.01419065980550019 0.01209260180632093 0
3983 0.01537463671053036 0.01209260180632094 0
3984 0.01643684664508505 0.01209260180632094 0
3985 0.01739372954875889 0.01209260180632094 0
3986 0.01825892167743536 0.01209260180632094 0
3987 0.01904383001868678 0.01209260180632094 0
3988 0.01975807077824094 0.01209260180632094 0
3989 0.02040980808556854 0.01209260180632094 0
3990 0.02100601847575281 0.01209260180632094 0
3991 0.02155269948246599 0.01209260180632094 0
3992 0.02205503567314307 0.01209260180632094 0
3993 0.02251753193994767 0.01209260180632094 0
3994 0.0229441213539504 0.01209260180632094 0
3995 0.02333825308194556 0.01209260180632093 0
3996 0.02370296454583685 0.01209260180632094 0
3997 0.0240409410311061 0.01209260180632094 0
3998 0.02435456522550612 0.01209260180632094 0
3999 0.02464595862346782 0.01209260180632094 0
4000 0.02491701631761025 0.01209260180632094 0
4001 0.02516943638185558 0.01209260180632094 0
4002 0.02540474480625345 0.01209260180632094 0
4003 0.0256243167537348 0.01209260180632094 0
4004 0.02582939476045558 0.01209260180632094 0
4005 0.02602110438439529 0.01209260180632094 0
4006 0.02620046771416557 0.01209260180632094 0
4007 0.0263684150760837 0.01209260180632094 0
4008 0.02652579521833435 0.01209260180632094 0
4009 0.02667338420331679 0.01209260180632094 0
4010 0.02681189320063113 0.01209260180632094 0
4011 0.0269419753417217 0.01209260180632094 0
4012 0.02706423177151454 0.01209260180632094 0
4013 0.02718147106203672 0.01209260180632094 0
4014 0.02729420926220553 0.01209260180632094 0
4015 0.02740210993019268 0.01209260180632094 0
4016 0.02750412818175859 0.01209260180632094 0
4017 0.02759933926988018 0.01209260180632094 0
4018 0.02768935777892702 0.01209260180632094 0
4019 0.02777577215310652 0.01209260180632094 0
4020 0.02785757896438687 0.01209260180632094 0
4021 0.02793360132013059 0.01209260180632094 0
4022 0.02800331611508042 0.01209260180632094 0
4023 0.002994810149182049 0.01129681892105712 0
4024 0.005554934528763216 0.01129681892105713 0
4025 0.007765503569146262 0.01129681892105713 0
4026 0.009690797456856901 0.01129681892105714 0
4027 0.01138026895517874 0.01129681892105714 0
4028 0.0128725913368243 0.01129681892105715 0
4029 0.01419844794723094 0.01129681892105715 0
4030 0.01538249743207279 0.01129681892105715 0
4031 0.01644478558622615 0.01129681892105716 0
4032 0.01740177754593502 0.01129681892105716 0
4033 0.01826712438269815 0.01129681892105716 0
4034 0.01905224059902024 0.01129681892105716 0
4035 0.01976674483254845 0.01129681892105716 0
4036 0.02041880016294228 0.01129681892105717 0
4037 0.02101537975067329 0.01129681892105717 0
4038 0.02156247626422038 0.01129681892105717 0
4039 0.02206526851368573 0.01129681892105717 0
4040 0.02252825516713975 0.01129681892105717 0
4041 0.02295536290272114 0.01129681892105718 0
4042 0.02335003452930798 0.01129681892105718 0
4043 0.02371530128027326 0.01129681892105718 0
4044 0.02405384250501411 0.01129681892105718 0
4045 0.02436803525287338 0.01129681892105718 0
4046 0.0246599956949515 0.01129681892105718 0
4047 0.02493161391262577 0.01129681892105718 0
4048 0.02518458326277885 0.01129681892105718 0
4049 0.02542042528388995 0.01129681892105718 0
4050 0.02564051091616187 0.01129681892105718 0
4051 0.02584607865946335 0.01129681892105718 0
4052 0.02603825017523489 0.01129681892105719 0
4053 0.02621804374530544 0.01129681892105719 0
4054 0.02638638592628841 0.01129681892105719 0
4055 0.02654412167869581 0.01129681892105719 0
4056 0.02669202320194803 0.01129681892105719 0
4057 0.0268307976676221 0.01129681892105719 0
4058 0.02696109401168928 0.01129681892105719 0
4059 0.02708350892067733 0.01129681892105719 0
4060 0.02719998899691211 0.01129681892105719 0
4061 0.02731104380825373 0.01129681892105719 0
4062 0.027416639841779 0.01129681892105719 0
4063 0.02751629114286053 0.01129681892105719 0
4064 0.02760957401900237 0.01129681892105719 0
4065 0.02769762734177659 0.01129681892105719 0
4066 0.02778156365645945 0.01129681892105719 0
4067 0.02786088002929008 0.01129681892105719 0
4068 0.0279349575572638 0.01129681892105719 0
4069 0.02800357473487232 0.01129681892105719 0
4070 0.002997598808561307 0.0106 0
4071 0.005559470441685875 0.0106 0
4072 0.007771099296460201 0.01060000000000001 0
4073 0.009697008564879445 0.01060000000000001 0
4074 0.01138681844005505 0.01060000000000001 0
4075 0.01287931740700667 0.01060000000000001 0
4076 0.01420526755169638 0.01060000000000002 0
4077 0.01538938059028763 0.01060000000000002 0
4078 0.01645173723661058 0.01060000000000002 0
4079 0.01740882469009053 0.01060000000000002 0
4080 0.018274306995364 0.01060000000000002 0
4081 0.01905960523530727 0.01060000000000002 0
4082 0.01977434017705218 0.01060000000000002 0
4083 0.02042667398100205 0.01060000000000002 0
4084 0.02102357685268516 0.01060000000000002 0
4085 0.02157103720042505 0.01060000000000002 0
4086 0.02207422879297589 0.01060000000000002 0
4087 0.0225376448483463 0.01060000000000003 0
4088 0.02296520644677128 0.01060000000000003 0
4089 0.02336035082988644 0.01060000000000003 0
4090 0.02372610381214285 0.01060000000000003 0
4091 0.02406513954506749 0.01060000000000003 0
4092 0.02437983014078875 0.01060000000000003 0
4093 0.02467228710908867 0.01060000000000003 0
4094 0.02494439614330339 0.01060000000000003 0
4095 0.02519784646988946 0.01060000000000003 0
4096 0.02543415572935525 0.01060000000000003 0
4097 0.025654691164316 0.01060000000000003 0
4098 0.02586068774030801 0.01060000000000003 0
4099 0.02605326370680834 0.01060000000000003 0
4100 0.02623343401227669 0.01060000000000003 0
4101 0.02640212191242486 0.01060000000000003 0
4102 0.02656016905112911 0.01060000000000003 0
4103 0.02670834424523297 0.01060000000000003 0
4104 0.02684735116548659 0.01060000000000003 0
4105 0.02697783507413929 0.01060000000000003 0
4106 0.02710038875376927 0.01060000000000003 0
4107 0.02721620403199143 0.01060000000000003 0
4108 0.02732578480159629 0.01060000000000003 0
4109 0.02742936280617309 0.01060000000000003 0
4110 0.02752694151193589 0.01060000000000003 0
4111 0.02761853596952011 0.01060000000000003 0
4112 0.02770486849758573 0.01060000000000003 0
4113 0.02778663492551089 0.01060000000000003 0
4114 0.02786377057208358 0.01060000000000003 0
4115 0.02793614513205756 0.01060000000000003 0
4116 0.0280038011925754 0.01060000000000003 0
4117 0.003 0.3150108 0
4118 0.005610196620896105 0.3150107999999999 0
4119 0.007796719470929337 0.3150108 0
4120 0.009570888750306041 0.3150108 0
4121 0.01097361469325255 0.3150108 0
4122 0.01206009381482476 0.3150108 0
4123 0.01288829883812407 0.3150108 0
4124 0.01351197641230324 0.3150108 0
4125 0.0139773370210666 0.3150108 0
4126 0.01432219192384735 0.3150108 0
4127 0.01457644774066277 0.3150108 0
4128 0.01476320315969275 0.3150108 0
4129 0.0149 0.3150108 0
4130 0 0.3150108 0
4131 0.003 0.3404108 0
4132 0.005610196620896105 0.3404108 0
4133 0.007796719470929337 0.3404108 0
4134 0.009570888750306041 0.3404108 0
4135 0.01097361469325255 0.3404108 0
4136 0.01206009381482476 0.3404108 0
4137 0.01288829883812407 0.3404108 0
4138 0.01351197641230324 0.3404108 0
4139 0.0139773370210666 0.3404108 0
4140 0.01432219192384735 0.3404108 0
4141 0.01457644774066277 0.3404108 0
4142 0.01476320315969275 0.3404108 0
4143 0.0149 0.3404108 0
4144 0 0.3404108 0
4145 0 0.1241504 0
4146 0 0.1244697116531163 0
4147 0 0.1248095098982743 0
4148 0 0.1251710319178145 0
4149 0 0.1255555791660358 0
4150 0 0.1259645192754675 0
4151 0 0.1263992878052168 0
4152 0 0.1268613897911694 0
4153 0 0.1273524010529217 0
4154 0 0.1278739692071309 0
4155 0 0.1284278143315138 0
4156 0 0.1290157292180458 0
4157 0 0.1296395791480965 0
4158 0 0.1303013011163567 0
4159 0 0.1310029024245899 0
4160 0 0.1317464585606168 0
4161 0 0.1325341102726834 0
4162 0 0.1333680597446853 0
4163 0 0.1342505657738536 0
4164 0 0.1351839378497481 0
4165 0 0.1361705290320459 0
4166 0 0.1372127275250443 0
4167 0 0.1383129468493763 0
4168 0 0.1394736145166118 0
4169 0 0.1406971591206114 0
4170 0 0.1419859957711778 0
4171 0 0.1433425098111492 0
4172 0 0.1447690387780284 0
4173 0 0.1462678525959088 0
4174 0 0.1478411320131356 0
4175 0 0.1494909453360128 0
4176 0 0.1512192235489577 0
4177 0 0.1530277339566699 0
4178 0 0.1549180525337197 0
4179 0 0.1568915352208352 0
4180 0 0.1589492884641175 0
4181 0 0.1610921393521597 0
4182 0 0.1633206057649792 0
4183 0 0.1656348670058324 0
4184 0 0.1680347354401082 0
4185 0 0.1705196297120632 0
4186 0 0.1730885501474508 0
4187 0 0.1757400569753148 0
4188 0 0.1784722520126087 0
4189 0 0.1812827644483242 0
4190 0 0.1841687413372876 0
4191 0 0.1871268433661051 0
4192 0 0.190153246384023 0
4193 0 0.1932436490997349 0
4194 0 0.1963932872324687 0
4195 0 0.1995969542741429 0
4196 0 0.2028490288722835 0
4197 0 0.2061435086850403 0
4198 0 0.2094740503953018 0
4199 0 0.2128340154065375 0
4200 0 0.2162165205850076 0
4201 0 0.21961449326786 0
4202 0 0.2230207296306437 0
4203 0 0.2264279554064859 0
4204 0 0.2298288878772436 0
4205 0 0.2332162980176785 0
4206 0 0.236583071668965 0
4207 0 0.2399222686478465 0
4208 0 0.243227178761092 0
4209 0 0.2464913737886272 0
4210 0 0.2497087546185207 0
4211 0 0.2528735928575216 0
4212 0 0.2559805663959891 0
4213 0 0.2590247885693256 0
4214 0 0.2620018307229969 0
4215 0 0.2649077381487463 0
4216 0 0.267739039510237 0
4217 0 0.2704927500124925 0
4218 0 0.2731663686875736 0
4219 0 0.2757578702665104 0
4220 0 0.2782656921832398 0
4221 0 0.2806887173099065 0
4222 0 0.2830262530550237 0
4223 0 0.2852780074680768 0
4224 0 0.2874440629882395 0
4225 0 0.2895248484534113 0
4226 0 0.2915211099514962 0
4227 0 0.2934338810515225 0
4228 0 0.2952644529005924 0
4229 0 0.2970143446163556 0
4230 0 0.2986852743460384 0
4231 0 0.300279131304088 0
4232 0 0.3017979490429172 0
4233 0 0.3032438801564142 0
4234 0 0.304619172564872 0
4235 0 0.3059261474835143 0
4236 0 0.3071671791352945 0
4237 0 0.3083446762323582 0
4238 0 0.3094610652194795 0
4239 0 0.3105187752467816 0
4240 0 0.3115202248178554 0
4241 0 0.3124678100426485 0
4242 0 0.3133638944118003 0
4243 0 0.3142108 0
4244 0 0.3158108 0
4245 0 0.3166903743424041 0
4246 0 0.3176506746935282 0
4247 0 0.3186911096095278 0
4248 0 0.31980905242127 0
4249 0 0.3209996194991223 0
4250 0 0.322255555534273 0
4251 0 0.3235672582775097 0
4252 0 0.3249229646207036 0
4253 0 0.326309103413539 0
4254 0 0.3277108 0
4255 0 0.329112496586461 0
4256 0 0.3304986353792964 0
4257 0 0.3318543417224903 0
4258 0 0.3331660444657269 0
4259 0 0.3344219805008777 0
4260 0 0.3356125475787299 0
4261 0 0.3367304903904721 0
4262 0 0.3377709253064718 0
4263 0 0.3387312256575959 0
4264 0 0.3396108 0
4265 0 0.3412108 0
4266 0 0.3420161775617562 0
4267 0 0.3428323463947379 0
4268 0 0.3436647927468235 0
4269 0 0.3445191122825971 0
4270 0 0.3454010476971374 0
4271 0 0.3463165273181403 0
4272 0 0.347271704955854 0
4273 0 0.3482730012686971 0
4274 0 0.3493271469226179 0
4275 0 0.3504412278343088 0
4276 0 0.3516227328023998 0
4277 0 0.3528796038468049 0
4278 0 0.3542202895946003 0
4279 0 0.3556538020712914 0
4280 0 0.3571897772792179 0
4281 0 0.3588385399703005 0
4282 0 0.36061117304853 0
4283 0 0.362519592068718 0
4284 0 0.3645766253322867 0
4285 0 0.3667961001184979 0
4286 0 0.369192935630763 0
4287 0 0.3717832432828154 0
4288 0 0.3745844349988632 0
4289 0 0.3776153402557114 0
4290 0 0.3808963326536048 0
4291 0 0.3844494668665951 0
4292 0 0.3882986268930053 0
4293 0 0.3924696866025248 0
4294 0 0.3969906836591246 0
4295 0 0.4018920079888941 0
4296 0 0.4072066060596712 0
4297 0 0.4129702023456249 0
4298 0 0.4192215394654619 0
4299 0 0.4260026386084584 0
4300 0 0.4333590819988847 0
4301 0 0.4413403192975384 0
4302 0 0.45 0
4303 0 0.4583333333333333 0
4304 0 0.4666666666666667 0
4305 0 0.475 0
4306 0 0.4833333333333334 0
4307 0 0.4916666666666667 0
4308 0.002997374449340762 0.3142108 0
4309 0.00560555910357661 0.3142108 0
4310 0.00779094698039652 0.3142108 0
4311 0.009564910127942137 0.3142107999999999 0
4312 0.01096827005135284 0.3142108000000001 0
4313 0.01205606272826265 0.3142108000000001 0
4314 0.01288608007007676 0.3142107999999999 0
4315 0.01351189911251149 0.3142108 0
4316 0.01397958709077465 0.3142107999999999 0
4317 0.01432684277354605 0.3142107999999999 0
4318 0.01458348945883265 0.3142108000000001 0
4319 0.01477256741896014 0.3142108 0
4320 0.01491157998364497 0.3142108000000001 0
4321 0.01501366563064894 0.3142108 0
4322 0.01507865319612606 0.3142108 0
4323 0.01516926934901857 0.3142108000000001 0
4324 0.01529520349198124 0.3142108 0
4325 0.01546878671764671 0.3142108000000001 0
4326 0.01570481148536891 0.3142108000000001 0
4327 0.01601941561971093 0.3142108000000001 0
4328 0.01642745933802902 0.3142108000000001 0
4329 0.01693806995855902 0.3142107999999999 0
4330 0.01754894117441194 0.3142108 0
4331 0.01824152368075717 0.3142108000000001 0
4332 0.01898041350423479 0.3142108000000001 0
4333 0.01971923379488346 0.3142108 0
4334 0.02041160643854741 0.3142108 0
4335 0.02102212385701356 0.3142108 0
4336 0.02153223120731604 0.3142108 0
4337 0.02193961503867716 0.3142108 0
4338 0.0222533939981796 0.3142108 0
4339 0.022488417963094 0.3142108 0
4340 0.0226608124994903 0.3142107999999999 0
4341 0.02278535561898097 0.3142108 0
4342 0.022874361517402 0.3142107999999999 0
4343 0.002994596132380768 0.3133638571421855 0
4344 0.005600651558618533 0.3133638247085788 0
4345 0.007784838173866947 0.313363797526093 0
4346 0.00955858301259164 0.3133637754525972 0
4347 0.01096261375573829 0.3133637579811371 0
4348 0.012051796518225 0.3133637444287139 0
4349 0.01288373186067387 0.3133637340782728 0
4350 0.0135118173024653 0.3133637262650787 0
4351 0.01398196845926992 0.3133637204175408 0
4352 0.01433176503243824 0.3133637160678464 0
4353 0.01459094212591065 0.3133637128458442 0
4354 0.01478247818055579 0.3133637104655009 0
4355 0.0149238357866758 0.3133637087094508 0
4356 0.0150281288020345 0.3133637074144682 0
4357 0.0150952199224518 0.3133637065823057 0
4358 0.01518757163617624 0.3133637054353094 0
4359 0.0153148544554306 0.3133637038531109 0
4360 0.01548936550207497 0.3133637016826351 0
4361 0.01572584934094932 0.3133636987403322 0
4362 0.01604038750048958 0.3133636948260038 0
4363 0.01644778806318787 0.3133636897553037 0
4364 0.01695715148439056 0.3133636834149469 0
4365 0.01756619673831126 0.3133636758333527 0
4366 0.01825647453052651 0.3133636672402419 0
4367 0.01899275845054709 0.3133636580742189 0
4368 0.0197288991755523 0.3133636489098818 0
4369 0.02041874480056164 0.3133636403218589 0
4370 0.0210270615448436 0.3133636327488413 0
4371 0.0215353887716464 0.3133636264206837 0
4372 0.02194143079542791 0.3133636213659774 0
4373 0.02225427024803946 0.3133636174716477 0
4374 0.0224886939353298 0.3133636145535991 0
4375 0.02266075814883196 0.3133636124119298 0
4376 0.02278517770482185 0.3133636108634403 0
4377 0.02287421493418806 0.3133636097554652 0
4378 0.002991657804908543 0.3124676937795496 0
4379 0.005595461166818904 0.3124675925912275 0
4380 0.007778377070258981 0.3124675077629818 0
4381 0.00955189083217719 0.3124674388488763 0
4382 0.01095663097760736 0.3124673842696364 0
4383 0.01204728399243748 0.3124673418992663 0
4384 0.0128812480463273 0.3124673095062683 0
4385 0.01351173076735179 0.3124672850220491 0
4386 0.01398448738099651 0.3124672666677653 0
4387 0.01433697163053321 0.3124672529873455 0
4388 0.0145988253209639 0.3124672428284561 0
4389 0.0147929614828777 0.3124672353003876 0
4390 0.01493679960959278 0.312467229726022 0
4391 0.01504342751461016 0.3124672255966565 0
4392 0.01511274370577211 0.3124672229164472 0
4393 0.01520693124762834 0.3124672192675153 0
4394 0.01533564067711359 0.3124672142747553 0
4395 0.01551113318935001 0.3124672074615256 0
4396 0.01574810269338308 0.3124671982565705 0
4397 0.01606257117184761 0.3124671860369775 0
4398 0.01646929155688465 0.3124671702291706 0
4399 0.01697733587588567 0.3124671504804734 0
4400 0.01758444982082785 0.3124671268786389 0
4401 0.01827228985507834 0.3124671001370615 0
4402 0.01900581736260315 0.312467071618336 0
4403 0.01973912368166359 0.3124670431077433 0
4404 0.02042629619549985 0.31246701639071 0
4405 0.02103228498784167 0.3124669928302463 0
4406 0.02153872910090798 0.3124669731403872 0
4407 0.02194335166458557 0.3124669574097155 0
4408 0.02225519722810892 0.3124669452865651 0
4409 0.02248898588603941 0.3124669361985678 0
4410 0.02266070065117153 0.3124669295242435 0
4411 0.02278498948874063 0.3124669246940259 0
4412 0.022874059863031 0.312466921233249 0
4413 0.002988552089849999 0.3115199830765244 0
4414 0.005589974872627283 0.3115197726548883 0
4415 0.007771547392558903 0.3115195962041447 0
4416 0.009544816706662696 0.3115194527914348 0
4417 0.01095030661183026 0.3115193391378261 0
4418 0.01204251374961622 0.31151925083301 0
4419 0.01287862234816025 0.3115191832489431 0
4420 0.01351163928833513 0.3115191320956253 0
4421 0.01398715022763557 0.3115190936837264 0
4422 0.01434247574037054 0.3115190649929149 0
4423 0.01460715899048805 0.3115190436323881 0
4424 0.0148040438531467 0.3115190277536017 0
4425 0.0149505042575599 0.3115190159507557 0
4426 0.01505960048254133 0.3115190071671934 0
4427 0.01513126889048486 0.3115190014086645 0
4428 0.01522739717425944 0.3115189936654469 0
4429 0.01535761476081313 0.3115189831584475 0
4430 0.0155341448723694 0.3115189688985382 0
4431 0.01577162787332524 0.3115189497008617 0
4432 0.01608602280042445 0.3115189242737673 0
4433 0.0164920242799683 0.3115188914279343 0
4434 0.01699867427286041 0.3115188504316369 0
4435 0.01760374669037535 0.311518801465355 0
4436 0.01828900976522314 0.3115187460053194 0
4437 0.01901962337964874 0.3115186868723028 0
4438 0.01974993327479353 0.3115186277625347 0
4439 0.02043427980798443 0.3115185723726585 0
4440 0.02103780746276171 0.3115185235246248 0
4441 0.02154226068882711 0.311518482696486 0
4442 0.02194538253205247 0.3115184500710844 0
4443 0.02225617729681601 0.3115184249195777 0
4444 0.02248929455813834 0.3115184060560933 0
4445 0.02266063986017819 0.3115183921930753 0
4446 0.02278479049168684 0.3115183821504949 0
4447 0.02287389590921724 0.3115183749448704 0
4448 0.002985271504301226 0.3105183564737732 0
4449 0.005584179431881496 0.3105179919111691 0
4450 0.007764332627223156 0.310517686112636 0
4451 0.00953734350955859 0.3105174374517959 0
4452 0.01094362533191476 0.3105172402572717 0
4453 0.01203747422091101 0.3105170869077008 0
4454 0.01287584839481059 0.3105169694075295 0
4455 0.01351154264335074 0.3105168803455629 0
4456 0.01398996346499539 0.3105168133478638 0
4457 0.01434829072926701 0.310516763195509 0
4458 0.01461596337612675 0.3105167257564072 0
4459 0.01481575221131215 0.3105166978346683 0
4460 0.01496498302160306 0.3105166769988618 0
4461 0.01507668699353904 0.3105166614204826 0
4462 0.0151508404780731 0.3105166511041864 0
4463 0.01524901913307684 0.3105166374039754 0
4464 0.01538083009025245 0.3105166189717709 0
4465 0.01555845646125492 0.3105165940976346 0
4466 0.01579648204753329 0.3105165607343977 0
4467 0.01611079938720878 0.3105165166510179 0
4468 0.01651604150314854 0.3105164597932551 0
4469 0.0170212185766016 0.3105163888964322 0
4470 0.01762413430537721 0.3105163042695634 0
4471 0.0183066749710053 0.3105162084569233 0
4472 0.01903421013693952 0.3105161063222069 0
4473 0.01976135430582255 0.3105160042394071 0
4474 0.02044271511082113 0.3105159085834291 0
4475 0.0210436424461019 0.3105158242205807 0
4476 0.02154599215707918 0.3105157536991784 0
4477 0.02194752835740719 0.3105156973334938 0
4478 0.02225721284818039 0.3105156538652741 0
4479 0.02248962070576027 0.3105156212479734 0
4480 0.02266057562731054 0.3105155972596908 0
4481 0.0227845802273708 0.3105155798640371 0
4482 0.0228737226720671 0.3105155673636812 0
4483 0.002981808491012681 0.3094604124871836 0
4484 0.005578061467424462 0.3094598441767906 0
4485 0.007756716093409028 0.3094593673215331 0
4486 0.00952945393962126 0.3094589793692725 0
4487 0.0109365716540946 0.3094586714946237 0
4488 0.01203215371823383 0.3094584318491795 0
4489 0.01287291974902552 0.3094582480062393 0
4490 0.0135114406080316 0.3094581084478875 0
4491 0.01399293362605556 0.3094580032675258 0
4492 0.01435443010361449 0.3094579243524082 0
4493 0.01462525893035703 0.309457865277681 0
4494 0.01482811375795684 0.3094578210725072 0
4495 0.01498026954002529 0.309457787953446 0
4496 0.01509472674535203 0.3094577630736824 0
4497 0.01517150393985641 0.3094577464317209 0
4498 0.01527184736038245 0.3094577246047593 0
4499 0.01540534060705779 0.3094576954941465 0
4500 0.01558412445085558 0.3094576564404916 0
4501 0.0158227229811978 0.3094576042617957 0
4502 0.01613695853061703 0.3094575354913227 0
4503 0.01654139907733065 0.3094574469371466 0
4504 0.01704502123427096 0.309457336632838 0
4505 0.01764566011927284 0.3094572050540608 0
4506 0.01832532661272065 0.3094570561450289 0
4507 0.01904961162618105 0.3094568974490885 0
4508 0.01977341340564292 0.3094567388532983 0
4509 0.02045162178426387 0.3094565902464617 0
4510 0.02104980355824874 0.3094564591769247 0
4511 0.02154993221956436 0.3094563495966526 0
4512 0.02194979415335905 0.309456261991411 0
4513 0.02225830630189768 0.3094561944071389 0
4514 0.02248996509113393 0.3094561436667402 0
4515 0.02266050780243169 0.3094561063211054 0
4516 0.02278435820427709 0.3094560792090286 0
4517 0.02287353974659372 0.3094560596954328 0
4518 0.002978155454619589 0.3083437269400203 0
4519 0.005571607533125857 0.3083429003107319 0
4520 0.007748681022689092 0.308342206473934 0
4521 0.009521130603427897 0.3083416416915398 0
4522 0.0109291300111514 0.3083411931507007 0
4523 0.01202654048993442 0.3083408436672937 0
4524 0.01286982993830215 0.3083405752237952 0
4525 0.01351133295677551 0.3083403711212228 0
4526 0.01399606727990666 0.308340216995634 0
4527 0.01436090744469416 0.3083401010820355 0
4528 0.01463506621933117 0.3083400140607651 0
4529 0.01484115584512473 0.308339948718756 0
4530 0.0149963976387077 0.3083398995634274 0
4531 0.01511375965734653 0.3083398624595352 0
4532 0.01519330500121264 0.3083398373914363 0
4533 0.01529593237343081 0.3083398049202238 0
4534 0.01543120055488685 0.3083397619977054 0
4535 0.01561120565281798 0.308339704765236 0
4536 0.01585040876404452 0.3083396286087801 0
4537 0.01616455815344682 0.3083395285030647 0
4538 0.01656815316891765 0.3083393998213043 0
4539 0.01707013499040641 0.3083392397110348 0
4540 0.0176683718557463 0.3083390488548216 0
4541 0.01834500606611085 0.3083388329558181 0
4542 0.01906586203462578 0.3083386029267534 0
4543 0.0197861373591397 0.3083383730729596 0
4544 0.02046101962291457 0.308338157702794 0
4545 0.02105630449906126 0.3083379677376649 0
4546 0.02155408964120582 0.3083378088942079 0
4547 0.0219521849620511 0.3083376818725987 0
4548 0.02225946009190237 0.3083375838419732 0
4549 0.02249032848098081 0.3083375102014763 0
4550 0.02266043623451874 0.3083374559566735 0
4551 0.02278412392798715 0.3083374165299101 0
4552 0.02287334672541655 0.3083373881050858 0
4553 0.003023597205509641 0.3071743111072696 0
4554 0.005657027285440808 0.3071805224339179 0
4555 0.007868481124284898 0.3071857377997651 0
4556 0.009669985294811681 0.307189985497052 0
4557 0.01110224767230285 0.3071933616104098 0
4558 0.01221978379426019 0.3071959948659687 0
4559 0.01307972889110189 0.3071980201909786 0
4560 0.0137350329908659 0.3071995626317011 0
4561 0.01423124713259749 0.3072007297578355 0
4562 0.01460568987506151 0.3072016096920482 0
4563 0.01488793434917132 0.3072022722602114 0
4564 0.01510088075846478 0.307202771525206 0
4565 0.01526197863218434 0.3072031486746671 0
4566 0.01538437636753056 0.3072034347369603 0
4567 0.01546818553873423 0.307203629936539 0
4568 0.01557494366422103 0.3072038796630845 0
4569 0.0157143414364749 0.3072042067860916 0
4570 0.01589862778126622 0.3072046402238604 0
4571 0.01614243628456167 0.3072052145329431 0
4572 0.01646169724704272 0.3072059673367782 0
4573 0.016871077177469 0.3072069332744053 0
4574 0.01737962771897192 0.3072081337177712 0
4575 0.01798521715655374 0.3072095636121212 0
4576 0.01866983198746148 0.3072111803726291 0
4577 0.01939897914111953 0.3072129024717475 0
4578 0.02012743271153586 0.3072146230198387 0
4579 0.02080995481230746 0.307216235100457 0
4580 0.02141201799701111 0.3072176571091377 0
4581 0.02191555537556554 0.3072188463416164 0
4582 0.02231836551372045 0.3072197975871846 0
4583 0.02262941455142142 0.3072205320265544 0
4584 0.0228632663668956 0.3072210840692415 0
4585 0.02303572921158564 0.3072214910657435 0
4586 0.02316129269002907 0.3072217872506277 0
4587 0.02325203734942515 0.3072220011656503 0
4588 0.003073156917554193 0.3059420268741923 0
4589 0.005750185025928419 0.3059558585833832 0
4590 0.007999129631582912 0.3059674767774732 0
4591 0.009832314745957887 0.3059769449449262 0
4592 0.0112910316268598 0.3059844766044736 0
4593 0.01243050997882854 0.3059903574793585 0
4594 0.01330861316520081 0.3059948869565254 0
4595 0.01397896255881565 0.3059983424812009 0
4596 0.01448769087386131 0.3060009627430968 0
4597 0.01487260091957499 0.3060029433183213 0
4598 0.01516365881692159 0.3060044392214064 0
4599 0.01538407879302663 0.3060055705207188 0
4600 0.01555155923763742 0.3060064287372635 0
4601 0.01567944520029037 0.3060070828627346 0
4602 0.0157679010247448 0.306007533648596 0
4603 0.01587916130415649 0.3060081032664633 0
4604 0.01602306062935129 0.3060088425616119 0
4605 0.01621201464528159 0.3060098157525955 0
4606 0.01646084511959608 0.3060110995244928 0
4607 0.01678568093387449 0.3060127773371926 0
4608 0.01720137090601264 0.3060149260277552 0
4609 0.01771708705887601 0.3060175930427124 0
4610 0.01833069750883302 0.3060207672994498 0
4611 0.01902401849590455 0.3060243546002103 0
4612 0.0197622103238662 0.3060281745041926 0
4613 0.02049958491236703 0.3060319904000129 0
4614 0.02119044022260776 0.3060355656077797 0
4615 0.02179989645076722 0.3060387194898592 0
4616 0.02230970739760229 0.3060413575421153 0
4617 0.02271765941890343 0.3060434682808146 0
4618 0.02303282404238511 0.3060450986595284 0
4619 0.02326992929050465 0.3060463249228297 0
4620 0.02344496029845694 0.3060472298255772 0
4621 0.02357256922212058 0.30604788922097 0
4622 0.0236649733568225 0.3060483663547333 0
4623 0.003125222102848732 0.3046441838579093 0
4624 0.005848068485015813 0.3046659734520721 0
4625 0.008136446040551812 0.3046842832365884 0
4626 0.01000299527234163 0.3046992140365903 0
4627 0.01148961723674533 0.3047111014724471 0
4628 0.01265228511431342 0.3047203941065518 0
4629 0.01354961925796799 0.3047275617841981 0
4630 0.01423593879448909 0.3047330398876481 0
4631 0.01475798118704815 0.3047372030159192 0
4632 0.0151540530781229 0.3047403581690741 0
4633 0.01545452991715932 0.3047427487529431 0
4634 0.01568295346953234 0.3047445633804011 0
4635 0.01585728213543035 0.3047459458987647 0
4636 0.01599106683062543 0.3047470048202974 0
4637 0.01608452927686291 0.3047477417473122 0
4638 0.01620062448622059 0.3047486615643411 0
4639 0.01634933765820297 0.3047498442339301 0
4640 0.01654325829012975 0.3047513906254955 0
4641 0.01679740387398129 0.3047534210993266 0
4642 0.01712810952085883 0.3047560665973068 0
4643 0.01755041334458545 0.3047594476663043 0
4644 0.01807361274134403 0.3047636388081532 0
4645 0.01869557694361633 0.3047686228524512 0
4646 0.0193979480632346 0.304774252457547 0
4647 0.02014553058453592 0.3047802452128783 0
4648 0.02089216155189605 0.3047862307312392 0
4649 0.02159166193733432 0.3047918385030911 0
4650 0.0222087899788459 0.304796785765908 0
4651 0.02272511561907375 0.3048009246288775 0
4652 0.02313841333590484 0.3048042372007089 0
4653 0.02345786380142765 0.3048067970953425 0
4654 0.02369836463247229 0.3048087237910198 0
4655 0.02387608364011567 0.3048101469571908 0
4656 0.02400584087367055 0.3048111854524764 0
4657 0.02409999493703398 0.3048119383902103 0
4658 0.003179865974285291 0.3032784149293661 0
4659 0.005950817886507553 0.3033085064713439 0
4660 0.008280633508639789 0.3033338028968241 0
4661 0.01018228997379229 0.303354444627316 0
4662 0.01169832491891745 0.303370894074481 0
4663 0.01288548426985839 0.3033837684507273 0
4664 0.01380317402020372 0.3033937140070436 0
4665 0.01450643723851932 0.3034013295499093 0
4666 0.01504263904994549 0.3034071303367252 0
4667 0.01545060943915721 0.3034115387358824 0
4668 0.01576114953441432 0.303414889734659 0
4669 0.01599814223743821 0.3034174430284352 0
4670 0.01617981724571018 0.3034193967915447 0
4671 0.01631994072824302 0.3034209006280526 0
4672 0.0164187967838523 0.3034219573605006 0
4673 0.01654008329999225 0.3034232603844889 0
4674 0.01669394291655065 0.303424919930825 0
4675 0.016893146153719 0.3034270748688863 0
4676 0.01715291373063881 0.3034298907692322 0
4677 0.01748979454450405 0.3034335476829992 0
4678 0.01791902290177614 0.3034382113612629 0
4679 0.01845002656746162 0.3034439843379872 0
4680 0.01908067738336146 0.3034508433206551 0
4681 0.01979243997436613 0.3034585863613569 0
4682 0.02054975464235947 0.3034668261367359 0
4683 0.02130597189163897 0.3034750545719784 0
4684 0.02201442389538628 0.3034827634026859 0
4685 0.02263949813535682 0.3034895647592852 0
4686 0.0231625766096808 0.30349525583957 0
4687 0.02358142238506277 0.3034998122265997 0
4688 0.02390532893686709 0.303503335066396 0
4689 0.02414936870986704 0.3035059884372962 0
4690 0.02432989773679274 0.3035079503974006 0
4691 0.02446190907923038 0.3035093841647218 0
4692 0.02455790703298315 0.3035104258575482 0
4693 0.003237157352578472 0.3018424049941777 0
4694 0.006058565459180903 0.3018811482932084 0
4695 0.008431884632823627 0.3019137320838985 0
4696 0.01037044990047871 0.3019403387675643 0
4697 0.01191746252649361 0.3019615622394617 0
4698 0.01313047023854252 0.3019781941100892 0
4699 0.01406969292327316 0.3019910628973045 0
4700 0.01479092337629628 0.3020009362354578 0
4701 0.01534217698283319 0.3020084747214167 0
4702 0.01576282638268291 0.3020142199879782 0
4703 0.01608411465315825 0.3020186017646916 0
4704 0.01633027944775697 0.3020219533541559 0
4705 0.01651983313973611 0.3020245292576046 0
4706 0.01666676668218867 0.3020265217503866 0
4707 0.01677143196741819 0.3020279352941782 0
4708 0.01689829107244202 0.3020296574165042 0
4709 0.01705765100863264 0.3020318297726355 0
4710 0.01726247049105441 0.3020346305728657 0
4711 0.01752818088036008 0.3020382721126679 0
4712 0.01787155226798554 0.3020429851513152 0
4713 0.01830802190735452 0.302048982111763 0
4714 0.01884715290135997 0.3020563945278644 0
4715 0.01948682142377461 0.3020651929796337 0
4716 0.02020831185786449 0.302075119534751 0
4717 0.0209756929565295 0.3020856791558778 0
4718 0.02174181826904027 0.3020962223477552 0
4719 0.02245952060052105 0.3021060993434878 0
4720 0.02309280884539878 0.3021148143220014 0
4721 0.02362287352245383 0.3021221081222345 0
4722 0.02404746690502336 0.3021279497026187 0
4723 0.02437599879813529 0.3021324685910299 0
4724 0.02462372143081424 0.3021358747895532 0
4725 0.02480718429015245 0.3021383961712104 0
4726 0.02494155828461236 0.3021402416239332 0
4727 0.0250394975579062 0.3021415853732515 0
4728 0.003234105874174152 0.3003228042341338 0
4729 0.00605341841367321 0.3003608724130983 0
4730 0.008426119059161009 0.3003929031891376 0
4731 0.01036566169965281 0.3004190774472156 0
4732 0.01191509794285352 0.3004399772155388 0
4733 0.01313168751512741 0.3004563771438737 0
4734 0.01407532182634022 0.3004690876493841 0
4735 0.01480148467956444 0.3004788595358081 0
4736 0.01535793098687754 0.3004863389864367 0
4737 0.01578382998828611 0.300492055947469 0
4738 0.01611027559353424 0.300496431034026 0
4739 0.01636140257111385 0.3004997906449091 0
4740 0.01655565735687962 0.3005023841728071 0
4741 0.01670699309707204 0.3005044001886539 0
4742 0.01681582776443093 0.3005058439328956 0
4743 0.01694615639024342 0.3005075820558225 0
4744 0.01710825681348532 0.3005097534664977 0
4745 0.01731503115292313 0.3005125326633906 0
4746 0.01758182885131391 0.3005161273330008 0
4747 0.01792532264676906 0.3005207631174532 0
4748 0.01836085945741161 0.3005266477199148 0
4749 0.01889795679884838 0.300533909885389 0
4750 0.01953453806693864 0.3005425212958994 0
4751 0.02025206815152415 0.3005522306647382 0
4752 0.02101493482900887 0.3005625553550571 0
4753 0.02177640006886608 0.3005728620101505 0
4754 0.02248970290637024 0.300582516977882 0
4755 0.02311916485952218 0.3005910367679908 0
4756 0.02364614670377702 0.3005981687530533 0
4757 0.02406843409397805 0.3006038828417687 0
4758 0.02439537381007965 0.3006083055814483 0
4759 0.02464210646437964 0.3006116420200239 0
4760 0.0248250586860869 0.3006141146322808 0
4761 0.02495928930756851 0.3006159273647231 0
4762 0.02505736061255009 0.3006172503423273 0
4763 0.003230359340000192 0.2987279607679287 0
4764 0.006046997762163673 0.2987651765248642 0
4765 0.008418649893320956 0.2987965052643692 0
4766 0.0103588927324362 0.2988221255383004 0
4767 0.01191061383842775 0.298842604784144 0
4768 0.01313076100526575 0.2988586970487451 0
4769 0.01407887061141794 0.2988711908322575 0
4770 0.01481009255227402 0.2988808165705304 0
4771 0.01537190006021336 0.2988882029892374 0
4772 0.01580324208196816 0.2988938658528358 0
4773 0.01613505056455835 0.2988982146834164 0
4774 0.01639134811104065 0.2989015674425156 0
4775 0.01659050876984187 0.2989041672445281 0
4776 0.01674644361328124 0.2989061980733463 0
4777 0.01685963994050223 0.2989076659335122 0
4778 0.01699359146960399 0.2989094124991161 0
4779 0.01715854368408005 0.298911573282973 0
4780 0.01736733709905235 0.2989143182521048 0
4781 0.01763523253940663 0.2989178495062564 0
4782 0.01797879767727689 0.2989223865066777 0
4783 0.01841328193710145 0.298928131257195 0
4784 0.01894815329274515 0.2989352091078243 0
4785 0.01958138500358692 0.2989435929802156 0
4786 0.02029463458112697 0.2989530394273795 0
4787 0.02105263082157992 0.2989630805038082 0
4788 0.02180907255639855 0.2989731019972146 0
4789 0.02251763346703426 0.2989824893781515 0
4790 0.02314296958137985 0.2989907737835703 0
4791 0.02366662377905909 0.29899771032141 0
4792 0.02408641724639089 0.2990032699967364 0
4793 0.02441162903606642 0.2990075757790617 0
4794 0.02465727997783031 0.2990108267921623 0
4795 0.02483966487042982 0.2990132390595772 0
4796 0.02497372226144738 0.2990150106210124 0
4797 0.02507191580430468 0.2990163066957951 0
4798 0.00322643025424421 0.2970559249245487 0
4799 0.006040263834381637 0.2970921839895739 0
4800 0.008410815812464195 0.297122722939399 0
4801 0.01035179255977516 0.2971477174985932 0
4802 0.01190590974250991 0.2971677189234375 0
4803 0.01312978806129003 0.2971834585404043 0
4804 0.01408259152799029 0.2971957007169054 0
4805 0.01481911978971353 0.2972051534677734 0
4806 0.01538655059696823 0.2972124262937478 0
4807 0.01582360180111266 0.2972180193279191 0
4808 0.01616103544139437 0.2972223298486119 0
4809 0.01642275645200645 0.2972256664869654 0
4810 0.01662706294176884 0.2972282653965161 0
4811 0.0167878218440661 0.2972303054578784 0
4812 0.0169055931666379 0.2972317934243708 0
4813 0.0170433448207083 0.2972335436258433 0
4814 0.01721128836074467 0.2972356877987748 0
4815 0.01742219969418265 0.2972383909015003 0
4816 0.01769124670073817 0.2972418488791477 0
4817 0.01803488684893866 0.2972462743951647 0
4818 0.01846826729078788 0.2972518631860263 0
4819 0.01900080400795108 0.2972587368542869 0
4820 0.01963052251671225 0.297266869637639 0
4821 0.02033928231683173 0.2972760266142659 0
4822 0.02109216985992375 0.2972857558476332 0
4823 0.02184334219514451 0.2972954639996794 0
4824 0.02254692893811046 0.2973045573947875 0
4825 0.0231679370451123 0.2973125831184156 0
4826 0.02368810046851316 0.2973193047045514 0
4827 0.02410527771040098 0.2973246943372038 0
4828 0.0244286768076733 0.2973288710624893 0
4829 0.02467319295387179 0.2973320275197555 0
4830 0.02485498266265681 0.2973343726732782 0
4831 0.02498885830192473 0.2973360980985125 0
4832 0.02508718005842435 0.2973373636440748 0
4833 0.003222313950942111 0.295304800317235 0
4834 0.006033208591017322 0.2953399920804589 0
4835 0.008402607407401411 0.2953696479739371 0
4836 0.01034435258136452 0.2953939403504252 0
4837 0.01190097985274846 0.2954134026159433 0
4838 0.01312876728562572 0.2954287411684973 0
4839 0.0140864887479583 0.295440693936473 0
4840 0.01482857687873149 0.2954499443774046 0
4841 0.01540189978900431 0.2954570809273603 0
4842 0.01584493315379507 0.2954625865774491 0
4843 0.01618826095400894 0.2954668451611626 0
4844 0.01645566480891538 0.295470155045039 0
4845 0.01666536324327699 0.2954727447058266 0
4846 0.01683117693269075 0.2954747873775091 0
4847 0.0169537420617154 0.295476290535606 0
4848 0.01709547561282724 0.2954780387189403 0
4849 0.01726655359749212 0.2954801594877912 0
4850 0.01747968423430168 0.2954828122928496 0
4851 0.0177499380193365 0.2954861863331961 0
4852 0.01809365694764245 0.2954904868332525 0
4853 0.01852588099647087 0.2954959026718847 0
4854 0.01905597164027387 0.2955025513363023 0
4855 0.01968200910468706 0.2955104084542434 0
4856 0.02038606448219748 0.2955192483303178 0
4857 0.02113359894068545 0.2955286363892456 0
4858 0.0218792496510044 0.2955380019440484 0
4859 0.02257762399953499 0.2955467739515112 0
4860 0.0231940967143771 0.2955545168026533 0
4861 0.02371060202286692 0.2955610031657876 0
4862 0.02412503757540328 0.2955662064864765 0
4863 0.02444653702129651 0.2955702415295276 0
4864 0.02468986391407341 0.2955732938711298 0
4865 0.02487102986147096 0.2955755647885345 0
4866 0.02500471500470954 0.295577238817305 0
4867 0.02510317110257397 0.2955784699548636 0
4868 0.003218006145956664 0.2934728617588188 0
4869 0.006025824645899932 0.2935068693715481 0
4870 0.008394016025709342 0.2935355434846111 0
4871 0.01033656487695211 0.2935590524811735 0
4872 0.01189581880687423 0.2935779101738403 0
4873 0.01312769734993139 0.2935927957417005 0
4874 0.01409056604752512 0.2936044182866591 0
4875 0.01483847338601796 0.2936134344983476 0
4876 0.01541796335312565 0.2936204098434745 0
4877 0.01586725811039048 0.2936258086054263 0
4878 0.0162167552409206 0.2936299999258092 0
4879 0.01649010727184763 0.2936332709343252 0
4880 0.01670544941452155 0.2936358416836375 0
4881 0.01687655391830192 0.293637879191836 0
4882 0.01700413669162579 0.2936393916171331 0
4883 0.01715003808953555 0.2936411311947829 0
4884 0.0173243969292886 0.2936432208901398 0
4885 0.01753985058857664 0.2936458141272346 0
4886 0.01781136763921849 0.2936490927464497 0
4887 0.01815516921137299 0.2936532538704265 0
4888 0.01858618309162559 0.293658478910486 0
4889 0.01911371367274497 0.2936648808565345 0
4890 0.01973589839617845 0.2936724367967304 0
4891 0.02043502976981221 0.2936809309742628 0
4892 0.02117696112904322 0.2936899475533103 0
4893 0.02191683217389885 0.2936989403106767 0
4894 0.02260975040209051 0.2937073626503794 0
4895 0.02322147554741275 0.293714797653207 0
4896 0.02373415152926515 0.2937210278429811 0
4897 0.02414571702341085 0.2937260280085489 0
4898 0.02446522784341955 0.2937299082649371 0
4899 0.02470730976111199 0.293732846531093 0
4900 0.02488782270479626 0.2937350357531508 0
4901 0.02502130840230479 0.2937366528360787 0
4902 0.02511990510838963 0.2937378454327583 0
4903 0.003225322806714666 0.2915622242590827 0
4904 0.006040256023770027 0.2915981022290604 0
4905 0.008415905864543324 0.2916283712389667 0
4906 0.01036644655854393 0.2916532108227597 0
4907 0.01193417837503532 0.2916731611555117 0
4908 0.01317484958599839 0.291688934932872 0
4909 0.0141466143953308 0.2917012758518374 0
4910 0.01490332086568903 0.2917108725825494 0
4911 0.01549134814302867 0.2917183182245368 0
4912 0.01594879655343181 0.2917240999148956 0
4913 0.01630598275212262 0.2917286051609131 0
4914 0.01658651290303652 0.2917321355807584 0
4915 0.01680850293442363 0.2917349225298347 0
4916 0.01698572584240492 0.2917371417932608 0
4917 0.01711898336035905 0.2917388030079299 0
4918 0.01726974382082756 0.2917406932985601 0
4919 0.01744814457800403 0.2917429420604683 0
4920 0.01766679577843479 0.2917457104292844 0
4921 0.01794061511852666 0.2917491891575427 0
4922 0.01828575798392432 0.2917535848993379 0
4923 0.01871709104213559 0.2917590878302556 0
4924 0.01924389465241465 0.2917658165708013 0
4925 0.01986436038532227 0.2917737476705883 0
4926 0.02056094732029757 0.2917826560989177 0
4927 0.02129979174213389 0.2917921076795494 0
4928 0.02203639031924033 0.291801531918032 0
4929 0.02272620349157803 0.2918103578781924 0
4930 0.02333526267180128 0.2918181501053663 0
4931 0.02384586160438813 0.2918246815540204 0
4932 0.02425597234057519 0.2918299260995678 0
4933 0.0245746023545021 0.2918339990391583 0
4934 0.02481628800076497 0.2918370865263457 0
4935 0.02499679031069939 0.2918393904137978 0
4936 0.02513056121231689 0.2918410957832726 0
4937 0.0252296662003319 0.2918423571392016 0
4938 0.003360282462915994 0.2896073693506848 0
4939 0.006293765017587868 0.2896793987547935 0
4940 0.008771013770628187 0.289740204924115 0
4941 0.01080697688572342 0.2897901525672441 0
4942 0.01244557807843034 0.2898303223329995 0
4943 0.01374458130235085 0.2898621370216326 0
4944 0.01476420491134019 0.2898870803964904 0
4945 0.01556020140882966 0.289906526270982 0
4946 0.01618059771940577 0.289921657987246 0
4947 0.01666486204165287 0.2899334478155613 0
4948 0.01704441656829035 0.2899426695885151 0
4949 0.01734374621988065 0.2899499260541908 0
4950 0.01758165890474245 0.2899556799729626 0
4951 0.01777247037307293 0.2899602833543797 0
4952 0.01791710611482454 0.2899637577194366 0
4953 0.01807905430034658 0.2899676695766216 0
4954 0.01826885007940139 0.2899722779990815 0
4955 0.01849957097579543 0.2899779049477955 0
4956 0.01878666734122276 0.2899849310727359 0
4957 0.01914685968196445 0.2899937684734185 0
4958 0.0195955335930224 0.2900047963620368 0
4959 0.02014230777300612 0.2900182516160363 0
4960 0.02078535919087007 0.290034088643293 0
4961 0.02150663390399867 0.2900518611193785 0
4962 0.02227123854933231 0.2900707069599675 0
4963 0.02303330242253129 0.2900894930704342 0
4964 0.0237469144381716 0.2901070854054486 0
4965 0.02437706411101562 0.290122619123771 0
4966 0.02490551224199649 0.2901356435416691 0
4967 0.02533018895069244 0.2901461072603944 0
4968 0.02566040519347038 0.2901542399204297 0
4969 0.02591117339978904 0.2901604119600183 0
4970 0.02609876819281497 0.2901650249958313 0
4971 0.02623811316335775 0.2901684472938481 0
4972 0.02634166986945614 0.2901709863338575 0
4973 0.003500372029264028 0.2875694810304654 0
4974 0.006556979572290365 0.2876789830171841 0
4975 0.009139889966751275 0.2877714825368033 0
4976 0.01126487167954444 0.2878475408417681 0
4977 0.01297752029780887 0.2879087947103975 0
4978 0.01433766298303255 0.2879573943800122 0
4979 0.0154076267160638 0.2879955807335806 0
4980 0.0162451086850239 0.2880254283344108 0
4981 0.01689981920661522 0.2880487244078306 0
4982 0.01741262544942734 0.2880669379412188 0
4983 0.01781608211156779 0.2880812387650302 0
4984 0.01813557620129021 0.2880925387657324 0
4985 0.01839062780325627 0.2881015387228463 0
4986 0.01859611294597477 0.2881087723422245 0
4987 0.01875309387738568 0.288114275798993 0
4988 0.01892710452093409 0.2881204087016939 0
4989 0.01912909051603206 0.2881275637842863 0
4990 0.01937260898056411 0.2881362280572884 0
4991 0.01967365473554863 0.2881469765265275 0
4992 0.02004952466892092 0.2881604312530662 0
4993 0.02051613350793111 0.2881771646115986 0
4994 0.02108344651074198 0.2881975346945857 0
4995 0.02174963106265981 0.288221474555622 0
4996 0.02249612099513016 0.2882483143467193 0
4997 0.02328698980109061 0.2882767587289788 0
4998 0.0240749930121073 0.2883051046044741 0
4999 0.02481284127250367 0.2883316473300035 0
5000 0.02546447763096462 0.2883550870768966 0
5001 0.02601112892156354 0.2883747468747933 0
5002 0.02645068574753761 0.2883905502570508 0
5003 0.02679276734461304 0.2884028434175832 0
5004 0.02705286813804875 0.288412184280771 0
5005 0.02724778241116118 0.2884191776291098 0
5006 0.02739291107032151 0.2884243780513021 0
5007 0.02750111675070325 0.2884282486834641 0
5008 0.003553464416257274 0.2854198600732257 0
5009 0.006657386848544276 0.2855437480761248 0
5010 0.009282110956503225 0.2856484711162647 0
5011 0.01144381303200859 0.2857346705586322 0
5012 0.01318858529076045 0.2858041900848235 0
5013 0.01457678616705557 0.2858594470672843 0
5014 0.01567126290217596 0.2859029594970292 0
5015 0.01653019248238168 0.2859370584074881 0
5016 0.0172037104656179 0.2859637524311306 0
5017 0.01773305159664722 0.2859846932351202 0
5018 0.01815108378325887 0.2860011969181382 0
5019 0.01848345913643601 0.2860142901919832 0
5020 0.01874992181132359 0.2860247628638523 0
5021 0.0189655376255248 0.2860332171807874 0
5022 0.01913148928058217 0.2860396981163814 0
5023 0.01931367728063225 0.2860468500740477 0
5024 0.01952318346291622 0.2860551160909077 0
5025 0.0197737022461547 0.2860650443367033 0
5026 0.0200813674835447 0.2860772811363683 0
5027 0.02046361365454853 0.2860925252117554 0
5028 0.02093648226087189 0.2861114194819642 0
5029 0.02151003732358527 0.286134366924786 0
5030 0.02218249383158439 0.2861612947529225 0
5031 0.02293526120517168 0.2861914553454104 0
5032 0.02373231174549049 0.2862234008831249 0
5033 0.02452624526983399 0.2862552269133009 0
5034 0.02526960767186512 0.2862850269114198 0
5035 0.02592621650233844 0.2863113471143212 0
5036 0.02647724079191872 0.2863334306715757 0
5037 0.02692058155224195 0.2863511927470142 0
5038 0.02726591774208868 0.2863650215477135 0
5039 0.02752882871827039 0.2863755422698273 0
5040 0.02772619944706203 0.2863834325643562 0
5041 0.02787351557998991 0.2863893139021724 0
5042 0.0279837135130495 0.2863937053880241 0
5043 0.003544630556012317 0.2831656988560491 0
5044 0.006641770129666168 0.2832875203621719 0
5045 0.009262658348801472 0.2833905688413856 0
5046 0.01142365429207583 0.2834754832521924 0
5047 0.01317055627841529 0.2835440691732817 0
5048 0.01456318367502667 0.2835986881678665 0
5049 0.01566377409981912 0.2836417982640581 0
5050 0.01652993153529137 0.2836756746561473 0
5051 0.01721130708946204 0.2837022782150196 0
5052 0.01774875487233323 0.2837232220090896 0
5053 0.01817486079896946 0.2837397921917304 0
5054 0.018515079285549 0.2837529929626388 0
5055 0.01878902425590151 0.2837635976431526 0
5056 0.01901168285339334 0.2837721966948839 0
5057 0.01918434557906566 0.2837788385393622 0
5058 0.01937207120627643 0.2837860969358022 0
5059 0.01958588169287859 0.2837944061750409 0
5060 0.01983936346951929 0.2838043023144189 0
5061 0.02014849792001303 0.2838164164403308 0
5062 0.02053054006347201 0.2838314302437868 0
5063 0.0210013648379797 0.2838499709187023 0
5064 0.02157094974815044 0.2838724322676419 0
5065 0.02223758898286506 0.2838987455817097 0
5066 0.02298300919786277 0.2839281862307496 0
5067 0.02377174760850478 0.2839593490359116 0
5068 0.02455712933441407 0.2839903849554823 0
5069 0.02529242266799148 0.2840194427950768 0
5070 0.0259420013029538 0.284045111183103 0
5071 0.02648733670508146 0.2840666558294087 0
5072 0.02692638803129542 0.2840839953490837 0
5073 0.02726872014278815 0.2840975079386821 0
5074 0.02752971139635399 0.2841078020165057 0
5075 0.02772602560031032 0.2841155369228026 0
5076 0.02787294647870486 0.2841213173699111 0
5077 0.02798324461873156 0.2841256485732913 0
5078 0.003535469812581904 0.2808255780090485 0
5079 0.006625574944462678 0.28094517746942 0
5080 0.009242484564210353 0.2810464202800191 0
5081 0.01140274766720282 0.2811299422459823 0
5082 0.01315185801451322 0.2811975084970514 0
5083 0.01454907602221275 0.2812514216715745 0
5084 0.01565600708647965 0.2812940765756331 0
5085 0.01652966089134683 0.2813276895434422 0
5086 0.0172191860639456 0.2813541710821337 0
5087 0.01776504189886582 0.2813750935249149 0
5088 0.01819952180593682 0.2813917113817658 0
5089 0.01854787513304357 0.2814050050202403 0
5090 0.01882958071324105 0.2814157302649948 0
5091 0.01905954407824701 0.2814244650258322 0
5092 0.01923916752257752 0.2814312611385205 0
5093 0.01943263682173503 0.2814386182512071 0
5094 0.01965091183371321 0.2814469613448034 0
5095 0.01990746699265627 0.2814568136596658 0
5096 0.02021812554876724 0.2814687902074715 0
5097 0.02059995638631049 0.2814835547410638 0
5098 0.02106866167135791 0.2815017178935008 0
5099 0.02163412914016391 0.2815236637711497 0
5100 0.0222947350707446 0.2815493278487317 0
5101 0.02303253508468979 0.2815780094816809 0
5102 0.02381265226589113 0.2816083480502686 0
5103 0.02458916399452422 0.2816385524462208 0
5104 0.02531608786133598 0.2816668293314879 0
5105 0.0259583744544143 0.2816918116550489 0
5106 0.02649780899687949 0.2817127886954892 0
5107 0.02693241101041766 0.2817296826391519 0
5108 0.02727162704592636 0.2817428611660662 0
5109 0.02753062699271545 0.2817529150965769 0
5110 0.02772584526975252 0.2817604845700112 0
5111 0.02787235615112855 0.2817661567237379 0
5112 0.02798275823500884 0.2817704222024626 0
5113 0.003525984435260554 0.2783997862690983 0
5114 0.006608805241349673 0.2785170051147431 0
5115 0.00922159449040845 0.278616308161846 0
5116 0.01138109819487271 0.2786983272497562 0
5117 0.01313249498290404 0.27876478471248 0
5118 0.01453446657757056 0.2788179211820944 0
5119 0.01564796371023996 0.2788600650301964 0
5120 0.01652938061474215 0.278893370755157 0
5121 0.01722734552539455 0.2789196959349595 0
5122 0.01778190883303482 0.278940570057306 0
5123 0.01822506099728478 0.2789572143066503 0
5124 0.01858183897095978 0.2789705839056844 0
5125 0.01887158166713708 0.2789814161721841 0
5126 0.01910911008629348 0.2789902756935098 0
5127 0.01929594228300273 0.2789972176596282 0
5128 0.01949535997170344 0.2790046642356365 0
5129 0.01971825870345495 0.2790130305261727 0
5130 0.01997799693270293 0.2790228262544505 0
5131 0.02029023414789192 0.2790346495322323 0
5132 0.02067184646651797 0.2790491452821035 0
5133 0.02113835711355855 0.2790669067549503 0
5134 0.02169956082473405 0.2790883078449067 0
5135 0.02235391883585591 0.2791132883001478 0
5136 0.02308382738687261 0.2791411724115835 0
5137 0.02385501624733135 0.279170645961748 0
5138 0.02462234184121415 0.2791999782026207 0
5139 0.02534059778396362 0.2792274360838031 0
5140 0.02597533217694527 0.2792516987302441 0
5141 0.02650865525160312 0.2792720799564168 0
5142 0.02693864910115264 0.2792885056296888 0
5143 0.02727463778175361 0.279301332419306 0
5144 0.02753157529649992 0.2793111327504437 0
5145 0.0277256584969008 0.2793185266969206 0
5146 0.02787174473310728 0.2793240830279637 0
5147 0.02798225447377313 0.279328277154836 0
5148 0.00351617827705213 0.2758890140613556 0
5149 0.006591467807516423 0.2760036915974335 0
5150 0.009199996554837168 0.2761009185123534 0
5151 0.01135871458374524 0.2761813218012177 0
5152 0.01311247495262683 0.2762465786722512 0
5153 0.01451936118959315 0.2762988647306185 0
5154 0.01563964718458896 0.27634043877643 0
5155 0.01652909081725422 0.2763733905684931 0
5156 0.01723578222488221 0.2763995222499859 0
5157 0.01779934896821446 0.2764203183974605 0
5158 0.01825146823082603 0.276436965217916 0
5159 0.01861695732652716 0.276450391494408 0
5160 0.01891501047322745 0.276461315035928 0
5161 0.01916036125270074 0.2764702863378898 0
5162 0.01935464739914146 0.2764773638559259 0
5163 0.01956021585948149 0.2764848890297726 0
5164 0.01978789569484311 0.2764932665227368 0
5165 0.02005092544146389 0.2765029918508614 0
5166 0.02036479526155139 0.276514645419082 0
5167 0.02074618194907034 0.2765288524510935 0
5168 0.02121042368850943 0.2765461880162712 0
5169 0.02176721901864141 0.2765670152898005 0
5170 0.02241511696734665 0.2765912783655847 0
5171 0.02313686591044364 0.2766183273634197 0
5172 0.02389882288079023 0.2766468962141664 0
5173 0.0246566498226051 0.2766753168335517 0
5174 0.02536594279730424 0.2767019187675321 0
5175 0.0259928678040386 0.2767254290775234 0
5176 0.02651987120654414 0.2767451870283227 0
5177 0.02694509985248369 0.2767611222660141 0
5178 0.02727775116758733 0.2767735799714173 0
5179 0.02753255593526928 0.2767831134084887 0
5180 0.02772546535509492 0.2767903217555837 0
5181 0.02787111246468406 0.2767957546521601 0
5182 0.02798173353276925 0.2767998716389893 0
5183 0.003506056878131695 0.2732943775087501 0
5184 0.006573572417070246 0.273406351909617 0
5185 0.009177702909870536 0.273501364851129 0
5186 0.01133560940609998 0.2735800375399356 0
5187 0.01309180915042821 0.2736439997639086 0
5188 0.01450376831672092 0.273695359169367 0
5189 0.015631062160331 0.2737363019535908 0
5190 0.01652879166075147 0.2737688503323302 0
5191 0.0172444914551184 0.2737947485921441 0
5192 0.017817352583107 0.2738154343968943 0
5193 0.018278728799881 0.2738320573694523 0
5194 0.01865321065721196 0.2738455185876735 0
5195 0.01895984298169964 0.2738565153663627 0
5196 0.01921326909617041 0.2738655833464296 0
5197 0.0194152502663339 0.2738727841301749 0
5198 0.01962716848294044 0.273880375355355 0
5199 0.01985978416950254 0.2738887506844854 0
5200 0.0201262120707223 0.2738983907525976 0
5201 0.02044176755082075 0.2739098574768442 0
5202 0.02082292163294637 0.2739237555454695 0
5203 0.02128482146340051 0.2739406410769367 0
5204 0.02183706624025365 0.2739608660347185 0
5205 0.02247829556872864 0.2739843789110196 0
5206 0.02319162128292721 0.2740105564796292 0
5207 0.02394404790950385 0.2740381824468212 0
5208 0.02469206894366576 0.2740656535437686 0
5209 0.02539210887018157 0.2740913640704094 0
5210 0.02601097162876547 0.2741140906683757 0
5211 0.02653145065363621 0.274133198902836 0
5212 0.02695175969423493 0.2741486222823426 0
5213 0.0272809654804848 0.27416069404333 0
5214 0.02753356836639214 0.2741699475622114 0
5215 0.02772526595119842 0.2741769603359097 0
5216 0.02787045969565241 0.2741822621526008 0
5217 0.02798119570017151 0.2741862960782482 0
5218 0.00349562753596948 0.2706174394396991 0
5219 0.006555131955577135 0.2707265488382787 0
5220 0.009154729588562607 0.2708192093773282 0
5221 0.01131179925977892 0.270896035466291 0
5222 0.01307051240600244 0.270958607233327 0
5223 0.01448769913717777 0.2710089615516768 0
5224 0.01562221478617286 0.2710492091212976 0
5225 0.01652848335930849 0.2710813019406994 0
5226 0.01725346698880824 0.2711069241267524 0
5227 0.01783590681417759 0.2711274645133372 0
5228 0.01830682323994103 0.2711440345934262 0
5229 0.01869057309339644 0.2711575065150988 0
5230 0.01900604721885778 0.2711685561387093 0
5231 0.01926779590292488 0.2711777035012396 0
5232 0.01947770770554141 0.2711850132004783 0
5233 0.01969617015822312 0.2711926561979513 0
5234 0.01993387294628589 0.2712010146061025 0
5235 0.02020380323613493 0.2712105535276189 0
5236 0.02052109624529565 0.2712218156448085 0
5237 0.02090201092408781 0.2712353843148499 0
5238 0.02136149751800667 0.2712517959740293 0
5239 0.02190905281095795 0.2712713909001095 0
5240 0.02254340970656043 0.2712941220144152 0
5241 0.02324805456186619 0.2713193934896793 0
5242 0.02399065916836359 0.2713460402936313 0
5243 0.02472857401254856 0.2713725259440726 0
5244 0.02541907739126881 0.2713973114727585 0
5245 0.02602963077392655 0.2714192246065081 0
5246 0.02654338535635151 0.2714376579847717 0
5247 0.02695862388925137 0.2714525490465627 0
5248 0.02728427843415414 0.2714642186548414 0
5249 0.02753461186976908 0.2714731796205841 0
5250 0.02772506042703179 0.2714799870268185 0
5251 0.02786978689024876 0.2714851501377537 0
5252 0.02798064135845056 0.2714890949801906 0
5253 0.003484899359662512 0.2678602267471912 0
5254 0.006536162516642892 0.2679663104092107 0
5255 0.009131096625530079 0.2680564804902903 0
5256 0.01128730489397484 0.26813134353156 0
5257 0.0130486032648875 0.2681924278378228 0
5258 0.01447116763440472 0.2682416968422916 0
5259 0.01561311275587954 0.268281183021654 0
5260 0.01652816618085275 0.2683127656418299 0
5261 0.01726270103062245 0.2683380664709842 0
5262 0.0178549955562095 0.2683584237004996 0
5263 0.01833572717788336 0.2683749092245837 0
5264 0.01872901223761061 0.2683883650900672 0
5265 0.01905358313858138 0.2683994447766831 0
5266 0.01932389443312616 0.2684086519876822 0
5267 0.01954196562679396 0.2684160541315737 0
5268 0.01976716114764935 0.2684237328584638 0
5269 0.02001009790146439 0.2684320581964184 0
5270 0.02028363179823805 0.2684414790934501 0
5271 0.02060271271442725 0.2684525182919416 0
5272 0.02098338140773559 0.2684657370723177 0
5273 0.02144038552977796 0.2684816515038634 0
5274 0.02198311646533425 0.268500589728321 0
5275 0.02261040305755641 0.2685225091032961 0
5276 0.02330611692872494 0.2685468418535976 0
5277 0.02403861633088314 0.2685724755316091 0
5278 0.02476613344225835 0.2685979422040038 0
5279 0.02544682502245893 0.26862177140397 0
5280 0.0260488290905326 0.2686428432879137 0
5281 0.02655566498472948 0.2686605782557528 0
5282 0.02696568649601277 0.2686749177274568 0
5283 0.02728768716090289 0.2686861697955018 0
5284 0.02753568554214501 0.2686948260846764 0
5285 0.02772484896049299 0.2687014185946584 0
5286 0.02786909463082165 0.2687064354505398 0
5287 0.0279800709873972 0.2687102851227935 0
5288 0.0034738833061221 0.2650252434644282 0
5289 0.006516683466360257 0.2651281430351752 0
5290 0.009106828137752763 0.2652156860051633 0
5291 0.01126215129344365 0.2652884699170253 0
5292 0.01302610406415773 0.2653479691852269 0
5293 0.01445419065441895 0.2653960713129642 0
5294 0.01560376533997454 0.2654347280278843 0
5295 0.01652784044827294 0.2654657435362435 0
5296 0.01727218418483609 0.2654906752378037 0
5297 0.01787459939523319 0.2655108089942571 0
5298 0.01836541123018058 0.2655271757251823 0
5299 0.01876848902888665 0.2655405862700493 0
5300 0.01910240245427584 0.2655516708450316 0
5301 0.01938150772223708 0.2655609161161538 0
5302 0.01960795880133485 0.2655683920832753 0
5303 0.01984006940766046 0.2655760887249417 0
5304 0.02008838169777144 0.2655843634704487 0
5305 0.02036561677837593 0.2655936485263783 0
5306 0.02068653417679908 0.2656044460401674 0
5307 0.02106695055831249 0.2656172945286698 0
5308 0.02152140549232378 0.2656326890640381 0
5309 0.02205918208662994 0.2656509452303204 0
5310 0.02267920766911629 0.2656720248031954 0
5311 0.02336574948117696 0.2656953886096609 0
5312 0.024087870737505 0.2657199779260218 0
5313 0.02480470911608702 0.265744394893599 0
5314 0.02547532359938593 0.2657672390808692 0
5315 0.02606854708893457 0.2657874442365526 0
5316 0.02656827707130281 0.2658044591083116 0
5317 0.0269729403432725 0.2658182291284568 0
5318 0.02729118819939247 0.265829049259188 0
5319 0.02753678829325052 0.265837389384033 0
5320 0.02772463176631765 0.2658437578221797 0
5321 0.02786838362032102 0.265848621010515 0
5322 0.02797948516617397 0.2658523694002904 0
5323 0.003462592195950005 0.262115478954412 0
5324 0.00649671747177403 0.262215039762828 0
5325 0.009081952360480866 0.2622998214556531 0
5326 0.01123636771613989 0.2623704113921965 0
5327 0.01300304096642983 0.2624282281473265 0
5328 0.01443678793170891 0.2624750810104096 0
5329 0.01559418340011577 0.262512838665419 0
5330 0.01652750653992363 0.2625432281489369 0
5331 0.01728190544053543 0.2625677406566816 0
5332 0.01789469557775963 0.2625876081789748 0
5333 0.01839584095605911 0.2626038193937899 0
5334 0.01880895768015839 0.2626171529046721 0
5335 0.01915244856111555 0.2626282148336945 0
5336 0.01944056898889474 0.2626374741392636 0
5337 0.01967561075571859 0.2626450031580447 0
5338 0.01991481047145163 0.2626526981464437 0
5339 0.02016863365803172 0.2626609034455205 0
5340 0.02044966322603447 0.262670033975764 0
5341 0.02077246356420469 0.2626805706926405 0
5342 0.02115262160366841 0.2626930287302001 0
5343 0.02160446358360443 0.2627078815960674 0
5344 0.02213716158286363 0.2627254319284451 0
5345 0.02274974384715098 0.2627456458760547 0
5346 0.02342688313581539 0.2627680133046881 0
5347 0.02413836531519964 0.2627915301500348 0
5348 0.02484425632461755 0.2628148698913645 0
5349 0.02550454008486799 0.2628367034045094 0
5350 0.02608876190659954 0.2628560189916373 0
5351 0.02658120699047787 0.2628722942260048 0
5352 0.02698037701819318 0.2628854785631 0
5353 0.02729477748890908 0.2628958535172332 0
5354 0.02753791884399661 0.262903866749454 0
5355 0.0277244090964349 0.262910002382541 0
5356 0.02786765468346369 0.2629147046903118 0
5357 0.02797888457427589 0.2629183457029698 0
5358 0.003451040707106328 0.2591344106646921 0
5359 0.006476290489994544 0.259230483066915 0
5360 0.009056501634034528 0.2593123729300628 0
5361 0.01120998767989287 0.2593806561962793 0
5362 0.01297944394825086 0.259436693790086 0
5363 0.01441898208069242 0.2594822147375435 0
5364 0.01558437938450724 0.2595190026451011 0
5365 0.0165271648894692 0.2595487055142437 0
5366 0.01729185217606141 0.2595727467087611 0
5367 0.0179152580197707 0.2595923029708425 0
5368 0.01842697687083984 0.2596083195941337 0
5369 0.0188503656956709 0.2596215420071157 0
5370 0.01920365655719867 0.2596325514686473 0
5371 0.01950100165947322 0.2596417985990068 0
5372 0.01974483379952468 0.25964935778189 0
5373 0.01999128747918284 0.2596570298427818 0
5374 0.02025074979722376 0.2596651455749608 0
5375 0.02053566225208896 0.2596741021166075 0
5376 0.02086038955536752 0.2596843586997996 0
5377 0.0212402835584937 0.2596964065324477 0
5378 0.02168945219819288 0.2597106970606469 0
5379 0.02221695391705238 0.2597275196268444 0
5380 0.02282192018342154 0.2597468446798071 0
5381 0.02348943865188368 0.2597681914377272 0
5382 0.02419003459711853 0.2597906112091692 0
5383 0.0248847237811651 0.2598128497883448 0
5384 0.02553443658035028 0.2598336503448592 0
5385 0.02610944731604788 0.259852056475624 0
5386 0.0265944379636204 0.2598675749383303 0
5387 0.02698798686927396 0.2598801592007089 0
5388 0.02729845037077679 0.259890077058418 0
5389 0.02753907572691931 0.2598977535502994 0
5390 0.02772418123987988 0.259903648176319 0
5391 0.02786690876644736 0.2599081826541913 0
5392 0.02797826999129542 0.2599117102586528 0
5393 0.003439245344827579 0.2560860009745454 0
5394 0.006455431715219657 0.2561784417166044 0
5395 0.009030512338066753 0.2562573139633162 0
5396 0.01118304889455546 0.2563231809636506 0
5397 0.01295534673966672 0.2563773443396643 0
5398 0.01440079855031493 0.2564214510654688 0
5399 0.01557436730300896 0.256457197924585 0
5400 0.01652681598502013 0.2564861522882089 0
5401 0.0173020101840523 0.2565096682901892 0
5402 0.01793625735828754 0.256528866230942 0
5403 0.01845877452373847 0.2565446470158274 0
5404 0.01889265397409582 0.2565577220598712 0
5405 0.01925595337066483 0.2565686470597431 0
5406 0.01956271951766555 0.2565778537136136 0
5407 0.01981552919623705 0.2565854181276992 0
5408 0.02006939136632708 0.2565930443587328 0
5409 0.02033461302432124 0.2566010492274758 0
5410 0.02062349123985645 0.2566098116480763 0
5411 0.02095018679146788 0.2566197686705442 0
5412 0.02132981143903682 0.2566313871169179 0
5413 0.02177625015538083 0.2566450959522528 0
5414 0.0222984453026237 0.2566611709160318 0
5415 0.02289563373240344 0.2566795866553137 0
5416 0.02355332678471043 0.2566998919230699 0
5417 0.02424280484947868 0.2567211938762988 0
5418 0.02492605372128074 0.2567423112938283 0
5419 0.02556497039950607 0.2567620603187516 0
5420 0.02613057377583128 0.2567795403481167 0
5421 0.02660795109168861 0.2567942875555008 0
5422 0.02699575902513 0.2568062593872121 0
5423 0.02730220159742392 0.2568157097006134 0
5424 0.02754025728903579 0.2568230406009886 0
5425 0.02772394852223119 0.2568286866360791 0
5426 0.0278661469351096 0.2568330466631518 0
5427 0.02797764229540591 0.2568364549401931 0
5428 0.003427224386690195 0.2529746877599393 0
5429 0.006434173481699881 0.2530633613372775 0
5430 0.009004024770827762 0.2531390961064062 0
5431 0.0111555931370613 0.2532024413130068 0
5432 0.01293078671266659 0.2532546378022226 0
5433 0.0143822655400423 0.2532972489926254 0
5434 0.01556416268098051 0.2533318834128595 0
5435 0.01652646036752801 0.2533600265020161 0
5436 0.01731236371807006 0.253382962015875 0
5437 0.01795766104755804 0.2534017528191237 0
5438 0.01849118464322366 0.2534172545769681 0
5439 0.01893575700148162 0.2534301439638585 0
5440 0.01930925799789222 0.2534409504936569 0
5441 0.01962562698513312 0.2534500864113522 0
5442 0.0198875874842281 0.2534576291875449 0
5443 0.0201490012178325 0.2534651851686067 0
5444 0.020420093522166 0.2534730568175398 0
5445 0.02071301424260482 0.2534816044428378 0
5446 0.02104171628233149 0.2534912425329737 0
5447 0.02142106666796134 0.2535024131549069 0
5448 0.02186472309170053 0.2535155224569954 0
5449 0.02238150957206506 0.2535308323153374 0
5450 0.0229707703449639 0.2535483214443951 0
5451 0.02361844857516697 0.2535675681763635 0
5452 0.02429659431089958 0.2535877357410277 0
5453 0.02496818209040796 0.2536077162466204 0
5454 0.02559609420701868 0.2536263991651206 0
5455 0.0261521085266429 0.2536429399497884 0
5456 0.026621725416752 0.2536569042872275 0
5457 0.02700368142989347 0.2536682535452722 0
5458 0.02730602534947513 0.2536772274782201 0
5459 0.02754146169722897 0.2536842050407905 0
5460 0.02772371130455037 0.2536895956025302 0
5461 0.02786537037145599 0.2536937749505243 0
5462 0.02797700246050142 0.2536970581428252 0
5463 0.003414997802224541 0.2498053684202996 0
5464 0.006412551121585288 0.2498901484102913 0
5465 0.008977082972097294 0.2499626329142864 0
5466 0.01112766606799739 0.2500233558396834 0
5467 0.01290580471724836 0.250073495975478 0
5468 0.01436341387629391 0.2501145319875049 0
5469 0.01555378249132942 0.2501479830527716 0
5470 0.01652609862842078 0.2501752516898657 0
5471 0.01732289556135356 0.2501975503956491 0
5472 0.01797943350099224 0.2502158838193277 0
5473 0.01852415335165047 0.2502310616979863 0
5474 0.01897960313633328 0.2502437253591249 0
5475 0.01936348185562293 0.2502543775990722 0
5476 0.0196896195365975 0.2502634107374514 0
5477 0.01996088895172603 0.2502709032192137 0
5478 0.02022998479239647 0.250278363155639 0
5479 0.0205070493099991 0.2502860783106079 0
5480 0.02080408257237428 0.2502943900704755 0
5481 0.02113482600825246 0.2503036900675788 0
5482 0.02151389767430645 0.2503143953410614 0
5483 0.02195472404267913 0.2503268889762369 0
5484 0.02246600872333429 0.2503414187758097 0
5485 0.02304720516294363 0.2503579673616871 0
5486 0.0236846957786925 0.250376142546844 0
5487 0.0243513135471184 0.2503951635968535 0
5488 0.02501103882198147 0.250413995955707 0
5489 0.02562775622423431 0.250431602441741 0
5490 0.02617401573372867 0.2504471945608686 0
5491 0.02663573801314308 0.2504603674703201 0
5492 0.02701174089566601 0.2504710863786973 0
5493 0.0273099152610761 0.2504795768304747 0
5494 0.02754268694622587 0.2504861945120042 0
5495 0.0277234699818103 0.2504913234973406 0
5496 0.02786458036851543 0.2504953163930738 0
5497 0.02797635155195803 0.2504984689562851 0
5498 0.003402587147054348 0.2465833772479791 0
5499 0.006390602777603834 0.2466641475907208 0
5500 0.0089497344897146 0.2467332772311902 0
5501 0.01109931698961071 0.2467912833889399 0
5502 0.0128804448650242 0.2468392817284525 0
5503 0.01434427684924935 0.2468786652899338 0
5504 0.0155432450647241 0.2469108631550331 0
5505 0.01652573140647652 0.246937194263249 0
5506 0.0173335871177463 0.246958799253261 0
5507 0.01800153627895056 0.2469766240053196 0
5508 0.01855762244933775 0.2469914318143288 0
5509 0.01902411498705707 0.2470038281833986 0
5510 0.01941852924732179 0.2470142887491756 0
5511 0.01975458424974903 0.2470231854980794 0
5512 0.02003530426620991 0.2470305974298539 0
5513 0.02031219921735682 0.2470379343282155 0
5514 0.02059532698920587 0.2470454689644254 0
5515 0.02089653558070386 0.2470535235557007 0
5516 0.02122935171806461 0.2470624666731946 0
5517 0.02160814068916776 0.247072690156782 0
5518 0.02204609421442479 0.2470845538760938 0
5519 0.02255179364459153 0.2470982914039054 0
5520 0.02312480327514567 0.2471138890810745 0
5521 0.02375195143431631 0.2471309839570345 0
5522 0.02440686592143228 0.2471488510281565 0
5523 0.0250545482062368 0.2471665287330767 0
5524 0.02565990050188082 0.2471830529069372 0
5525 0.02619625667573224 0.2471976908382675 0
5526 0.02664996410832589 0.2472100669696466 0
5527 0.02701992317207064 0.2472201502460281 0
5528 0.02731386445347387 0.2472281519557363 0
5529 0.02754393086917701 0.2472344045017572 0
5530 0.0277232249808113 0.2472392666578752 0
5531 0.02786377832351777 0.2472430678428306 0
5532 0.02797569072101279 0.2472460844968521 0
5533 0.003390015432149862 0.2433144561727712 0
5534 0.006368369171609142 0.243391112375229 0
5535 0.008922030090995218 0.243456791805059 0
5536 0.01107059854657952 0.2435119936411165 0
5537 0.01285475426155018 0.2435577695792616 0
5538 0.01432489001091651 0.2435954264994723 0
5539 0.01553256997845697 0.2436263030108164 0
5540 0.01652535938395283 0.2436516341572023 0
5541 0.01734441852431266 0.243672488412245 0
5542 0.01802392832138689 0.2436897525693492 0
5543 0.01859152976658775 0.2437041431489994 0
5544 0.01906920987978592 0.2437162294881146 0
5545 0.0194742979413283 0.2437264597197566 0
5546 0.01982040048710799 0.2437351851584514 0
5547 0.02011069525496822 0.243742484912663 0
5548 0.02039549185060994 0.2437496707878756 0
5549 0.02068476266843292 0.2437570003205994 0
5550 0.02099020162725063 0.243764776384934 0
5551 0.021325117919366 0.2437733443789349 0
5552 0.02170362073301886 0.2437830708765642 0
5553 0.02213866394108794 0.2437942924760468 0
5554 0.02263870501353296 0.2438072284195869 0
5555 0.0232034205313577 0.2438218685509886 0
5556 0.02382009057074305 0.2438378787650663 0
5557 0.02446314817843442 0.2438545892131841 0
5558 0.02509862934781678 0.2438711106359291 0
5559 0.02569246725843262 0.2438865512044852 0
5560 0.02621878997898818 0.2439002334504256 0
5561 0.02666437723284922 0.2439118107722407 0
5562 0.02702821303253831 0.2439212557235925 0
5563 0.02731786557667692 0.2439287653523885 0
5564 0.02754519115078137 0.2439346488682624 0
5565 0.02772297675759572 0.2439392398547824 0
5566 0.02786296572942985 0.2439428446405873 0
5567 0.02797502119778997 0.243945720420178 0
5568 0.003377306969419095 0.2400047190752204 0
5569 0.006345893331164509 0.240077169314392 0
5570 0.008894023421734374 0.240139313425555 0
5571 0.01104156637234534 0.2401916312028227 0
5572 0.01282878268987732 0.2402351097643743 0
5573 0.01430529093634123 0.2402709696433053 0
5574 0.01552177792499032 0.240300458974019 0
5575 0.01652498328200744 0.2403247289381677 0
5576 0.01735536878460122 0.2403447758367598 0
5577 0.01804656622320082 0.2403614273002911 0
5578 0.01862580958040896 0.2403753529300133 0
5579 0.01911480041229019 0.2403870856955201 0
5580 0.01953067985550513 0.2403970459851386 0
5581 0.01988694070360401 0.2404055641760056 0
5582 0.02018691582969754 0.2404127190163329 0
5583 0.02047970130170183 0.2404197251278036 0
5584 0.0207751830596586 0.2404268246243401 0
5585 0.02108489922749509 0.2404343009385974 0
5586 0.02142193905189942 0.2404424762791181 0
5587 0.02180015278570423 0.2404516919942426 0
5588 0.02223225381949769 0.24046226145389 0
5589 0.02272657436314838 0.2404743895266482 0
5590 0.02328290450699797 0.240488069317271 0
5591 0.02388898104306442 0.24050299502947 0
5592 0.02452005113571392 0.2405185511241845 0
5593 0.02514319670798931 0.2405339196007714 0
5594 0.02572539328102198 0.2405482799354859 0
5595 0.02624157189511378 0.2405610090947784 0
5596 0.02667894939800709 0.2405717889603364 0
5597 0.02703659437653656 0.2405805955444844 0
5598 0.02732191085881165 0.2405876117332741 0
5599 0.02754646534283607 0.2405931237387348 0
5600 0.02772272579438493 0.2405974401797824 0
5601 0.02786214416492748 0.2406008444984477 0
5602 0.02797434428303853 0.2406035748022592 0
5603 0.003364487195497348 0.2366606100283615 0
5604 0.006323220277458528 0.2367287761304593 0
5605 0.008865770616907106 0.2367873109474389 0
5606 0.01101227868526706 0.2368366735661479 0
5607 0.01280258224913395 0.2368777861610042 0
5608 0.0142855189508309 0.2369117830845132 0
5609 0.01551089056176416 0.2369398223729916 0
5610 0.01652460385546518 0.2369629717319545 0
5611 0.01736641592095871 0.2369821555844673 0
5612 0.01806940454900439 0.2369981425668581 0
5613 0.01866039309096305 0.2370115554068756 0
5614 0.01916079508736465 0.2370228906495292 0
5615 0.01958756184022402 0.2370325408032483 0
5616 0.01995407137026073 0.2370408151186605 0
5617 0.02026381304414769 0.2370477914960357 0
5618 0.02056465859996284 0.2370545886095698 0
5619 0.02086640673220647 0.2370614330193451 0
5620 0.02118043836591681 0.2370685886955471 0
5621 0.02151962083017207 0.2370763547373573 0
5622 0.0218975431252278 0.2370850474153628 0
5623 0.02232667600751379 0.2370949570136316 0
5624 0.02281522530125386 0.2371062740426261 0
5625 0.02336309560692646 0.2371189946020602 0
5626 0.0239584844901486 0.2371328405262715 0
5627 0.02457746047528511 0.2371472494760865 0
5628 0.02518816072501385 0.2371614733224039 0
5629 0.02575861238411268 0.2371747614717278 0
5630 0.02626455661858387 0.2371865442536774 0
5631 0.026693651299083 0.2371965314202451 0
5632 0.02704505034651693 0.2372047022711852 0
5633 0.0273259921625848 0.2372112256719535 0
5634 0.02754775088202475 0.237216365137624 0
5635 0.02772247259607526 0.2372204046625115 0
5636 0.02786131528292371 0.2372236051103673 0
5637 0.02797366133867989 0.2372261857474674 0
5638 0.00335158247620549 0.2332888559916757 0
5639 0.006300396678930918 0.2333526742664711 0
5640 0.008837329868529377 0.2334075377266836 0
5641 0.010982795840266 0.2334538834640118 0
5642 0.01277620695321178 0.233492568590855 0
5643 0.01426561482701801 0.2335246417985297 0
5644 0.01549993034437136 0.2335511717787216 0
5645 0.01652422188700442 0.2335731434977017 0
5646 0.01737753714376319 0.2335914100960947 0
5647 0.01809239618290317 0.2336066816291859 0
5648 0.0186952089510815 0.2336195341880102 0
5649 0.01920709901685287 0.2336304279809029 0
5650 0.01964482654877245 0.2336397276090854 0
5651 0.0200216540011182 0.2336477210861782 0
5652 0.02034122827009098 0.2336544849627795 0
5653 0.02065018849343589 0.2336610436339839 0
5654 0.02095824550726521 0.2336676080329538 0
5655 0.02127662195638761 0.2336744227242978 0
5656 0.02161796173665602 0.2336817638742785 0
5657 0.02199559081673138 0.2336899229302867 0
5658 0.02242173566804632 0.233699167331464 0
5659 0.02290447486683955 0.2337096733043119 0
5660 0.02344382829306079 0.2337214396559762 0
5661 0.0240284573993726 0.2337342150372388 0
5662 0.02463525762371278 0.2337474889443278 0
5663 0.0252334285039995 0.2337605814002074 0
5664 0.0257920559195296 0.233772810034653 0
5665 0.0262876966398495 0.233783657214365 0
5666 0.02670845254133491 0.2337928598138821 0
5667 0.02705356345794502 0.2338004002295589 0
5668 0.02733010104806127 0.2338064335091668 0
5669 0.02754904510969552 0.2338112008739742 0
5670 0.02772221768634207 0.2338149621454889 0
5671 0.02786048079781382 0.2338179560198618 0
5672 0.02797297377729826 0.2338203832528347 0
5673 0.003338619894707218 0.2298964146370204 0
5674 0.006277470475980927 0.229955836549343 0
5675 0.008808760957386563 0.2300069791540245 0
5676 0.01095317984292178 0.2300502563076417 0
5677 0.01274971229578493 0.2300864601917719 0
5678 0.01424562045646514 0.2301165547043053 0
5679 0.01548892034568791 0.2301415203155061 0
5680 0.01652383818085336 0.2301622603330681 0
5681 0.01738870903495415 0.2301795575058811 0
5682 0.01811549270787496 0.2301940639618457 0
5683 0.01873018384065723 0.2302063095810001 0
5684 0.019253614685421 0.2302167184674108 0
5685 0.01970235338172745 0.2302256273960777 0
5686 0.02008954626752889 0.2302333031129906 0
5687 0.02041899847345927 0.2302398203084027 0
5688 0.02073611085855254 0.2302461111824474 0
5689 0.02105050597140219 0.2302523710273106 0
5690 0.02137324742725799 0.2302588251363892 0
5691 0.02171675464254109 0.2302657270141217 0
5692 0.02209408932869875 0.2302733436435261 0
5693 0.02251723253646699 0.2302819199559091 0
5694 0.02299413500230056 0.2302916180259704 0
5695 0.02352493241684073 0.2303024390620937 0
5696 0.02409875226224605 0.2303141575894659 0
5697 0.02469332070732343 0.2303263133339153 0
5698 0.02527890456557844 0.2303382924357439 0
5699 0.02582565332994494 0.2303494787257624 0
5700 0.0263109431285275 0.2303594050404378 0
5701 0.02672332188521667 0.2303678345016759 0
5702 0.02706211574039571 0.2303747523939492 0
5703 0.02733422884078333 0.2303803002099474 0
5704 0.02755034529332154 0.2303846973788383 0
5705 0.02772196160341232 0.2303881801084251 0
5706 0.02785964247163515 0.2303909654362524 0
5707 0.02797228305073678 0.2303932360200018 0
5708 0.003325627026880213 0.2264904181275188 0
5709 0.006254490482991091 0.2265454107914049 0
5710 0.008780124756411703 0.2265927961130899 0
5711 0.01092349383409772 0.226632963535126 0
5712 0.01272315478889534 0.2266666406872813 0
5713 0.01422557850127175 0.2266947078805448 0
5714 0.01547788406396518 0.22671805884437 0
5715 0.01652345355610065 0.2267375166404286 0
5716 0.01739990774281056 0.2267537948019733 0
5717 0.01813864480844637 0.2267674884164754 0
5718 0.01876524307637726 0.2267790817628742 0
5719 0.01930024276140877 0.2267889632152207 0
5720 0.01976001948963551 0.2267974419105858 0
5721 0.02015760318135638 0.2268047633768042 0
5722 0.02049695756950308 0.2268109999295775 0
5723 0.0208222421972061 0.2268169940514377 0
5724 0.02114299108400541 0.2268229254386492 0
5725 0.02147010840489046 0.2268290003237297 0
5726 0.02181578852920462 0.2268354499120655 0
5727 0.02219282824962279 0.2268425171814742 0
5728 0.02261296258545236 0.2268504249849991 0
5729 0.02308401411715939 0.2268593214342087 0
5730 0.02360623463445475 0.2268692098170964 0
5731 0.02416921880175886 0.2268798894734427 0
5732 0.02475152556664879 0.2268909485288073 0
5733 0.02532449164096039 0.2269018369127463 0
5734 0.02585933273662285 0.2269120023414 0
5735 0.02633424634028976 0.2269210263293658 0
5736 0.02673822750675678 0.2269286972527681 0
5737 0.02707068888736574 0.2269350030603136 0
5738 0.02733836670409723 0.2269400720090721 0
5739 0.02755164864928693 0.2269441023309443 0
5740 0.0277217048955761 0.2269473072803905 0
5741 0.02785880209937222 0.2269498828381481 0
5742 0.02797159063798922 0.226951994053595 0
5743 0.003312631707804267 0.2230781137907792 0
5744 0.006231505974588219 0.2231286602757826 0
5745 0.008751482714357347 0.2231722653116531 0
5746 0.01089380155407046 0.2232092928218566 0
5747 0.0126965914831415 0.2232404065063024 0
5748 0.0142055320317519 0.2232664046201151 0
5749 0.01546684522322714 0.2232880959726129 0
5750 0.01652306883973705 0.2233062251073662 0
5751 0.01741110918458524 0.2233214377896839 0
5752 0.01816180268965736 0.2233342731763976 0
5753 0.01880031124618538 0.2233451707321488 0
5754 0.0193468829406511 0.223354483612515 0
5755 0.01981770081655906 0.2233624936098234 0
5756 0.02022567832650294 0.2233694251625214 0
5757 0.02057493783341625 0.2233753476996355 0
5758 0.02090839719520409 0.2233810168283804 0
5759 0.02123550185072237 0.2233865967525877 0
5760 0.0215669964663886 0.2233922749276593 0
5761 0.02191485028048766 0.2233982607101282 0
5762 0.02229159507530629 0.2234047736267977 0
5763 0.02270871975832421 0.2234120149695042 0
5764 0.0231739187160939 0.2234201191296074 0
5765 0.02368755988021405 0.2234290911411775 0
5766 0.02423970525009575 0.2234387539929137 0
5767 0.02480974681243938 0.2234487421768333 0
5768 0.02537009149951808 0.2234585668166521 0
5769 0.02589302155117803 0.2234677369308992 0
5770 0.02635755604035644 0.2234758807166568 0
5771 0.02675313726855204 0.2234828107044045 0
5772 0.02707926441218953 0.2234885172703225 0
5773 0.02734250571442502 0.2234931158085211 0
5774 0.02755295236660035 0.223496784034808 0
5775 0.02772144811651547 0.2234997130043815 0
5776 0.02785796149366357 0.2235020783288992 0
5777 0.02797089803259881 0.2235040280108722 0
5778 0.003299661793542998 0.219666802721924 0
5779 0.006208566263549122 0.2197129021655007 0
5780 0.008722896329012525 0.2197527175294154 0
5781 0.01086416679577073 0.219786586198934 0
5782 0.01267007947807586 0.2198151088009874 0
5783 0.01418552415668223 0.2198390033717985 0
5784 0.0154558275695532 0.2198589959393615 0
5785 0.01652268485955293 0.2198757545516365 0
5786 0.01742228925336102 0.2198898589078116 0
5787 0.01818491650479968 0.2199017935532372 0
5788 0.0188353128570974 0.2199119540923256 0
5789 0.01939343480814112 0.2199206591046405 0
5790 0.01987527316578305 0.2199281634320634 0
5791 0.020293625116694 0.2199346706298977 0
5792 0.02065277134114799 0.2199402467361523 0
5793 0.02099439031417641 0.2199455636565009 0
5794 0.02132783903291528 0.2199507702628386 0
5795 0.02166370293012151 0.2199560355871385 0
5796 0.02201372651366811 0.2199615476692711 0
5797 0.02239017703477255 0.2199675032275908 0
5798 0.02280429773982452 0.2199740825910796 0
5799 0.02326365506208813 0.2199814067250758 0
5800 0.02376873287165429 0.2199894820680391 0
5801 0.02431005965379654 0.2199981539995219 0
5802 0.02486785890429548 0.2200071011649454 0
5803 0.02541560579404332 0.2200158930502915 0
5804 0.02592664710035918 0.2200240971564082 0
5805 0.02638082193598299 0.2200313861864763 0
5806 0.0267680189965048 0.2200375956315693 0
5807 0.02708782380725461 0.2200427180484323 0
5808 0.02734663693812776 0.2200468563896808 0
5809 0.02755425363110962 0.2200501686145349 0
5810 0.02772119182053454 0.2200528244178679 0
5811 0.02785712246918551 0.2200549798078249 0
5812 0.02797020672979056 0.2200567663665542 0
5813 0.003286744922542114 0.2162637774154518 0
5814 0.006185720278018367 0.2163054449399343 0
5815 0.008694426619541215 0.2163414748897265 0
5816 0.01083465285708086 0.2163721771899002 0
5817 0.01264367543172046 0.2163980904752782 0
5818 0.01416559765285082 0.2164198546835809 0
5819 0.01544485466695561 0.2164381154924138 0
5820 0.01652230243702081 0.2164534667466028 0
5821 0.01743342402536166 0.2164664240144349 0
5822 0.01820793678414057 0.2164774187421624 0
5823 0.01887017298457321 0.2164868037835297 0
5824 0.01943979870184569 0.2164948639074297 0
5825 0.01993261326827891 0.2165018274956592 0
5826 0.02036129805662107 0.2165078775013097 0
5827 0.0207302914141742 0.2165130760804658 0
5828 0.02108003738796244 0.2165180149047289 0
5829 0.0214198048620158 0.2165228277294216 0
5830 0.02176002065145121 0.2165276655822968 0
5831 0.02211220541580004 0.2165326957942569 0
5832 0.02248836292154395 0.216538092998374 0
5833 0.02289949173208157 0.2165440172331781 0
5834 0.02335303084441484 0.2165505763798007 0
5835 0.02384957961894472 0.2165577779351324 0
5836 0.02438013118257638 0.2165654883338582 0
5837 0.02492573723225081 0.2165734280080134 0
5838 0.02546093690825871 0.2165812217705509 0
5839 0.02596013725245823 0.2165884925807255 0
5840 0.02640399411004812 0.2165949553163852 0
5841 0.02678284075725211 0.2166004671556212 0
5842 0.02709634870360983 0.2166050225815648 0
5843 0.02735075150855665 0.216608712570571 0
5844 0.02755554964977524 0.2166116761540679 0
5845 0.02772093655777809 0.2166140625804132 0
5846 0.02785628682699804 0.2166160090885294 0
5847 0.0279695182135726 0.216617631524304 0
5848 0.00327390828097921 0.2128762595549475 0
5849 0.006163016145726601 0.2129135259922613 0
5850 0.008666133607545919 0.2129457882927743 0
5851 0.01080532200216386 0.2129733281064863 0
5852 0.01261743507813812 0.2129966233673548 0
5853 0.01414579460065975 0.2130162382925738 0
5854 0.01543394969657354 0.2130327409029356 0
5855 0.01652192238029292 0.2130466533748008 0
5856 0.01744448996393639 0.2130584292906612 0
5857 0.01823081485681041 0.2130684486848257 0
5858 0.01890481791159842 0.2130770229118002 0
5859 0.01948587656291312 0.2130844038085281 0
5860 0.01998959983443043 0.2130907938769424 0
5861 0.02042855398343147 0.2130963558198611 0
5862 0.02080733404186541 0.2131011474394592 0
5863 0.02116515719434689 0.2131056838931326 0
5864 0.02151120472749624 0.2131100840870626 0
5865 0.02185574579089268 0.2131144815243278 0
5866 0.02221007855190513 0.2131190235026661 0
5867 0.02258594489686274 0.2131238633648939 0
5868 0.02299410020334629 0.2131291415974151 0
5869 0.02344185682099504 0.2131349533823855 0
5870 0.02392992891103882 0.2131413069288349 0
5871 0.02444977141789748 0.213148088328854 0
5872 0.02498325918154621 0.213155057308438 0
5873 0.02550598879109427 0.2131618908046169 0
5874 0.02599342103389411 0.2131682640429959 0
5875 0.02642702344781435 0.2131739316171437 0
5876 0.0267975711312129 0.2131787710537985 0
5877 0.02710482102804685 0.2131827785039909 0
5878 0.02735484070188255 0.2131860334712607 0
5879 0.0275568376745587 0.2131886569474664 0
5880 0.027720682869526 0.2131907787122589 0
5881 0.02785545633913924 0.2131925181284199 0
5882 0.02796883394404202 0.2131939760391212 0
5883 0.003261178376277377 0.2095113390847009 0
5884 0.00614050079268016 0.209544250516459 0
5885 0.008638075816187774 0.2095727761426323 0
5886 0.01077623494151667 0.2095971686389765 0
5887 0.01259141276174481 0.2096178467242369 0
5888 0.01412615603234501 0.2096353015020132 0
5889 0.01542313526280207 0.2096500262602349 0
5890 0.01652154547743983 0.2096624742533072 0
5891 0.01745546411653986 0.2096730394071846 0
5892 0.0182535032582455 0.2096820521858417 0
5893 0.01893917574594702 0.2096897838226801 0
5894 0.01953157275693301 0.2096964542040456 0
5895 0.02004611457004342 0.2097022406148829 0
5896 0.02049525326615936 0.2097072859261928 0
5897 0.02088373925577839 0.2097116431383645 0
5898 0.02124957297377234 0.2097157548230334 0
5899 0.0216018488079831 0.209719725353343 0
5900 0.02195067952278171 0.2097236712417311 0
5901 0.02230714261236492 0.209727720488562 0
5902 0.02268272023228905 0.2097320060037846 0
5903 0.0230879265779139 0.2097366495171046 0
5904 0.02352994840546622 0.2097417339356754 0
5905 0.02400961375171633 0.2097472678379317 0
5906 0.02451883559800792 0.2097531555298531 0
5907 0.0250403051613496 0.2097591934419205 0
5908 0.02555066776264919 0.2097651073021334 0
5909 0.02602642922482351 0.2097706212795328 0
5910 0.02644986204914476 0.2097755271256693 0
5911 0.02681217947631563 0.2097797213283793 0
5912 0.02711322315481407 0.2097832014467701 0
5913 0.02735889601033219 0.2097860360472724 0
5914 0.02755811502549346 0.2097883290193666 0
5915 0.02772043128364874 0.2097901917042966 0
5916 0.02785463273374694 0.20979172653006 0
5917 0.02796815534512524 0.2097930201114555 0
5918 0.003248580822743161 0.2061759156476272 0
5919 0.006118219563345614 0.2062045327724107 0
5920 0.008610309796136383 0.206229365460371 0
5921 0.0107474503398613 0.2062506368365625 0
5922 0.01256566099653087 0.2062687080666454 0
5923 0.01410672159898718 0.2062839999457904 0
5924 0.01541243320976025 0.20629693414909 0
5925 0.01652117249004907 0.206307897935138 0
5926 0.01746632430124585 0.2063172280593945 0
5927 0.01827595611602332 0.2063252073898505 0
5928 0.0189731770047701 0.206332068527296 0
5929 0.01957679485180164 0.2063380004797251 0
5930 0.02010204313876107 0.2063431560525844 0
5931 0.02056126094198754 0.206347658764841 0
5932 0.02095935243167805 0.206351556396117 0
5933 0.02133311386828768 0.2063552230239583 0
5934 0.02169155361678839 0.206358748849341 0
5935 0.02204462965435532 0.2063622339762078 0
5936 0.02240320106873272 0.2063657878946637 0
5937 0.02277849296097537 0.2063695239915022 0
5938 0.02318078083745504 0.2063735460829528 0
5939 0.02361712717099377 0.2063779252588434 0
5940 0.02408847272021014 0.206382670131607 0
5941 0.02458718379750564 0.2063877017482074 0
5942 0.02509675957929175 0.2063928505868819 0
5943 0.02559488327763341 0.2063978877413947 0
5944 0.02605909492328091 0.206402582908471 0
5945 0.02647246361891006 0.2064067623703769 0
5946 0.02682663617775759 0.2064103401551709 0
5947 0.02712153804928866 0.2064133149717999 0
5948 0.02736290921154046 0.2064157450113467 0
5949 0.02755937911253203 0.2064177180362604 0
5950 0.02772018231030408 0.2064193280202881 0
5951 0.02785381768096986 0.2064206614354147 0
5952 0.0279674837929688 0.2064217914742631 0
5953 0.00323614014292039 0.2028766434013655 0
5954 0.006096215868697956 0.202901040744691 0
5955 0.008582889686304085 0.2029222364021329 0
5956 0.01071902436013742 0.2029404234995809 0
5957 0.01254023005759791 0.2029559074687113 0
5958 0.01408752926191207 0.2029690417675332 0
5959 0.01540186445118623 0.2029801797388409 0
5960 0.01652080414729147 0.2029896457178518 0
5961 0.01747704927965296 0.2029977219039823 0
5962 0.01829812950758682 0.2030046456537067 0
5963 0.01900675515665249 0.2030106125169037 0
5964 0.01962145433906945 0.2030157817738865 0
5965 0.02015727605464198 0.2030202825540255 0
5966 0.02062644777015536 0.2030242195595945 0
5967 0.02103402549729862 0.2030276349636367 0
5968 0.0214156162564212 0.2030308385586378 0
5969 0.02178014343573995 0.2030339067747164 0
5970 0.02213741212787754 0.2030369239308211 0
5971 0.02249806570997194 0.2030399818362255 0
5972 0.02287307540969815 0.2030431753062548 0
5973 0.02327248100667949 0.2030465911250877 0
5974 0.02370322224539676 0.2030502890513263 0
5975 0.02416635123341119 0.2030542774068814 0
5976 0.02465468202148374 0.2030584924936439 0
5977 0.02515251174534208 0.2030627961430513 0
5978 0.02563854863338316 0.203067001335332 0
5979 0.026091354068312 0.2030709198242244 0
5980 0.02649478382898755 0.2030744097550723 0
5981 0.02684091287957487 0.2030774012576947 0
5982 0.02712974940117861 0.2030798939370257 0
5983 0.02736687243284627 0.2030819361902946 0
5984 0.0275606274557996 0.2030836006554939 0
5985 0.02771993643794751 0.2030849650384048 0
5986 0.02785301277990645 0.2030861008602243 0
5987 0.02796682060517704 0.2030870687204102 0
5988 0.003223879587782336 0.1996198801224369 0
5989 0.006074530867668342 0.1996401451080228 0
5990 0.008555866816278778 0.1996577710980453 0
5991 0.01069101025077943 0.199672920902219 0
5992 0.01251516761145054 0.1996858461736786 0
5993 0.01406861501335022 0.1996968361377992 0
5994 0.01539144881644541 0.1997061792100664 0
5995 0.01652044114054887 0.1997141399872954 0
5996 0.01748761891344763 0.1997209488269358 0
5997 0.01831998178419666 0.1997267997454912 0
5998 0.01903984711255322 0.1997318528992418 0
5999 0.01966546728734008 0.1997362390570022 0
6000 0.0202117094907483 0.1997400645322752 0
6001 0.02069069118679339 0.1997434157953214 0
6002 0.02110761802667463 0.1997463290636456 0
6003 0.02149692496278255 0.1997490541256539 0
6004 0.02186745161453569 0.1997516540777058 0
6005 0.02222885238194377 0.1997541981116221 0
6006 0.02259155803470751 0.1997567612184273 0
6007 0.02296628958729667 0.1997594206252002 0
6008 0.02336285449971888 0.1997622469940361 0
6009 0.02378807157541495 0.1997652892614211 0
6010 0.02424310268959354 0.1997685551483876 0
6011 0.02472120319687336 0.199771994728267 0
6012 0.02520745669066743 0.199775498481982 0
6013 0.02568158161120785 0.1997789177799114 0
6014 0.02612314591379589 0.1997821029442247 0
6015 0.02651678064610625 0.1997849413037678 0
6016 0.02685498269434819 0.1997873776493631 0
6017 0.02713784174514129 0.1997894122350949 0
6018 0.02737077820951225 0.1997910842592563 0
6019 0.02756185770393342 0.1997924522543814 0
6020 0.02771969412972003 0.1997935787745949 0
6021 0.02785221954677854 0.1997945214111522 0
6022 0.02796616703106711 0.1997953290132283 0
6023 0.003211820978336338 0.1964116413815425 0
6024 0.006053203186554321 0.1964278732849029 0
6025 0.008529289356153678 0.1964420075998242 0
6026 0.01066345798219799 0.196454176635885 0
6027 0.01249051839035047 0.1964645803381297 0
6028 0.01405001263036922 0.1964734469042079 0
6029 0.01538120491486668 0.1964810033159228 0
6030 0.01652008411868078 0.1964874576957249 0
6031 0.01749801430236811 0.1964929913442112 0
6032 0.01834147385643746 0.196497757173559 0
6033 0.01907239365853969 0.1965018816617122 0
6034 0.01970875491827614 0.1965054683345799 0
6035 0.02026524599204639 0.1965086015973894 0
6036 0.02075387614686122 0.1965113503158734 0
6037 0.02117999820518701 0.1965137444429154 0
6038 0.0215768943248582 0.1965159780717465 0
6039 0.02195332171677592 0.1965181014329802 0
6040 0.02231878655221177 0.1965201692764632 0
6041 0.0226835104792842 0.1965222406615864 0
6042 0.02305796840936608 0.1965243762316266 0
6043 0.0234517393076862 0.196526631455566 0
6044 0.02387152304176973 0.1965290449744651 0
6045 0.02431858947706686 0.1965316236152219 0
6046 0.02478662804660853 0.1965343297565868 0
6047 0.02526149588960539 0.1965370798434328 0
6048 0.02572390504177752 0.1965397601583832 0
6049 0.02615441344609533 0.1965422561209051 0
6050 0.02653841462079377 0.1965444815789719 0
6051 0.02686882038801077 0.1965463945559007 0
6052 0.02714580056707402 0.1965479957175011 0
6053 0.0273746195360261 0.1965493156653156 0
6054 0.0275630676502422 0.1965503998513679 0
6055 0.02771945582026513 0.1965512967997586 0
6056 0.02785143940451086 0.196552051197791 0
6057 0.02796552424308254 0.196552700992445 0
6058 0.003199984570611748 0.193257560427095 0
6059 0.006032268679884623 0.1932698692341702 0
6060 0.008503202018114274 0.19328059957761 0
6061 0.0106364139369962 0.1932898532156807 0
6062 0.01246632391479547 0.1932977805491909 0
6063 0.01403175346515241 0.1933045520210813 0
6064 0.01537115002010349 0.1933103367268495 0
6065 0.01651973368398906 0.1933152896251303 0
6066 0.01750821790183876 0.1933195457879716 0
6067 0.0183625694376918 0.1933232193004899 0
6068 0.01910433982487295 0.1933264047181107 0
6069 0.01975124409795807 0.1933291796318199 0
6070 0.02031779508363187 0.1933316074840677 0
6071 0.02081589584256104 0.1933337401996301 0
6072 0.02125104365313077 0.1933356011998853 0
6073 0.02165538910350942 0.1933373331778985 0
6074 0.02203760849817074 0.1933389739924637 0
6075 0.02240706249635653 0.1933405646568726 0
6076 0.0227737674660777 0.1933421492006252 0
6077 0.02314795674369126 0.1933437726988714 0
6078 0.02353898501237061 0.1933454763662249 0
6079 0.02395343541090074 0.193347289087249 0
6080 0.02439268383499264 0.1933492165210912 0
6081 0.02485084583555946 0.1933512319171666 0
6082 0.02531453787563137 0.1933532750424421 0
6083 0.02576544728741476 0.1933552636653968 0
6084 0.02618510374026864 0.1933571148821682 0
6085 0.02655964913378373 0.1933587664360297 0
6086 0.02688240253743081 0.1933601881800583 0
6087 0.02715361239473861 0.1933613809659094 0
6088 0.02737838990983827 0.1933623674019286 0
6089 0.02756425524648259 0.1933631808805938 0
6090 0.02771922191301539 0.1933638570120829 0
6091 0.02785067367384758 0.1933644286009442 0
6092 0.02796489332947315 0.1933649235370292 0
6093 0.003188388945368664 0.19016285425521 0
6094 0.00601176023510702 0.1901713594496666 0
6095 0.008477645812738778 0.1901787822463208 0
6096 0.01060992065699174 0.1901851939316662 0
6097 0.01244262226687819 0.1901906975980631 0
6098 0.01401386627370944 0.1901954092437693 0
6099 0.01536129997567206 0.1901994436457708 0
6100 0.01651939038892105 0.1902029059248889 0
6101 0.01751821361909736 0.1902058877695029 0
6102 0.01838323524314015 0.1902084667349807 0
6103 0.01913563518773443 0.1902107072337956 0
6104 0.01979286773864743 0.1902126622566752 0
6105 0.02036927376814145 0.1902143752573191 0
6106 0.02087665229096546 0.1902158819124367 0
6107 0.02132064209946558 0.1902171988888097 0
6108 0.02173228522794145 0.1902184217215484 0
6109 0.02212017870699341 0.190219576412442 0
6110 0.0224935406328366 0.1902206909570665 0
6111 0.0228621862614041 0.190221795263371 0
6112 0.02323611226579493 0.1902229198557922 0
6113 0.02362445361576689 0.190224092634335 0
6114 0.02403367911371364 0.1902253332730729 0
6115 0.02446526855763247 0.1902266460115379 0
6116 0.02491375498067853 0.1902280135787981 0
6117 0.02536649874509001 0.1902293964889815 0
6118 0.02580614263642202 0.1902307406517952 0
6119 0.02621516825125235 0.1902319915001363 0
6120 0.02658045059740344 0.1902331081124319 0
6121 0.02689570765918423 0.1902340708068433 0
6122 0.02716126487180937 0.1902348804083706 0
6123 0.02738208336709654 0.1902355521315529 0
6124 0.02756541861411426 0.1902361083170693 0
6125 0.02771899277797568 0.1902365727616749 0
6126 0.0278499235660949 0.1902369673943505 0
6127 0.02796427528831499 0.1902373108822171 0
6128 0.003177050923226943 0.1871322961791644 0
6129 0.005991707622335681 0.1871371254821751 0
6130 0.008452657861554233 0.1871413448352228 0
6131 0.01058401664864724 0.1871449952595118 0
6132 0.01241944791596342 0.1871481348257039 0
6133 0.01399637708410923 0.1871508284049984 0
6134 0.01535166912227033 0.1871531400128221 0
6135 0.01651905473353221 0.1871551282445728 0
6136 0.0175279868871961 0.1871568442414607 0
6137 0.0184034411429986 0.1871583313261429 0
6138 0.01916623410163288 0.1871596255555068 0
6139 0.0198335651083323 0.1871607566691886 0
6140 0.02041960690909278 0.1871617491255831 0
6141 0.02093605678699527 0.1871626230688377 0
6142 0.02138869190130403 0.1871633882327058 0
6143 0.0218074703702146 0.1871640971483556 0
6144 0.02220091170147197 0.187164764491308 0
6145 0.02257809458790178 0.1871654059651373 0
6146 0.02294863763732509 0.1871660382631583 0
6147 0.02332230611891303 0.187166678369405 0
6148 0.02370802017992882 0.1871673418018948 0
6149 0.02411213684617445 0.1871680395724079 0
6150 0.02453623753736917 0.1871687742724056 0
6151 0.0249752635213354 0.1871695367743189 0
6152 0.02541730254538135 0.1871703058520841 0
6153 0.025845931606863 0.1871710523207196 0
6154 0.02624456303811569 0.1871717467176144 0
6155 0.02660078861063253 0.1871723669804802 0
6156 0.02690871630868245 0.187172902576821 0
6157 0.02716874681486553 0.1871733541073678 0
6158 0.02738569451014673 0.1871737299829991 0
6159 0.02756655605296102 0.1871740424787328 0
6160 0.02771876875001727 0.1871743046536638 0
6161 0.0278491901775366 0.1871745285460162 0
6162 0.02796367102290867 0.1871747244169569 0
6163 0.003165985505295748 0.1841701950462001 0
6164 0.005972137389296302 0.1841714831320005 0
6165 0.008428271266018141 0.1841726097479945 0
6166 0.01055873624708555 0.1841735859781852 0
6167 0.01239683159684431 0.1841744271891135 0
6168 0.01397930910435997 0.1841751504228314 0
6169 0.01534227024694868 0.1841757724505743 0
6170 0.01651872716371096 0.1841763086144141 0
6171 0.01753752471679839 0.1841767723135597 0
6172 0.01842316026982718 0.1841771749159359 0
6173 0.01919609586222852 0.1841775259031531 0
6174 0.01987328204769323 0.1841778331159553 0
6175 0.02046872749969061 0.1841781030215908 0
6176 0.02099403022118688 0.184178340963243 0
6177 0.02145510240847834 0.1841785496080175 0
6178 0.02188084434855355 0.1841787425174986 0
6179 0.02227969988330719 0.1841789235827757 0
6180 0.02266061164998169 0.1841790969418549 0
6181 0.02303300633646442 0.184179266971517 0
6182 0.02340642337751468 0.1841794381105246 0
6183 0.02378957327629735 0.1841796144129588 0
6184 0.02418870399096311 0.1841797987741399 0
6185 0.02460549614580326 0.184179991933609 0
6186 0.02503528944925222 0.184180191634955 0
6187 0.02546688154713013 0.1841803925299843 0
6188 0.02588476115944114 0.1841805872351657 0
6189 0.02627324892113132 0.1841807682910966 0
6190 0.02662063606766079 0.1841809301209966 0
6191 0.0269214111495482 0.1841810700842492 0
6192 0.02717604825326734 0.1841811883757702 0
6193 0.02738921852677063 0.1841812871791106 0
6194 0.02756766604726885 0.1841813696607071 0
6195 0.02771855012768487 0.1841814391849333 0
6196 0.02784847448552845 0.1841814988542782 0
6197 0.02796308133856107 0.1841815513169351 0
6198 0.003155205838804767 0.18128038109051 0
6199 0.005953072800580159 0.1812782682998951 0
6200 0.008404515031812918 0.181276418400346 0
6201 0.01053410953753384 0.1812748129816237 0
6202 0.01237480023934386 0.181273427035534 0
6203 0.01396268266915759 0.1812722330283021 0
6204 0.01533311455370526 0.1812712039388524 0
6205 0.0165184080701508 0.1812703150637514 0
6206 0.01754681572620029 0.1812695448133601 0
6207 0.01844236908079068 0.1812688748427642 0
6208 0.01922518480090258 0.1812682898179666 0
6209 0.01991197109624585 0.1812677770254361 0
6210 0.02051657681925926 0.1812673259479683 0
6211 0.02105050326478507 0.1812669278692224 0
6212 0.02151979417607561 0.1812665783003312 0
6213 0.02195231936263436 0.1812662557207842 0
6214 0.02235644895071989 0.181265953785568 0
6215 0.0227409930350121 0.1812656657885938 0
6216 0.02311519134346841 0.1812653846727088 0
6217 0.02348836331799119 0.1812651033041419 0
6218 0.02386901524802335 0.181264815169886 0
6219 0.02426328886350355 0.1812645155881137 0
6220 0.02467296145594028 0.1812642032679437 0
6221 0.02509376090066932 0.181263881623683 0
6222 0.0255151764025259 0.1812635589233569 0
6223 0.02592258482120042 0.1812632466326345 0
6224 0.02630119157294547 0.1812629563445846 0
6225 0.02663996922083822 0.1812626967111543 0
6226 0.02693377699381291 0.1812624717921638 0
6227 0.02718316045224695 0.1812622812120809 0
6228 0.02739265120132129 0.1812621214856449 0
6229 0.02756874726921158 0.1812619875923037 0
6230 0.02771833717250626 0.181261874204856 0
6231 0.02784777734623845 0.1812617764089027 0
6232 0.02796250694072341 0.1812616900035133 0
6233 0.003144723206716524 0.178466198263563 0
6234 0.005934533819393398 0.1784608293358275 0
6235 0.008381414046185184 0.1784561235735677 0
6236 0.01051016233184052 0.1784520336222006 0
6237 0.0123533769472518 0.1784484964223162 0
6238 0.0139465152239109 0.1784454430508343 0
6239 0.01532421165463024 0.1784428060579314 0
6240 0.01651809778803923 0.1784405238171272 0
6241 0.0175558501504627 0.1784385424328415 0
6242 0.01846104737669963 0.1784368160380218 0
6243 0.019253470313834 0.1784353062099154 0
6244 0.01994959153132548 0.1784339810081099 0
6245 0.02056310448182524 0.17843281393262 0
6246 0.02110541642748976 0.1784317829529724 0
6247 0.02158269903103376 0.1784308763781492 0
6248 0.02202182006756993 0.1784300413233575 0
6249 0.02243107797823594 0.1784292617579691 0
6250 0.02281915397024298 0.1784285208431642 0
6251 0.02319510597082268 0.1784278009490455 0
6252 0.02356803950420576 0.1784270843133599 0
6253 0.0239462622927507 0.1784263547258766 0
6254 0.02433581278939111 0.1784256004566902 0
6255 0.02473856231183515 0.1784248180316414 0
6256 0.02515061621627472 0.1784240154130637 0
6257 0.0255621361944195 0.1784232123557022 0
6258 0.02595936272365216 0.178422436389483 0
6259 0.02632836154651824 0.1784217153754725 0
6260 0.02665876769987 0.1784210700664987 0
6261 0.0269458008141236 0.1784205101035185 0
6262 0.02719007591989872 0.1784200343933529 0
6263 0.02739598891808652 0.1784196343192145 0
6264 0.0275697985799481 0.1784192975542871 0
6265 0.02771813010878435 0.1784190110373448 0
6266 0.02784709949396624 0.1784187627144452 0
6267 0.02796194843443022 0.1784185422657862 0
6268 0.003134547039848706 0.1757305027509308 0
6269 0.005916537129189398 0.1757220255926833 0
6270 0.008358989105064808 0.1757145879895734 0
6271 0.01048691619667327 0.1757081142905932 0
6272 0.01233258102355912 0.175702505686619 0
6273 0.01393082134374945 0.1756976549655981 0
6274 0.01531556958033579 0.1756934575045734 0
6275 0.0165177965974196 0.1756898177730434 0
6276 0.01756461983093455 0.1756866521664688 0
6277 0.01847917828047656 0.1756838894220694 0
6278 0.01928092682958472 0.1756814697116894 0
6279 0.01998610932523074 0.1756793431696116 0
6280 0.02060826838341914 0.1756774683028598 0
6281 0.02115871999560184 0.1756758105106994 0
6282 0.02164376000166193 0.1756743508952285 0
6283 0.02208928349637917 0.175673008737134 0
6284 0.02250351933371085 0.1756717588688072 0
6285 0.0228950236075242 0.1756705750153795 0
6286 0.023272677770268 0.175669429808885 0
6287 0.02364537969911781 0.1756682957686055 0
6288 0.02402124437674015 0.1756671478250743 0
6289 0.02440621002344505 0.1756659677158704 0
6290 0.02480223925495979 0.1756647496562382 0
6291 0.02520580387694425 0.1756635051159103 0
6292 0.02560771838283615 0.1756622633478966 0
6293 0.02599506156055513 0.17566106534062 0
6294 0.0263547342437033 0.1756599526168462 0
6295 0.02667701448993853 0.1756589560403767 0
6296 0.02695747172967718 0.1756580897906737 0
6297 0.02719678839905775 0.1756573519273605 0
6298 0.02739922865735834 0.1756567292153625 0
6299 0.02757081902838222 0.1756562028571364 0
6300 0.02771792912384165 0.1756557529647467 0
6301 0.0278464415419439 0.1756553611762877 0
6302 0.02796140632495937 0.1756550117461491 0
6303 0.003124684949664997 0.173075667271762 0
6304 0.005899096191915824 0.1730642317786627 0
6305 0.008337256985879751 0.173054188699367 0
6306 0.01046438852915544 0.1730454348227056 0
6307 0.01231242803818906 0.1730378378548175 0
6308 0.01391561278464319 0.1730312552923175 0
6309 0.01530719480809 0.1730255484703828 0
6310 0.01651750472417052 0.1730205908550549 0
6311 0.01757311818677191 0.1730162716307967 0
6312 0.01849674817836449 0.1730124961901687 0
6313 0.0193075337202152 0.1730091849303126 0
6314 0.02002149702720182 0.173006271328472 0
6315 0.02065203455634893 0.1730036998704644 0
6316 0.0212103738603034 0.1730014241226501 0
6317 0.02170293112123188 0.1729994180147622 0
6318 0.02215465884325111 0.172997576320655 0
6319 0.0225737184458104 0.1729958652788669 0
6320 0.02296854477991014 0.1729942498565034 0
6321 0.02334784828396905 0.1729926937514093 0
6322 0.02372032561659896 0.1729911606359931 0
6323 0.024093904994029 0.1729896173836493 0
6324 0.0244744275232556 0.1729880396987072 0
6325 0.02486394431894846 0.1729864193835457 0
6326 0.02525928232540701 0.1729847704594565 0
6327 0.02565188865727225 0.1729831298363335 0
6328 0.02602965447191192 0.1729815495427142 0
6329 0.02638028982932273 0.1729800823431805 0
6330 0.02669469587211615 0.1729787673667189 0
6331 0.02696878096803594 0.17297762236833 0
6332 0.02720329284530659 0.1729766444484638 0
6333 0.02740236798480698 0.172975816240732 0
6334 0.02757180784781329 0.1729751132639306 0
6335 0.0277177343686802 0.1729745096569953 0
6336 0.02784580398449694 0.1729739815326509 0
6337 0.02796088101961253 0.1729735083726201 0
6338 0.003115142779607592 0.1705035906651262 0
6339 0.005882221339102795 0.1704893476100268 0
6340 0.008316230561351999 0.170476826784538 0
6341 0.01044259267504389 0.1704658982317195 0
6342 0.01229292993383716 0.1704563983886367 0
6343 0.01390089856331921 0.1704481523418847 0
6344 0.01529909230582842 0.1704409903784888 0
6345 0.0165172223415395 0.1704347577310976 0
6346 0.01758134017030812 0.1704293187615664 0
6347 0.01851374662771313 0.1704245574844949 0
6348 0.01933327516173798 0.1704203760927571 0
6349 0.02005573357795736 0.1704166926351202 0
6350 0.02069437693999687 0.1704134385246291 0
6351 0.02126034724734383 0.1704105562210843 0
6352 0.02176017711855004 0.1704080125530298 0
6353 0.02221790712186556 0.1704056809032383 0
6354 0.02264163343726129 0.1704035194507419 0
6355 0.02303967361762328 0.1704014850606125 0
6356 0.02342057265183974 0.1703995332661158 0
6357 0.02379283252980087 0.1703976197224929 0
6358 0.02416420078649683 0.1703957040090576 0
6359 0.02454042459213599 0.1703937562775413 0
6360 0.02492364070622038 0.1703917658394153 0
6361 0.0253110196855482 0.1703897483977123 0
6362 0.02569462070446056 0.1703877468282485 0
6363 0.02606312086177527 0.170385821973396 0
6364 0.02640501309635297 0.1703840356108709 0
6365 0.02671180132995779 0.1703824334366981 0
6366 0.02697972180531361 0.1703810358996742 0
6367 0.02720958539254277 0.170379839046347 0
6368 0.02740540503485146 0.1703788218380743 0
6369 0.02757276445069595 0.1703779548462972 0
6370 0.02771754595901411 0.170377207034256 0
6371 0.02784518720042454 0.1703765497206883 0
6372 0.02796037283050066 0.1703759582259517 0
6373 0.003105924672644978 0.1680157121976701 0
6374 0.00586591989166558 0.1679988121959825 0
6375 0.008295918949119904 0.1679839418013986 0
6376 0.01042153808409363 0.1679709451931883 0
6377 0.0122740951651227 0.1679596296946542 0
6378 0.01388668506235058 0.1679497907365159 0
6379 0.015291265590045 0.1679412304036687 0
6380 0.01651694957216063 0.1679337683257693 0
6381 0.01758928220830441 0.1679272463127834 0
6382 0.01853016623554071 0.1679215288766155 0
6383 0.01935813995026817 0.1679165015099169 0
6384 0.02008880406524908 0.1679120680165513 0
6385 0.02073527707860265 0.1679081476572953 0
6386 0.02130861836048166 0.1679046724967606 0
6387 0.02181547300965799 0.1679016023672136 0
6388 0.02227900071440278 0.1678987921581868 0
6389 0.02270723464065949 0.1678961925118953 0
6390 0.02310837904096233 0.167893752822561 0
6391 0.02349081909300954 0.1678914211915203 0
6392 0.0238628687540123 0.1678891460421009 0
6393 0.02423210104223565 0.1678868803812318 0
6394 0.02460417240782384 0.1678845892682235 0
6395 0.02498130236127404 0.167882259468719 0
6396 0.02536099339218188 0.1678799075835742 0
6397 0.02573589590221169 0.1678775809148612 0
6398 0.0260954461581792 0.1678753470861523 0
6399 0.02642889328836906 0.1678732748524209 0
6400 0.02672832342652998 0.1678714149273111 0
6401 0.02699028948745615 0.1678697896531463 0
6402 0.02721566330767465 0.167868393944535 0
6403 0.02740833848878327 0.1678672035206223 0
6404 0.02757368842174728 0.1678661846896722 0
6405 0.02771736397662731 0.1678653019791201 0
6406 0.02784459145744554 0.167864522592588 0
6407 0.02795988197820734 0.1678638182573814 0
6408 0.003097033152591889 0.1656130299793934 0
6409 0.00585019630408922 0.1655936225398721 0
6410 0.008276327691775498 0.1655765303497165 0
6411 0.0104012304969891 0.1655615726633316 0
6412 0.01225592886601556 0.1655485297759052 0
6413 0.01387297615661206 0.165537170081077 0
6414 0.0152837167954649 0.1655272701526985 0
6415 0.01651668649048375 0.1655186265017126 0
6416 0.01759694213121328 0.1655110605334537 0
6417 0.01854600251228154 0.1655044190357541 0
6418 0.01938212128055234 0.1654985722340085 0
6419 0.02012069942932413 0.165493410821529 0
6420 0.02077472375703122 0.1654888427955885 0
6421 0.02135517395166594 0.1654847905185698 0
6422 0.02186880360553802 0.1654812069619482 0
6423 0.02233792282768234 0.165477931199535 0
6424 0.02277050401449394 0.1654749068452774 0
6425 0.02317464214865243 0.1654720764267213 0
6426 0.02355856828034915 0.1654693813070121 0
6427 0.02393041502287375 0.1654667634166318 0
6428 0.02429758709052487 0.1654641698689074 0
6429 0.0246656534541211 0.1654615610690122 0
6430 0.0250369134562098 0.1654589212036133 0
6431 0.02540918974478422 0.16545626707205 0
6432 0.0257757029504816 0.1654536490129489 0
6433 0.02612662152393266 0.1654511395907757 0
6434 0.02645192388570639 0.1654488126934459 0
6435 0.02674425765634717 0.1654467226504266 0
6436 0.02700048113547844 0.1654448929778518 0
6437 0.02722152493609159 0.1654433173963016 0
6438 0.02741116754843823 0.165441968783121 0
6439 0.02757457950965169 0.1654408098149292 0
6440 0.02771718847100771 0.1654398012652311 0
6441 0.0278440169175484 0.1654389068484404 0
6442 0.02795940859619717 0.1654380952236846 0
6443 0.00308846921671872 0.1632961228479609 0
6444 0.005835052328593222 0.1632743555145414 0
6445 0.0082574589618198 0.1632551681217411 0
6446 0.01038167215813279 0.1632383559843996 0
6447 0.01223843304042276 0.1632236743779515 0
6448 0.01385977335723656 0.1632108671367034 0
6449 0.01527644675436793 0.1631996878550429 0
6450 0.01651643312554014 0.1631899122593902 0
6451 0.01760431909262101 0.1631813433705883 0
6452 0.01856125370520199 0.1631738119308968 0
6453 0.01940521649366853 0.1631671742569878 0
6454 0.02015141612733379 0.1631613090135307 0
6455 0.02081271258570958 0.1631561137882424 0
6456 0.02140000883116235 0.1631515019129163 0
6457 0.02192016295095596 0.1631474196609785 0
6458 0.0223946668731555 0.1631436927484781 0
6459 0.02283143447734935 0.1631402582534148 0
6460 0.02323845552045778 0.1631370524121645 0
6461 0.02362381262730368 0.1631340105032396 0
6462 0.02399546377714628 0.1631310686561932 0
6463 0.02436065161202901 0.1631281687257726 0
6464 0.02472486087295901 0.1631252668783934 0
6465 0.02509046780430464 0.163122344708842 0
6466 0.02545560339890748 0.163119418597813 0
6467 0.02581403745100223 0.1631165406774973 0
6468 0.02615664352715825 0.1631137868014563 0
6469 0.02647410236190444 0.1631112343340545 0
6470 0.02675960227675893 0.163108939963397 0
6471 0.02701029563756343 0.1631069277383268 0
6472 0.02722716963958083 0.1631051901383536 0
6473 0.02741389190622329 0.1631036975696504 0
6474 0.02757543761761801 0.1631024096563126 0
6475 0.02771701946120737 0.1631012840421242 0
6476 0.02784346364308141 0.1631002815255332 0
6477 0.02795895273583411 0.163099368179099 0
6478 0.003080232437197033 0.1610651750752031 0
6479 0.005820487194927286 0.1610411926631565 0
6480 0.00823931178610565 0.1610200347807172 0
6481 0.01036286204865171 0.1610014738245136 0
6482 0.01222160677088173 0.1609852419752804 0
6483 0.01384707596925393 0.1609710608412636 0
6484 0.01526945508345705 0.1609586634073108 0
6485 0.01651618946397183 0.1609478067977062 0
6486 0.01761141348101031 0.1609382775401006 0
6487 0.01857592061591474 0.1609298919076455 0
6488 0.01942742680061026 0.1609224935902674 0
6489 0.02018095576562379 0.160915950251172 0
6490 0.02084924554578896 0.1609101498852729 0
6491 0.02144312533068033 0.1609049974416933 0
6492 0.02196955370940472 0.1609004326824028 0
6493 0.02244923578729044 0.1608962702076225 0
6494 0.02289002917805487 0.1608924410337869 0
6495 0.02329982245267008 0.160888875651784 0
6496 0.02368655550607134 0.1608855038682273 0
6497 0.02405801838502192 0.1608822566562236 0
6498 0.02442129788263209 0.1608790712029908 0
6499 0.02478179775418092 0.1608758998280301 0
6500 0.02514196821728532 0.1608727215399117 0
6501 0.02550023680883879 0.1608695517625352 0
6502 0.02585090144668142 0.1608664433204866 0
6503 0.026185513780355 0.1608634738871934 0
6504 0.02649542991691935 0.1608607228289362 0
6505 0.02677435812327733 0.1608582480752472 0
6506 0.02701973353089607 0.160856073642398 0
6507 0.0272325977283433 0.1608541907358104 0
6508 0.0274165117122964 0.1608525676315692 0
6509 0.02757626279303988 0.1608511614288482 0
6510 0.02771685693787918 0.1608499272093218 0
6511 0.02784293160342086 0.1608488233770073 0
6512 0.02795851437187597 0.1608478138569566 0
6513 0.003072321069016284 0.1589200032601084 0
6514 0.00580649780160684 0.1588939471876142 0
6515 0.008221882284535553 0.1588709410291077 0
6516 0.0103447961341882 0.1588507353104915 0
6517 0.01220544644049169 0.1588330409550314 0
6518 0.01383488125923255 0.1588175595323233 0
6519 0.01526274027624343 0.1588040056259387 0
6520 0.01651595545325327 0.1587921197888869 0
6521 0.01761822682590635 0.158781673818072 0
6522 0.01859000640626095 0.1587724709914564 0
6523 0.01944875698822626 0.1587643435766282 0
6524 0.02020932470851935 0.1587571492063454 0
6525 0.02088433050519315 0.1587507670605453 0
6526 0.02148453273209074 0.1587450943279666 0
6527 0.02201698650857827 0.1587400644661466 0
6528 0.02250164130830115 0.1587354829912795 0
6529 0.0229463007189138 0.1587312753133257 0
6530 0.02335875614442679 0.1587273666928508 0
6531 0.02374681041548986 0.1587236820363845 0
6532 0.0241180923122885 0.1587201477579601 0
6533 0.02447953896866761 0.158716696924686 0
6534 0.02483647637971974 0.1587132783771619 0
6535 0.02519142582138757 0.158709868560213 0
6536 0.02554309963458176 0.1587064814778296 0
6537 0.02588630293157548 0.1587031696814216 0
6538 0.02621323855644652 0.1587000113699266 0
6539 0.02651591119335723 0.1586970866113581 0
6540 0.02678852841317009 0.15869445359347 0
6541 0.02702879687599881 0.1586921358070077 0
6542 0.02723781038869951 0.1586901231632059 0
6543 0.02741902753966709 0.1586883821201806 0
6544 0.02757705521650151 0.158686867729718 0
6545 0.02771670086544258 0.1586855330240687 0
6546 0.02784242068206129 0.1586843344841536 0
6547 0.02795809340831679 0.1586832342852111 0
6548 0.003064732162144059 0.1568600847981347 0
6549 0.005793078914640985 0.1568320925124577 0
6550 0.00820516391808709 0.1568073572527023 0
6551 0.01032746762235858 0.1567856087382608 0
6552 0.012189945963499 0.1567665383812067 0
6553 0.01382318462945928 0.1567498297544451 0
6554 0.01525629979903765 0.1567351810887362 0
6555 0.01651573100503904 0.1567223182471506 0
6556 0.01762476170034903 0.1567109999309149 0
6557 0.01860351639658171 0.1567010177948923 0
6558 0.0194692151136113 0.1566921938111326 0
6559 0.02023653367171972 0.1566843764961362 0
6560 0.02091798071559594 0.156677436952629 0
6561 0.02152424667359582 0.1566712652041578 0
6562 0.02206247925997286 0.1566657886279137 0
6563 0.02255190322425084 0.1566608054855611 0
6564 0.02300027034816241 0.1566562360153731 0
6565 0.0234152788517778 0.156652000731957 0
6566 0.02380460011593574 0.1566480201730425 0
6567 0.02417570825960694 0.1566442167446943 0
6568 0.0245353968902798 0.156640519898519 0
6569 0.02488891743788425 0.1566368753404024 0
6570 0.02523885934641652 0.1566332569888904 0
6571 0.02558420812548147 0.1566296770355045 0
6572 0.02592025534161001 0.1566261869212258 0
6573 0.02623982838978398 0.1566228642419434 0
6574 0.02653555398161482 0.1566197886325774 0
6575 0.02680211854139258 0.1566170176828793 0
6576 0.02703748912617392 0.1566145739334027 0
6577 0.0272428096079844 0.1566124459928457 0
6578 0.02742144034794132 0.1566105987853814 0
6579 0.02757781519035649 0.1566089857447829 0
6580 0.02771655118433323 0.1566075583138036 0
6581 0.02784193068398096 0.1566062714733689 0
6582 0.02795768968445588 0.1566050860067876 0
6583 0.003057461675876847 0.1548845873542749 0
6584 0.005780223370115977 0.1548547918500984 0
6585 0.008189147741626749 0.1548284431648974 0
6586 0.01031086722516734 0.1548052512837139 0
6587 0.01217509702031433 0.1547848897608814 0
6588 0.01381197979546713 0.1547670260710796 0
6589 0.01525013018878761 0.1547513439843665 0
6590 0.01651551599857608 0.1547375564091459 0
6591 0.01763102162148179 0.1547254104613975 0
6592 0.01861645786008349 0.1547146874449105 0
6593 0.01948881219256406 0.1547052000862054 0
6594 0.02026259730777799 0.1546967886429007 0
6595 0.02095021429958243 0.1546893168376108 0
6596 0.02156228854428225 0.1546826680957514 0
6597 0.02210605646514617 0.1546767639520457 0
6598 0.02260004860638325 0.1546713970501953 0
6599 0.0230519671365413 0.1546664828705607 0
6600 0.02346942102509589 0.1546619376354316 0
6601 0.02385995574718653 0.1546576780052893 0
6602 0.02423089728280824 0.154653622884339 0
6603 0.02458890176834042 0.1546496985716993 0
6604 0.02493914922223704 0.1546458479591687 0
6605 0.02528429440090804 0.1546420424896505 0
6606 0.02562358449184465 0.1546382922153214 0
6607 0.0259527770354239 0.1546346467497411 0
6608 0.0262652976694444 0.154631182112874 0
6609 0.02655436891934999 0.154627976527044 0
6610 0.02681513587260947 0.1546250862469509 0
6611 0.02704581499445144 0.154622532502139 0
6612 0.02724759809801034 0.1546203026009784 0
6613 0.02742375144637642 0.1546183601907327 0
6614 0.02757854312708963 0.154616657470648 0
6615 0.02771640781329548 0.1546151447037084 0
6616 0.02784146134314697 0.1546137757480325 0
6617 0.02795730298108201 0.1546125103149358 0
6618 0.00305050459353038 0.152992398814206 0
6619 0.005767922277355795 0.1529609282403152 0
6620 0.008173822657421167 0.1529330779228263 0
6621 0.0102949834221294 0.1529085391844452 0
6622 0.01216088929315695 0.1528869692816415 0
6623 0.01380125896403502 0.1528680213491081 0
6624 0.01524422715117758 0.1528513664367041 0
6625 0.01651531028412497 0.1528367060920348 0
6626 0.0176370109508696 0.1528237772354064 0
6627 0.01862883981663654 0.1528123519941366 0
6628 0.01950756188717397 0.1528022348239679 0
6629 0.02028753379040609 0.152793258524796 0
6630 0.02098105373633661 0.1527852800954289 0
6631 0.02159868487691209 0.1527781769014248 0
6632 0.02214774851993209 0.1527718648835853 0
6633 0.02264611104017242 0.1527661325218237 0
6634 0.02310142715139936 0.1527608909309258 0
6635 0.02352122044389228 0.1527560524641682 0
6636 0.02391291594362882 0.152751530357741 0
6637 0.02428369791055263 0.1527472404767325 0
6638 0.02464009096882855 0.1527431063907294 0
6639 0.02498720682812042 0.1527390684749927 0
6640 0.02532776274519991 0.152735095758793 0
6641 0.02566125627478769 0.1527311958886479 0
6642 0.02598389077378544 0.1527274160453694 0
6643 0.0262896642314396 0.1527238298449753 0
6644 0.02657236919016722 0.1527205132622636 0
6645 0.02682758953268563 0.1527175205906553 0
6646 0.02705378032020386 0.1527148714470119 0
6647 0.02725217921834142 0.1527125518509449 0
6648 0.02742596245684565 0.1527105244041342 0
6649 0.02757923953765055 0.1527087404114424 0
6650 0.02771627065168038 0.1527071493184635 0
6651 0.02784101233003868 0.1527057041943784 0
6652 0.02795693302667266 0.1527043639625864 0
6653 0.003043855035837424 0.1511821572412983 0
6654 0.005756165219769905 0.1511491345907287 0
6655 0.00815917566574027 0.1511198902409807 0
6656 0.01027980272035855 0.1510940979169467 0
6657 0.01214731069897352 0.1510714000437683 0
6658 0.01379101300912627 0.1510514370385009 0
6659 0.01523858565759145 0.1510338688255007 0
6660 0.01651511368634183 0.1510183870496554 0
6661 0.01764273479596786 0.1510047197089327 0
6662 0.01864067282894854 0.1509926308347107 0
6663 0.01952548019699788 0.1509819175135773 0
6664 0.02031136440354386 0.1509724058337416 0
6665 0.02101052535320839 0.1509639466859976 0
6666 0.02163346674763775 0.1509564118852174 0
6667 0.02218759102656976 0.1509497120345533 0
6668 0.02269012986510211 0.1509436327332742 0
6669 0.02314869264016097 0.1509380811013137 0
6670 0.02357072136143411 0.1509329660165555 0
6671 0.02396352595949066 0.1509281977066727 0
6672 0.02433415527199543 0.1509236894189163 0
6673 0.02468900825693265 0.1509193623780292 0
6674 0.02503313135833961 0.1509151547178744 0
6675 0.02536930157282082 0.1509110331257244 0
6676 0.02569725572332974 0.1509070026314397 0
6677 0.02601362320502551 0.1509031074805253 0
6678 0.02631294895566354 0.1508994181906262 0
6679 0.02658957022582205 0.1508960077874756 0
6680 0.02683949020262243 0.1508929280791426 0
6681 0.02706139193733091 0.1508901968224233 0
6682 0.02725655690047313 0.1508877987679232 0
6683 0.027428075277241 0.1508856956787756 0
6684 0.02757990501992526 0.1508838382649957 0
6685 0.02771613958171635 0.1508821754728732 0
6686 0.02784058325908175 0.1508806598759797 0
6687 0.02795657950351944 0.150879249860263 0
6688 0.003037506371648134 0.1494522804247196 0
6689 0.005744940450901194 0.1494178233026696 0
6690 0.008145192109450104 0.1493872880859136 0
6691 0.01026530990840227 0.1493603319519895 0
6692 0.01213434761674776 0.1493365838689913 0
6693 0.01378123164358678 0.1493156730279893 0
6694 0.01523320003973839 0.1492972496833315 0
6695 0.01651492600757854 0.1492809969058281 0
6696 0.01764819891396487 0.1492666349334663 0
6697 0.01865196880364454 0.1492539206920546 0
6698 0.01954258515766413 0.1492426447301334 0
6699 0.02033411314030244 0.1492326271166406 0
6700 0.02103865882948654 0.1492237132102696 0
6701 0.02166666919011462 0.1492157697552633 0
6702 0.0222256241223163 0.1492087022783907 0
6703 0.02273214943264969 0.1492022946222615 0
6704 0.02319381123333699 0.1491964502611078 0
6705 0.02361797366983134 0.1491910749622213 0
6706 0.02401183681500957 0.1491860763249754 0
6707 0.02438232024533941 0.1491813653607084 0
6708 0.02473570297142381 0.1491768612977168 0
6709 0.02507696914790523 0.1491725002820034 0
6710 0.02540895280915133 0.1491682467384342 0
6711 0.02573161918648765 0.1491641029192656 0
6712 0.02604200436289084 0.1491601097258942 0
6713 0.02633517537259016 0.1491563340053323 0
6714 0.02660598941564461 0.1491528452547415 0
6715 0.02685084991749888 0.1491496923661245 0
6716 0.02706865754565042 0.1491468910382258 0
6717 0.02726073557385854 0.1491444247794407 0
6718 0.02743009204576769 0.1491422546986131 0
6719 0.02758054024748921 0.1491403311726963 0
6720 0.02771601447072462 0.1491386029256421 0
6721 0.02784017369590085 0.1491370222910927 0
6722 0.0279562420537044 0.1491355473367438 0
6723 0.003002108086291317 0.1478048571067441 0
6724 0.005678741976159242 0.1477725205645496 0
6725 0.008053176886240469 0.1477438460802462 0
6726 0.01015232027652069 0.147718509861236 0
6727 0.01200474163405307 0.1476961656186803 0
6728 0.01363871861802864 0.1476764693327184 0
6729 0.01508080993964073 0.1476590973686698 0
6730 0.01635505999874952 0.1476437566235566 0
6731 0.01748271801230907 0.1476301881809403 0
6732 0.01848229223452215 0.1476181667342782 0
6733 0.01936978271865046 0.1476074977511895 0
6734 0.02015898464548048 0.1475980137392992 0
6735 0.02086179890209246 0.1475895704119163 0
6736 0.02148851830985371 0.1475820431523763 0
6737 0.02204662398302464 0.1475753422301486 0
6738 0.02255200924566336 0.1475692715359219 0
6739 0.02301212665238141 0.1475637408255738 0
6740 0.02343419602177533 0.1475586624174187 0
6741 0.02382524445613332 0.1475539507278611 0
6742 0.02419200295302158 0.1475495236086675 0
6743 0.02454057693726441 0.1475453065272049 0
6744 0.02487584391870744 0.1475412401792341 0
6745 0.02520066465923061 0.1475372904469641 0
6746 0.02551522047707368 0.1475334567664 0
6747 0.02581695991293792 0.1475297728200034 0
6748 0.02610149016255943 0.1475262953318324 0
6749 0.02636420838348865 0.1475230835451668 0
6750 0.02660192995613569 0.1475201787369073 0
6751 0.02681377108021953 0.1475175931192528 0
6752 0.02700108137584271 0.1475153107015877 0
6753 0.02716676214191315 0.1475132958865562 0
6754 0.02731445325632646 0.1475115037192327 0
6755 0.027447900827062 0.1475098878597562 0
6756 0.02757059140830879 0.1475084051990709 0
6757 0.02768560544223045 0.1475070177139417 0
6758 0.002952092441593704 0.1462360481419591 0
6759 0.005584835237768257 0.1462076889412044 0
6760 0.007921736315727816 0.1461825258848796 0
6761 0.009989423719894289 0.1461602732183522 0
6762 0.01181585644854129 0.1461406288142896 0
6763 0.01342854824245053 0.1461232942832646 0
6764 0.01485327378524295 0.1461079896473532 0
6765 0.01611335400415415 0.1460944614915667 0
6766 0.01722941276608214 0.1460824858049683 0
6767 0.01821944014342137 0.1460718673651757 0
6768 0.01909901844296549 0.1460624372836158 0
6769 0.01988161185528712 0.1460540498268231 0
6770 0.02057886163815387 0.1460465791675458 0
6771 0.02120085789870286 0.146039916391705 0
6772 0.0217550405610113 0.1460339819052893 0
6773 0.02225652647424422 0.14602860941929 0
6774 0.02271261947548376 0.1460237200824045 0
6775 0.02313036315936584 0.1460192376366365 0
6776 0.02351658263901853 0.1460150879835801 0
6777 0.0238777939436956 0.1460112002346812 0
6778 0.02421990509565239 0.1460075100995439 0
6779 0.02454766589148765 0.1460039660956266 0
6780 0.02486394586038169 0.1460005376864695 0
6781 0.02516912788850787 0.1459972221177033 0
6782 0.02546106184763901 0.1459940449572478 0
6783 0.02573588664420376 0.1459910508736807 0
6784 0.02598953232111851 0.1459882867700015 0
6785 0.02621921915375483 0.1459857849497629 0
6786 0.02642427096333679 0.1459835539893749 0
6787 0.02660605480488492 0.1459815794279008 0
6788 0.02676735567367881 0.145979830805701 0
6789 0.02691163033289687 0.1459782700608623 0
6790 0.02704242724848756 0.1459768580581374 0
6791 0.02716305154749397 0.1459755583635827 0
6792 0.02727643148728119 0.1459743387540328 0
6793 0.002904622683959283 0.1447415194125712 0
6794 0.005495690604031487 0.1447169746944495 0
6795 0.00779691634439567 0.1446951834079902 0
6796 0.009834658241714351 0.1446758967566191 0
6797 0.01163629926021047 0.1446588545495225 0
6798 0.01322863563405116 0.1446438012765429 0
6799 0.0146367067579412 0.1446304978036288 0
6800 0.01588315528724965 0.1446187278099708 0
6801 0.01698801862523412 0.1446082999458345 0
6802 0.01796880050706296 0.1445990472091302 0
6803 0.01884069070642456 0.1445908248475398 0
6804 0.01961684192215637 0.1445835076869478 0
6805 0.02030865061319012 0.1445769874137061 0
6806 0.02092601532052162 0.1445711700733002 0
6807 0.02147633471606443 0.1445659860329187 0
6808 0.02197400203698728 0.1445612960840699 0
6809 0.02242618062810324 0.1445570322235702 0
6810 0.02283974830100816 0.1445531289789566 0
6811 0.02322134068582982 0.1445495230111936 0
6812 0.02357727247657474 0.1445461539223208 0
6813 0.02391326684566741 0.1445429669582686 0
6814 0.02423395359877063 0.1445399179972851 0
6815 0.02454220912529834 0.1445369801014201 0
6816 0.02483860229402761 0.1445341490177349 0
6817 0.02512135452906791 0.1445314435902322 0
6818 0.02538709742700508 0.1445288982790251 0
6819 0.02563225489069052 0.1445265494988883 0
6820 0.02585442229759237 0.1445244219858948 0
6821 0.02605311548308492 0.1445225213982501 0
6822 0.02622971700150712 0.1445208348586297 0
6823 0.02638690323258646 0.1445193366324344 0
6824 0.02652796033758278 0.1445179949051378 0
6825 0.02665625272713876 0.1445167770500603 0
6826 0.02677491655341692 0.1445156526692049 0
6827 0.02688673826703146 0.1445145948026251 0
6828 0.002859604758238174 0.1433190949380155 0
6829 0.005411134043640219 0.1432982058268156 0
6830 0.007678479794554602 0.1432796496489091 0
6831 0.009687740465379529 0.1432632134631431 0
6832 0.01146575580879318 0.1432486768866421 0
6833 0.01303864845148408 0.1432358246942274 0
6834 0.01443076850180391 0.1432244559558738 0
6835 0.015664122987363 0.143214389013173 0
6836 0.01675819955095486 0.1432054630712 0
6837 0.01773004568028473 0.1431975375942951 0
6838 0.01859448248040479 0.1431904905423809 0
6839 0.01936436965666996 0.143184216161975 0
6840 0.02005087298147674 0.1431786227497484 0
6841 0.02066371007868887 0.1431736305961528 0
6842 0.0212102385369392 0.1431691798341631 0
6843 0.0217041774821497 0.1431651558178446 0
6844 0.02215255761968402 0.1431615008687766 0
6845 0.02256210087845009 0.1431581596948916 0
6846 0.02293926521513216 0.1431550790345433 0
6847 0.02329017683394006 0.1431522082615254 0
6848 0.0236203858820106 0.1431495014986934 0
6849 0.02393440948198929 0.1431469215498264 0
6850 0.02423512920097135 0.1431444450755817 0
6851 0.02452328544299122 0.1431420669379896 0
6852 0.0247974434934344 0.1431398005058727 0
6853 0.02505469132316109 0.1431376716947456 0
6854 0.02529191036894803 0.1431357081005884 0
6855 0.02550704338896322 0.1431339281575678 0
6856 0.02569978373496784 0.1431323352476961 0
6857 0.02587152770768569 0.1431309181179576 0
6858 0.02602485028872028 0.1431296553768164 0
6859 0.02616287875068378 0.143128520864338 0
6860 0.02628880616099058 0.1431274878242757 0
6861 0.02640561134907338 0.1431265313083486 0
6862 0.02651594867525166 0.1431256291266348 0
6863 0.00281694389653083 0.1419665097017731 0
6864 0.005330989958698997 0.1419491214482307 0
6865 0.007566186724152079 0.1419336668792126 0
6866 0.009548382646942404 0.1419199677895471 0
6867 0.01130390549303459 0.1419078415699124 0
6868 0.01285824575326012 0.1418971108361501 0
6869 0.01423510761747439 0.1418876103874871 0
6870 0.01545590266935013 0.1418791909505663 0
6871 0.01653960339203141 0.1418717203104314 0
6872 0.01750282942284571 0.1418650827491703 0
6873 0.01836005575798383 0.1418591775951097 0
6874 0.01912386663623137 0.1418539174354163 0
6875 0.0198052105542966 0.141849226315227 0
6876 0.0204136343763904 0.1418450380834068 0
6877 0.02095645497953672 0.1418413024258044 0
6878 0.02144676367512312 0.1418379269497879 0
6879 0.02189146601548629 0.1418348637993586 0
6880 0.02229713742265095 0.1418320672895387 0
6881 0.02267006931805081 0.1418294935959472 0
6882 0.0230162115049334 0.1418271011930589 0
6883 0.02334095223042653 0.1418248524654472 0
6884 0.02364870284138982 0.1418227167317704 0
6885 0.023942348606247 0.1418206742359615 0
6886 0.02422278809037385 0.1418187194958317 0
6887 0.0244889047242554 0.1418168615214717 0
6888 0.02473820909772665 0.1418151191767315 0
6889 0.0249680064114333 0.1418135127377581 0
6890 0.02517656104342246 0.1418120554714899 0
6891 0.02536373041253111 0.1418107490553822 0
6892 0.02553092298242986 0.1418095838893429 0
6893 0.02568061910409537 0.1418085425719196 0
6894 0.02581579811311939 0.1418076040546569 0
6895 0.02593949361306921 0.1418067468680257 0
6896 0.02605453800095617 0.1418059509769844 0
6897 0.02616346263292666 0.1418051985095048 0
6898 0.002776545229374331 0.1406814311852589 0
6899 0.005255082341279713 0.1406673932842994 0
6900 0.007459796068185513 0.1406549101277734 0
6901 0.009416294746550201 0.140643837115849 0
6902 0.01115042382306762 0.1406340274701269 0
6903 0.01268708078748405 0.1406253393471454 0
6904 0.0140493647508095 0.1406176409575884 0
6905 0.01525812967729007 0.1406108132825199 0
6906 0.01633186547384074 0.1406047508372124 0
6907 0.01728679069754852 0.1405993611730763 0
6908 0.01813705553815429 0.1405945637197318 0
6909 0.01889498535506285 0.1405902883815417 0
6910 0.01957132409778781 0.140586474130478 0
6911 0.02017545754646214 0.1405830677148476 0
6912 0.02071466241447779 0.1405800281454585 0
6913 0.02120144545233548 0.1405772831693506 0
6914 0.02164259418692742 0.1405747942712343 0
6915 0.02204454640211405 0.1405725248305132 0
6916 0.02241343747752371 0.1405704398597894 0
6917 0.02275505217995792 0.1405685063084092 0
6918 0.0230746273126503 0.1405666942493118 0
6919 0.02337647496787039 0.1405649791289212 0
6920 0.02366348282750553 0.1405633447452888 0
6921 0.02393669525339675 0.1405617857455558 0
6922 0.02419528996677304 0.1405603077747255 0
6923 0.02443716883710341 0.1405589239790765 0
6924 0.02466002947075293 0.1405576486554411 0
6925 0.02486243395415789 0.1405564909166042 0
6926 0.02504439131123114 0.1405554512418592 0
6927 0.02520732074180578 0.1405545217016949 0
6928 0.02535361430506666 0.1405536885590561 0
6929 0.02548611362810298 0.1405529353803991 0
6930 0.02560770393992759 0.1405522454501415 0
6931 0.02572108137247892 0.1405516031565884 0
6932 0.02582866276531829 0.1405509945319563 0
6933 0.002738314326457685 0.1394614791490213 0
6934 0.005183235799095599 0.1394506454331307 0
6935 0.007359067100515058 0.1394410069151211 0
6936 0.009291186283223818 0.1394324514639014 0
6937 0.01100498462959586 0.1394248662784986 0
6938 0.01252480352072307 0.1394181428926816 0
6939 0.01387317541001984 0.1394121807596558 0
6940 0.01507043221140739 0.1394068891232702 0
6941 0.01613461190920808 0.1394021874979127 0
6942 0.01708155719160646 0.1393980052511943 0
6943 0.0179251135364973 0.1393942807201404 0
6944 0.01867736310503065 0.1393909601571277 0
6945 0.01934885736664637 0.1393879966782781 0
6946 0.0199488302224183 0.1393853492994151 0
6947 0.02048451892161016 0.139382986115766 0
6948 0.02096788602608213 0.1393808530831303 0
6949 0.02140560781482995 0.1393789205654019 0
6950 0.02180399281371614 0.1393771604929894 0
6951 0.02216903023678865 0.139375546153015 0
6952 0.02250635048767705 0.1393740523866474 0
6953 0.02282104874346137 0.1393726564213639 0
6954 0.02311734399230249 0.1393713394666954 0
6955 0.02339812521319719 0.1393700888333728 0
6956 0.02366457114510398 0.1393688997094914 0
6957 0.02391613169544772 0.139367775255097 0
6958 0.0241510709464837 0.1393667240859924 0
6959 0.02436744982113898 0.1393657557135529 0
6960 0.02456410594179103 0.1393648759969864 0
6961 0.02474118840229267 0.1393640846635956 0
6962 0.02490012585610388 0.139363375462238 0
6963 0.02504322800230281 0.1393627380201727 0
6964 0.02517320830355388 0.1393621600656529 0
6965 0.025292813956221 0.1393616291517918 0
6966 0.02540461431053571 0.1393611336438107 0
6967 0.02551091961044761 0.1393606631004536 0
6968 0.002702157670119079 0.1383042436458724 0
6969 0.005115276456007758 0.1382964723554145 0
6970 0.007263760723080435 0.1382895552219392 0
6971 0.009172767980020249 0.1382834114454123 0
6972 0.01086726203583292 0.1382779604351676 0
6973 0.01237106290993851 0.1382731250688162 0
6974 0.01370617251255087 0.1382688340139418 0
6975 0.01489243412632752 0.1382650229168741 0
6976 0.0159474626258561 0.1382616346722002 0
6977 0.01688674855251078 0.1382586191009723 0
6978 0.0177238516101258 0.1382559323234454 0
6979 0.01847062557176927 0.1382535360228041 0
6980 0.01913744085497264 0.1382513967142557 0
6981 0.01973338822896143 0.1382494850756647 0
6982 0.02026566630689887 0.1382477780357607 0
6983 0.02074573111337834 0.1382462379982881 0
6984 0.02118015411682655 0.1382448437645022 0
6985 0.0215751224960019 0.1382435753304973 0
6986 0.02193648858641234 0.1382424137312538 0
6987 0.02226973844395359 0.1382413411570044 0
6988 0.02257983482998566 0.1382403414931556 0
6989 0.02287090942407496 0.1382394013690561 0
6990 0.02314585154134105 0.1382385115558727 0
6991 0.0234059637619928 0.1382376681375209 0
6992 0.0236509477150348 0.1382368725647218 0
6993 0.02387940276026245 0.1382361299744052 0
6994 0.02408972617662819 0.1382354461511344 0
6995 0.02428101058079049 0.1382348244974554 0
6996 0.02445353446908912 0.1382342643794957 0
6997 0.02460873479843716 0.1382337612234394 0
6998 0.02474884445383689 0.1382333077447244 0
6999 0.02487645763153665 0.1382328954207146 0
7000 0.02499419313209316 0.1382325156321407 0
7001 0.02510450236205599 0.1382321603151222 0
7002 0.02520959635580069 0.138231822210656 0
7003 0.002667983065400696 0.1372073012802314 0
7004 0.005051032734105071 0.1372024551120906 0
7005 0.007173640591082969 0.1371981397061563 0
7006 0.009060753208747418 0.1371943044591678 0
7007 0.01073693220087407 0.1371908993071634 0
7008 0.01222550892476673 0.1371878765615661 0
7009 0.01354798866693509 0.1371851922090444 0
7010 0.01472375745339231 0.1371828065618982 0
7011 0.01577003411040587 0.1371806843818639 0
7012 0.01670197933547663 0.1371787946661615 0
7013 0.01753288489108462 0.1371771102603236 0
7014 0.01827439013746932 0.1371756074108131 0
7015 0.0189366952529238 0.137174265323119 0
7016 0.01952875617808569 0.137173065757478 0
7017 0.0200577338253724 0.1371719942169335 0
7018 0.02053461277050017 0.1371710279502147 0
7019 0.0209658657790393 0.137170153773306 0
7020 0.02135756614400919 0.1371693592894408 0
7021 0.02171543804843304 0.1371686327886155 0
7022 0.02204483259143296 0.1371679633052328 0
7023 0.02235058875277111 0.1371673409209807 0
7024 0.02263675635993131 0.1371667573620305 0
7025 0.02290622424329713 0.137166206798334 0
7026 0.02316040911182303 0.137165686512705 0
7027 0.02339924538454725 0.1371651969263595 0
7028 0.02362164275798449 0.1371647406245548 0
7029 0.0238263098985066 0.1371643205995074 0
7030 0.0240125754008307 0.1371639384988739 0
7031 0.02418083730655435 0.1371635936677481 0
7032 0.02433253984692477 0.1371632832007601 0
7033 0.02446984427450628 0.1371630026477229 0
7034 0.02459523380878662 0.1371627468599215 0
7035 0.02471120782785117 0.137162510645559 0
7036 0.02482010802520181 0.1371622891430886 0
7037 0.0249240531078859 0.1371620779625136 0
7038 0.002635699990796456 0.1361682297526094 0
7039 0.004990336024820234 0.1361661758885912 0
7040 0.007088474083822086 0.1361643462077041 0
7041 0.008954859244992733 0.1361627191766736 0
7042 0.01061367484528621 0.1361612736552314 0
7043 0.01208779433010198 0.1361599895953318 0
7044 0.01339825819809101 0.1361588485325203 0
7045 0.01456402465359098 0.1361578338249948 0
7046 0.01560194187329306 0.1361569306882714 0
7047 0.01652686166450118 0.1361561260991704 0
7048 0.01735182462787666 0.1361554086333372 0
7049 0.01808826888767041 0.136154768280369 0
7050 0.01874623460427119 0.1361541962621206 0
7051 0.01933455076374659 0.1361536848666525 0
7052 0.01986034160105598 0.1361532279058239 0
7053 0.02033415292247619 0.1361528160164502 0
7054 0.02076236458002367 0.1361524436252587 0
7055 0.02115094301278042 0.1361521055095794 0
7056 0.02150549244442789 0.1361517967534577 0
7057 0.02183123781679183 0.1361515127660798 0
7058 0.02213290241648204 0.1361512493965325 0
7059 0.02241445935241405 0.1361510031640477 0
7060 0.02267879627521269 0.1361507715676219 0
7061 0.02292743507560533 0.136150553344997 0
7062 0.02316052546102415 0.1361503484801997 0
7063 0.02337726438574082 0.1361501578202268 0
7064 0.02357664879475622 0.1361499823857965 0
7065 0.02375822566829546 0.1361498226844556 0
7066 0.02392250349082664 0.1361496783342061 0
7067 0.02407093284918151 0.1361495480823414 0
7068 0.02420560820158029 0.1361494300800155 0
7069 0.02432890950882571 0.1361493222119196 0
7070 0.0244432250768424 0.1361492223513957 0
7071 0.024550794546302 0.1361491285052771 0
7072 0.02465365070574885 0.1361490388680274 0
7073 0.002605219894047313 0.1351846207481034 0
7074 0.004933021257001802 0.1351852308645502 0
7075 0.007008033131629066 0.1351857745999089 0
7076 0.008854808345348065 0.1351862583753036 0
7077 0.01049717457125709 0.1351866884487756 0
7078 0.01195757624097283 0.1351870707298241 0
7079 0.01325661892709835 0.1351874106502157 0
7080 0.014412860610744 0.135187713103277 0
7081 0.01544280264256944 0.1351879824386112 0
7082 0.0163610076131871 0.1351882224921236 0
7083 0.01718028073939239 0.1351884366338327 0
7084 0.01791187132447 0.1351886278214532 0
7085 0.01856566916546262 0.1351887986527946 0
7086 0.01915038375397043 0.1351889514135985 0
7087 0.01967310374109574 0.1351890879545451 0
7088 0.0201439665833814 0.1351892109784108 0
7089 0.02056926470181613 0.1351893221367621 0
7090 0.02095486430376206 0.135189422972238 0
7091 0.02130625734149622 0.1351895149319532 0
7092 0.02162855083991571 0.1351895993637174 0
7093 0.02192635996528447 0.1351896774857771 0
7094 0.02220358593436189 0.1351897503248597 0
7095 0.02246311463550548 0.135189818632407 0
7096 0.02270656490449784 0.1351898828145685 0
7097 0.02293428556647967 0.1351899429308878 0
7098 0.02314573948909596 0.1351899987998204 0
7099 0.02334019052013676 0.1351900501878645 0
7100 0.02351738775878708 0.135190096997993 0
7101 0.0236779417317995 0.1351901393731069 0
7102 0.02382330856317125 0.1351901776913549 0
7103 0.02395552043162289 0.1351902124914702 0
7104 0.02407686122137269 0.1351902443830068 0
7105 0.02418961593262932 0.1351902739769432 0
7106 0.02429592927880862 0.1351903018464271 0
7107 0.02439775409476792 0.135190328512312 0
7108 0.002576774017699893 0.134254049464012 0
7109 0.004879528917231493 0.1342571623915382 0
7110 0.006932949684499765 0.1342599376670239 0
7111 0.008761408794222641 0.1342624081704187 0
7112 0.01038840243833154 0.1342646057255633 0
7113 0.01183597587061688 0.1342665602615621 0
7114 0.01312433023772794 0.1342682992347469 0
7115 0.01427165143892779 0.134269847368761 0
7116 0.01529411837301104 0.1342712266518344 0
7117 0.01620602468313063 0.1342724564972273 0
7118 0.01701995662242782 0.1342735539849609 0
7119 0.01774698776243729 0.1342745341287485 0
7120 0.01839686787847183 0.1342754101357173 0
7121 0.01897819510989454 0.1342761936432765 0
7122 0.01949802453644676 0.1342768941541309 0
7123 0.01996611489158897 0.1342775250782456 0
7124 0.0203886771377953 0.1342780948228311 0
7125 0.02077148421906538 0.134278611216222 0
7126 0.02111992371983734 0.1342790815780446 0
7127 0.02143899310987398 0.1342795127080988 0
7128 0.02173320710899683 0.1342799107505115 0
7129 0.02200640006863223 0.1342802809087512 0
7130 0.02226145598236609 0.1342806270579116 0
7131 0.02250008322026773 0.1342809514210055 0
7132 0.02272281477483305 0.1342812545667343 0
7133 0.02292935955023501 0.1342815359074973 0
7134 0.02311922835986402 0.13428179458889 0
7135 0.02329235729001682 0.1342820303756395 0
7136 0.02344945119486056 0.1342822441390819 0
7137 0.02359197117365973 0.1342824378376999 0
7138 0.02372189159345317 0.1342826141695414 0
7139 0.02384140724083663 0.1342827761537093 0
7140 0.02395270733270856 0.1342829268071679 0
7141 0.02405784856424927 0.1342830689626801 0
7142 0.02415870962239657 0.1342832052028339 0
7143 0.002574016123735492 0.1333710438573064 0
7144 0.004874654487073843 0.1333737108000322 0
7145 0.006926879092218846 0.1333760893070036 0
7146 0.008755118843842943 0.1333782076434732 0
7147 0.01038277777362641 0.1333800929880392 0
7148 0.01183173267578723 0.1333817708015181 0
7149 0.01312199439154883 0.1333832643975664 0
7150 0.01427157005323447 0.1333845947604492 0
7151 0.01529648748319421 0.1333857805623762 0
7152 0.01621092166293336 0.1333868383068467 0
7153 0.01702737096201947 0.1333877825339544 0
7154 0.0177568473593658 0.133388626043833 0
7155 0.01840906007154281 0.1333893801129792 0
7156 0.0189925827495116 0.1333900546913366 0
7157 0.01951450412381975 0.1333906579690249 0
7158 0.01998432048824427 0.1333912011262417 0
7159 0.02040822416500045 0.1333916913499654 0
7160 0.02079195445344524 0.1333921353124798 0
7161 0.02114085142420429 0.1333925392329284 0
7162 0.02145985662239826 0.1333929088744286 0
7163 0.02175343287406164 0.1333932494427286 0
7164 0.02202538760716798 0.1333935653673194 0
7165 0.02227862956864543 0.133393860001473 0
7166 0.02251496609164624 0.1333941353720897 0
7167 0.02273510632422835 0.133394392181418 0
7168 0.02293898528269804 0.1333946302009554 0
7169 0.02312633893741647 0.1333948489722359 0
7170 0.0232972766697177 0.1333950485045692 0
7171 0.02345259753377371 0.133395229659912 0
7172 0.02359378069327227 0.1333953941397827 0
7173 0.02372276491243717 0.1333955442145544 0
7174 0.02384168230795362 0.1333956823969572 0
7175 0.02395265315785941 0.1333958111902514 0
7176 0.02405767122030778 0.1333959329470435 0
7177 0.02415856350630237 0.1333960498191167 0
7178 0.0025714113891752 0.1325366494391746 0
7179 0.004870050882617999 0.1325389190688899 0
7180 0.006921145924596441 0.1325409439110566 0
7181 0.008749178641088016 0.1325427480972962 0
7182 0.01037746596886284 0.1325443546879692 0
7183 0.01182772557097743 0.1325457852054523 0
7184 0.01311978854651935 0.1325470593217733 0
7185 0.01427149319815994 0.1325481947361072 0
7186 0.01529872467948258 0.1325492072053716 0
7187 0.01621554592098675 0.1325501106709548 0
7188 0.01703437230984285 0.1325509174319871 0
7189 0.01776615767136793 0.1325516383312709 0
7190 0.01842057293136728 0.1325522829343909 0
7191 0.01900616862478484 0.1325528596927241 0
7192 0.01953006526441086 0.1325533756156118 0
7193 0.02000151133806004 0.1325538399691339 0
7194 0.02042668157538431 0.1325542588569038 0
7195 0.02081128351401771 0.1325546379294102 0
7196 0.02116061236608696 0.1325549824375617 0
7197 0.02147955687573294 0.1325552972355796 0
7198 0.02177253087355334 0.1325555867068672 0
7199 0.022043316369319 0.1325558545980848 0
7200 0.0222948454858167 0.1325561037898168 0
7201 0.02252901900205018 0.1325563361055759 0
7202 0.02274671239801841 0.1325565523161917 0
7203 0.02294807419106911 0.1325567524486412 0
7204 0.02313305294962547 0.132556936333081 0
7205 0.02330192168292286 0.1325571041472886 0
7206 0.02345556838909137 0.1325572567178045 0
7207 0.02359548928661681 0.132557395511687 0
7208 0.02372358952082708 0.132557522427946 0
7209 0.0238419420324841 0.1325576395455025 0
7210 0.02395260200481793 0.1325577489290675 0
7211 0.02405750376860414 0.1325578525209075 0
7212 0.02415842554072731 0.1325579521032648 0
7213 0.002568952527878768 0.1317486030313223 0
7214 0.004865705212042284 0.1317505201359355 0
7215 0.006915734110659554 0.1317522310159049 0
7216 0.00874357151984252 0.1317537561163282 0
7217 0.010372452109154 0.1317551148603764 0
7218 0.01182394329674686 0.1317563253113161 0
7219 0.01311770650056787 0.1317574039510496 0
7220 0.01427142065749167 0.1317583656026707 0
7221 0.01530083625886671 0.1317592234689625 0
7222 0.01621991047901303 0.1317599892432245 0
7223 0.01704098038943179 0.1317606732544708 0
7224 0.01777494493612997 0.1317612846211013 0
7225 0.01843143891329047 0.1317618313982069 0
7226 0.01901899104619632 0.1317623207114931 0
7227 0.01954475185020457 0.1317627585130479 0
7228 0.02001773594120762 0.1317631524311503 0
7229 0.02044410145344017 0.1317635076112679 0
7230 0.02082952595532689 0.1317638288040518 0
7231 0.02117926232851951 0.1317641204114926 0
7232 0.02149814949018085 0.1317643864936368 0
7233 0.0217905550349417 0.1317646307156512 0
7234 0.02206023698735967 0.1317648562239305 0
7235 0.02231014953420974 0.1317650654731123 0
7236 0.02254228164676065 0.1317652600822365 0
7237 0.02275766578303716 0.1317654408407889 0
7238 0.02295665195350617 0.1317656079484794 0
7239 0.02313938936656624 0.1317657614378762 0
7240 0.02330630545482858 0.1317659015948519 0
7241 0.02345837215598886 0.131766029191866 0
7242 0.0235971017822154 0.1317661454833099 0
7243 0.02372436774912056 0.1317662520467626 0
7244 0.02384218714849864 0.1317663505907259 0
7245 0.02395255372900052 0.1317664428067834 0
7246 0.02405734573581382 0.1317665302877004 0
7247 0.02415829533567419 0.1317666144997666 0
7248 0.0025666324566774 0.1310046983255772 0
7249 0.004861604943239648 0.131006304033723 0
7250 0.006910628028491274 0.131007737443581 0
7251 0.008738281280244776 0.1310090157281273 0
7252 0.01036772169730995 0.1310101551117111 0
7253 0.01182037490926113 0.1310111706315276 0
7254 0.01311574222560171 0.1310120759856984 0
7255 0.0142713522210862 0.1310128834890192 0
7256 0.01530282834148078 0.1310136041152222 0
7257 0.01622402799283055 0.1310142475927935 0
7258 0.01704721436986509 0.1310148225256661 0
7259 0.01778323465349051 0.1310153365192527 0
7260 0.01844168955966535 0.1310157963006661 0
7261 0.01903108724622173 0.131016207827907 0
7262 0.01955860653781775 0.1310165761111751 0
7263 0.02003304143247742 0.1310169073824597 0
7264 0.02046053441705696 0.1310172059434436 0
7265 0.02084673479543964 0.1310174757555634 0
7266 0.02119685552313482 0.1310177204794039 0
7267 0.02151568851889781 0.1310179434837066 0
7268 0.02180755776591312 0.1310181478086981 0
7269 0.02207619866631513 0.1310183360751964 0
7270 0.02232458622279382 0.1310185103561355 0
7271 0.02255479260154678 0.1310186720699362 0
7272 0.02276799834120428 0.1310188219874176 0
7273 0.02296474352360643 0.1310189604159355 0
7274 0.02314536662291038 0.131019087522145 0
7275 0.02331044074011387 0.1310192036529346 0
7276 0.02346101699260758 0.1310193095141203 0
7277 0.02359862287223844 0.1310194061683765 0
7278 0.02372510186199662 0.1310194949160749 0
7279 0.02384241836933383 0.1310195771505809 0
7280 0.02395250818990776 0.1310196542471999 0
7281 0.0240571966619836 0.1310197275021171 0
7282 0.02415817251216387 0.1310197981124699 0
7283 0.002564444308115575 0.1303027907015821 0
7284 0.004857737926311546 0.1303041227037028 0
7285 0.006905812533218376 0.1303053121136555 0
7286 0.008733292217665917 0.1303063732153506 0
7287 0.01036326067973995 0.1303073194331182 0
7288 0.01181700979982729 0.1303081631687678 0
7289 0.01311388987825988 0.1303089157018801 0
7290 0.01427128768524382 0.1303095871692524 0
7291 0.0153047068596958 0.1303101866078076 0
7292 0.01622791072980644 0.1303107220364221 0
7293 0.01705309283162281 0.1303112005553221 0
7294 0.01779105154002799 0.1303116284485322 0
7295 0.01845135544368576 0.1303120112811286 0
7296 0.01904249331303733 0.1303123539874756 0
7297 0.01957167067255314 0.1303126607432741 0
7298 0.02004747349736602 0.1303129365949948 0
7299 0.02047602952741522 0.1303131851047955 0
7300 0.02086296142158324 0.1303134095450926 0
7301 0.0212134444936971 0.1303136129318157 0
7302 0.02153222635173321 0.1303137980345341 0
7303 0.02182358986117069 0.130313967352042 0
7304 0.0220912490964949 0.1303141230470511 0
7305 0.02233819869009994 0.130314266852476 0
7306 0.02256658925416971 0.1303143999938342 0
7307 0.02277774095298598 0.1303145231964289 0
7308 0.02297237308615378 0.1303146368250164 0
7309 0.02315100258525311 0.1303147411270807 0
7310 0.02331433990034634 0.1303148364745941 0
7311 0.02346351080560981 0.1303149234991661 0
7312 0.02360005710419934 0.1303150030917606 0
7313 0.02372579405430802 0.130315076314662 0
7314 0.02384263638633012 0.1303151442942379 0
7315 0.02395246525137286 0.1303152081388243 0
7316 0.02405705610134507 0.1303152688939838 0
7317 0.02415805670290547 0.1303153275285094 0
7318 0.002562381440202639 0.1296408010453405 0
7319 0.004854092410771395 0.1296418938097497 0
7320 0.00690127297840388 0.1296428698533849 0
7321 0.008728589144849128 0.1296437409242348 0
7322 0.01035905546623246 0.1296445180088029 0
7323 0.01181383770980632 0.1296452112255016 0
7324 0.01311214380811879 0.1296458297632407 0
7325 0.01427122685299444 0.1296463818770809 0
7326 0.01530647754980072 0.1296468749295171 0
7327 0.01623157055166245 0.1296473154594224 0
7328 0.01705863374055352 0.1296477092630304 0
7329 0.01779841949444119 0.129648061476355 0
7330 0.01846046612657416 0.1296483766530568 0
7331 0.01905324413999468 0.1296486588350207 0
7332 0.01958398423052257 0.1296489114630937 0
7333 0.02006107630813437 0.129649138581899 0
7334 0.02049063422033386 0.1296493431089519 0
7335 0.02087825551825346 0.1296495277182597 0
7336 0.02122908004261287 0.1296496948680515 0
7337 0.0215478136419819 0.1296498468111394 0
7338 0.02183870043144748 0.1296499855795439 0
7339 0.02210543438687987 0.1296501129387329 0
7340 0.02235102864400321 0.1296502303207037 0
7341 0.02257770775222896 0.1296503387687281 0
7342 0.02278692347435044 0.1296504389443684 0
7343 0.02297956402343233 0.129650531231923 0
7344 0.02315631452724454 0.1296506159190512 0
7345 0.02331801488678658 0.1296506933761556 0
7346 0.02346586123918557 0.1296507641571213 0
7347 0.02360140887463447 0.1296508290001939 0
7348 0.02372644644803197 0.1296508887641357 0
7349 0.02384284186787172 0.1296509443501657 0
7350 0.02395242478175086 0.1296509966423482 0
7351 0.02405692362293372 0.129651046475463 0
7352 0.02415794755280645 0.1296510946254893 0
7353 0.002560437443488888 0.1290167186673323 0
7354 0.004850657058015083 0.1290176036500549 0
7355 0.006896995231540142 0.1290183943050439 0
7356 0.008724157407931012 0.1290191001690785 0
7357 0.01035509294425962 0.1290197301192122 0
7358 0.01181084874139127 0.1290202923071333 0
7359 0.01311049856362011 0.1290207941250188 0
7360 0.0142711695343039 0.1290212422115808 0
7361 0.01530814594599722 0.1290216424901476 0
7362 0.01623501890206686 0.1290220002258835 0
7363 0.01706385442909271 0.1290223200909419 0
7364 0.01780536157257835 0.1290226062299682 0
7365 0.01846905012670758 0.1290228623216935 0
7366 0.0190633733891909 0.1290230916347057 0
7367 0.01959558577692289 0.1290232969671694 0
7368 0.02007389247771796 0.1290234815216808 0
7369 0.02050439425679077 0.1290236476573038 0
7370 0.02089266501540829 0.1290237975314574 0
7371 0.02124381117798075 0.1290239331227142 0
7372 0.02156249925361512 0.1290240562407629 0
7373 0.02185293685237398 0.1290241685175136 0
7374 0.02211879901714793 0.1290242713760143 0
7375 0.02236311631836188 0.1290243659838727 0
7376 0.02258818296561488 0.1290244532149344 0
7377 0.02279557470578413 0.1290245336558225 0
7378 0.022986338890983 0.1290246076827773 0
7379 0.02316131911169503 0.1290246755934462 0
7380 0.02332147722801654 0.1290247377376685 0
7381 0.02346807566714473 0.1290247945913123 0
7382 0.02360268242455725 0.1290248467578349 0
7383 0.02372706109007694 0.1290248949229817 0
7384 0.02384303545869587 0.1290249397991494 0
7385 0.02395238665405457 0.1290249820830363 0
7386 0.02405679881103394 0.1290250224331205 0
7387 0.02415784471933916 0.1290250614634549 0
7388 0.002558606145765206 0.1284286034150099 0
7389 0.004847420949588239 0.1284293092624542 0
7390 0.006892965684303476 0.1284299400257461 0
7391 0.008719982897031124 0.1284305033282458 0
7392 0.01035136048842084 0.1284310062347462 0
7393 0.01180803336471564 0.1284314552146961 0
7394 0.0131089488959769 0.1284318561266977 0
7395 0.01427111554620994 0.1284322142305277 0
7396 0.01530971737644813 0.1284325342210061 0
7397 0.01623826679847392 0.1284328202746747 0
7398 0.01706877158391647 0.1284330761014376 0
7399 0.01781189997102906 0.1284333049958675 0
7400 0.01847713489933771 0.1284335098852266 0
7401 0.01907291346754685 0.1284336933729067 0
7402 0.01960651243864503 0.1284338576993855 0
7403 0.02008596302947751 0.1284340053640959 0
7404 0.02051735369045718 0.1284341382458016 0
7405 0.02090623605448333 0.1284342580590977 0
7406 0.02125768507886482 0.1284343663728522 0
7407 0.02157633022668128 0.1284344646193325 0
7408 0.02186634473096099 0.1284345540897893 0
7409 0.02213138580623625 0.1284346359141602 0
7410 0.02237450044461154 0.1284347110296509 0
7411 0.02259804846191942 0.128434780155005 0
7412 0.0228037223720078 0.1284348437963666 0
7413 0.02299271940173745 0.1284349023027366 0
7414 0.02316603237886791 0.1284349559601835 0
7415 0.02332473802184785 0.1284350050852539 0
7416 0.0234701611877459 0.1284350500780335 0
7417 0.02360388183648617 0.128435091424031 0
7418 0.02372763995084902 0.1284351296628647 0
7419 0.02384321777944155 0.1284351653495914 0
7420 0.02395235074604345 0.1284351990253887 0
7421 0.02405668126546985 0.1284352312022247 0
7422 0.02415774787278047 0.1284352623590385 0
7423 0.002556881614667825 0.1278745870697769 0
7424 0.004844373591748744 0.1278751398135171 0
7425 0.006889171258192162 0.1278756338702879 0
7426 0.008716052052055152 0.1278760752224166 0
7427 0.01034784596560337 0.1278764693909066 0
7428 0.01180538242172852 0.1278768214181447 0
7429 0.01310748976129869 0.1278771358644244 0
7430 0.01427106471289597 0.1278774168226763 0
7431 0.01531119696113468 0.1278776679475708 0
7432 0.01624132482770462 0.1278778924928408 0
7433 0.01707340123926282 0.1278780933514799 0
7434 0.017818056018257 0.1278782730952268 0
7435 0.01848474682564061 0.1278784340113546 0
7436 0.01908189551390007 0.1278785781359175 0
7437 0.01961679988950486 0.1278787072298489 0
7438 0.02009732738089856 0.1278788232098921 0
7439 0.02052955485021278 0.1278789275452368 0
7440 0.02091901297009963 0.1278790215740473 0
7441 0.02127074707661408 0.1278791065180927 0
7442 0.02158935175870533 0.1278791834907682 0
7443 0.02187896788759251 0.1278792534956123 0
7444 0.0221432358954631 0.1278793174137337 0
7445 0.02238521823652662 0.1278793759834385 0
7446 0.02260733649325573 0.1278794297836521 0
7447 0.02281139311111297 0.1278794792389868 0
7448 0.02299872641752762 0.1278795246588647 0
7449 0.0231704697402191 0.127879566303243 0
7450 0.02332780793099785 0.1278796044477131 0
7451 0.02347212462093489 0.127879639420747 0
7452 0.02360501103285836 0.1278796716056445 0
7453 0.02372818492348702 0.1278797014195709 0
7454 0.02384338942640871 0.1278797292874846 0
7455 0.023952316940271 0.1278797556224723 0
7456 0.02405657060176052 0.1278797808156878 0
7457 0.02415765669633958 0.1278798052341956 0
7458 0.002555258158450905 0.1273528741132562 0
7459 0.004841504916789709 0.1273532973564053 0
7460 0.006885599406128151 0.127353675742207 0
7461 0.008712351864313825 0.1273540138604464 0
7462 0.01034453773639918 0.1273543159304049 0
7463 0.01180288712724385 0.1273545857959268 0
7464 0.01310611632115999 0.1273548269290115 0
7465 0.01427101686571066 0.127355042444929 0
7466 0.0153125896112942 0.1273552351263678 0
7467 0.01624420314479604 0.1273554074525664 0
7468 0.01707775877520485 0.1273555616299204 0
7469 0.0178238501723208 0.1273556996217146 0
7470 0.01849191120991701 0.1273558231757051 0
7471 0.01909034939572 0.1273559338490194 0
7472 0.01962648234649965 0.127356032994671 0
7473 0.02010802333947564 0.1273561220510737 0
7474 0.02054103833574726 0.1273562021417228 0
7475 0.02093103828547878 0.1273562742880052 0
7476 0.02128304065019744 0.1273563394205394 0
7477 0.02160160720006187 0.1273563983859471 0
7478 0.02189084835156533 0.1273564519471448 0
7479 0.02215438874436646 0.1273565007761124 0
7480 0.02239530538648183 0.1273565454413476 0
7481 0.02261607799304169 0.127356586397749 0
7482 0.02281861247192545 0.1273566239908405 0
7483 0.02300437994703628 0.1273566584836212 0
7484 0.02317464597689373 0.1273566901010822 0
7485 0.02333069718205598 0.1273567190742438 0
7486 0.02347397250768703 0.1273567456655684 0
7487 0.02360607377565308 0.1273567701707924 0
7488 0.02372869782368135 0.1273567929054429 0
7489 0.02384355097150141 0.1273568141879132 0
7490 0.02395228512409593 0.1273568343267832 0
7491 0.02405646645115627 0.1273568536145169 0
7492 0.02415757088618787 0.1273568723264142 0
7493 0.002553730325170285 0.1268617419420051 0
7494 0.004838805281553621 0.1268620570368254 0
7495 0.006882238110559722 0.1268623387925398 0
7496 0.00870886987451509 0.1268625906324727 0
7497 0.01034142465327735 0.1268628156920082 0
7498 0.01180053906754097 0.1268630168207458 0
7499 0.01310482394182016 0.1268631965895621 0
7500 0.01427097184314039 0.1268633573045564 0
7501 0.01531390003022721 0.1268635010263335 0
7502 0.01624691147468266 0.1268636295920806 0
7503 0.01708185892021328 0.1268637446382304 0
7504 0.01782930202430165 0.126863847622245 0
7505 0.01849865228385233 0.1268639398427368 0
7506 0.01909830371415737 0.1268640224576155 0
7507 0.01963559257561395 0.1268640964774264 0
7508 0.02011808710914904 0.1268641629525102 0
7509 0.02055184302449464 0.1268642227182443 0
7510 0.02094235271972834 0.1268642765327395 0
7511 0.02129460743367612 0.1268643250853793 0
7512 0.02161313806144911 0.1268643690023021 0
7513 0.02190202636835937 0.1268644088476201 0
7514 0.02216488213755393 0.1268644451197156 0
7515 0.02240479607167161 0.1268644782440442 0
7516 0.02262430258141147 0.1268645085674095 0
7517 0.02282540491849252 0.1268645363613504 0
7518 0.02300969914932486 0.1268645618399509 0
7519 0.02317857524234163 0.126864585188906 0
7520 0.02333341556729905 0.1268646065942309 0
7521 0.02347571111117153 0.1268646262590017 0
7522 0.0236070736670629 0.1268646444049573 0
7523 0.02372918038999864 0.1268646612642636 0
7524 0.02384370296233015 0.1268646770690451 0
7525 0.02395225518966195 0.1268646920436125 0
7526 0.02405636846057261 0.1268647064007552 0
7527 0.02415749015140446 0.1268647203413833 0
7528 0.002552292900502121 0.1263995406039809 0
7529 0.004836265463533686 0.1263997668205313 0
7530 0.006879075878558891 0.1263999691398695 0
7531 0.008705594167641812 0.1264001500239887 0
7532 0.01033849605597068 0.1264003117199719 0
7533 0.01179833019686284 0.126400456265482 0
7534 0.0131036081922855 0.1264005854967993 0
7535 0.01427092949074149 0.126400701060653 0
7536 0.01531513271527967 0.1264008044289491 0
7537 0.01624945911630766 0.1264008969148812 0
7538 0.01708571575739995 0.1264009796891185 0
7539 0.01783443030662768 0.1264010537952082 0
7540 0.018504993216834 0.1264011201637395 0
7541 0.01910578581624418 0.1264011796251099 0
7542 0.01964416190581827 0.1264012329070253 0
7543 0.02012755330579511 0.1264012807496795 0
7544 0.0205620060882902 0.1264013237521142 0
7545 0.02095299520531079 0.1264013624570547 0
7546 0.02130548723408791 0.1264013973571046 0
7547 0.02162398403174307 0.1264014288989818 0
7548 0.02191254041697063 0.1264014574850691 0
7549 0.02217475220099831 0.1264014834718925 0
7550 0.02241372296887108 0.1264015071664024 0
7551 0.02263203857802714 0.1264015288230861 0
7552 0.02283179384068035 0.1264015486465622 0
7553 0.02301470234214463 0.1264015668028936 0
7554 0.02318227106846526 0.1264015834376991 0
7555 0.02333597244894993 0.1264015986940091 0
7556 0.02347734641947805 0.1264016127228104 0
7557 0.02360801415106318 0.126401625684358 0
7558 0.02372963428463977 0.1264016377434803 0
7559 0.02384384592245093 0.1264016490635053 0
7560 0.02395222703385069 0.1264016598018083 0
7561 0.02405627629243602 0.1264016701078148 0
7562 0.02415741421384907 0.1264016801230294 0
7563 0.002550940904400717 0.1259646921241568 0
7564 0.004833876654923924 0.1259648468098953 0
7565 0.006876101734364485 0.1259649851793054 0
7566 0.008702513365182856 0.1259651089186392 0
7567 0.01033574176449522 0.1259652195619216 0
7568 0.01179625283212828 0.1259653184972439 0
7569 0.01310246484138787 0.1259654069741701 0
7570 0.0142708896610381 0.1259654861129996 0
7571 0.0153162919608233 0.1259655569154055 0
7572 0.01625185494879812 0.1259656202756211 0
7573 0.01708934273388705 0.1259656769914548 0
7574 0.01783925290555604 0.1259657277746689 0
7575 0.01851095613141194 0.1259657732604854 0
7576 0.0191128218131644 0.1259658140161447 0
7577 0.01965222025002314 0.1259658505406675 0
7578 0.02013645498040184 0.1259658833312594 0
7579 0.02057156301828058 0.1259659127970903 0
7580 0.02096300291415636 0.1259659393082774 0
7581 0.02131571805816924 0.1259659632001634 0
7582 0.02163418300466252 0.1259659847764046 0
7583 0.0219224272357848 0.1259660043104675 0
7584 0.02218403342634982 0.12596602204532 0
7585 0.02242211727644623 0.1259660381918206 0
7586 0.0226393130211711 0.1259660529275312 0
7587 0.02283780156995669 0.1259660663985959 0
7588 0.02301940701430758 0.1259660787265285 0
7589 0.02318574637476566 0.1259660900188228 0
7590 0.0233383767655097 0.125966100379388 0
7591 0.02347888414966933 0.1259661099148107 0
7592 0.02360889851574421 0.125966118735356 0
7593 0.02373006109456593 0.125966126952541 0
7594 0.0238439803517199 0.1259661346759104 0
7595 0.02395220055821188 0.125966142010717 0
7596 0.02405618962445507 0.1259661490569853 0
7597 0.02415734280797337 0.1259661559097147 0
7598 0.002549669586780965 0.1255556894808491 0
7599 0.004831630454946138 0.1255557882112167 0
7600 0.006873305209779958 0.1255558765421582 0
7601 0.008699616615141749 0.1255559555516007 0
7602 0.01033315207018272 0.1255560262171427 0
7603 0.011794299646145 0.1255560894215962 0
7604 0.013101389854038 0.1255561459588627 0
7605 0.01427085221339133 0.1255561965405486 0
7606 0.01531738186207338 0.1255562418030971 0
7607 0.01625410743937145 0.125556282315029 0
7608 0.01709275267279817 0.1255563185839416 0
7609 0.0178437868771427 0.1255563510630398 0
7610 0.0185165621230726 0.1255563801570963 0
7611 0.01911943660361628 0.1255564062278116 0
7612 0.01965979613186623 0.1255564295945454 0
7613 0.0201448236486898 0.1255564505692782 0
7614 0.02058054765675494 0.1255564694128975 0
7615 0.02097241129102444 0.125556486361038 0
7616 0.0213253361464879 0.1255565016268375 0
7617 0.02164377111282152 0.1255565154030236 0
7618 0.02193172185561208 0.1255565278631306 0
7619 0.02219275870196969 0.1255565391617419 0
7620 0.02243000874244194 0.1255565494340221 0
7621 0.02264615169210392 0.1255565587954321 0
7622 0.02284344939952089 0.1255565673429913 0
7623 0.02302382984146029 0.12555657515904 0
7624 0.02318901348000153 0.1255565823169453 0
7625 0.02334063703982807 0.1255565888866972 0
7626 0.02348032975294521 0.1255565949383336 0
7627 0.02360972989628221 0.1255566005426436 0
7628 0.02373046233293299 0.1255566057700886 0
7629 0.02384410672674539 0.1255566106893024 0
7630 0.02395217566887418 0.1255566153660467 0
7631 0.02405610814932883 0.1255566198628709 0
7632 0.02415727568058069 0.125556624239352 0
7633 0.002548474422392643 0.1251710952886178 0
7634 0.004829518860749641 0.1251711520087133 0
7635 0.006870676332794805 0.1251712027623412 0
7636 0.008696893580205634 0.1251712481696578 0
7637 0.01033071772506827 0.1251712887914687 0
7638 0.01179246365958212 0.1251713251332379 0
7639 0.0131003793867959 0.1251713576490839 0
7640 0.01427081701384455 0.1251713867459607 0
7641 0.01531840631959917 0.1251714127879399 0
7642 0.0162562246526739 0.1251714361004252 0
7643 0.01709595778741798 0.1251714569741552 0
7644 0.01784804846609606 0.1251714756689063 0
7645 0.0185218312835798 0.1251714924168581 0
7646 0.01912565390138431 0.1251715074256171 0
7647 0.01966691671732185 0.1251715208791147 0
7648 0.02015268932606097 0.1251715329536809 0
7649 0.02058899223469689 0.1251715437990475 0
7650 0.02098125409285612 0.1251715535502626 0
7651 0.02133437601370071 0.1251715623292865 0
7652 0.02165278276788764 0.1251715702462537 0
7653 0.02194045763864 0.1251715774003131 0
7654 0.02220095934951859 0.1251715838800048 0
7655 0.02243742569769269 0.1251715897632946 0
7656 0.02265257914377341 0.1251715951176653 0
7657 0.0228487576080261 0.1251716000008759 0
7658 0.02302798670467011 0.1251716044628158 0
7659 0.02319208411592472 0.1251716085482059 0
7660 0.02334276138860994 0.1251716122992376 0
7661 0.0234816884207249 0.1251716157572329 0
7662 0.02361051127843852 0.1251716189630816 0
7663 0.02373083944078083 0.1251716219568764 0
7664 0.02384422550142007 0.1251716247773529 0
7665 0.02395215227644044 0.1251716274615244 0
7666 0.02405603157440367 0.1251716300446265 0
7667 0.02415721259054324 0.1251716325603141 0
7668 0.002547351105036481 0.1248095402381282 0
7669 0.004827534257148975 0.1248095673956563 0
7670 0.006868205614760229 0.1248095917000269 0
7671 0.008694334424417324 0.1248096134485722 0
7672 0.01032842992994025 0.1248096329094357 0
7673 0.01179073823193381 0.124809650323864 0
7674 0.013099429782886 0.1248096659083992 0
7675 0.01427078393494946 0.1248096798570527 0
7676 0.01531936904439736 0.124809692343438 0
7677 0.01625821426128253 0.1248097035228138 0
7678 0.01709896969711341 0.124809713533992 0
7679 0.01785205312697341 0.124809722501089 0
7680 0.01852678272721264 0.1248097305351095 0
7681 0.0191314962663301 0.1248097377353708 0
7682 0.01967360785022688 0.1248097441901466 0
7683 0.02016008056687432 0.1248097499825568 0
7684 0.02059692741398224 0.1248097551842269 0
7685 0.02098956343299177 0.1248097598596723 0
7686 0.02134287049378451 0.1248097640670686 0
7687 0.0216612507056976 0.1248097678588841 0
7688 0.02194866632219133 0.1248097712823452 0
7689 0.02220866516505449 0.1248097743797247 0
7690 0.02244439509301045 0.1248097771884941 0
7691 0.02265861873305576 0.1248097797414824 0
7692 0.02285374548621745 0.1248097820672554 0
7693 0.02303189271129362 0.1248097841908642 0
7694 0.02319496944270134 0.1248097861348795 0
7695 0.02334475753308753 0.1248097879203955 0
7696 0.02348296509147469 0.1248097895676859 0
7697 0.02361124550248728 0.1248097910964286 0
7698 0.02373119378892926 0.1248097925256458 0
7699 0.02384433710751824 0.1248097938735711 0
7700 0.02395213029587003 0.1248097951575815 0
7701 0.024055959621288 0.1248097963942331 0
7702 0.02415715330848459 0.1248097975993822 0
7703 0.002546295541255678 0.1244697213381554 0
7704 0.004825669405436031 0.1244697300078827 0
7705 0.006865884036413674 0.124469737767848 0
7706 0.008691929798655957 0.1244697447130916 0
7707 0.01032628032132582 0.1244697509291043 0
7708 0.01178911705168061 0.1244697564926701 0
7709 0.01309853756677091 0.1244697614726508 0
7710 0.01427075285557664 0.1244697659307305 0
7711 0.01532027356341294 0.1244697699221222 0
7712 0.01626008355713201 0.1244697734962268 0
7713 0.01710179944465475 0.1244697766972406 0
7714 0.01785581554723865 0.1244697795647067 0
7715 0.0185314346193049 0.1244697821340134 0
7716 0.0191369851380989 0.1244697844368412 0
7717 0.01967989409091688 0.1244697865014329 0
7718 0.02016702450715725 0.124469788353931 0
7719 0.0206043823332652 0.1244697900171816 0
7720 0.02099736982925093 0.1244697915117368 0
7721 0.02135085078921521 0.1244697928561026 0
7722 0.02166920603530805 0.1244697940669499 0
7723 0.02195637806629571 0.1244697951592812 0
7724 0.02221590446370972 0.1244697961465555 0
7725 0.02245094253960868 0.1244697970407777 0
7726 0.0226642926557998 0.1244697978525838 0
7727 0.02285843136588401 0.1244697985913663 0
7728 0.02303556221765645 0.1244697992654722 0
7729 0.02319768006567006 0.1244697998824545 0
7730 0.02334663281061753 0.1244698004493154 0
7731 0.02348416445812689 0.1244698009726739 0
7732 0.02361193526748315 0.1244698014588417 0
7733 0.02373152668003815 0.1244698019138393 0
7734 0.02384444195534483 0.1244698023433935 0
7735 0.02395210964635092 0.1244698027529483 0
7736 0.02405589202543375 0.1244698031476945 0
7737 0.0241570976164348 0.1244698035326167 0
7738 0.002545303843621256 0.1241504 0
7739 0.004823917431476048 0.1241504 0
7740 0.006863703033013291 0.1241504 0
7741 0.008689670825197043 0.1241504 0
7742 0.01032426095765422 0.1241504 0
7743 0.01178759412583111 0.1241504 0
7744 0.01309769943838436 0.1241504 0
7745 0.01427072366071437 0.1241504 0
7746 0.01532112322540516 0.1241504 0
7747 0.01626183946365433 0.1241504 0
7748 0.01710445751461602 0.1241504 0
7749 0.01785934967175463 0.1241504 0
7750 0.01853580420655799 0.1241504 0
7751 0.01914214087191865 0.1241504 0
7752 0.01968579875725868 0.1241504 0
7753 0.02017354690996389 0.1241504 0
7754 0.02061138465670607 0.1241504 0
7755 0.02100470225498714 0.1241504 0
7756 0.0213583465231874 0.1241504 0
7757 0.02167667829107669 0.1241504 0
7758 0.02196362150419796 0.1241504 0
7759 0.02222270412712375 0.1241504 0
7760 0.02245709235201761 0.1241504 0
7761 0.02266962198402905 0.1241504 0
7762 0.02286283265059203 0.1241504 0
7763 0.02303900885312716 0.1241504 0
7764 0.02320022605312977 0.1241504 0
7765 0.02334839418698986 0.1241504 0
7766 0.02348529097595382 0.1241504 0
7767 0.02361258313579051 0.1241504 0
7768 0.02373183935079375 0.1241504 0
7769 0.02384454043442409 0.1241504 0
7770 0.02395209025116413 0.1241504 0
7771 0.02405582853569215 0.1241504 0
7772 0.0241570453074644 0.1241504 0
7773 0.003000000000000001 0.3396108000000001 0
7774 0.005610196620896105 0.3396108000000001 0
7775 0.007796719470929337 0.3396108000000001 0
7776 0.009570888750306041 0.3396108000000001 0
7777 0.01097361469325255 0.3396108000000001 0
7778 0.01206009381482476 0.3396108000000001 0
7779 0.01288829883812407 0.3396108000000001 0
7780 0.01351197641230324 0.3396108000000001 0
7781 0.0139773370210666 0.3396108000000001 0
7782 0.01432219192384735 0.3396108000000001 0
7783 0.01457644774066277 0.3396108000000001 0
7784 0.01476320315969275 0.3396108000000001 0
7785 0.0149 0.3396108000000001 0
7786 0.003 0.3387312256575959 0
7787 0.005610196620896105 0.3387312256575958 0
7788 0.007796719470929335 0.3387312256575959 0
7789 0.009570888750306041 0.3387312256575959 0
7790 0.01097361469325255 0.3387312256575959 0
7791 0.01206009381482476 0.3387312256575958 0
7792 0.01288829883812407 0.3387312256575959 0
7793 0.01351197641230324 0.3387312256575959 0
7794 0.0139773370210666 0.3387312256575959 0
7795 0.01432219192384735 0.3387312256575959 0
7796 0.01457644774066278 0.3387312256575959 0
7797 0.01476320315969275 0.3387312256575959 0
7798 0.0149 0.3387312256575959 0
7799 0.002999999999999999 0.3377709253064718 0
7800 0.005610196620896105 0.3377709253064718 0
7801 0.007796719470929336 0.3377709253064718 0
7802 0.009570888750306044 0.3377709253064718 0
7803 0.01097361469325254 0.3377709253064718 0
7804 0.01206009381482476 0.3377709253064718 0
7805 0.01288829883812407 0.3377709253064718 0
7806 0.01351197641230324 0.3377709253064718 0
7807 0.0139773370210666 0.3377709253064718 0
7808 0.01432219192384735 0.3377709253064718 0
7809 0.01457644774066277 0.3377709253064718 0
7810 0.01476320315969275 0.3377709253064718 0
7811 0.0149 0.3377709253064718 0
7812 0.003 0.3367304903904721 0
7813 0.005610196620896105 0.3367304903904721 0
7814 0.007796719470929338 0.3367304903904721 0
7815 0.009570888750306037 0.3367304903904721 0
7816 0.01097361469325255 0.3367304903904721 0
7817 0.01206009381482476 0.3367304903904721 0
7818 0.01288829883812407 0.3367304903904721 0
7819 0.01351197641230324 0.3367304903904721 0
7820 0.0139773370210666 0.3367304903904721 0
7821 0.01432219192384735 0.3367304903904721 0
7822 0.01457644774066277 0.3367304903904721 0
7823 0.01476320315969275 0.3367304903904721 0
7824 0.0149 0.3367304903904721 0
7825 0.003 0.33561254757873 0
7826 0.005610196620896105 0.33561254757873 0
7827 0.007796719470929337 0.3356125475787299 0
7828 0.009570888750306041 0.33561254757873 0
7829 0.01097361469325255 0.3356125475787299 0
7830 0.01206009381482475 0.33561254757873 0
7831 0.01288829883812407 0.33561254757873 0
7832 0.01351197641230324 0.3356125475787299 0
7833 0.0139773370210666 0.33561254757873 0
7834 0.01432219192384735 0.33561254757873 0
7835 0.01457644774066277 0.3356125475787299 0
7836 0.01476320315969275 0.3356125475787299 0
7837 0.0149 0.33561254757873 0
7838 0.003 0.3344219805008777 0
7839 0.005610196620896105 0.3344219805008778 0
7840 0.007796719470929339 0.3344219805008778 0
7841 0.009570888750306039 0.3344219805008778 0
7842 0.01097361469325255 0.3344219805008778 0
7843 0.01206009381482476 0.3344219805008777 0
7844 0.01288829883812407 0.3344219805008778 0
7845 0.01351197641230324 0.3344219805008778 0
7846 0.0139773370210666 0.3344219805008778 0
7847 0.01432219192384735 0.3344219805008778 0
7848 0.01457644774066277 0.3344219805008778 0
7849 0.01476320315969275 0.3344219805008778 0
7850 0.0149 0.3344219805008778 0
7851 0.002999999999999999 0.3331660444657269 0
7852 0.005610196620896105 0.3331660444657268 0
7853 0.007796719470929338 0.3331660444657269 0
7854 0.009570888750306043 0.3331660444657269 0
7855 0.01097361469325255 0.3331660444657269 0
7856 0.01206009381482476 0.3331660444657269 0
7857 0.01288829883812407 0.3331660444657269 0
7858 0.01351197641230324 0.3331660444657269 0
7859 0.0139773370210666 0.3331660444657269 0
7860 0.01432219192384734 0.3331660444657269 0
7861 0.01457644774066277 0.3331660444657269 0
7862 0.01476320315969275 0.3331660444657269 0
7863 0.0149 0.3331660444657269 0
7864 0.003 0.3318543417224904 0
7865 0.005610196620896105 0.3318543417224903 0
7866 0.007796719470929338 0.3318543417224903 0
7867 0.009570888750306041 0.3318543417224903 0
7868 0.01097361469325255 0.3318543417224903 0
7869 0.01206009381482475 0.3318543417224904 0
7870 0.01288829883812407 0.3318543417224903 0
7871 0.01351197641230324 0.3318543417224903 0
7872 0.0139773370210666 0.3318543417224903 0
7873 0.01432219192384735 0.3318543417224903 0
7874 0.01457644774066277 0.3318543417224903 0
7875 0.01476320315969275 0.3318543417224903 0
7876 0.0149 0.3318543417224903 0
7877 0.003 0.3304986353792965 0
7878 0.005610196620896105 0.3304986353792964 0
7879 0.007796719470929339 0.3304986353792964 0
7880 0.009570888750306041 0.3304986353792964 0
7881 0.01097361469325255 0.3304986353792964 0
7882 0.01206009381482476 0.3304986353792964 0
7883 0.01288829883812407 0.3304986353792964 0
7884 0.01351197641230324 0.3304986353792964 0
7885 0.0139773370210666 0.3304986353792965 0
7886 0.01432219192384734 0.3304986353792964 0
7887 0.01457644774066277 0.3304986353792964 0
7888 0.01476320315969275 0.3304986353792964 0
7889 0.0149 0.3304986353792964 0
7890 0.003 0.329112496586461 0
7891 0.005610196620896105 0.3291124965864611 0
7892 0.007796719470929335 0.329112496586461 0
7893 0.009570888750306043 0.329112496586461 0
7894 0.01097361469325255 0.329112496586461 0
7895 0.01206009381482476 0.329112496586461 0
7896 0.01288829883812407 0.329112496586461 0
7897 0.01351197641230324 0.329112496586461 0
7898 0.0139773370210666 0.329112496586461 0
7899 0.01432219192384735 0.329112496586461 0
7900 0.01457644774066277 0.329112496586461 0
7901 0.01476320315969275 0.329112496586461 0
7902 0.0149 0.329112496586461 0
7903 0.003 0.3277108 0
7904 0.005610196620896105 0.3277108000000001 0
7905 0.007796719470929337 0.3277108 0
7906 0.009570888750306041 0.3277108 0
7907 0.01097361469325255 0.3277108 0
7908 0.01206009381482476 0.3277108 0
7909 0.01288829883812407 0.3277108 0
7910 0.01351197641230324 0.3277108 0
7911 0.0139773370210666 0.3277108 0
7912 0.01432219192384735 0.3277108 0
7913 0.01457644774066277 0.3277108 0
7914 0.01476320315969275 0.3277108 0
7915 0.0149 0.3277108 0
7916 0.003 0.326309103413539 0
7917 0.005610196620896105 0.326309103413539 0
7918 0.007796719470929337 0.326309103413539 0
7919 0.009570888750306041 0.326309103413539 0
7920 0.01097361469325255 0.326309103413539 0
7921 0.01206009381482476 0.326309103413539 0
7922 0.01288829883812407 0.326309103413539 0
7923 0.01351197641230324 0.326309103413539 0
7924 0.0139773370210666 0.326309103413539 0
7925 0.01432219192384735 0.326309103413539 0
7926 0.01457644774066277 0.326309103413539 0
7927 0.01476320315969275 0.326309103413539 0
7928 0.0149 0.326309103413539 0
7929 0.003 0.3249229646207036 0
7930 0.005610196620896105 0.3249229646207036 0
7931 0.007796719470929339 0.3249229646207036 0
7932 0.009570888750306041 0.3249229646207036 0
7933 0.01097361469325255 0.3249229646207036 0
7934 0.01206009381482476 0.3249229646207036 0
7935 0.01288829883812407 0.3249229646207036 0
7936 0.01351197641230324 0.3249229646207036 0
7937 0.0139773370210666 0.3249229646207036 0
7938 0.01432219192384735 0.3249229646207036 0
7939 0.01457644774066277 0.3249229646207036 0
7940 0.01476320315969275 0.3249229646207036 0
7941 0.0149 0.3249229646207036 0
7942 0.003 0.3235672582775098 0
7943 0.005610196620896105 0.3235672582775098 0
7944 0.007796719470929338 0.3235672582775097 0
7945 0.009570888750306041 0.3235672582775097 0
7946 0.01097361469325255 0.3235672582775097 0
7947 0.01206009381482476 0.3235672582775098 0
7948 0.01288829883812407 0.3235672582775097 0
7949 0.01351197641230324 0.3235672582775098 0
7950 0.0139773370210666 0.3235672582775097 0
7951 0.01432219192384735 0.3235672582775097 0
7952 0.01457644774066277 0.3235672582775097 0
7953 0.01476320315969275 0.3235672582775097 0
7954 0.0149 0.3235672582775097 0
7955 0.003 0.322255555534273 0
7956 0.005610196620896105 0.322255555534273 0
7957 0.007796719470929337 0.322255555534273 0
7958 0.009570888750306041 0.322255555534273 0
7959 0.01097361469325255 0.3222555555342731 0
7960 0.01206009381482476 0.3222555555342731 0
7961 0.01288829883812407 0.322255555534273 0
7962 0.01351197641230324 0.3222555555342731 0
7963 0.0139773370210666 0.3222555555342731 0
7964 0.01432219192384735 0.3222555555342731 0
7965 0.01457644774066277 0.3222555555342731 0
7966 0.01476320315969275 0.3222555555342731 0
7967 0.0149 0.3222555555342731 0
7968 0.003 0.3209996194991224 0
7969 0.005610196620896105 0.3209996194991223 0
7970 0.007796719470929335 0.3209996194991223 0
7971 0.009570888750306041 0.3209996194991223 0
7972 0.01097361469325255 0.3209996194991223 0
7973 0.01206009381482476 0.3209996194991223 0
7974 0.01288829883812407 0.3209996194991223 0
7975 0.01351197641230324 0.3209996194991223 0
7976 0.0139773370210666 0.3209996194991223 0
7977 0.01432219192384735 0.3209996194991223 0
7978 0.01457644774066277 0.3209996194991223 0
7979 0.01476320315969275 0.3209996194991223 0
7980 0.0149 0.3209996194991223 0
7981 0.003 0.31980905242127 0
7982 0.005610196620896105 0.31980905242127 0
7983 0.007796719470929338 0.31980905242127 0
7984 0.009570888750306041 0.31980905242127 0
7985 0.01097361469325255 0.31980905242127 0
7986 0.01206009381482476 0.31980905242127 0
7987 0.01288829883812407 0.31980905242127 0
7988 0.01351197641230324 0.31980905242127 0
7989 0.0139773370210666 0.31980905242127 0
7990 0.01432219192384735 0.31980905242127 0
7991 0.01457644774066277 0.31980905242127 0
7992 0.01476320315969275 0.31980905242127 0
7993 0.0149 0.31980905242127 0
7994 0.003 0.3186911096095278 0
7995 0.005610196620896105 0.3186911096095277 0
7996 0.007796719470929336 0.3186911096095278 0
7997 0.009570888750306041 0.3186911096095278 0
7998 0.01097361469325255 0.3186911096095278 0
7999 0.01206009381482476 0.3186911096095278 0
8000 0.01288829883812407 0.3186911096095278 0
8001 0.01351197641230324 0.3186911096095278 0
8002 0.0139773370210666 0.3186911096095278 0
8003 0.01432219192384735 0.3186911096095278 0
8004 0.01457644774066277 0.3186911096095278 0
8005 0.01476320315969275 0.3186911096095278 0
8006 0.0149 0.3186911096095278 0
8007 0.003 0.3176506746935283 0
8008 0.005610196620896105 0.3176506746935281 0
8009 0.007796719470929337 0.3176506746935282 0
8010 0.009570888750306041 0.3176506746935282 0
8011 0.01097361469325255 0.3176506746935282 0
8012 0.01206009381482476 0.3176506746935281 0
8013 0.01288829883812407 0.3176506746935282 0
8014 0.01351197641230324 0.3176506746935282 0
8015 0.0139773370210666 0.3176506746935282 0
8016 0.01432219192384735 0.3176506746935282 0
8017 0.01457644774066277 0.3176506746935282 0
8018 0.01476320315969275 0.3176506746935282 0
8019 0.0149 0.3176506746935282 0
8020 0.003 0.3166903743424041 0
8021 0.005610196620896105 0.3166903743424041 0
8022 0.007796719470929335 0.3166903743424041 0
8023 0.009570888750306041 0.3166903743424041 0
8024 0.01097361469325255 0.3166903743424041 0
8025 0.01206009381482476 0.3166903743424041 0
8026 0.01288829883812407 0.3166903743424041 0
8027 0.01351197641230324 0.3166903743424041 0
8028 0.0139773370210666 0.3166903743424041 0
8029 0.01432219192384735 0.3166903743424041 0
8030 0.01457644774066277 0.3166903743424041 0
8031 0.01476320315969275 0.3166903743424041 0
8032 0.0149 0.3166903743424041 0
8033 0.003 0.3158108000000001 0
8034 0.005610196620896105 0.3158107999999999 0
8035 0.007796719470929337 0.3158108 0
8036 0.009570888750306041 0.3158108 0
8037 0.01097361469325255 0.3158108 0
8038 0.01206009381482476 0.3158108000000001 0
8039 0.01288829883812407 0.3158108 0
8040 0.01351197641230324 0.3158108 0
8041 0.0139773370210666 0.3158108 0
8042 0.01432219192384735 0.3158108 0
8043 0.01457644774066277 0.3158108 0
8044 0.01476320315969275 0.3158108 0
8045 0.0149 0.3158108 0
8046 0.07001462087242329 0.3412108 0
8047 0.06499551219677857 0.3412108 0
8048 0.06002453772795747 0.3412108 0
8049 0.055180458576574 0.3412108 0
8050 0.05053406844920871 0.3412108 0
8051 0.04614436204184267 0.3412108 0
8052 0.04205613086975227 0.3412108 0
8053 0.03829910022419193 0.3412108 0
8054 0.03488846112403039 0.3412108 0
8055 0.03182647071397952 0.3412108 0
8056 0.02910471640683826 0.3412108 0
8057 0.02670665249547936 0.3412108 0
8058 0.02461009237052607 0.3412108 0
8059 0.0227894400448853 0.3412108 0
8060 0.02121754343621879 0.3412108 0
8061 0.01986713212644056 0.3412108 0
8062 0.01871185800112449 0.3412108 0
8063 0.01772698946405382 0.3412108 0
8064 0.01688982372056049 0.3412108 0
8065 0.01617988279303363 0.3412108 0
8066 0.01557895271108571 0.3412108 0
8067 0.01507101566605593 0.3412108 0
8068 0.0149610734728081 0.3412108 0
8069 0.01481451889704995 0.3412108 0
8070 0.01461825617845683 0.3412108 0
8071 0.0143548314328341 0.3412108 0
8072 0.0140012617627355 0.3412108 0
8073 0.01352779046615833 0.3412108 0
8074 0.01289679582661807 0.3412108 0
8075 0.01206229900758304 0.3412108 0
8076 0.01097082278489491 0.3412108 0
8077 0.009564685045208342 0.3412108 0
8078 0.007788965966451945 0.3412108 0
8079 0.005602960392107544 0.3412108 0
8080 0.00299540486866697 0.3412108 0
8081 0.07002934002565205 0.3420161775617562 0
8082 0.06502512157923612 0.3420161775617562 0
8083 0.06006879320332893 0.3420161775617562 0
8084 0.05523871653281676 0.3420161775617562 0
8085 0.05060532620916244 0.3420161775617562 0
8086 0.04622731770771734 0.3420161775617562 0
8087 0.04214925536154802 0.3420161775617562 0
8088 0.03840071369546768 0.3420161775617562 0
8089 0.03499680667961785 0.3420161775617562 0
8090 0.03193978001049044 0.3420161775617562 0
8091 0.02922126376945984 0.3420161775617562 0
8092 0.026824796169094 0.3420161775617562 0
8093 0.02472830313032282 0.3420161775617562 0
8094 0.02290631848869647 0.3420161775617562 0
8095 0.0213318278770228 0.3420161775617562 0
8096 0.01997769919255983 0.3420161775617562 0
8097 0.01881771795830866 0.3420161775617562 0
8098 0.01782727801651217 0.3420161775617562 0
8099 0.01698379172089664 0.3420161775617562 0
8100 0.01626688495799102 0.3420161775617562 0
8101 0.01565843613852103 0.3420161775617562 0
8102 0.0151425086960242 0.3420161775617562 0
8103 0.01502255747858081 0.3420161775617562 0
8104 0.01486617957634053 0.3420161775617562 0
8105 0.01466034565057109 0.3420161775617562 0
8106 0.01438769034303994 0.3420161775617562 0
8107 0.01402534732537419 0.3420161775617562 0
8108 0.01354371082132745 0.3420161775617562 0
8109 0.01290534993146254 0.3420161775617562 0
8110 0.01206451902354162 0.3420161775617562 0
8111 0.01096801210946276 0.3420161775617562 0
8112 0.009558439639101541 0.3420161775617562 0
8113 0.007781160343288112 0.3420161775617562 0
8114 0.005595675521734991 0.3420161775617562 0
8115 0.002990778849080788 0.3420161775617562 0
8116 0.07004425640113063 0.3428323463947379 0
8117 0.06505512769844433 0.3428323463947379 0
8118 0.06011364165876418 0.3428323463947379 0
8119 0.05529775508866486 0.3428323463947379 0
8120 0.05067753875337028 0.3428323463947379 0
8121 0.04631138489833851 0.3428323463947379 0
8122 0.04224362763040692 0.3428323463947379 0
8123 0.03850368868782466 0.3428323463947379 0
8124 0.03510660395962867 0.3428323463947379 0
8125 0.03205460754069583 0.3428323463947379 0
8126 0.02933937275269315 0.3428323463947379 0
8127 0.02694452285232563 0.3428323463947379 0
8128 0.02484809779862572 0.3428323463947379 0
8129 0.02302476298928334 0.3428323463947379 0
8130 0.02144764361750058 0.3428323463947379 0
8131 0.02008974774916974 0.3428323463947379 0
8132 0.01892499633532986 0.3428323463947379 0
8133 0.01792891033743614 0.3428323463947379 0
8134 0.01707901880048492 0.3428323463947379 0
8135 0.01635505286682291 0.3428323463947379 0
8136 0.01573898456610549 0.3428323463947379 0
8137 0.01521495966263456 0.3428323463947379 0
8138 0.01508486530986573 0.3428323463947379 0
8139 0.01491853245818106 0.3428323463947379 0
8140 0.01470299908042505 0.3428323463947379 0
8141 0.01442098953048846 0.3428323463947379 0
8142 0.01404975561098331 0.3428323463947379 0
8143 0.01355984449367697 0.3428323463947379 0
8144 0.0129140186529413 0.3428323463947379 0
8145 0.01206676878554166 0.3428323463947379 0
8146 0.0109651637737302 0.3428323463947379 0
8147 0.009552110550664345 0.3428323463947379 0
8148 0.007773250132412071 0.3428323463947379 0
8149 0.005588293041228055 0.3428323463947379 0
8150 0.00298609084535894 0.3428323463947379 0
8151 0.07005947026602197 0.3436647927468235 0
8152 0.06508573225410211 0.3436647927468236 0
8153 0.06015938456343668 0.3436647927468236 0
8154 0.05535797109846841 0.3436647927468236 0
8155 0.05075119149110228 0.3436647927468235 0
8156 0.04639712870934265 0.3436647927468234 0
8157 0.0423398820422087 0.3436647927468235 0
8158 0.0386087173942388 0.3436647927468237 0
8159 0.03521859101613023 0.3436647927468235 0
8160 0.03217172516976436 0.3436647927468235 0
8161 0.02945983727947729 0.3436647927468235 0
8162 0.02706663734221537 0.3436647927468237 0
8163 0.02497028162946833 0.3436647927468235 0
8164 0.0231455697249166 0.3436647927468235 0
8165 0.02156576916552303 0.3436647927468235 0
8166 0.02020403098131131 0.3436647927468234 0
8167 0.01903441425231 0.3436647927468234 0
8168 0.01803256959442841 0.3436647927468236 0
8169 0.017176145071202 0.3436647927468235 0
8170 0.01644497917999757 0.3436647927468236 0
8171 0.0158211394365187 0.3436647927468235 0
8172 0.01528885557782105 0.3436647927468235 0
8173 0.01514841579692611 0.3436647927468235 0
8174 0.01497192945614054 0.3436647927468235 0
8175 0.01474650318233512 0.3436647927468235 0
8176 0.01445495283072582 0.3436647927468235 0
8177 0.01407465069089189 0.3436647927468235 0
8178 0.01357629993298116 0.3436647927468235 0
8179 0.01292286026178574 0.3436647927468235 0
8180 0.01206906341637575 0.3436647927468235 0
8181 0.01096225863132061 0.3436647927468236 0
8182 0.009545655236066847 0.3436647927468235 0
8183 0.007765182161764465 0.3436647927468235 0
8184 0.005580763325905686 0.3436647927468236 0
8185 0.002981309344964521 0.3436647927468236 0
8186 0.07007508388719857 0.344519112282597 0
8187 0.06511714096856952 0.344519112282597 0
8188 0.06020632939896493 0.344519112282597 0
8189 0.05541976933136664 0.344519112282597 0
8190 0.05082677951254054 0.344519112282597 0
8191 0.04648512550652844 0.344519112282597 0
8192 0.04243866561450817 0.3445191122825971 0
8193 0.0387165058126538 0.344519112282597 0
8194 0.03533352062076283 0.344519112282597 0
8195 0.03229192015679994 0.344519112282597 0
8196 0.02958346710660259 0.344519112282597 0
8197 0.02719196048652665 0.344519112282597 0
8198 0.02509567593672066 0.344519112282597 0
8199 0.02326955075269811 0.344519112282597 0
8200 0.02168699855537704 0.344519112282597 0
8201 0.02032131709540777 0.3445191122825971 0
8202 0.01914670721125633 0.344519112282597 0
8203 0.01813895258005915 0.344519112282597 0
8204 0.01727582341119658 0.344519112282597 0
8205 0.01653726837789329 0.344519112282597 0
8206 0.01590545299087221 0.344519112282597 0
8207 0.015364693166393 0.344519112282597 0
8208 0.01521363612309797 0.344519112282597 0
8209 0.01502672950228664 0.344519112282597 0
8210 0.01479115038879466 0.344519112282597 0
8211 0.01448980854343261 0.3445191122825971 0
8212 0.01410019990863699 0.344519112282597 0
8213 0.01359318775191639 0.344519112282597 0
8214 0.01293193419086783 0.344519112282597 0
8215 0.01207141834044269 0.344519112282597 0
8216 0.01095927715400559 0.344519112282597 0
8217 0.009539030302992918 0.344519112282597 0
8218 0.007756902198832285 0.344519112282597 0
8219 0.00557303576138144 0.344519112282597 0
8220 0.002976402206880454 0.344519112282597 0
8221 0.07009120221867551 0.3454010476971375 0
8222 0.06514956496972377 0.3454010476971375 0
8223 0.06025479172628913 0.3454010476971375 0
8224 0.0554835651921269 0.3454010476971375 0
8225 0.0509048109167517 0.3454010476971375 0
8226 0.04657596680015987 0.3454010476971375 0
8227 0.04254064236575595 0.3454010476971375 0
8228 0.0388277784916654 0.3454010476971375 0
8229 0.03545216532483462 0.3454010476971375 0
8230 0.0324160004467595 0.3454010476971375 0
8231 0.02971109326785682 0.3454010476971375 0
8232 0.0273213347014445 0.3454010476971375 0
8233 0.02522512361492157 0.3454010476971375 0
8234 0.02339753946716969 0.3454010476971375 0
8235 0.02181214668522586 0.3454010476971375 0
8236 0.02044239448311122 0.3454010476971375 0
8237 0.01926263004007077 0.3454010476971375 0
8238 0.01824877439567211 0.3454010476971375 0
8239 0.01737872385350498 0.3454010476971375 0
8240 0.01663254082408646 0.3454010476971375 0
8241 0.01599249198084779 0.3454010476971375 0
8242 0.01544298220499537 0.3454010476971375 0
8243 0.01528096469629602 0.3454010476971375 0
8244 0.01508330095990985 0.3454010476971375 0
8245 0.01483724081619115 0.3454010476971375 0
8246 0.0145257909670434 0.3454010476971375 0
8247 0.01412657500483891 0.3454010476971375 0
8248 0.0136106214695942 0.3454010476971375 0
8249 0.01294130143470508 0.3454010476971375 0
8250 0.01207384938742946 0.3454010476971375 0
8251 0.01095619930043714 0.3454010476971375 0
8252 0.009532191218959136 0.3454010476971375 0
8253 0.00774835458610052 0.3454010476971375 0
8254 0.005565058403336006 0.3454010476971375 0
8255 0.002971336445559124 0.3454010476971375 0
8256 0.07010793360710652 0.3463165273181403 0
8257 0.06518322221015051 0.3463165273181403 0
8258 0.06030509730685685 0.3463165273181403 0
8259 0.05554978751347543 0.3463165273181402 0
8260 0.05098581022710459 0.3463165273181403 0
8261 0.04667026322107006 0.3463165273181403 0
8262 0.04264649777879895 0.3463165273181403 0
8263 0.03894328340090254 0.3463165273181403 0
8264 0.03557532265237461 0.3463165273181403 0
8265 0.0325448001014205 0.3463165273181403 0
8266 0.02984357366019483 0.3463165273181403 0
8267 0.02745562963425684 0.3463165273181403 0
8268 0.02535949480517573 0.3463165273181403 0
8269 0.02353039620235154 0.3463165273181403 0
8270 0.02194205479481565 0.3463165273181403 0
8271 0.02056807702083372 0.3463165273181403 0
8272 0.0193829619664669 0.3463165273181403 0
8273 0.01836277325826184 0.3463165273181403 0
8274 0.01748553808998127 0.3463165273181403 0
8275 0.01673143693540589 0.3463165273181402 0
8276 0.01608284147837516 0.3463165273181403 0
8277 0.01552424894880305 0.3463165273181403 0
8278 0.01535085409597063 0.3463165273181403 0
8279 0.01514202409964391 0.3463165273181404 0
8280 0.01488508428217417 0.3463165273181403 0
8281 0.01456314197368954 0.3463165273181403 0
8282 0.01415395327163345 0.3463165273181403 0
8283 0.01362871827463142 0.3463165273181403 0
8284 0.01295102495946278 0.3463165273181403 0
8285 0.0120763728987177 0.3463165273181403 0
8286 0.01095300438143074 0.3463165273181403 0
8287 0.009525092011969556 0.3463165273181403 0
8288 0.007739481866925012 0.3463165273181402 0
8289 0.005556777628349952 0.3463165273181403 0
8290 0.002966078009195097 0.3463165273181403 0
8291 0.07012539052008475 0.347271704955854 0
8292 0.06521833893221105 0.347271704955854 0
8293 0.06035758429237586 0.347271704955854 0
8294 0.05561888143869066 0.347271704955854 0
8295 0.05107032191709127 0.347271704955854 0
8296 0.04676864862529261 0.347271704955854 0
8297 0.04275694340866331 0.347271704955854 0
8298 0.03906379695884348 0.347271704955854 0
8299 0.03570382046105101 0.347271704955854 0
8300 0.03267918490590437 0.347271704955854 0
8301 0.02998179881048074 0.347271704955854 0
8302 0.02759574800908218 0.347271704955854 0
8303 0.02549969274420048 0.347271704955854 0
8304 0.02366901401486643 0.347271704955854 0
8305 0.02207759612024886 0.347271704955854 0
8306 0.02069920954058565 0.347271704955854 0
8307 0.01950851185590158 0.347271704955854 0
8308 0.01848171546273302 0.347271704955854 0
8309 0.01759698412081684 0.347271704955854 0
8310 0.01683462148678422 0.347271704955854 0
8311 0.0161771088084576 0.347271704955854 0
8312 0.01560903966898303 0.347271704955854 0
8313 0.0154237741153254 0.347271704955854 0
8314 0.01520329365562691 0.347271704955854 0
8315 0.01493500238823496 0.347271704955854 0
8316 0.01460211263505217 0.347271704955854 0
8317 0.01418251874442122 0.347271704955854 0
8318 0.0136475998128864 0.347271704955854 0
8319 0.01296117012620951 0.347271704955854 0
8320 0.01207900583722965 0.347271704955854 0
8321 0.01094967092089354 0.347271704955854 0
8322 0.009517684961494194 0.347271704955854 0
8323 0.007730224399311616 0.347271704955854 0
8324 0.005548137773449685 0.347271704955854 0
8325 0.002960591550830512 0.347271704955854 0
8326 0.07014369030214472 0.3482730012686971 0
8327 0.06525515118883221 0.3482730012686971 0
8328 0.06041260549785358 0.3482730012686971 0
8329 0.05569131141383479 0.3482730012686971 0
8330 0.05115891407025174 0.3482730012686971 0
8331 0.04687178435481136 0.3482730012686971 0
8332 0.04287272166559307 0.3482730012686971 0
8333 0.03919012925186355 0.3482730012686971 0
8334 0.03583852250699091 0.3482730012686971 0
8335 0.03282005818844258 0.3482730012686971 0
8336 0.0301266978615669 0.3482730012686971 0
8337 0.02774263169493768 0.3482730012686971 0
8338 0.02564665983583976 0.3482730012686971 0
8339 0.02381432468702342 0.3482730012686971 0
8340 0.02221968176383552 0.3482730012686971 0
8341 0.02083667350889598 0.3482730012686971 0
8342 0.01964012364872965 0.3482730012686971 0
8343 0.01860640053289805 0.3482730012686971 0
8344 0.01771381108090329 0.3482730012686971 0
8345 0.01694278807984305 0.3482730012686971 0
8346 0.01627592763158145 0.3482730012686971 0
8347 0.0156979243247029 0.3482730012686971 0
8348 0.01550021491924449 0.3482730012686971 0
8349 0.01526752147888514 0.3482730012686971 0
8350 0.01498733068149611 0.3482730012686971 0
8351 0.01464296491005397 0.3482730012686971 0
8352 0.01421246343894471 0.3482730012686971 0
8353 0.01366739300515665 0.3482730012686971 0
8354 0.01297180513027115 0.3482730012686971 0
8355 0.01208176590145212 0.3482730012686971 0
8356 0.01094617651146316 0.3482730012686971 0
8357 0.009509920277693823 0.3482730012686971 0
8358 0.007720519955005584 0.3482730012686971 0
8359 0.005539080761943588 0.3482730012686971 0
8360 0.002954840190754519 0.3482730012686971 0
8361 0.07016295596354666 0.3493271469226179 0
8362 0.06529390643024326 0.3493271469226178 0
8363 0.06047053077320306 0.3493271469226179 0
8364 0.0557675643097383 0.3493271469226179 0
8365 0.05125218219880447 0.3493271469226179 0
8366 0.04698036368306979 0.3493271469226179 0
8367 0.04299461080549664 0.3493271469226179 0
8368 0.03932312947959715 0.3493271469226179 0
8369 0.03598033425090778 0.3493271469226179 0
8370 0.03296836689250599 0.3493271469226179 0
8371 0.03027924481794792 0.3493271469226179 0
8372 0.027897268036938 0.3493271469226179 0
8373 0.0258013839858579 0.3493271469226179 0
8374 0.02396730499021427 0.3493271469226179 0
8375 0.02236926681847947 0.3493271469226179 0
8376 0.02098139295198831 0.3493271469226179 0
8377 0.01977868203313088 0.3493271469226179 0
8378 0.01873766659583809 0.3493271469226179 0
8379 0.01783680427548144 0.3493271469226179 0
8380 0.01705666380525009 0.3493271469226179 0
8381 0.01637996220315179 0.3493271469226179 0
8382 0.01579150039436934 0.3493271469226179 0
8383 0.01558069033915763 0.3493271469226179 0
8384 0.01533513930577618 0.3493271469226179 0
8385 0.01504242091024338 0.3493271469226179 0
8386 0.01468597340573459 0.3493271469226179 0
8387 0.01424398864200903 0.3493271469226179 0
8388 0.01368823090033442 0.3493271469226179 0
8389 0.01298300145963662 0.3493271469226179 0
8390 0.01208467164440488 0.3493271469226179 0
8391 0.01094249766388648 0.3493271469226179 0
8392 0.009501745766735136 0.3493271469226179 0
8393 0.007710303301196209 0.3493271469226179 0
8394 0.005529545713033289 0.3493271469226179 0
8395 0.002948785268599631 0.3493271469226179 0
8396 0.07018331700714545 0.3504412278343088 0
8397 0.06533486516732424 0.3504412278343087 0
8398 0.06053174948935607 0.3504412278343088 0
8399 0.05584815269472217 0.3504412278343088 0
8400 0.05135075324665086 0.3504412278343089 0
8401 0.04709511647512182 0.3504412278343088 0
8402 0.04312343016134552 0.3504412278343088 0
8403 0.03946369166321707 0.3504412278343088 0
8404 0.0361302089445649 0.3504412278343086 0
8405 0.03312510794211341 0.3504412278343086 0
8406 0.03044046509297206 0.3504412278343088 0
8407 0.02806069649318168 0.3504412278343088 0
8408 0.02596490524259472 0.3504412278343088 0
8409 0.02412898325072381 0.3504412278343088 0
8410 0.02252735678776714 0.3504412278343088 0
8411 0.02113434066704079 0.3504412278343088 0
8412 0.01992511839194143 0.3504412278343088 0
8413 0.01887639601575304 0.3504412278343088 0
8414 0.01796679045892561 0.3504412278343088 0
8415 0.01717701413018768 0.3504412278343088 0
8416 0.01648991183858534 0.3504412278343088 0
8417 0.01589039689184925 0.3504412278343088 0
8418 0.01566574132699035 0.3504412278343088 0
8419 0.01540660166009993 0.3504412278343088 0
8420 0.01510064338836085 0.3504412278343088 0
8421 0.01473142722314598 0.3504412278343088 0
8422 0.0142773062645221 0.3504412278343088 0
8423 0.01371025356975493 0.3504412278343088 0
8424 0.01299483437549665 0.3504412278343088 0
8425 0.01208774259835313 0.3504412278343087 0
8426 0.01093860964912594 0.3504412278343087 0
8427 0.009493106479946254 0.3504412278343087 0
8428 0.007699505762024994 0.3504412278343087 0
8429 0.005519468532575835 0.3504412278343088 0
8430 0.002942386083468578 0.3504412278343088 0
8431 0.07020491029890286 0.3516227328023998 0
8432 0.06537830272274785 0.3516227328023998 0
8433 0.060596673155596 0.3516227328023998 0
8434 0.05593361828005778 0.3516227328023998 0
8435 0.05145528980366242 0.3516227328023998 0
8436 0.04721681409374993 0.3516227328023998 0
8437 0.04326004565069156 0.3516227328023998 0
8438 0.03961276065500207 0.3516227328023998 0
8439 0.03628915403848834 0.3516227328023998 0
8440 0.03329133494310735 0.3516227328023998 0
8441 0.03061144240162098 0.3516227328023998 0
8442 0.02823401562193894 0.3516227328023998 0
8443 0.02613832278812095 0.3516227328023998 0
8444 0.02430044626209021 0.3516227328023998 0
8445 0.02269501434491462 0.3516227328023998 0
8446 0.0212965447612824 0.3516227328023998 0
8447 0.02008041706336489 0.3516227328023998 0
8448 0.01902352132517168 0.3516227328023998 0
8449 0.01810464339214693 0.3516227328023998 0
8450 0.01730464804378676 0.3516227328023998 0
8451 0.01660651561407537 0.3516227328023998 0
8452 0.01599527859467096 0.3516227328023998 0
8453 0.01575593959141703 0.3516227328023998 0
8454 0.01548238890838592 0.3516227328023998 0
8455 0.0151623894845631 0.3516227328023998 0
8456 0.01477963190067585 0.3516227328023998 0
8457 0.01431264026594973 0.3516227328023998 0
8458 0.01373360904874924 0.3516227328023998 0
8459 0.013007383418146 0.3516227328023998 0
8460 0.01209099940610252 0.3516227328023998 0
8461 0.01093448633213218 0.3516227328023998 0
8462 0.009483944344454369 0.3516227328023998 0
8463 0.007688054756949801 0.3516227328023998 0
8464 0.005508781482245923 0.3516227328023998 0
8465 0.00293559962034482 0.3516227328023998 0
8466 0.07022788098789383 0.3528796038468048 0
8467 0.06542451108168502 0.3528796038468049 0
8468 0.06066573818570373 0.3528796038468049 0
8469 0.05602453556132406 0.3528796038468048 0
8470 0.05156649455957803 0.3528796038468049 0
8471 0.04734627458452878 0.3528796038468049 0
8472 0.04340537559632329 0.3528796038468049 0
8473 0.03977133848958867 0.3528796038468049 0
8474 0.0364582379540011 0.3528796038468049 0
8475 0.03346816526544203 0.3528796038468049 0
8476 0.03079332604518987 0.3528796038468049 0
8477 0.0284183904661078 0.3528796038468049 0
8478 0.0263228023268874 0.3528796038468049 0
8479 0.02448284659047911 0.3528796038468049 0
8480 0.02287336647600623 0.3528796038468049 0
8481 0.02146909556288048 0.3528796038468049 0
8482 0.02024562195764655 0.3528796038468049 0
8483 0.01918003149339059 0.3528796038468049 0
8484 0.01825128971597249 0.3528796038468049 0
8485 0.01744042349511304 0.3528796038468049 0
8486 0.01673055733462651 0.3528796038468049 0
8487 0.01610685051262702 0.3528796038468049 0
8488 0.01585189144085923 0.3528796038468049 0
8489 0.01556301048889411 0.3528796038468049 0
8490 0.01522807425315706 0.3528796038468049 0
8491 0.01483091146786217 0.3528796038468049 0
8492 0.01435022815976037 0.3528796038468049 0
8493 0.01375845433173065 0.3528796038468049 0
8494 0.01302073294164945 0.3528796038468049 0
8495 0.01209446395975904 0.3528796038468049 0
8496 0.0109300999961655 0.3528796038468049 0
8497 0.009474197772822704 0.3528796038468049 0
8498 0.007675873312861927 0.3528796038468049 0
8499 0.00549741272420213 0.3528796038468049 0
8500 0.002928380260947663 0.3528796038468049 0
8501 0.07025238348199156 0.3542202895946003 0
8502 0.06547380085451565 0.3542202895946003 0
8503 0.06073940883150993 0.3542202895946003 0
8504 0.05612151568013944 0.3542202895946002 0
8505 0.05168511502745082 0.3542202895946002 0
8506 0.04748436817468858 0.3542202895946002 0
8507 0.04356039689918777 0.3542202895946003 0
8508 0.03994049111960028 0.3542202895946003 0
8509 0.03663859726510028 0.3542202895946003 0
8510 0.0336567875540909 0.3542202895946003 0
8511 0.03098733863683591 0.3542202895946003 0
8512 0.02861506038457678 0.3542202895946003 0
8513 0.02651958392153471 0.3542202895946003 0
8514 0.02467741032217836 0.3542202895946003 0
8515 0.0230636120555411 0.3542202895946004 0
8516 0.02165315295007466 0.3542202895946004 0
8517 0.0204218435741882 0.3542202895946004 0
8518 0.01934697857427865 0.3542202895946004 0
8519 0.01840771517998067 0.3542202895946004 0
8520 0.01758525316025962 0.3542202895946004 0
8521 0.01686287080275454 0.3542202895946004 0
8522 0.01622586262681625 0.3542202895946004 0
8523 0.01595424185906198 0.3542202895946004 0
8524 0.01564900833603463 0.3542202895946004 0
8525 0.01529813922401716 0.3542202895946003 0
8526 0.01488561062350414 0.3542202895946003 0
8527 0.01439032260997935 0.3542202895946004 0
8528 0.01378495642750363 0.3542202895946004 0
8529 0.01303497268086581 0.3542202895946003 0
8530 0.01209815954788675 0.3542202895946003 0
8531 0.0109254211564852 0.3542202895946003 0
8532 0.009463801249062686 0.3542202895946003 0
8533 0.007662879546676541 0.3542202895946003 0
8534 0.005485285838196367 0.3542202895946003 0
8535 0.00292067947708836 0.3542202895946003 0
8536 0.07027858248579019 0.3556538020712914 0
8537 0.06552650336473639 0.3556538020712914 0
8538 0.06081818030357398 0.3556538020712914 0
8539 0.05622521053222648 0.3556538020712913 0
8540 0.05181194856839523 0.3556538020712913 0
8541 0.04763202312274085 0.3556538020712913 0
8542 0.04372615160507213 0.3556538020712913 0
8543 0.04012135558092945 0.3556538020712914 0
8544 0.03683144433845302 0.3556538020712914 0
8545 0.03385846971906121 0.3556538020712914 0
8546 0.03119478431992541 0.3556538020712914 0
8547 0.02882534738313608 0.3556538020712914 0
8548 0.02672999032853496 0.3556538020712914 0
8549 0.02488544530529137 0.3556538020712914 0
8550 0.02326702990521023 0.3556538020712915 0
8551 0.02184995414782282 0.3556538020712915 0
8552 0.02061026646627198 0.3556538020712915 0
8553 0.01952548477813272 0.3556538020712915 0
8554 0.01857497126866264 0.3556538020712915 0
8555 0.01774011057731206 0.3556538020712915 0
8556 0.01700434542326698 0.3556538020712915 0
8557 0.01635311493098088 0.3556538020712915 0
8558 0.01606367884064356 0.3556538020712915 0
8559 0.01574096052322482 0.3556538020712915 0
8560 0.01537305537052808 0.3556538020712915 0
8561 0.01494409705271111 0.3556538020712915 0
8562 0.01443319312958433 0.3556538020712915 0
8563 0.01381329348188905 0.3556538020712914 0
8564 0.01305019835464138 0.3556538020712914 0
8565 0.01210211101205239 0.3556538020712913 0
8566 0.01092041836215464 0.3556538020712914 0
8567 0.0094526848882386 0.3556538020712913 0
8568 0.007648986114918514 0.3556538020712914 0
8569 0.005472319307880624 0.3556538020712914 0
8570 0.002912445504465943 0.3556538020712914 0
8571 0.07030665410774069 0.3571897772792179 0
8572 0.06558297287610151 0.3571897772792179 0
8573 0.0609025820999654 0.3571897772792179 0
8574 0.05633631714942378 0.3571897772792179 0
8575 0.05194784775141026 0.3571897772792179 0
8576 0.0477902319581878 0.3571897772792179 0
8577 0.04390375390918545 0.3571897772792179 0
8578 0.04031514763583913 0.3571897772792179 0
8579 0.03703807548286744 0.3571897772792179 0
8580 0.0340745674582245 0.3571897772792179 0
8581 0.03141705753442323 0.3571897772792179 0
8582 0.0290506650009373 0.3571897772792179 0
8583 0.02695543588969764 0.3571897772792179 0
8584 0.02510834994102958 0.3571897772792179 0
8585 0.02348498739007475 0.3571897772792179 0
8586 0.02206082204436822 0.3571897772792179 0
8587 0.02081215720357102 0.3571897772792179 0
8588 0.01971675001512166 0.3571897772792179 0
8589 0.01875418226945091 0.3571897772792179 0
8590 0.01790603669042488 0.3571897772792179 0
8591 0.01715593218179979 0.3571897772792179 0
8592 0.01648946280902626 0.3571897772792179 0
8593 0.01618093801576258 0.3571897772792179 0
8594 0.01583948514867124 0.3571897772792179 0
8595 0.01545332627544534 0.3571897772792179 0
8596 0.0150067638984643 0.3571897772792179 0
8597 0.01447912789215868 0.3571897772792179 0
8598 0.01384365597521184 0.3571897772792179 0
8599 0.01306651230922742 0.3571897772792179 0
8600 0.01210634491380917 0.3571897772792179 0
8601 0.01091505798462947 0.3571897772792179 0
8602 0.009440773966704407 0.3571897772792179 0
8603 0.007634099626603734 0.3571897772792179 0
8604 0.005458425972857978 0.3571897772792179 0
8605 0.002903622994710066 0.3571897772792179 0
8606 0.07033678704394393 0.3588385399703005 0
8607 0.06564358897396688 0.3588385399703005 0
8608 0.06099318156552471 0.3588385399703005 0
8609 0.05645558238510075 0.3588385399703005 0
8610 0.05209372608430747 0.3588385399703005 0
8611 0.04796005815325814 0.3588385399703005 0
8612 0.0440943976457257 0.3588385399703005 0
8613 0.04052316994525818 0.3588385399703004 0
8614 0.03725987966301829 0.3588385399703005 0
8615 0.03430653337025293 0.3588385399703005 0
8616 0.03165565239025149 0.3588385399703005 0
8617 0.02929252781223603 0.3588385399703005 0
8618 0.02719743603930743 0.3588385399703005 0
8619 0.02534762258369849 0.3588385399703005 0
8620 0.0237189496099285 0.3588385399703005 0
8621 0.02228717408363091 0.3588385399703005 0
8622 0.02102887288597006 0.3588385399703005 0
8623 0.0199220599610251 0.3588385399703005 0
8624 0.01894655283012561 0.3588385399703005 0
8625 0.01808414684699836 0.3588385399703005 0
8626 0.01731865003729722 0.3588385399703005 0
8627 0.01663582278487051 0.3588385399703005 0
8628 0.01630680759498864 0.3588385399703005 0
8629 0.01594524449019617 0.3588385399703005 0
8630 0.01553949151595445 0.3588385399703005 0
8631 0.01507403240430507 0.3588385399703005 0
8632 0.01452843566898052 0.3588385399703005 0
8633 0.01387624800270065 0.3588385399703005 0
8634 0.01308402420624676 0.3588385399703005 0
8635 0.01211088971324229 0.3588385399703005 0
8636 0.01090930399170822 0.3588385399703004 0
8637 0.009427988419814943 0.3588385399703004 0
8638 0.007618120015469403 0.3588385399703005 0
8639 0.005443512442794582 0.3588385399703005 0
8640 0.002894152643331908 0.3588385399703005 0
8641 0.07036918384655654 0.36061117304853 0
8642 0.06570875911684466 0.3606111730485299 0
8643 0.06109058770552836 0.36061117304853 0
8644 0.05658380793447013 0.36061117304853 0
8645 0.05225056415426693 0.36061117304853 0
8646 0.04814264327151666 0.36061117304853 0
8647 0.04429936431277629 0.36061117304853 0
8648 0.0407468208252061 0.36061117304853 0
8649 0.03749834783600126 0.36061117304853 0
8650 0.03455592671891809 0.3606111730485301 0
8651 0.0319121727106251 0.36061117304853 0
8652 0.02955256160728764 0.36061117304853 0
8653 0.02745761749080131 0.36061117304853 0
8654 0.02560487161256377 0.36061117304853 0
8655 0.02397048924762885 0.36061117304853 0
8656 0.02253053179319812 0.36061117304853 0
8657 0.02126187026592615 0.3606111730485301 0
8658 0.02014279469948463 0.3606111730485301 0
8659 0.01915337605639937 0.3606111730485301 0
8660 0.01827563829499047 0.36061117304853 0
8661 0.01749359277140525 0.36061117304853 0
8662 0.01679317868327457 0.36061117304853 0
8663 0.01644213366761613 0.3606111730485299 0
8664 0.01605894945703755 0.3606111730485301 0
8665 0.015632130290683 0.3606111730485301 0
8666 0.01514635474591394 0.3606111730485301 0
8667 0.01458144790456851 0.3606111730485301 0
8668 0.0139112886464062 0.3606111730485301 0
8669 0.01310285175983402 0.36061117304853 0
8670 0.0121157759602763 0.36061117304853 0
8671 0.01090311770532556 0.36061117304853 0
8672 0.009414242303735236 0.3606111730485301 0
8673 0.007600939867333373 0.3606111730485301 0
8674 0.00542747846965428 0.36061117304853 0
8675 0.002883970791082234 0.36061117304853 0
8676 0.07040406228533694 0.362519592068718 0
8677 0.06577892137531975 0.362519592068718 0
8678 0.06119545527939294 0.362519592068718 0
8679 0.05672185572354502 0.362519592068718 0
8680 0.05241941621929733 0.362519592068718 0
8681 0.04833921464139985 0.362519592068718 0
8682 0.04452003168647469 0.362519592068718 0
8683 0.04098760364620627 0.362519592068718 0
8684 0.03775508297347526 0.362519592068718 0
8685 0.03482442391438752 0.362519592068718 0
8686 0.03218834281287473 0.362519592068718 0
8687 0.02983251432083159 0.362519592068718 0
8688 0.02773772917145829 0.362519592068718 0
8689 0.02588182624329971 0.362519592068718 0
8690 0.02424129714059562 0.362519592068718 0
8691 0.02279253101195993 0.362519592068718 0
8692 0.02151271554068899 0.362519592068718 0
8693 0.02038043799886001 0.362519592068718 0
8694 0.01937604220411209 0.362519592068718 0
8695 0.01848179823076041 0.362519592068718 0
8696 0.01768193634081948 0.362519592068718 0
8697 0.01696258824306514 0.362519592068718 0
8698 0.01658782588903602 0.362519592068718 0
8699 0.01618136436854687 0.362519592068718 0
8700 0.01573186531304616 0.362519592068718 0
8701 0.01522421707061383 0.362519592068718 0
8702 0.01463852094463603 0.362519592068718 0
8703 0.01394901344786036 0.362519592068718 0
8704 0.01312312152790437 0.362519592068718 0
8705 0.01212103650003016 0.362519592068718 0
8706 0.01089645754156014 0.362519592068718 0
8707 0.009399443217730121 0.362519592068718 0
8708 0.00758244369806116 0.362519592068718 0
8709 0.005410216273836125 0.362519592068718 0
8710 0.002873008996036961 0.362519592068718 0
8711 0.0704416568114833 0.3645766253322866 0
8712 0.06585454737673958 0.3645766253322867 0
8713 0.06130848920193682 0.3645766253322865 0
8714 0.05687065370296422 0.3645766253322866 0
8715 0.0526014172949078 0.3645766253322866 0
8716 0.04855109360625902 0.3645766253322866 0
8717 0.04475788308235801 0.3645766253322866 0
8718 0.04124713693887098 0.3645766253322866 0
8719 0.0380318108367612 0.3645766253322866 0
8720 0.03511382978197373 0.3645766253322865 0
8721 0.03248601909922545 0.3645766253322866 0
8722 0.0301342677816253 0.3645766253322866 0
8723 0.02803965397860511 0.3645766253322866 0
8724 0.02618034815169439 0.3645766253322866 0
8725 0.02453319364653945 0.3645766253322866 0
8726 0.02307493288614004 0.3645766253322866 0
8727 0.02178309488020393 0.3645766253322866 0
8728 0.02063658728604916 0.3645766253322866 0
8729 0.01961604802446419 0.3645766253322866 0
8730 0.01870401245154103 0.3645766253322866 0
8731 0.01788494678200978 0.3645766253322866 0
8732 0.01714519022720456 0.3645766253322866 0
8733 0.01674486359539592 0.3645766253322866 0
8734 0.01631331209190727 0.3645766253322866 0
8735 0.01583936699709643 0.3645766253322866 0
8736 0.0153081427652292 0.3645766253322866 0
8737 0.01470003843143005 0.3645766253322866 0
8738 0.01398967599137509 0.3645766253322866 0
8739 0.01314496976286978 0.3645766253322866 0
8740 0.01212670669360063 0.3645766253322866 0
8741 0.01088927873110952 0.3645766253322866 0
8742 0.009383491683050941 0.3645766253322866 0
8743 0.007562507177287129 0.3645766253322866 0
8744 0.005391609819685044 0.3645766253322867 0
8745 0.002861193573533822 0.3645766253322867 0
8746 0.07048222013360317 0.3667961001184979 0
8747 0.06593614547547047 0.3667961001184979 0
8748 0.06143044928178379 0.366796100118498 0
8749 0.05703120208563217 0.366796100118498 0
8750 0.05279779078362819 0.3667961001184979 0
8751 0.04877970440636715 0.3667961001184979 0
8752 0.04501451732613896 0.366796100118498 0
8753 0.04152716527358656 0.3667961001184979 0
8754 0.03833039157732723 0.3667961001184978 0
8755 0.03542608969408367 0.3667961001184979 0
8756 0.0328072025354438 0.3667961001184979 0
8757 0.03045985036200696 0.3667961001184979 0
8758 0.02836542143636196 0.3667961001184979 0
8759 0.02650244398774529 0.3667961001184979 0
8760 0.02484814087981924 0.3667961001184979 0
8761 0.02337963570763655 0.3667961001184979 0
8762 0.0220748257614658 0.3667961001184979 0
8763 0.02091296438431542 0.3667961001184979 0
8764 0.01987500682510666 0.3667961001184979 0
8765 0.0189437746707015 0.3667961001184979 0
8766 0.01810398872145698 0.3667961001184979 0
8767 0.01734221207750098 0.3667961001184978 0
8768 0.01691430238665085 0.3667961001184979 0
8769 0.01645567957340745 0.3667961001184979 0
8770 0.01595535796401491 0.3667961001184979 0
8771 0.01539869597426722 0.3667961001184979 0
8772 0.01476641388255599 0.3667961001184979 0
8773 0.01403354960862404 0.3667961001184979 0
8774 0.01316854332752124 0.3667961001184979 0
8775 0.0121328246557578 0.3667961001184979 0
8776 0.01088153301835303 0.3667961001184979 0
8777 0.00936628047424414 0.3667961001184979 0
8778 0.007540996292671694 0.3667961001184978 0
8779 0.005371534035505708 0.3667961001184979 0
8780 0.002848445100867583 0.3667961001184979 0
8781 0.07052602491640866 0.3691929356307631 0
8782 0.06602426417003122 0.3691929356307631 0
8783 0.06156215532876029 0.3691929356307631 0
8784 0.05720458007010216 0.3691929356307631 0
8785 0.05300985669866203 0.3691929356307629 0
8786 0.04902658375259385 0.3691929356307629 0
8787 0.04529165950093585 0.3691929356307631 0
8788 0.04182957098743224 0.3691929356307631 0
8789 0.0386528322406378 0.3691929356307631 0
8790 0.03576330264691901 0.3691929356307631 0
8791 0.03315405210123391 0.3691929356307631 0
8792 0.03081145061251749 0.3691929356307631 0
8793 0.02871722133800663 0.3691929356307631 0
8794 0.02685027886426459 0.3691929356307631 0
8795 0.02518825590068112 0.3691929356307631 0
8796 0.02370868767424929 0.3691929356307631 0
8797 0.02238986918551229 0.3691929356307629 0
8798 0.0212114270873012 0.3691929356307629 0
8799 0.02015465931471796 0.3691929356307631 0
8800 0.01920269655841725 0.3691929356307631 0
8801 0.01834053454860678 0.3691929356307629 0
8802 0.01755497816541351 0.3691929356307631 0
8803 0.01709728122225562 0.3691929356307631 0
8804 0.01660942380045221 0.3691929356307631 0
8805 0.01608061789953631 0.3691929356307631 0
8806 0.01549648539207015 0.3691929356307631 0
8807 0.01483809347062323 0.3691929356307632 0
8808 0.01408092921596498 0.3691929356307631 0
8809 0.01319400068223341 0.3691929356307632 0
8810 0.01213943151115086 0.3691929356307631 0
8811 0.01087316833697981 0.3691929356307631 0
8812 0.009347693898386902 0.3691929356307631 0
8813 0.007517766449076794 0.3691929356307631 0
8814 0.005349853972836582 0.3691929356307631 0
8815 0.00283467788341442 0.3691929356307631 0
8816 0.0705733656135558 0.3717832432828153 0
8817 0.06611949579007421 0.3717832432828153 0
8818 0.06170449266461793 0.3717832432828154 0
8819 0.05739195309489749 0.3717832432828154 0
8820 0.05323904053695241 0.3717832432828154 0
8821 0.04929339115610249 0.3717832432828154 0
8822 0.04559117254319898 0.3717832432828154 0
8823 0.04215638683716012 0.3717832432828154 0
8824 0.03900130025741752 0.3717832432828154 0
8825 0.03612773536982835 0.3717832432828154 0
8826 0.033528899302796 0.3717832432828154 0
8827 0.03119143197323268 0.3717832432828154 0
8828 0.02909741846566027 0.3717832432828154 0
8829 0.02722619091066414 0.3717832432828154 0
8830 0.02555582494603623 0.3717832432828154 0
8831 0.0240643006575676 0.3717832432828154 0
8832 0.02273034285917929 0.3717832432828154 0
8833 0.02153398164702802 0.3717832432828154 0
8834 0.02045688530396453 0.3717832432828154 0
8835 0.01948251857523981 0.3717832432828154 0
8836 0.01859617431320128 0.3717832432828154 0
8837 0.01778491869441385 0.3717832432828154 0
8838 0.01729503007719592 0.3717832432828154 0
8839 0.01677557823438605 0.3717832432828154 0
8840 0.01621598879495919 0.3717832432828154 0
8841 0.01560216835442968 0.3717832432828154 0
8842 0.01491555902239615 0.3717832432828154 0
8843 0.01413213329685349 0.3717832432828154 0
8844 0.01322151295012769 0.3717832432828154 0
8845 0.0121465716707459 0.3717832432828154 0
8846 0.01086412846000154 0.3717832432828154 0
8847 0.009327607017404836 0.3717832432828154 0
8848 0.007492661496604275 0.3717832432828154 0
8849 0.005326423899332816 0.3717832432828154 0
8850 0.002819799378596752 0.3717832432828154 0
8851 0.07062456044694768 0.3745844349988633 0
8852 0.06622248047799686 0.3745844349988632 0
8853 0.06185841807412396 0.3745844349988631 0
8854 0.05759458067253356 0.3745844349988632 0
8855 0.05348688286130424 0.3745844349988631 0
8856 0.04958192008350477 0.3745844349988632 0
8857 0.04591506976528031 0.3745844349988631 0
8858 0.0425098096632887 0.3745844349988632 0
8859 0.03937813801301676 0.3745844349988632 0
8860 0.03652183756215346 0.3745844349988632 0
8861 0.03393426384509946 0.3745844349988632 0
8862 0.03160234866069432 0.3745844349988632 0
8863 0.02950856848623976 0.3745844349988632 0
8864 0.02763270698974941 0.3745844349988632 0
8865 0.02595331879743588 0.3745844349988632 0
8866 0.02444886507106536 0.3745844349988632 0
8867 0.02309853543022493 0.3745844349988632 0
8868 0.02188279625982672 0.3745844349988632 0
8869 0.02078371634149826 0.3745844349988632 0
8870 0.01978512167138944 0.3745844349988632 0
8871 0.0188726264135173 0.3745844349988633 0
8872 0.01803357931374572 0.3745844349988633 0
8873 0.01750887820982132 0.3745844349988633 0
8874 0.01695525975737089 0.3745844349988633 0
8875 0.01636238060697119 0.3745844349988633 0
8876 0.01571645525716663 0.3745844349988633 0
8877 0.01499933125761053 0.3745844349988633 0
8878 0.01418750604267351 0.3745844349988633 0
8879 0.01325126506735364 0.3745844349988633 0
8880 0.01215429313035438 0.3745844349988633 0
8881 0.01085435262179731 0.3745844349988633 0
8882 0.009305884808244227 0.3745844349988633 0
8883 0.007465512680963763 0.3745844349988632 0
8884 0.005301086319160384 0.3745844349988632 0
8885 0.002803709573816453 0.3745844349988632 0
8886 0.07067995354580693 0.3776153402557113 0
8887 0.0663339104919482 0.3776153402557114 0
8888 0.06202496623652268 0.3776153402557113 0
8889 0.05781382485590066 0.3776153402557114 0
8890 0.05375504965597383 0.3776153402557113 0
8891 0.04989411001245767 0.3776153402557113 0
8892 0.04626552838882283 0.3776153402557114 0
8893 0.04289221515715995 0.3776153402557115 0
8894 0.03978587859281402 0.3776153402557115 0
8895 0.03694825835999122 0.3776153402557114 0
8896 0.03437287056921932 0.3776153402557114 0
8897 0.0320469628372318 0.3776153402557114 0
8898 0.02995343513052851 0.3776153402557115 0
8899 0.02807255968317067 0.3776153402557115 0
8900 0.02638340938954711 0.3776153402557114 0
8901 0.0248649659383461 0.3776153402557114 0
8902 0.02349692187151041 0.3776153402557113 0
8903 0.02226021564084959 0.3776153402557114 0
8904 0.02113734936992937 0.3776153402557114 0
8905 0.0201125399304126 0.3776153402557115 0
8906 0.01917174914735743 0.3776153402557115 0
8907 0.0183026315082051 0.3776153402557115 0
8908 0.01774026309705638 0.3776153402557115 0
8909 0.01714967618001462 0.3776153402557113 0
8910 0.01652077737433446 0.3776153402557113 0
8911 0.01584011433137775 0.3776153402557114 0
8912 0.0150899732892268 0.3776153402557113 0
8913 0.01424741966637535 0.3776153402557113 0
8914 0.01328345702622096 0.3776153402557113 0
8915 0.01216264779325869 0.3776153402557114 0
8916 0.01084377510965006 0.3776153402557113 0
8917 0.009282381255253526 0.3776153402557113 0
8918 0.007436137509114358 0.3776153402557113 0
8919 0.005273670914316622 0.3776153402557114 0
8920 0.002786300314174964 0.3776153402557114 0
8921 0.07073991725989612 0.3808963326536047 0
8922 0.06645453485915515 0.3808963326536047 0
8923 0.06220525668059998 0.3808963326536047 0
8924 0.05805115939391844 0.3808963326536047 0
8925 0.05404534352533522 0.3808963326536047 0
8926 0.05023205946873939 0.3808963326536046 0
8927 0.0466449041799404 0.3808963326536048 0
8928 0.04330617383022282 0.3808963326536049 0
8929 0.04022726280949476 0.3808963326536047 0
8930 0.03740986414355971 0.3808963326536047 0
8931 0.03484766776858764 0.3808963326536047 0
8932 0.03252826317808508 0.3808963326536047 0
8933 0.03043500877084268 0.3808963326536048 0
8934 0.028548705659706 0.3808963326536048 0
8935 0.0268489877707697 0.3808963326536048 0
8936 0.02531540026954807 0.3808963326536047 0
8937 0.02392818011764929 0.3808963326536047 0
8938 0.02266877678513336 0.3808963326536047 0
8939 0.02152016149356964 0.3808963326536048 0
8940 0.02046697424219427 0.3808963326536048 0
8941 0.01949555320343905 0.3808963326536047 0
8942 0.01859388383378115 0.3808963326536048 0
8943 0.01799074009705179 0.3808963326536048 0
8944 0.0173601343602162 0.3808963326536048 0
8945 0.01669224383254708 0.3808963326536047 0
8946 0.01597397680744839 0.3808963326536048 0
8947 0.01518809440864833 0.3808963326536048 0
8948 0.01431227690447338 0.3808963326536048 0
8949 0.01331830521953823 0.3808963326536048 0
8950 0.01217169181910346 0.3808963326536048 0
8951 0.01083232482202878 0.3808963326536048 0
8952 0.009256938368673109 0.3808963326536047 0
8953 0.007404338522555162 0.3808963326536048 0
8954 0.005243993399760762 0.3808963326536048 0
8955 0.002767454575461219 0.3808963326536048 0
8956 0.07080485466243477 0.384449466866595 0
8957 0.06658516441084766 0.384449466866595 0
8958 0.06240050131010217 0.384449466866595 0
8959 0.05830817963800579 0.384449466866595 0
8960 0.05435971581090091 0.384449466866595 0
8961 0.0505980401324395 0.384449466866595 0
8962 0.04705574728456494 0.384449466866595 0
8963 0.04375446829288852 0.3844494668665949 0
8964 0.04070525762666324 0.3844494668665949 0
8965 0.03790975780486917 0.3844494668665951 0
8966 0.035361847007281 0.3844494668665951 0
8967 0.03304948496113697 0.384449466866595 0
8968 0.03095652652217097 0.384449466866595 0
8969 0.02906434554984767 0.384449466866595 0
8970 0.02735318353672537 0.384449466866595 0
8971 0.02580319586271273 0.384449466866595 0
8972 0.02439520906595594 0.384449466866595 0
8973 0.02311122602115878 0.384449466866595 0
8974 0.02193472595721394 0.384449466866595 0
8975 0.02085080709723464 0.384449466866595 0
8976 0.01984621517714777 0.3844494668665951 0
8977 0.01890929407468319 0.3844494668665951 0
8978 0.01826199290422754 0.3844494668665951 0
8979 0.01758804898780207 0.3844494668665951 0
8980 0.01687793257094425 0.3844494668665951 0
8981 0.01611894250254344 0.3844494668665951 0
8982 0.01529435418134925 0.3844494668665951 0
8983 0.01438251372422162 0.3844494668665951 0
8984 0.01335604389519502 0.3844494668665951 0
8985 0.01218148600139808 0.3844494668665951 0
8986 0.01081992479064746 0.3844494668665951 0
8987 0.009229385122635677 0.3844494668665951 0
8988 0.007369901970018666 0.3844494668665951 0
8989 0.00521185428465868 0.3844494668665951 0
8990 0.002747045677520499 0.3844494668665951 0
8991 0.07087520225953844 0.3882986268930052 0
8992 0.06672667723262746 0.3882986268930052 0
8993 0.06261201255009516 0.3882986268930051 0
8994 0.05858661326595666 0.3882986268930053 0
8995 0.05470027970814596 0.3882986268930051 0
8996 0.05099451210808381 0.3882986268930052 0
8997 0.04750081937040553 0.3882986268930054 0
8998 0.04424011195910441 0.3882986268930052 0
8999 0.04122307610263006 0.3882986268930053 0
9000 0.03845129960521361 0.3882986268930052 0
9001 0.03591886457356169 0.3882986268930052 0
9002 0.03361413181429627 0.3882986268930053 0
9003 0.03152149400190676 0.3882986268930051 0
9004 0.02962294546028715 0.3882986268930054 0
9005 0.02789938586724993 0.3882986268930054 0
9006 0.02633163165649836 0.3882986268930053 0
9007 0.02490114806269467 0.3882986268930053 0
9008 0.02359053747153923 0.3882986268930053 0
9009 0.02238382944336875 0.3882986268930054 0
9010 0.02126661860163624 0.3882986268930053 0
9011 0.02022609220150758 0.3882986268930053 0
9012 0.01925098240347242 0.3882986268930054 0
9013 0.01855584486698629 0.3882986268930054 0
9014 0.01783495209400345 0.3882986268930053 0
9015 0.01707909178034867 0.3882986268930053 0
9016 0.01627598586913527 0.3882986268930052 0
9017 0.01540946688044191 0.3882986268930053 0
9018 0.01445860225416476 0.3882986268930053 0
9019 0.01339692673076501 0.3882986268930052 0
9020 0.01219209617616772 0.3882986268930053 0
9021 0.01080649166308794 0.3882986268930053 0
9022 0.009199536305538537 0.3882986268930052 0
9023 0.007332596370644952 0.3882986268930053 0
9024 0.005177037531415068 0.3882986268930053 0
9025 0.00272493643271649 0.3882986268930053 0
9026 0.07095143292439191 0.3924696866025248 0
9027 0.06688002456691762 0.3924696866025248 0
9028 0.06284121216902298 0.3924696866025248 0
9029 0.05888833189530766 0.3924696866025248 0
9030 0.05506932447130705 0.3924696866025248 0
9031 0.05142414046133931 0.3924696866025248 0
9032 0.04798311219074659 0.3924696866025248 0
9033 0.04476636930237878 0.3924696866025248 0
9034 0.04178419898843648 0.3924696866025248 0
9035 0.0390381297626867 0.3924696866025248 0
9036 0.03652246471288217 0.3924696866025248 0
9037 0.03422599926671713 0.3924696866025248 0
9038 0.03213370889444073 0.3924696866025248 0
9039 0.03022826027291869 0.3924696866025248 0
9040 0.02849126630829811 0.3924696866025248 0
9041 0.02690425977104908 0.3924696866025248 0
9042 0.02544939800561526 0.3924696866025248 0
9043 0.02410993304493081 0.3924696866025248 0
9044 0.0228704908041987 0.3924696866025248 0
9045 0.02171720382045389 0.3924696866025248 0
9046 0.02063773779171627 0.3924696866025248 0
9047 0.01962124563276066 0.3924696866025248 0
9048 0.01887427124417417 0.3924696866025248 0
9049 0.01810250334969708 0.3924696866025248 0
9050 0.0172970736433496 0.3924696866025248 0
9051 0.0164461625452267 0.3924696866025248 0
9052 0.01553420628798668 0.3924696866025248 0
9053 0.01454105395776368 0.3924696866025248 0
9054 0.0134412285387145 0.3924696866025248 0
9055 0.01220359366449997 0.3924696866025248 0
9056 0.01079193514250892 0.3924696866025248 0
9057 0.009167191275060082 0.3924696866025248 0
9058 0.007292170957978414 0.3924696866025248 0
9059 0.005139309103479022 0.3924696866025248 0
9060 0.002700978223762545 0.3924696866025248 0
9061 0.07103405907588012 0.3969906836591245 0
9062 0.06704623720716846 0.3969906836591245 0
9063 0.06308964083576715 0.3969906836591245 0
9064 0.05921536366426172 0.3969906836591245 0
9065 0.05546933080164007 0.3969906836591245 0
9066 0.05188981313345833 0.3969906836591246 0
9067 0.04850586769487056 0.3969906836591246 0
9068 0.04533677779941549 0.3969906836591245 0
9069 0.04239239812529654 0.3969906836591245 0
9070 0.03967419292155368 0.3969906836591245 0
9071 0.03717670479652399 0.3969906836591245 0
9072 0.0348892002621645 0.3969906836591247 0
9073 0.03279728647901371 0.3969906836591247 0
9074 0.03088435888497588 0.3969906836591247 0
9075 0.02913280345189993 0.3969906836591245 0
9076 0.02752492938517654 0.3969906836591247 0
9077 0.02604364420462509 0.3969906836591247 0
9078 0.02467290409354829 0.3969906836591247 0
9079 0.02339798135410658 0.3969906836591245 0
9080 0.02220559156598838 0.3969906836591245 0
9081 0.02108391900975261 0.3969906836591246 0
9082 0.02002257265427484 0.3969906836591245 0
9083 0.01921941248267636 0.3969906836591246 0
9084 0.01839250122163352 0.3969906836591246 0
9085 0.01753334342360954 0.3969906836591245 0
9086 0.01663061645029917 0.3969906836591245 0
9087 0.01566941089631795 0.3969906836591245 0
9088 0.01463042307142839 0.3969906836591246 0
9089 0.0134892471136787 0.3969906836591246 0
9090 0.01221605575196176 0.3969906836591246 0
9091 0.01077615738067495 0.3969906836591246 0
9092 0.009132132609451678 0.3969906836591246 0
9093 0.007248353994327633 0.3969906836591246 0
9094 0.00509841539216156 0.3969906836591246 0
9095 0.002675010004723392 0.3969906836591246 0
9096 0.07112363612304345 0.401892007988894 0
9097 0.06722643242680203 0.401892007988894 0
9098 0.06335896847594953 0.401892007988894 0
9099 0.05956990686473611 0.401892007988894 0
9100 0.05590298752257536 0.401892007988894 0
9101 0.05239466035388148 0.401892007988894 0
9102 0.04907259982028603 0.401892007988894 0
9103 0.04595517170886343 0.401892007988894 0
9104 0.04305176179873345 0.401892007988894 0
9105 0.04036376466796165 0.4018920079888941 0
9106 0.03788598259505362 0.401892007988894 0
9107 0.03560819280602569 0.401892007988894 0
9108 0.03351668729242705 0.401892007988894 0
9109 0.03159565155996438 0.401892007988894 0
9110 0.02982830968006616 0.401892007988894 0
9111 0.02819781261035596 0.401892007988894 0
9112 0.02668788115426612 0.4018920079888941 0
9113 0.02528323488186777 0.4018920079888941 0
9114 0.02396984685935232 0.4018920079888941 0
9115 0.02273506475731795 0.4018920079888941 0
9116 0.0215676350644347 0.4018920079888941 0
9117 0.02045766116906824 0.4018920079888941 0
9118 0.01959358860539869 0.4018920079888941 0
9119 0.01870689506164466 0.4018920079888941 0
9120 0.01778948931529662 0.4018920079888941 0
9121 0.0168305874746848 0.4018920079888941 0
9122 0.0158159895443495 0.4018920079888941 0
9123 0.01472731033006869 0.4018920079888941 0
9124 0.013541305234223 0.4018920079888941 0
9125 0.01222956620810927 0.4018920079888941 0
9126 0.01075905232022523 0.4018920079888941 0
9127 0.009094124646039077 0.4018920079888941 0
9128 0.007200850944157609 0.4018920079888941 0
9129 0.005054081511890115 0.4018920079888941 0
9130 0.002646857218472055 0.4018920079888941 0
9131 0.07122076619851075 0.4072066060596711 0
9132 0.0674218214894705 0.4072066060596712 0
9133 0.06365100549709225 0.4072066060596712 0
9134 0.05995434471917553 0.4072066060596712 0
9135 0.05637320965386015 0.4072066060596712 0
9136 0.05294207568149037 0.4072066060596712 0
9137 0.04968711811324748 0.4072066060596712 0
9138 0.04662570784501968 0.4072066060596712 0
9139 0.04376672221983928 0.4072066060596712 0
9140 0.04111148027022511 0.4072066060596712 0
9141 0.03865506583992592 0.4072066060596712 0
9142 0.03638780993180923 0.4072066060596712 0
9143 0.03429674711255772 0.4072066060596712 0
9144 0.03236691957324224 0.4072066060596712 0
9145 0.03058246015241403 0.4072066060596712 0
9146 0.02892743253545997 0.4072066060596712 0
9147 0.02738643938451622 0.4072066060596712 0
9148 0.02594502802427164 0.4072066060596712 0
9149 0.02458993137252429 0.4072066060596712 0
9150 0.02330918248792335 0.4072066060596712 0
9151 0.02209213747195813 0.4072066060596712 0
9152 0.020929435821338 0.4072066060596712 0
9153 0.01999931480635068 0.4072066060596712 0
9154 0.01904779821009352 0.4072066060596712 0
9155 0.01806723311884974 0.4072066060596712 0
9156 0.01704741981404994 0.4072066060596712 0
9157 0.01597492752674623 0.4072066060596712 0
9158 0.01483236700520548 0.4072066060596712 0
9159 0.01359775283254506 0.4072066060596712 0
9160 0.01224421584958284 0.4072066060596712 0
9161 0.01074050498176113 0.4072066060596712 0
9162 0.009052911897109179 0.4072066060596712 0
9163 0.00714934249423597 0.4072066060596712 0
9164 0.005006009452440873 0.4072066060596712 0
9165 0.002616330623325188 0.4072066060596712 0
9166 0.07132610220600602 0.4129702023456249 0
9167 0.0676337177911126 0.4129702023456248 0
9168 0.06396771495809069 0.4129702023456248 0
9169 0.06037126140045956 0.4129702023456248 0
9170 0.05688315800618209 0.4129702023456248 0
9171 0.05353573881594811 0.4129702023456249 0
9172 0.05035355333634337 0.4129702023456249 0
9173 0.0473528935197367 0.4129702023456249 0
9174 0.04454208531838624 0.4129702023456249 0
9175 0.04192236583687816 0.4129702023456249 0
9176 0.03948912427194713 0.4129702023456249 0
9177 0.03723329218856524 0.4129702023456249 0
9178 0.0351427094642261 0.4129702023456249 0
9179 0.03320334735152446 0.4129702023456249 0
9180 0.03140032423236672 0.4129702023456249 0
9181 0.02971869363074583 0.4129702023456249 0
9182 0.02814401457040476 0.4129702023456249 0
9183 0.02666273206262627 0.4129702023456249 0
9184 0.02526240307207706 0.4129702023456249 0
9185 0.02393180394974419 0.4129702023456249 0
9186 0.02266095191243262 0.4129702023456249 0
9187 0.02144106785774363 0.4129702023456249 0
9188 0.02043931835765952 0.4129702023456249 0
9189 0.01941750220164719 0.412970202345625 0
9190 0.01836844181483892 0.4129702023456249 0
9191 0.0172825710050142 0.412970202345625 0
9192 0.01614729321702784 0.412970202345625 0
9193 0.01494629928278681 0.4129702023456249 0
9194 0.01365896934670236 0.4129702023456249 0
9195 0.01226010315057216 0.4129702023456249 0
9196 0.01072039069096012 0.412970202345625 0
9197 0.009008217332533845 0.412970202345625 0
9198 0.00709348240722469 0.4129702023456249 0
9199 0.004953876075728291 0.4129702023456248 0
9200 0.00258322502096953 0.4129702023456248 0
9201 0.07144035220913611 0.4192215394654619 0
9202 0.06786354568853833 0.4192215394654619 0
9203 0.06431122576480146 0.4192215394654619 0
9204 0.06082345940258924 0.4192215394654619 0
9205 0.05743626042798755 0.4192215394654619 0
9206 0.05417964033246463 0.4192215394654619 0
9207 0.05107638523528454 0.4192215394654619 0
9208 0.04814161684035703 0.4192215394654619 0
9209 0.04538306304805671 0.4192215394654619 0
9210 0.04280187210193565 0.4192215394654619 0
9211 0.04039376439202528 0.4192215394654619 0
9212 0.0381503228676056 0.4192215394654619 0
9213 0.03606026086591906 0.4192215394654619 0
9214 0.03411055732235143 0.4192215394654619 0
9215 0.03228739956317185 0.4192215394654619 0
9216 0.03057691471547001 0.4192215394654619 0
9217 0.02896569909611559 0.4192215394654619 0
9218 0.02744117136916783 0.4192215394654619 0
9219 0.02599178228062768 0.4192215394654619 0
9220 0.02460711437448255 0.4192215394654619 0
9221 0.02327790192933498 0.4192215394654619 0
9222 0.02199599644437537 0.4192215394654619 0
9223 0.02091655694216282 0.4192215394654619 0
9224 0.01981849216886328 0.4192215394654619 0
9225 0.01869514011371939 0.4192215394654619 0
9226 0.01753762172264188 0.4192215394654619 0
9227 0.01633424524912449 0.4192215394654619 0
9228 0.0150698730101361 0.4192215394654619 0
9229 0.01372536627117661 0.4192215394654619 0
9230 0.01227733490475497 0.4192215394654619 0
9231 0.01069857424052101 0.4192215394654619 0
9232 0.008959740517586615 0.4192215394654619 0
9233 0.007032895194289257 0.4192215394654619 0
9234 0.004897330943686328 0.4192215394654619 0
9235 0.002547317877128653 0.4192215394654619 0
9236 0.07156428419096031 0.4260026386084583 0
9237 0.06811285007388733 0.4260026386084583 0
9238 0.06468384698044581 0.4260026386084583 0
9239 0.06131397837891765 0.4260026386084583 0
9240 0.05803623484731499 0.4260026386084585 0
9241 0.0548781085062524 0.4260026386084585 0
9242 0.05186047265154088 0.4260026386084583 0
9243 0.04899717956733713 0.4260026386084585 0
9244 0.04629530842094683 0.4260026386084585 0
9245 0.04375591106446673 0.4260026386084583 0
9246 0.04137506714780149 0.4260026386084583 0
9247 0.03914506620531637 0.4260026386084583 0
9248 0.03705556905429547 0.4260026386084583 0
9249 0.03509464770777813 0.4260026386084583 0
9250 0.03324964902279669 0.4260026386084583 0
9251 0.031507864710737 0.4260026386084583 0
9252 0.0298570162857501 0.4260026386084583 0
9253 0.02828557857570181 0.4260026386084583 0
9254 0.02678297185034823 0.4260026386084585 0
9255 0.02533965316653049 0.4260026386084583 0
9256 0.02394713463118569 0.4260026386084585 0
9257 0.02259795178466437 0.4260026386084585 0
9258 0.02143423853481137 0.4260026386084583 0
9259 0.02025346354713222 0.4260026386084585 0
9260 0.0190495240658385 0.4260026386084583 0
9261 0.01781428640566425 0.4260026386084583 0
9262 0.01653704030565874 0.4260026386084583 0
9263 0.01520391884394116 0.4260026386084583 0
9264 0.01379738992292004 0.4260026386084583 0
9265 0.01229602694315914 0.4260026386084583 0
9266 0.01067490898130689 0.4260026386084583 0
9267 0.008907155593434827 0.4260026386084583 0
9268 0.006967173591080677 0.4260026386084583 0
9269 0.004835993962640526 0.4260026386084583 0
9270 0.002508367825698187 0.4260026386084583 0
9271 0.07169873121633592 0.4333590819988846 0
9272 0.06838330675931996 0.4333590819988847 0
9273 0.06508808334702226 0.4333590819988847 0
9274 0.06184611557455452 0.4333590819988847 0
9275 0.05868711426352947 0.4333590819988847 0
9276 0.05563583840698554 0.4333590819988847 0
9277 0.05271108618324136 0.4333590819988847 0
9278 0.04992533275242783 0.4333590819988847 0
9279 0.04728495350684348 0.4333590819988847 0
9280 0.04479089572876994 0.4333590819988847 0
9281 0.04243962880948915 0.4333590819988847 0
9282 0.0402242088188602 0.4333590819988847 0
9283 0.03813532444341718 0.4333590819988847 0
9284 0.03616223351633119 0.4333590819988847 0
9285 0.03429354080610875 0.4333590819988847 0
9286 0.03251780141791114 0.4333590819988847 0
9287 0.03082395753084784 0.4333590819988847 0
9288 0.02920162974710384 0.4333590819988847 0
9289 0.02764129011970375 0.4333590819988847 0
9290 0.02613434441662931 0.4333590819988847 0
9291 0.0246731485682141 0.4333590819988847 0
9292 0.02325098019363173 0.4333590819988847 0
9293 0.02199584296652329 0.4333590819988847 0
9294 0.02072534019326501 0.4333590819988847 0
9295 0.01943397582318117 0.4333590819988847 0
9296 0.01811442478085471 0.4333590819988847 0
9297 0.01675704156530605 0.4333590819988847 0
9298 0.01534933783388882 0.4333590819988847 0
9299 0.0138755244414766 0.4333590819988847 0
9300 0.01231630491277325 0.4333590819988847 0
9301 0.01064923583657661 0.4333590819988847 0
9302 0.008850109086732151 0.4333590819988847 0
9303 0.006895875820123984 0.4333590819988847 0
9304 0.00476945282833649 0.4333590819988847 0
9305 0.002466113046294417 0.4333590819988847 0
9306 0.07184459703174037 0.4413403192975384 0
9307 0.0686767337417466 0.4413403192975384 0
9308 0.06552665212206252 0.4413403192975384 0
9309 0.06242344799029029 0.4413403192975384 0
9310 0.05939327385695171 0.4413403192975384 0
9311 0.05645792345883367 0.4413403192975384 0
9312 0.05363394361388275 0.4413403192975384 0
9313 0.05093231539696915 0.4413403192975384 0
9314 0.04835865065270436 0.4413403192975384 0
9315 0.04591378321228154 0.4413403192975384 0
9316 0.04359460530968701 0.4413403192975384 0
9317 0.0413950046532972 0.4413403192975384 0
9318 0.0393067850973924 0.4413403192975384 0
9319 0.03732049100878004 0.4413403192975384 0
9320 0.03542609190377249 0.4413403192975384 0
9321 0.03361351358325831 0.4413403192975384 0
9322 0.03187302256423396 0.4413403192975384 0
9323 0.0301954825355565 0.4413403192975384 0
9324 0.02857250666306919 0.4413403192975384 0
9325 0.02699653000137218 0.4413403192975384 0
9326 0.025460823971398 0.4413403192975384 0
9327 0.02395947129702466 0.4413403192975384 0
9328 0.0226051453154412 0.4413403192975384 0
9329 0.02123729403951903 0.4413403192975384 0
9330 0.01985107965208162 0.4413403192975384 0
9331 0.01844005436402323 0.4413403192975384 0
9332 0.01699572786601667 0.4413403192975384 0
9333 0.01550710747947777 0.4413403192975384 0
9334 0.01396029504334483 0.4413403192975384 0
9335 0.01233830512113967 0.4413403192975384 0
9336 0.01062138223267861 0.4413403192975384 0
9337 0.008788217533587616 0.4413403192975384 0
9338 0.00681852262121118 0.4413403192975384 0
9339 0.004697260254450412 0.4413403192975384 0
9340 0.002420269504310168 0.4413403192975384 0
9341 0.07200286214021165 0.45 0
9342 0.06899510342331591 0.45 0
9343 0.06600250134390673 0.45 0
9344 0.06304985642702421 0.45 0
9345 0.06015946039861088 0.45 0
9346 0.05734988967821573 0.45 0
9347 0.05463524834699682 0.4499999999999999 0
9348 0.05202489639015918 0.4500000000000001 0
9349 0.04952361719941609 0.45 0
9350 0.04713212151098633 0.45 0
9351 0.04484776034521605 0.4500000000000001 0
9352 0.04266532374225684 0.45 0
9353 0.04057782551873576 0.4500000000000001 0
9354 0.0385772059366187 0.4499999999999999 0
9355 0.03665491527012505 0.45 0
9356 0.0348023665315737 0.45 0
9357 0.0330112631509126 0.4500000000000001 0
9358 0.03127381757199288 0.45 0
9359 0.02958288107353244 0.45 0
9360 0.02793200549104315 0.4500000000000001 0
9361 0.02631545555714297 0.45 0
9362 0.02472818753817092 0.45 0
9363 0.02326624128282699 0.45 0
9364 0.02179276641517494 0.4500000000000001 0
9365 0.02030363930453818 0.45 0
9366 0.01879336402166125 0.45 0
9367 0.01725470364569363 0.45 0
9368 0.01567828830072354 0.45 0
9369 0.01405227155245804 0.4499999999999999 0
9370 0.01236217545260731 0.4500000000000001 0
9371 0.01059116093901902 0.45 0
9372 0.008721064901939702 0.45 0
9373 0.006734594029837023 0.45 0
9374 0.00461893096595178 0.45 0
9375 0.002370529041647764 0.45 0
9376 0.07215516289462082 0.4583333333333332 0
9377 0.06930147507498548 0.4583333333333332 0
9378 0.06646041778658893 0.4583333333333332 0
9379 0.06365265813363129 0.4583333333333332 0
9380 0.06089677255439795 0.4583333333333332 0
9381 0.05820824139851311 0.4583333333333332 0
9382 0.05559881806694178 0.4583333333333332 0
9383 0.05307630254735488 0.4583333333333334 0
9384 0.0506446809995134 0.4583333333333332 0
9385 0.04830454570359971 0.4583333333333332 0
9386 0.04605368917656892 0.4583333333333332 0
9387 0.04388776978521402 0.4583333333333334 0
9388 0.04180096571005758 0.4583333333333332 0
9389 0.03978656050273779 0.4583333333333334 0
9390 0.03783742939177086 0.4583333333333332 0
9391 0.03594641655408918 0.4583333333333332 0
9392 0.03410660818131606 0.4583333333333332 0
9393 0.03231151464332739 0.4583333333333332 0
9394 0.03055517867238815 0.4583333333333332 0
9395 0.02883222679809152 0.4583333333333332 0
9396 0.02713787963095247 0.4583333333333332 0
9397 0.02546793405958688 0.4583333333333332 0
9398 0.02390242329124471 0.4583333333333334 0
9399 0.02232730534597912 0.4583333333333332 0
9400 0.02073914386489293 0.4583333333333334 0
9401 0.01913335890693993 0.4583333333333332 0
9402 0.01750391970474469 0.4583333333333332 0
9403 0.01584301802838072 0.4583333333333332 0
9404 0.01414078184927059 0.4583333333333332 0
9405 0.01238514621050609 0.4583333333333332 0
9406 0.01056207856029362 0.4583333333333332 0
9407 0.008656442973838639 0.4583333333333332 0
9408 0.006653828358197522 0.4583333333333332 0
9409 0.004543553582737594 0.4583333333333332 0
9410 0.002322663090262025 0.4583333333333332 0
9411 0.07230746364903 0.4666666666666667 0
9412 0.06960784672665503 0.4666666666666667 0
9413 0.06691833422927114 0.4666666666666667 0
9414 0.06425545984023837 0.4666666666666667 0
9415 0.06163408471018504 0.4666666666666667 0
9416 0.05906659311881048 0.4666666666666667 0
9417 0.05656238778688676 0.4666666666666667 0
9418 0.05412770870455057 0.4666666666666667 0
9419 0.05176574479961072 0.4666666666666667 0
9420 0.04947696989621311 0.4666666666666667 0
9421 0.04725961800792181 0.4666666666666667 0
9422 0.04511021582817122 0.4666666666666667 0
9423 0.04302410590137939 0.4666666666666667 0
9424 0.0409959150688569 0.4666666666666667 0
9425 0.03901994351341669 0.4666666666666667 0
9426 0.03709046657660468 0.4666666666666667 0
9427 0.03520195321171952 0.4666666666666667 0
9428 0.03334921171466192 0.4666666666666667 0
9429 0.03152747627124385 0.4666666666666667 0
9430 0.02973244810513988 0.4666666666666667 0
9431 0.02796030370476198 0.4666666666666667 0
9432 0.02620768058100284 0.4666666666666667 0
9433 0.02453860529966244 0.4666666666666667 0
9434 0.0228618442767833 0.4666666666666667 0
9435 0.02117464842524768 0.4666666666666667 0
9436 0.0194733537922186 0.4666666666666667 0
9437 0.01775313576379575 0.4666666666666667 0
9438 0.01600774775603791 0.4666666666666667 0
9439 0.01422929214608314 0.4666666666666667 0
9440 0.01240811696840487 0.4666666666666667 0
9441 0.01053299618156823 0.4666666666666667 0
9442 0.008591821045737578 0.4666666666666667 0
9443 0.006573062686558016 0.4666666666666667 0
9444 0.004468176199523409 0.4666666666666667 0
9445 0.002274797138876287 0.4666666666666667 0
9446 0.07245976440343915 0.475 0
9447 0.06991421837832462 0.475 0
9448 0.06737625067195335 0.475 0
9449 0.06485826154684543 0.475 0
9450 0.0623713968659721 0.475 0
9451 0.05992494483910786 0.475 0
9452 0.05752595750683174 0.475 0
9453 0.05517911486174626 0.475 0
9454 0.05288680859970803 0.475 0
9455 0.05064939408882648 0.475 0
9456 0.04846554683927468 0.475 0
9457 0.04633266187112842 0.475 0
9458 0.04424724609270121 0.475 0
9459 0.042205269634976 0.475 0
9460 0.04020245763506251 0.475 0
9461 0.03823451659912017 0.475 0
9462 0.03629729824212297 0.475 0
9463 0.03438690878599643 0.475 0
9464 0.03249977387009956 0.475 0
9465 0.03063266941218824 0.475 0
9466 0.02878272777857148 0.475 0
9467 0.02694742710241879 0.475 0
9468 0.02517478730808016 0.475 0
9469 0.02339638320758748 0.475 0
9470 0.02161015298560242 0.475 0
9471 0.01981334867749728 0.475 0
9472 0.01800235182284681 0.475 0
9473 0.0161724774836951 0.475 0
9474 0.01431780244289569 0.475 0
9475 0.01243108772630365 0.475 0
9476 0.01050391380284284 0.475 0
9477 0.008527199117636516 0.475 0
9478 0.006492297014918514 0.475 0
9479 0.004392798816309224 0.475 0
9480 0.002226931187490548 0.475 0
9481 0.07261206515784832 0.4833333333333333 0
9482 0.07022059002999419 0.4833333333333333 0
9483 0.06783416711463557 0.4833333333333333 0
9484 0.06546106325345251 0.4833333333333333 0
9485 0.06310870902175918 0.4833333333333333 0
9486 0.06078329655940523 0.4833333333333333 0
9487 0.0584895272267767 0.4833333333333333 0
9488 0.05623052101894195 0.4833333333333333 0
9489 0.05400787239980535 0.4833333333333333 0
9490 0.05182181828143988 0.4833333333333333 0
9491 0.04967147567062757 0.4833333333333333 0
9492 0.04755510791408561 0.4833333333333333 0
9493 0.04547038628402303 0.4833333333333333 0
9494 0.0434146242010951 0.4833333333333333 0
9495 0.04138497175670833 0.4833333333333333 0
9496 0.03937856662163566 0.4833333333333333 0
9497 0.03739264327252642 0.4833333333333332 0
9498 0.03542460585733095 0.4833333333333332 0
9499 0.03347207146895526 0.4833333333333332 0
9500 0.03153289071923662 0.4833333333333332 0
9501 0.02960515185238099 0.4833333333333332 0
9502 0.02768717362383475 0.4833333333333334 0
9503 0.02581096931649789 0.4833333333333334 0
9504 0.02393092213839165 0.4833333333333334 0
9505 0.02204565754595718 0.4833333333333334 0
9506 0.02015334356277597 0.4833333333333334 0
9507 0.01825156788189787 0.4833333333333334 0
9508 0.01633720721135229 0.4833333333333334 0
9509 0.01440631273970824 0.4833333333333334 0
9510 0.01245405848420244 0.4833333333333334 0
9511 0.01047483142411745 0.4833333333333334 0
9512 0.008462577189535454 0.4833333333333334 0
9513 0.006411531343279008 0.4833333333333334 0
9514 0.004317421433095037 0.4833333333333334 0
9515 0.00217906523610481 0.4833333333333334 0
9516 0.07276436591225749 0.4916666666666667 0
9517 0.07052696168166377 0.4916666666666667 0
9518 0.06829208355731778 0.4916666666666667 0
9519 0.0660638649600596 0.4916666666666667 0
9520 0.06384602117754627 0.4916666666666667 0
9521 0.06164164827970262 0.4916666666666667 0
9522 0.05945309694672169 0.4916666666666667 0
9523 0.05728192717613764 0.4916666666666667 0
9524 0.05512893619990269 0.4916666666666667 0
9525 0.05299424247405328 0.4916666666666667 0
9526 0.05087740450198045 0.4916666666666667 0
9527 0.04877755395704281 0.4916666666666667 0
9528 0.04669352647534484 0.4916666666666667 0
9529 0.04462397876721424 0.4916666666666667 0
9530 0.04256748587835417 0.4916666666666667 0
9531 0.04052261664415116 0.4916666666666667 0
9532 0.03848798830292988 0.4916666666666667 0
9533 0.03646230292866548 0.4916666666666667 0
9534 0.03444436906781097 0.4916666666666667 0
9535 0.03243311202628498 0.4916666666666667 0
9536 0.0304275759261905 0.4916666666666667 0
9537 0.02842692014525071 0.4916666666666667 0
9538 0.02644715132491562 0.4916666666666667 0
9539 0.02446546106919583 0.4916666666666667 0
9540 0.02248116210631192 0.4916666666666667 0
9541 0.02049333844805466 0.4916666666666667 0
9542 0.01850078394094894 0.4916666666666667 0
9543 0.01650193693900948 0.4916666666666667 0
9544 0.01449482303652079 0.4916666666666667 0
9545 0.01247702924210122 0.4916666666666667 0
9546 0.01044574904539206 0.4916666666666667 0
9547 0.008397955261434394 0.4916666666666667 0
9548 0.006330765671639506 0.4916666666666667 0
9549 0.004242044049880852 0.4916666666666667 0
9550 0.002131199284719071 0.4916666666666667 0
9551 0.0229375 0.3142108 0
9552 0.0229375 0.3133636089681113 0
9553 0.0229375 0.312466918769099 0
9554 0.0229375 0.3115183698036572 0
9555 0.0229375 0.3105155584251626 0
9556 0.0229375 0.3094560457098603 0
9557 0.0229375 0.3083373676833357 0
9558 0.02331745866386378 0.3072221552437383 0
9559 0.02373177734479038 0.3060487109443262 0
9560 0.02416826337364879 0.3048124836972432 0
9561 0.02462772564929742 0.3035111825178008 0
9562 0.02511095611058374 0.3021425644559008 0
9563 0.02512915658201178 0.3006182174053826 0
9564 0.02514405424535678 0.2990172572946964 0
9565 0.0251596777534015 0.2973382951253057 0
9566 0.02517604526531918 0.2955793794427214 0
9567 0.02519317334877571 0.2937387298219463 0
9568 0.02530361144947104 0.2918432961921404 0
9569 0.02641925970882981 0.2901728844087172 0
9570 0.02758254043490797 0.2884311545973994 0
9571 0.0280669961853027 0.286397016358771 0
9572 0.0280669961853027 0.2841289290687801 0
9573 0.0280669961853027 0.2817736682044262 0
9574 0.0280669961853027 0.2793314844155133 0
9575 0.0280669961853027 0.2768030356903279 0
9576 0.0280669961853027 0.2741894122446721 0
9577 0.0280669961853027 0.2714921583951493 0
9578 0.0280669961853027 0.2687132907492638 0
9579 0.0280669961853027 0.2658553120553242 0
9580 0.0280669961853027 0.2629212200862981 0
9581 0.0280669961853027 0.2599145109852646 0
9582 0.0280669961853027 0.2568391765766961 0
9583 0.0280669961853027 0.2536996952472865 0
9584 0.0280669961853027 0.2505010161211315 0
9585 0.0280669961853027 0.2472485363942926 0
9586 0.0280669961853027 0.2439480718495031 0
9587 0.0280669961853027 0.2406058207382692 0
9588 0.0280669961853027 0.2372283213891995 0
9589 0.0280669961853027 0.2338224040716944 0
9590 0.0280669961853027 0.2303951378063656 0
9591 0.0280669961853027 0.2269537729609448 0
9592 0.0280669961853027 0.2235056805965367 0
9593 0.0280669961853027 0.2200582896281917 0
9594 0.0280669961853027 0.2166190229313383 0
9595 0.0280669961853027 0.2131952335584569 0
9596 0.0280669961853027 0.2097941422269321 0
9597 0.0280669961853027 0.2064227771994621 0
9598 0.0280669961853027 0.2030879176045974 0
9599 0.0280669961853027 0.1997960411403841 0
9600 0.0280669961853027 0.1965532769735097 0
9601 0.0280669961853027 0.1933653644956526 0
9602 0.0280669961853027 0.1902376184344524 0
9603 0.0280669961853027 0.1871749006454671 0
9604 0.0280669961853027 0.1841815987403896 0
9605 0.0280669961853027 0.1812616115419286 0
9606 0.0280669961853027 0.1784183412026197 0
9607 0.0280669961853027 0.1756546916879789 0
9608 0.0280669961853027 0.1729730732072394 0
9609 0.0280669961853027 0.1703754120796845 0
9610 0.0280669961853027 0.1678631654523755 0
9611 0.0280669961853027 0.1654373402358761 0
9612 0.0280669961853027 0.1630985155974648 0
9613 0.0280669961853027 0.1608468683445854 0
9614 0.0280669961853027 0.1586822005426331 0
9615 0.0280669961853027 0.1566039687379105 0
9616 0.0280669961853027 0.1546113141958444 0
9617 0.0280669961853027 0.1527030936133779 0
9618 0.0280669961853027 0.1508779098200107 0
9619 0.0280669961853027 0.1491341420416108 0
9620 0.02779560670562308 0.1475056926091957 0
9621 0.02738510993208795 0.1459731713213307 0
9622 0.02699414797146512 0.1445135800016716 0
9623 0.02662214312176666 0.1431247618961303 0
9624 0.02626849452085501 0.1418044737860596 0
9625 0.02593258384631329 0.1405504072677701 0
9626 0.0256137805459363 0.1393602082796956 0
9627 0.02531144659543815 0.1382314948645022 0
9628 0.02502494078784536 0.1371618731828221 0
9629 0.02475362256556727 0.1361489518196502 0
9630 0.02449685541139144 0.1351903544440601 0
9631 0.024256996185304 0.1342833378660189 0
9632 0.02425699618530391 0.133396163763658 0
9633 0.02425699618530382 0.1325580493045502 0
9634 0.02425699618530373 0.1317666967887414 0
9635 0.02425699618530366 0.1310198671818916 0
9636 0.02425699618530358 0.1303153849394667 0
9637 0.02425699618530351 0.1296511418140837 0
9638 0.02425699618530345 0.1290250997475564 0
9639 0.02425699618530338 0.1284352929450395 0
9640 0.02425699618530332 0.1278798292236996 0
9641 0.02425699618530327 0.1273568907228055 0
9642 0.02425699618530322 0.1268647340562345 0
9643 0.02425699618530317 0.1264016899823117 0
9644 0.02425699618530313 0.1259661626597842 0
9645 0.02425699618530308 0.1255566285526912 0
9646 0.02425699618530304 0.1251716350410148 0
9647 0.024256996185303 0.1248097987883596 0
9648 0.02425699618530297 0.1244698039125503 0
9649 0.02425699618530293 0.1241504 0
$EndNodes
$Comments
-------------------------------------------------------
Types: bar(1) tri(2) quad(3) tet(4) hex(5) prism(6) pyramid(7)
NumElements
Id Type NumTags PhysGrp ElemGrp IndexList
-------------------------------------------------------
$EndComments
$Elements
9964
   1  3 2 1 1  324  323  404  403
   2  3 2 1 1  323  322  405  404
   3  3 2 1 1  322  321  406  405
   4  3 2 1 1  321  320  407  406
   5  3 2 1 1  320  319  408  407
   6  3 2 1 1  319  318  409  408
   7  3 2 1 1  318  317  410  409
   8  3 2 1 1  317  316  411  410
   9  3 2 1 1  316  315  412  411
  10  3 2 1 1  315  314  413  412
  11  3 2 1 1  314  313  414  413
  12  3 2 1 1  313  312  415  414
  13  3 2 1 1  312  311  416  415
  14  3 2 1 1  311  310  417  416
  15  3 2 1 1  310  309  418  417
  16  3 2 1 1  309  308  419  418
  17  3 2 1 1  308  307  420  419
  18  3 2 1 1  307  306  421  420
  19  3 2 1 1  306  305  422  421
  20  3 2 1 1  305  304  423  422
  21  3 2 1 1  304  303  424  423
  22  3 2 1 1  303  302  425  424
  23  3 2 1 1  302  301  426  425
  24  3 2 1 1  301  300  427  426
  25  3 2 1 1  300  299  428  427
  26  3 2 1 1  299  298  429  428
  27  3 2 1 1  298  297  430  429
  28  3 2 1 1  297  296  431  430
  29  3 2 1 1  296  295  432  431
  30  3 2 1 1  295  294  433  432
  31  3 2 1 1  294  293  434  433
  32  3 2 1 1  293  292  435  434
  33  3 2 1 1  292  291  436  435
  34  3 2 1 1  291  290  437  436
  35  3 2 1 1  290  289  438  437
  36  3 2 1 1  289  197  439  438
  37  3 2 1 1  197  198  440  439
  38  3 2 1 1  198  199  441  440
  39  3 2 1 1  199  200  442  441
  40  3 2 1 1  200  201  443  442
  41  3 2 1 1  201  202  444  443
  42  3 2 1 1  202  203  445  444
  43  3 2 1 1  203  204  446  445
  44  3 2 1 1  204  205  447  446
  45  3 2 1 1  205  206  448  447
  46  3 2 1 1  206  207  449  448
  47  3 2 1 1  207  208  450  449
  48  3 2 1 1  208  288  209  450
  49  3 2 1 1  403  404  451  402
  50  3 2 1 1  404  405  452  451
  51  3 2 1 1  405  406  453  452
  52  3 2 1 1  406  407  454  453
  53  3 2 1 1  407  408  455  454
  54  3 2 1 1  408  409  456  455
  55  3 2 1 1  409  410  457  456
  56  3 2 1 1  410  411  458  457
  57  3 2 1 1  411  412  459  458
  58  3 2 1 1  412  413  460  459
  59  3 2 1 1  413  414  461  460
  60  3 2 1 1  414  415  462  461
  61  3 2 1 1  415  416  463  462
  62  3 2 1 1  416  417  464  463
  63  3 2 1 1  417  418  465  464
  64  3 2 1 1  418  419  466  465
  65  3 2 1 1  419  420  467  466
  66  3 2 1 1  420  421  468  467
  67  3 2 1 1  421  422  469  468
  68  3 2 1 1  422  423  470  469
  69  3 2 1 1  423  424  471  470
  70  3 2 1 1  424  425  472  471
  71  3 2 1 1  425  426  473  472
  72  3 2 1 1  426  427  474  473
  73  3 2 1 1  427  428  475  474
  74  3 2 1 1  428  429  476  475
  75  3 2 1 1  429  430  477  476
  76  3 2 1 1  430  431  478  477
  77  3 2 1 1  431  432  479  478
  78  3 2 1 1  432  433  480  479
  79  3 2 1 1  433  434  481  480
  80  3 2 1 1  434  435  482  481
  81  3 2 1 1  435  436  483  482
  82  3 2 1 1  436  437  484  483
  83  3 2 1 1  437  438  485  484
  84  3 2 1 1  438  439  486  485
  85  3 2 1 1  439  440  487  486
  86  3 2 1 1  440  441  488  487
  87  3 2 1 1  441  442  489  488
  88  3 2 1 1  442  443  490  489
  89  3 2 1 1  443  444  491  490
  90  3 2 1 1  444  445  492  491
  91  3 2 1 1  445  446  493  492
  92  3 2 1 1  446  447  494  493
  93  3 2 1 1  447  448  495  494
  94  3 2 1 1  448  449  496  495
  95  3 2 1 1  449  450  497  496
  96  3 2 1 1  450  209  210  497
  97  3 2 1 1  402  451  498  401
  98  3 2 1 1  451  452  499  498
  99  3 2 1 1  452  453  500  499
 100  3 2 1 1  453  454  501  500
 101  3 2 1 1  454  455  502  501
 102  3 2 1 1  455  456  503  502
 103  3 2 1 1  456  457  504  503
 104  3 2 1 1  457  458  505  504
 105  3 2 1 1  458  459  506  505
 106  3 2 1 1  459  460  507  506
 107  3 2 1 1  460  461  508  507
 108  3 2 1 1  461  462  509  508
 109  3 2 1 1  462  463  510  509
 110  3 2 1 1  463  464  511  510
 111  3 2 1 1  464  465  512  511
 112  3 2 1 1  465  466  513  512
 113  3 2 1 1  466  467  514  513
 114  3 2 1 1  467  468  515  514
 115  3 2 1 1  468  469  516  515
 116  3 2 1 1  469  470  517  516
 117  3 2 1 1  470  471  518  517
 118  3 2 1 1  471  472  519  518
 119  3 2 1 1  472  473  520  519
 120  3 2 1 1  473  474  521  520
 121  3 2 1 1  474  475  522  521
 122  3 2 1 1  475  476  523  522
 123  3 2 1 1  476  477  524  523
 124  3 2 1 1  477  478  525  524
 125  3 2 1 1  478  479  526  525
 126  3 2 1 1  479  480  527  526
 127  3 2 1 1  480  481  528  527
 128  3 2 1 1  481  482  529  528
 129  3 2 1 1  482  483  530  529
 130  3 2 1 1  483  484  531  530
 131  3 2 1 1  484  485  532  531
 132  3 2 1 1  485  486  533  532
 133  3 2 1 1  486  487  534  533
 134  3 2 1 1  487  488  535  534
 135  3 2 1 1  488  489  536  535
 136  3 2 1 1  489  490  537  536
 137  3 2 1 1  490  491  538  537
 138  3 2 1 1  491  492  539  538
 139  3 2 1 1  492  493  540  539
 140  3 2 1 1  493  494  541  540
 141  3 2 1 1  494  495  542  541
 142  3 2 1 1  495  496  543  542
 143  3 2 1 1  496  497  544  543
 144  3 2 1 1  497  210  211  544
 145  3 2 1 1  401  498  545  400
 146  3 2 1 1  498  499  546  545
 147  3 2 1 1  499  500  547  546
 148  3 2 1 1  500  501  548  547
 149  3 2 1 1  501  502  549  548
 150  3 2 1 1  502  503  550  549
 151  3 2 1 1  503  504  551  550
 152  3 2 1 1  504  505  552  551
 153  3 2 1 1  505  506  553  552
 154  3 2 1 1  506  507  554  553
 155  3 2 1 1  507  508  555  554
 156  3 2 1 1  508  509  556  555
 157  3 2 1 1  509  510  557  556
 158  3 2 1 1  510  511  558  557
 159  3 2 1 1  511  512  559  558
 160  3 2 1 1  512  513  560  559
 161  3 2 1 1  513  514  561  560
 162  3 2 1 1  514  515  562  561
 163  3 2 1 1  515  516  563  562
 164  3 2 1 1  516  517  564  563
 165  3 2 1 1  517  518  565  564
 166  3 2 1 1  518  519  566  565
 167  3 2 1 1  519  520  567  566
 168  3 2 1 1  520  521  568  567
 169  3 2 1 1  521  522  569  568
 170  3 2 1 1  522  523  570  569
 171  3 2 1 1  523  524  571  570
 172  3 2 1 1  524  525  572  571
 173  3 2 1 1  525  526  573  572
 174  3 2 1 1  526  527  574  573
 175  3 2 1 1  527  528  575  574
 176  3 2 1 1  528  529  576  575
 177  3 2 1 1  529  530  577  576
 178  3 2 1 1  530  531  578  577
 179  3 2 1 1  531  532  579  578
 180  3 2 1 1  532  533  580  579
 181  3 2 1 1  533  534  581  580
 182  3 2 1 1  534  535  582  581
 183  3 2 1 1  535  536  583  582
 184  3 2 1 1  536  537  584  583
 185  3 2 1 1  537  538  585  584
 186  3 2 1 1  538  539  586  585
 187  3 2 1 1  539  540  587  586
 188  3 2 1 1  540  541  588  587
 189  3 2 1 1  541  542  589  588
 190  3 2 1 1  542  543  590  589
 191  3 2 1 1  543  544  591  590
 192  3 2 1 1  544  211  212  591
 193  3 2 1 1  400  545  592  399
 194  3 2 1 1  545  546  593  592
 195  3 2 1 1  546  547  594  593
 196  3 2 1 1  547  548  595  594
 197  3 2 1 1  548  549  596  595
 198  3 2 1 1  549  550  597  596
 199  3 2 1 1  550  551  598  597
 200  3 2 1 1  551  552  599  598
 201  3 2 1 1  552  553  600  599
 202  3 2 1 1  553  554  601  600
 203  3 2 1 1  554  555  602  601
 204  3 2 1 1  555  556  603  602
 205  3 2 1 1  556  557  604  603
 206  3 2 1 1  557  558  605  604
 207  3 2 1 1  558  559  606  605
 208  3 2 1 1  559  560  607  606
 209  3 2 1 1  560  561  608  607
 210  3 2 1 1  561  562  609  608
 211  3 2 1 1  562  563  610  609
 212  3 2 1 1  563  564  611  610
 213  3 2 1 1  564  565  612  611
 214  3 2 1 1  565  566  613  612
 215  3 2 1 1  566  567  614  613
 216  3 2 1 1  567  568  615  614
 217  3 2 1 1  568  569  616  615
 218  3 2 1 1  569  570  617  616
 219  3 2 1 1  570  571  618  617
 220  3 2 1 1  571  572  619  618
 221  3 2 1 1  572  573  620  619
 222  3 2 1 1  573  574  621  620
 223  3 2 1 1  574  575  622  621
 224  3 2 1 1  575  576  623  622
 225  3 2 1 1  576  577  624  623
 226  3 2 1 1  577  578  625  624
 227  3 2 1 1  578  579  626  625
 228  3 2 1 1  579  580  627  626
 229  3 2 1 1  580  581  628  627
 230  3 2 1 1  581  582  629  628
 231  3 2 1 1  582  583  630  629
 232  3 2 1 1  583  584  631  630
 233  3 2 1 1  584  585  632  631
 234  3 2 1 1  585  586  633  632
 235  3 2 1 1  586  587  634  633
 236  3 2 1 1  587  588  635  634
 237  3 2 1 1  588  589  636  635
 238  3 2 1 1  589  590  637  636
 239  3 2 1 1  590  591  638  637
 240  3 2 1 1  591  212  213  638
 241  3 2 1 1  399  592  639  398
 242  3 2 1 1  592  593  640  639
 243  3 2 1 1  593  594  641  640
 244  3 2 1 1  594  595  642  641
 245  3 2 1 1  595  596  643  642
 246  3 2 1 1  596  597  644  643
 247  3 2 1 1  597  598  645  644
 248  3 2 1 1  598  599  646  645
 249  3 2 1 1  599  600  647  646
 250  3 2 1 1  600  601  648  647
 251  3 2 1 1  601  602  649  648
 252  3 2 1 1  602  603  650  649
 253  3 2 1 1  603  604  651  650
 254  3 2 1 1  604  605  652  651
 255  3 2 1 1  605  606  653  652
 256  3 2 1 1  606  607  654  653
 257  3 2 1 1  607  608  655  654
 258  3 2 1 1  608  609  656  655
 259  3 2 1 1  609  610  657  656
 260  3 2 1 1  610  611  658  657
 261  3 2 1 1  611  612  659  658
 262  3 2 1 1  612  613  660  659
 263  3 2 1 1  613  614  661  660
 264  3 2 1 1  614  615  662  661
 265  3 2 1 1  615  616  663  662
 266  3 2 1 1  616  617  664  663
 267  3 2 1 1  617  618  665  664
 268  3 2 1 1  618  619  666  665
 269  3 2 1 1  619  620  667  666
 270  3 2 1 1  620  621  668  667
 271  3 2 1 1  621  622  669  668
 272  3 2 1 1  622  623  670  669
 273  3 2 1 1  623  624  671  670
 274  3 2 1 1  624  625  672  671
 275  3 2 1 1  625  626  673  672
 276  3 2 1 1  626  627  674  673
 277  3 2 1 1  627  628  675  674
 278  3 2 1 1  628  629  676  675
 279  3 2 1 1  629  630  677  676
 280  3 2 1 1  630  631  678  677
 281  3 2 1 1  631  632  679  678
 282  3 2 1 1  632  633  680  679
 283  3 2 1 1  633  634  681  680
 284  3 2 1 1  634  635  682  681
 285  3 2 1 1  635  636  683  682
 286  3 2 1 1  636  637  684  683
 287  3 2 1 1  637  638  685  684
 288  3 2 1 1  638  213  214  685
 289  3 2 1 1  398  639  686  397
 290  3 2 1 1  639  640  687  686
 291  3 2 1 1  640  641  688  687
 292  3 2 1 1  641  642  689  688
 293  3 2 1 1  642  643  690  689
 294  3 2 1 1  643  644  691  690
 295  3 2 1 1  644  645  692  691
 296  3 2 1 1  645  646  693  692
 297  3 2 1 1  646  647  694  693
 298  3 2 1 1  647  648  695  694
 299  3 2 1 1  648  649  696  695
 300  3 2 1 1  649  650  697  696
 301  3 2 1 1  650  651  698  697
 302  3 2 1 1  651  652  699  698
 303  3 2 1 1  652  653  700  699
 304  3 2 1 1  653  654  701  700
 305  3 2 1 1  654  655  702  701
 306  3 2 1 1  655  656  703  702
 307  3 2 1 1  656  657  704  703
 308  3 2 1 1  657  658  705  704
 309  3 2 1 1  658  659  706  705
 310  3 2 1 1  659  660  707  706
 311  3 2 1 1  660  661  708  707
 312  3 2 1 1  661  662  709  708
 313  3 2 1 1  662  663  710  709
 314  3 2 1 1  663  664  711  710
 315  3 2 1 1  664  665  712  711
 316  3 2 1 1  665  666  713  712
 317  3 2 1 1  666  667  714  713
 318  3 2 1 1  667  668  715  714
 319  3 2 1 1  668  669  716  715
 320  3 2 1 1  669  670  717  716
 321  3 2 1 1  670  671  718  717
 322  3 2 1 1  671  672  719  718
 323  3 2 1 1  672  673  720  719
 324  3 2 1 1  673  674  721  720
 325  3 2 1 1  674  675  722  721
 326  3 2 1 1  675  676  723  722
 327  3 2 1 1  676  677  724  723
 328  3 2 1 1  677  678  725  724
 329  3 2 1 1  678  679  726  725
 330  3 2 1 1  679  680  727  726
 331  3 2 1 1  680  681  728  727
 332  3 2 1 1  681  682  729  728
 333  3 2 1 1  682  683  730  729
 334  3 2 1 1  683  684  731  730
 335  3 2 1 1  684  685  732  731
 336  3 2 1 1  685  214  215  732
 337  3 2 1 1  397  686  733  396
 338  3 2 1 1  686  687  734  733
 339  3 2 1 1  687  688  735  734
 340  3 2 1 1  688  689  736  735
 341  3 2 1 1  689  690  737  736
 342  3 2 1 1  690  691  738  737
 343  3 2 1 1  691  692  739  738
 344  3 2 1 1  692  693  740  739
 345  3 2 1 1  693  694  741  740
 346  3 2 1 1  694  695  742  741
 347  3 2 1 1  695  696  743  742
 348  3 2 1 1  696  697  744  743
 349  3 2 1 1  697  698  745  744
 350  3 2 1 1  698  699  746  745
 351  3 2 1 1  699  700  747  746
 352  3 2 1 1  700  701  748  747
 353  3 2 1 1  701  702  749  748
 354  3 2 1 1  702  703  750  749
 355  3 2 1 1  703  704  751  750
 356  3 2 1 1  704  705  752  751
 357  3 2 1 1  705  706  753  752
 358  3 2 1 1  706  707  754  753
 359  3 2 1 1  707  708  755  754
 360  3 2 1 1  708  709  756  755
 361  3 2 1 1  709  710  757  756
 362  3 2 1 1  710  711  758  757
 363  3 2 1 1  711  712  759  758
 364  3 2 1 1  712  713  760  759
 365  3 2 1 1  713  714  761  760
 366  3 2 1 1  714  715  762  761
 367  3 2 1 1  715  716  763  762
 368  3 2 1 1  716  717  764  763
 369  3 2 1 1  717  718  765  764
 370  3 2 1 1  718  719  766  765
 371  3 2 1 1  719  720  767  766
 372  3 2 1 1  720  721  768  767
 373  3 2 1 1  721  722  769  768
 374  3 2 1 1  722  723  770  769
 375  3 2 1 1  723  724  771  770
 376  3 2 1 1  724  725  772  771
 377  3 2 1 1  725  726  773  772
 378  3 2 1 1  726  727  774  773
 379  3 2 1 1  727  728  775  774
 380  3 2 1 1  728  729  776  775
 381  3 2 1 1  729  730  777  776
 382  3 2 1 1  730  731  778  777
 383  3 2 1 1  731  732  779  778
 384  3 2 1 1  732  215  216  779
 385  3 2 1 1  396  733  780  395
 386  3 2 1 1  733  734  781  780
 387  3 2 1 1  734  735  782  781
 388  3 2 1 1  735  736  783  782
 389  3 2 1 1  736  737  784  783
 390  3 2 1 1  737  738  785  784
 391  3 2 1 1  738  739  786  785
 392  3 2 1 1  739  740  787  786
 393  3 2 1 1  740  741  788  787
 394  3 2 1 1  741  742  789  788
 395  3 2 1 1  742  743  790  789
 396  3 2 1 1  743  744  791  790
 397  3 2 1 1  744  745  792  791
 398  3 2 1 1  745  746  793  792
 399  3 2 1 1  746  747  794  793
 400  3 2 1 1  747  748  795  794
 401  3 2 1 1  748  749  796  795
 402  3 2 1 1  749  750  797  796
 403  3 2 1 1  750  751  798  797
 404  3 2 1 1  751  752  799  798
 405  3 2 1 1  752  753  800  799
 406  3 2 1 1  753  754  801  800
 407  3 2 1 1  754  755  802  801
 408  3 2 1 1  755  756  803  802
 409  3 2 1 1  756  757  804  803
 410  3 2 1 1  757  758  805  804
 411  3 2 1 1  758  759  806  805
 412  3 2 1 1  759  760  807  806
 413  3 2 1 1  760  761  808  807
 414  3 2 1 1  761  762  809  808
 415  3 2 1 1  762  763  810  809
 416  3 2 1 1  763  764  811  810
 417  3 2 1 1  764  765  812  811
 418  3 2 1 1  765  766  813  812
 419  3 2 1 1  766  767  814  813
 420  3 2 1 1  767  768  815  814
 421  3 2 1 1  768  769  816  815
 422  3 2 1 1  769  770  817  816
 423  3 2 1 1  770  771  818  817
 424  3 2 1 1  771  772  819  818
 425  3 2 1 1  772  773  820  819
 426  3 2 1 1  773  774  821  820
 427  3 2 1 1  774  775  822  821
 428  3 2 1 1  775  776  823  822
 429  3 2 1 1  776  777  824  823
 430  3 2 1 1  777  778  825  824
 431  3 2 1 1  778  779  826  825
 432  3 2 1 1  779  216  217  826
 433  3 2 1 1  395  780  827  394
 434  3 2 1 1  780  781  828  827
 435  3 2 1 1  781  782  829  828
 436  3 2 1 1  782  783  830  829
 437  3 2 1 1  783  784  831  830
 438  3 2 1 1  784  785  832  831
 439  3 2 1 1  785  786  833  832
 440  3 2 1 1  786  787  834  833
 441  3 2 1 1  787  788  835  834
 442  3 2 1 1  788  789  836  835
 443  3 2 1 1  789  790  837  836
 444  3 2 1 1  790  791  838  837
 445  3 2 1 1  791  792  839  838
 446  3 2 1 1  792  793  840  839
 447  3 2 1 1  793  794  841  840
 448  3 2 1 1  794  795  842  841
 449  3 2 1 1  795  796  843  842
 450  3 2 1 1  796  797  844  843
 451  3 2 1 1  797  798  845  844
 452  3 2 1 1  798  799  846  845
 453  3 2 1 1  799  800  847  846
 454  3 2 1 1  800  801  848  847
 455  3 2 1 1  801  802  849  848
 456  3 2 1 1  802  803  850  849
 457  3 2 1 1  803  804  851  850
 458  3 2 1 1  804  805  852  851
 459  3 2 1 1  805  806  853  852
 460  3 2 1 1  806  807  854  853
 461  3 2 1 1  807  808  855  854
 462  3 2 1 1  808  809  856  855
 463  3 2 1 1  809  810  857  856
 464  3 2 1 1  810  811  858  857
 465  3 2 1 1  811  812  859  858
 466  3 2 1 1  812  813  860  859
 467  3 2 1 1  813  814  861  860
 468  3 2 1 1  814  815  862  861
 469  3 2 1 1  815  816  863  862
 470  3 2 1 1  816  817  864  863
 471  3 2 1 1  817  818  865  864
 472  3 2 1 1  818  819  866  865
 473  3 2 1 1  819  820  867  866
 474  3 2 1 1  820  821  868  867
 475  3 2 1 1  821  822  869  868
 476  3 2 1 1  822  823  870  869
 477  3 2 1 1  823  824  871  870
 478  3 2 1 1  824  825  872  871
 479  3 2 1 1  825  826  873  872
 480  3 2 1 1  826  217  218  873
 481  3 2 1 1  394  827  874  393
 482  3 2 1 1  827  828  875  874
 483  3 2 1 1  828  829  876  875
 484  3 2 1 1  829  830  877  876
 485  3 2 1 1  830  831  878  877
 486  3 2 1 1  831  832  879  878
 487  3 2 1 1  832  833  880  879
 488  3 2 1 1  833  834  881  880
 489  3 2 1 1  834  835  882  881
 490  3 2 1 1  835  836  883  882
 491  3 2 1 1  836  837  884  883
 492  3 2 1 1  837  838  885  884
 493  3 2 1 1  838  839  886  885
 494  3 2 1 1  839  840  887  886
 495  3 2 1 1  840  841  888  887
 496  3 2 1 1  841  842  889  888
 497  3 2 1 1  842  843  890  889
 498  3 2 1 1  843  844  891  890
 499  3 2 1 1  844  845  892  891
 500  3 2 1 1  845  846  893  892
 501  3 2 1 1  846  847  894  893
 502  3 2 1 1  847  848  895  894
 503  3 2 1 1  848  849  896  895
 504  3 2 1 1  849  850  897  896
 505  3 2 1 1  850  851  898  897
 506  3 2 1 1  851  852  899  898
 507  3 2 1 1  852  853  900  899
 508  3 2 1 1  853  854  901  900
 509  3 2 1 1  854  855  902  901
 510  3 2 1 1  855  856  903  902
 511  3 2 1 1  856  857  904  903
 512  3 2 1 1  857  858  905  904
 513  3 2 1 1  858  859  906  905
 514  3 2 1 1  859  860  907  906
 515  3 2 1 1  860  861  908  907
 516  3 2 1 1  861  862  909  908
 517  3 2 1 1  862  863  910  909
 518  3 2 1 1  863  864  911  910
 519  3 2 1 1  864  865  912  911
 520  3 2 1 1  865  866  913  912
 521  3 2 1 1  866  867  914  913
 522  3 2 1 1  867  868  915  914
 523  3 2 1 1  868  869  916  915
 524  3 2 1 1  869  870  917  916
 525  3 2 1 1  870  871  918  917
 526  3 2 1 1  871  872  919  918
 527  3 2 1 1  872  873  920  919
 528  3 2 1 1  873  218  219  920
 529  3 2 1 1  393  874  921  392
 530  3 2 1 1  874  875  922  921
 531  3 2 1 1  875  876  923  922
 532  3 2 1 1  876  877  924  923
 533  3 2 1 1  877  878  925  924
 534  3 2 1 1  878  879  926  925
 535  3 2 1 1  879  880  927  926
 536  3 2 1 1  880  881  928  927
 537  3 2 1 1  881  882  929  928
 538  3 2 1 1  882  883  930  929
 539  3 2 1 1  883  884  931  930
 540  3 2 1 1  884  885  932  931
 541  3 2 1 1  885  886  933  932
 542  3 2 1 1  886  887  934  933
 543  3 2 1 1  887  888  935  934
 544  3 2 1 1  888  889  936  935
 545  3 2 1 1  889  890  937  936
 546  3 2 1 1  890  891  938  937
 547  3 2 1 1  891  892  939  938
 548  3 2 1 1  892  893  940  939
 549  3 2 1 1  893  894  941  940
 550  3 2 1 1  894  895  942  941
 551  3 2 1 1  895  896  943  942
 552  3 2 1 1  896  897  944  943
 553  3 2 1 1  897  898  945  944
 554  3 2 1 1  898  899  946  945
 555  3 2 1 1  899  900  947  946
 556  3 2 1 1  900  901  948  947
 557  3 2 1 1  901  902  949  948
 558  3 2 1 1  902  903  950  949
 559  3 2 1 1  903  904  951  950
 560  3 2 1 1  904  905  952  951
 561  3 2 1 1  905  906  953  952
 562  3 2 1 1  906  907  954  953
 563  3 2 1 1  907  908  955  954
 564  3 2 1 1  908  909  956  955
 565  3 2 1 1  909  910  957  956
 566  3 2 1 1  910  911  958  957
 567  3 2 1 1  911  912  959  958
 568  3 2 1 1  912  913  960  959
 569  3 2 1 1  913  914  961  960
 570  3 2 1 1  914  915  962  961
 571  3 2 1 1  915  916  963  962
 572  3 2 1 1  916  917  964  963
 573  3 2 1 1  917  918  965  964
 574  3 2 1 1  918  919  966  965
 575  3 2 1 1  919  920  967  966
 576  3 2 1 1  920  219  220  967
 577  3 2 1 1  392  921  968  391
 578  3 2 1 1  921  922  969  968
 579  3 2 1 1  922  923  970  969
 580  3 2 1 1  923  924  971  970
 581  3 2 1 1  924  925  972  971
 582  3 2 1 1  925  926  973  972
 583  3 2 1 1  926  927  974  973
 584  3 2 1 1  927  928  975  974
 585  3 2 1 1  928  929  976  975
 586  3 2 1 1  929  930  977  976
 587  3 2 1 1  930  931  978  977
 588  3 2 1 1  931  932  979  978
 589  3 2 1 1  932  933  980  979
 590  3 2 1 1  933  934  981  980
 591  3 2 1 1  934  935  982  981
 592  3 2 1 1  935  936  983  982
 593  3 2 1 1  936  937  984  983
 594  3 2 1 1  937  938  985  984
 595  3 2 1 1  938  939  986  985
 596  3 2 1 1  939  940  987  986
 597  3 2 1 1  940  941  988  987
 598  3 2 1 1  941  942  989  988
 599  3 2 1 1  942  943  990  989
 600  3 2 1 1  943  944  991  990
 601  3 2 1 1  944  945  992  991
 602  3 2 1 1  945  946  993  992
 603  3 2 1 1  946  947  994  993
 604  3 2 1 1  947  948  995  994
 605  3 2 1 1  948  949  996  995
 606  3 2 1 1  949  950  997  996
 607  3 2 1 1  950  951  998  997
 608  3 2 1 1  951  952  999  998
 609  3 2 1 1  952  953 1000  999
 610  3 2 1 1  953  954 1001 1000
 611  3 2 1 1  954  955 1002 1001
 612  3 2 1 1  955  956 1003 1002
 613  3 2 1 1  956  957 1004 1003
 614  3 2 1 1  957  958 1005 1004
 615  3 2 1 1  958  959 1006 1005
 616  3 2 1 1  959  960 1007 1006
 617  3 2 1 1  960  961 1008 1007
 618  3 2 1 1  961  962 1009 1008
 619  3 2 1 1  962  963 1010 1009
 620  3 2 1 1  963  964 1011 1010
 621  3 2 1 1  964  965 1012 1011
 622  3 2 1 1  965  966 1013 1012
 623  3 2 1 1  966  967 1014 1013
 624  3 2 1 1  967  220  221 1014
 625  3 2 1 1  391  968 1015  390
 626  3 2 1 1  968  969 1016 1015
 627  3 2 1 1  969  970 1017 1016
 628  3 2 1 1  970  971 1018 1017
 629  3 2 1 1  971  972 1019 1018
 630  3 2 1 1  972  973 1020 1019
 631  3 2 1 1  973  974 1021 1020
 632  3 2 1 1  974  975 1022 1021
 633  3 2 1 1  975  976 1023 1022
 634  3 2 1 1  976  977 1024 1023
 635  3 2 1 1  977  978 1025 1024
 636  3 2 1 1  978  979 1026 1025
 637  3 2 1 1  979  980 1027 1026
 638  3 2 1 1  980  981 1028 1027
 639  3 2 1 1  981  982 1029 1028
 640  3 2 1 1  982  983 1030 1029
 641  3 2 1 1  983  984 1031 1030
 642  3 2 1 1  984  985 1032 1031
 643  3 2 1 1  985  986 1033 1032
 644  3 2 1 1  986  987 1034 1033
 645  3 2 1 1  987  988 1035 1034
 646  3 2 1 1  988  989 1036 1035
 647  3 2 1 1  989  990 1037 1036
 648  3 2 1 1  990  991 1038 1037
 649  3 2 1 1  991  992 1039 1038
 650  3 2 1 1  992  993 1040 1039
 651  3 2 1 1  993  994 1041 1040
 652  3 2 1 1  994  995 1042 1041
 653  3 2 1 1  995  996 1043 1042
 654  3 2 1 1  996  997 1044 1043
 655  3 2 1 1  997  998 1045 1044
 656  3 2 1 1  998  999 1046 1045
 657  3 2 1 1  999 1000 1047 1046
 658  3 2 1 1 1000 1001 1048 1047
 659  3 2 1 1 1001 1002 1049 1048
 660  3 2 1 1 1002 1003 1050 1049
 661  3 2 1 1 1003 1004 1051 1050
 662  3 2 1 1 1004 1005 1052 1051
 663  3 2 1 1 1005 1006 1053 1052
 664  3 2 1 1 1006 1007 1054 1053
 665  3 2 1 1 1007 1008 1055 1054
 666  3 2 1 1 1008 1009 1056 1055
 667  3 2 1 1 1009 1010 1057 1056
 668  3 2 1 1 1010 1011 1058 1057
 669  3 2 1 1 1011 1012 1059 1058
 670  3 2 1 1 1012 1013 1060 1059
 671  3 2 1 1 1013 1014 1061 1060
 672  3 2 1 1 1014  221  222 1061
 673  3 2 1 1  390 1015 1062  389
 674  3 2 1 1 1015 1016 1063 1062
 675  3 2 1 1 1016 1017 1064 1063
 676  3 2 1 1 1017 1018 1065 1064
 677  3 2 1 1 1018 1019 1066 1065
 678  3 2 1 1 1019 1020 1067 1066
 679  3 2 1 1 1020 1021 1068 1067
 680  3 2 1 1 1021 1022 1069 1068
 681  3 2 1 1 1022 1023 1070 1069
 682  3 2 1 1 1023 1024 1071 1070
 683  3 2 1 1 1024 1025 1072 1071
 684  3 2 1 1 1025 1026 1073 1072
 685  3 2 1 1 1026 1027 1074 1073
 686  3 2 1 1 1027 1028 1075 1074
 687  3 2 1 1 1028 1029 1076 1075
 688  3 2 1 1 1029 1030 1077 1076
 689  3 2 1 1 1030 1031 1078 1077
 690  3 2 1 1 1031 1032 1079 1078
 691  3 2 1 1 1032 1033 1080 1079
 692  3 2 1 1 1033 1034 1081 1080
 693  3 2 1 1 1034 1035 1082 1081
 694  3 2 1 1 1035 1036 1083 1082
 695  3 2 1 1 1036 1037 1084 1083
 696  3 2 1 1 1037 1038 1085 1084
 697  3 2 1 1 1038 1039 1086 1085
 698  3 2 1 1 1039 1040 1087 1086
 699  3 2 1 1 1040 1041 1088 1087
 700  3 2 1 1 1041 1042 1089 1088
 701  3 2 1 1 1042 1043 1090 1089
 702  3 2 1 1 1043 1044 1091 1090
 703  3 2 1 1 1044 1045 1092 1091
 704  3 2 1 1 1045 1046 1093 1092
 705  3 2 1 1 1046 1047 1094 1093
 706  3 2 1 1 1047 1048 1095 1094
 707  3 2 1 1 1048 1049 1096 1095
 708  3 2 1 1 1049 1050 1097 1096
 709  3 2 1 1 1050 1051 1098 1097
 710  3 2 1 1 1051 1052 1099 1098
 711  3 2 1 1 1052 1053 1100 1099
 712  3 2 1 1 1053 1054 1101 1100
 713  3 2 1 1 1054 1055 1102 1101
 714  3 2 1 1 1055 1056 1103 1102
 715  3 2 1 1 1056 1057 1104 1103
 716  3 2 1 1 1057 1058 1105 1104
 717  3 2 1 1 1058 1059 1106 1105
 718  3 2 1 1 1059 1060 1107 1106
 719  3 2 1 1 1060 1061 1108 1107
 720  3 2 1 1 1061  222  223 1108
 721  3 2 1 1  389 1062 1109  388
 722  3 2 1 1 1062 1063 1110 1109
 723  3 2 1 1 1063 1064 1111 1110
 724  3 2 1 1 1064 1065 1112 1111
 725  3 2 1 1 1065 1066 1113 1112
 726  3 2 1 1 1066 1067 1114 1113
 727  3 2 1 1 1067 1068 1115 1114
 728  3 2 1 1 1068 1069 1116 1115
 729  3 2 1 1 1069 1070 1117 1116
 730  3 2 1 1 1070 1071 1118 1117
 731  3 2 1 1 1071 1072 1119 1118
 732  3 2 1 1 1072 1073 1120 1119
 733  3 2 1 1 1073 1074 1121 1120
 734  3 2 1 1 1074 1075 1122 1121
 735  3 2 1 1 1075 1076 1123 1122
 736  3 2 1 1 1076 1077 1124 1123
 737  3 2 1 1 1077 1078 1125 1124
 738  3 2 1 1 1078 1079 1126 1125
 739  3 2 1 1 1079 1080 1127 1126
 740  3 2 1 1 1080 1081 1128 1127
 741  3 2 1 1 1081 1082 1129 1128
 742  3 2 1 1 1082 1083 1130 1129
 743  3 2 1 1 1083 1084 1131 1130
 744  3 2 1 1 1084 1085 1132 1131
 745  3 2 1 1 1085 1086 1133 1132
 746  3 2 1 1 1086 1087 1134 1133
 747  3 2 1 1 1087 1088 1135 1134
 748  3 2 1 1 1088 1089 1136 1135
 749  3 2 1 1 1089 1090 1137 1136
 750  3 2 1 1 1090 1091 1138 1137
 751  3 2 1 1 1091 1092 1139 1138
 752  3 2 1 1 1092 1093 1140 1139
 753  3 2 1 1 1093 1094 1141 1140
 754  3 2 1 1 1094 1095 1142 1141
 755  3 2 1 1 1095 1096 1143 1142
 756  3 2 1 1 1096 1097 1144 1143
 757  3 2 1 1 1097 1098 1145 1144
 758  3 2 1 1 1098 1099 1146 1145
 759  3 2 1 1 1099 1100 1147 1146
 760  3 2 1 1 1100 1101 1148 1147
 761  3 2 1 1 1101 1102 1149 1148
 762  3 2 1 1 1102 1103 1150 1149
 763  3 2 1 1 1103 1104 1151 1150
 764  3 2 1 1 1104 1105 1152 1151
 765  3 2 1 1 1105 1106 1153 1152
 766  3 2 1 1 1106 1107 1154 1153
 767  3 2 1 1 1107 1108 1155 1154
 768  3 2 1 1 1108  223  224 1155
 769  3 2 1 1  388 1109 1156  387
 770  3 2 1 1 1109 1110 1157 1156
 771  3 2 1 1 1110 1111 1158 1157
 772  3 2 1 1 1111 1112 1159 1158
 773  3 2 1 1 1112 1113 1160 1159
 774  3 2 1 1 1113 1114 1161 1160
 775  3 2 1 1 1114 1115 1162 1161
 776  3 2 1 1 1115 1116 1163 1162
 777  3 2 1 1 1116 1117 1164 1163
 778  3 2 1 1 1117 1118 1165 1164
 779  3 2 1 1 1118 1119 1166 1165
 780  3 2 1 1 1119 1120 1167 1166
 781  3 2 1 1 1120 1121 1168 1167
 782  3 2 1 1 1121 1122 1169 1168
 783  3 2 1 1 1122 1123 1170 1169
 784  3 2 1 1 1123 1124 1171 1170
 785  3 2 1 1 1124 1125 1172 1171
 786  3 2 1 1 1125 1126 1173 1172
 787  3 2 1 1 1126 1127 1174 1173
 788  3 2 1 1 1127 1128 1175 1174
 789  3 2 1 1 1128 1129 1176 1175
 790  3 2 1 1 1129 1130 1177 1176
 791  3 2 1 1 1130 1131 1178 1177
 792  3 2 1 1 1131 1132 1179 1178
 793  3 2 1 1 1132 1133 1180 1179
 794  3 2 1 1 1133 1134 1181 1180
 795  3 2 1 1 1134 1135 1182 1181
 796  3 2 1 1 1135 1136 1183 1182
 797  3 2 1 1 1136 1137 1184 1183
 798  3 2 1 1 1137 1138 1185 1184
 799  3 2 1 1 1138 1139 1186 1185
 800  3 2 1 1 1139 1140 1187 1186
 801  3 2 1 1 1140 1141 1188 1187
 802  3 2 1 1 1141 1142 1189 1188
 803  3 2 1 1 1142 1143 1190 1189
 804  3 2 1 1 1143 1144 1191 1190
 805  3 2 1 1 1144 1145 1192 1191
 806  3 2 1 1 1145 1146 1193 1192
 807  3 2 1 1 1146 1147 1194 1193
 808  3 2 1 1 1147 1148 1195 1194
 809  3 2 1 1 1148 1149 1196 1195
 810  3 2 1 1 1149 1150 1197 1196
 811  3 2 1 1 1150 1151 1198 1197
 812  3 2 1 1 1151 1152 1199 1198
 813  3 2 1 1 1152 1153 1200 1199
 814  3 2 1 1 1153 1154 1201 1200
 815  3 2 1 1 1154 1155 1202 1201
 816  3 2 1 1 1155  224  225 1202
 817  3 2 1 1  387 1156 1203  386
 818  3 2 1 1 1156 1157 1204 1203
 819  3 2 1 1 1157 1158 1205 1204
 820  3 2 1 1 1158 1159 1206 1205
 821  3 2 1 1 1159 1160 1207 1206
 822  3 2 1 1 1160 1161 1208 1207
 823  3 2 1 1 1161 1162 1209 1208
 824  3 2 1 1 1162 1163 1210 1209
 825  3 2 1 1 1163 1164 1211 1210
 826  3 2 1 1 1164 1165 1212 1211
 827  3 2 1 1 1165 1166 1213 1212
 828  3 2 1 1 1166 1167 1214 1213
 829  3 2 1 1 1167 1168 1215 1214
 830  3 2 1 1 1168 1169 1216 1215
 831  3 2 1 1 1169 1170 1217 1216
 832  3 2 1 1 1170 1171 1218 1217
 833  3 2 1 1 1171 1172 1219 1218
 834  3 2 1 1 1172 1173 1220 1219
 835  3 2 1 1 1173 1174 1221 1220
 836  3 2 1 1 1174 1175 1222 1221
 837  3 2 1 1 1175 1176 1223 1222
 838  3 2 1 1 1176 1177 1224 1223
 839  3 2 1 1 1177 1178 1225 1224
 840  3 2 1 1 1178 1179 1226 1225
 841  3 2 1 1 1179 1180 1227 1226
 842  3 2 1 1 1180 1181 1228 1227
 843  3 2 1 1 1181 1182 1229 1228
 844  3 2 1 1 1182 1183 1230 1229
 845  3 2 1 1 1183 1184 1231 1230
 846  3 2 1 1 1184 1185 1232 1231
 847  3 2 1 1 1185 1186 1233 1232
 848  3 2 1 1 1186 1187 1234 1233
 849  3 2 1 1 1187 1188 1235 1234
 850  3 2 1 1 1188 1189 1236 1235
 851  3 2 1 1 1189 1190 1237 1236
 852  3 2 1 1 1190 1191 1238 1237
 853  3 2 1 1 1191 1192 1239 1238
 854  3 2 1 1 1192 1193 1240 1239
 855  3 2 1 1 1193 1194 1241 1240
 856  3 2 1 1 1194 1195 1242 1241
 857  3 2 1 1 1195 1196 1243 1242
 858  3 2 1 1 1196 1197 1244 1243
 859  3 2 1 1 1197 1198 1245 1244
 860  3 2 1 1 1198 1199 1246 1245
 861  3 2 1 1 1199 1200 1247 1246
 862  3 2 1 1 1200 1201 1248 1247
 863  3 2 1 1 1201 1202 1249 1248
 864  3 2 1 1 1202  225  226 1249
 865  3 2 1 1  386 1203 1250  385
 866  3 2 1 1 1203 1204 1251 1250
 867  3 2 1 1 1204 1205 1252 1251
 868  3 2 1 1 1205 1206 1253 1252
 869  3 2 1 1 1206 1207 1254 1253
 870  3 2 1 1 1207 1208 1255 1254
 871  3 2 1 1 1208 1209 1256 1255
 872  3 2 1 1 1209 1210 1257 1256
 873  3 2 1 1 1210 1211 1258 1257
 874  3 2 1 1 1211 1212 1259 1258
 875  3 2 1 1 1212 1213 1260 1259
 876  3 2 1 1 1213 1214 1261 1260
 877  3 2 1 1 1214 1215 1262 1261
 878  3 2 1 1 1215 1216 1263 1262
 879  3 2 1 1 1216 1217 1264 1263
 880  3 2 1 1 1217 1218 1265 1264
 881  3 2 1 1 1218 1219 1266 1265
 882  3 2 1 1 1219 1220 1267 1266
 883  3 2 1 1 1220 1221 1268 1267
 884  3 2 1 1 1221 1222 1269 1268
 885  3 2 1 1 1222 1223 1270 1269
 886  3 2 1 1 1223 1224 1271 1270
 887  3 2 1 1 1224 1225 1272 1271
 888  3 2 1 1 1225 1226 1273 1272
 889  3 2 1 1 1226 1227 1274 1273
 890  3 2 1 1 1227 1228 1275 1274
 891  3 2 1 1 1228 1229 1276 1275
 892  3 2 1 1 1229 1230 1277 1276
 893  3 2 1 1 1230 1231 1278 1277
 894  3 2 1 1 1231 1232 1279 1278
 895  3 2 1 1 1232 1233 1280 1279
 896  3 2 1 1 1233 1234 1281 1280
 897  3 2 1 1 1234 1235 1282 1281
 898  3 2 1 1 1235 1236 1283 1282
 899  3 2 1 1 1236 1237 1284 1283
 900  3 2 1 1 1237 1238 1285 1284
 901  3 2 1 1 1238 1239 1286 1285
 902  3 2 1 1 1239 1240 1287 1286
 903  3 2 1 1 1240 1241 1288 1287
 904  3 2 1 1 1241 1242 1289 1288
 905  3 2 1 1 1242 1243 1290 1289
 906  3 2 1 1 1243 1244 1291 1290
 907  3 2 1 1 1244 1245 1292 1291
 908  3 2 1 1 1245 1246 1293 1292
 909  3 2 1 1 1246 1247 1294 1293
 910  3 2 1 1 1247 1248 1295 1294
 911  3 2 1 1 1248 1249 1296 1295
 912  3 2 1 1 1249  226  227 1296
 913  3 2 1 1  385 1250 1297  384
 914  3 2 1 1 1250 1251 1298 1297
 915  3 2 1 1 1251 1252 1299 1298
 916  3 2 1 1 1252 1253 1300 1299
 917  3 2 1 1 1253 1254 1301 1300
 918  3 2 1 1 1254 1255 1302 1301
 919  3 2 1 1 1255 1256 1303 1302
 920  3 2 1 1 1256 1257 1304 1303
 921  3 2 1 1 1257 1258 1305 1304
 922  3 2 1 1 1258 1259 1306 1305
 923  3 2 1 1 1259 1260 1307 1306
 924  3 2 1 1 1260 1261 1308 1307
 925  3 2 1 1 1261 1262 1309 1308
 926  3 2 1 1 1262 1263 1310 1309
 927  3 2 1 1 1263 1264 1311 1310
 928  3 2 1 1 1264 1265 1312 1311
 929  3 2 1 1 1265 1266 1313 1312
 930  3 2 1 1 1266 1267 1314 1313
 931  3 2 1 1 1267 1268 1315 1314
 932  3 2 1 1 1268 1269 1316 1315
 933  3 2 1 1 1269 1270 1317 1316
 934  3 2 1 1 1270 1271 1318 1317
 935  3 2 1 1 1271 1272 1319 1318
 936  3 2 1 1 1272 1273 1320 1319
 937  3 2 1 1 1273 1274 1321 1320
 938  3 2 1 1 1274 1275 1322 1321
 939  3 2 1 1 1275 1276 1323 1322
 940  3 2 1 1 1276 1277 1324 1323
 941  3 2 1 1 1277 1278 1325 1324
 942  3 2 1 1 1278 1279 1326 1325
 943  3 2 1 1 1279 1280 1327 1326
 944  3 2 1 1 1280 1281 1328 1327
 945  3 2 1 1 1281 1282 1329 1328
 946  3 2 1 1 1282 1283 1330 1329
 947  3 2 1 1 1283 1284 1331 1330
 948  3 2 1 1 1284 1285 1332 1331
 949  3 2 1 1 1285 1286 1333 1332
 950  3 2 1 1 1286 1287 1334 1333
 951  3 2 1 1 1287 1288 1335 1334
 952  3 2 1 1 1288 1289 1336 1335
 953  3 2 1 1 1289 1290 1337 1336
 954  3 2 1 1 1290 1291 1338 1337
 955  3 2 1 1 1291 1292 1339 1338
 956  3 2 1 1 1292 1293 1340 1339
 957  3 2 1 1 1293 1294 1341 1340
 958  3 2 1 1 1294 1295 1342 1341
 959  3 2 1 1 1295 1296 1343 1342
 960  3 2 1 1 1296  227  228 1343
 961  3 2 1 1  384 1297 1344  383
 962  3 2 1 1 1297 1298 1345 1344
 963  3 2 1 1 1298 1299 1346 1345
 964  3 2 1 1 1299 1300 1347 1346
 965  3 2 1 1 1300 1301 1348 1347
 966  3 2 1 1 1301 1302 1349 1348
 967  3 2 1 1 1302 1303 1350 1349
 968  3 2 1 1 1303 1304 1351 1350
 969  3 2 1 1 1304 1305 1352 1351
 970  3 2 1 1 1305 1306 1353 1352
 971  3 2 1 1 1306 1307 1354 1353
 972  3 2 1 1 1307 1308 1355 1354
 973  3 2 1 1 1308 1309 1356 1355
 974  3 2 1 1 1309 1310 1357 1356
 975  3 2 1 1 1310 1311 1358 1357
 976  3 2 1 1 1311 1312 1359 1358
 977  3 2 1 1 1312 1313 1360 1359
 978  3 2 1 1 1313 1314 1361 1360
 979  3 2 1 1 1314 1315 1362 1361
 980  3 2 1 1 1315 1316 1363 1362
 981  3 2 1 1 1316 1317 1364 1363
 982  3 2 1 1 1317 1318 1365 1364
 983  3 2 1 1 1318 1319 1366 1365
 984  3 2 1 1 1319 1320 1367 1366
 985  3 2 1 1 1320 1321 1368 1367
 986  3 2 1 1 1321 1322 1369 1368
 987  3 2 1 1 1322 1323 1370 1369
 988  3 2 1 1 1323 1324 1371 1370
 989  3 2 1 1 1324 1325 1372 1371
 990  3 2 1 1 1325 1326 1373 1372
 991  3 2 1 1 1326 1327 1374 1373
 992  3 2 1 1 1327 1328 1375 1374
 993  3 2 1 1 1328 1329 1376 1375
 994  3 2 1 1 1329 1330 1377 1376
 995  3 2 1 1 1330 1331 1378 1377
 996  3 2 1 1 1331 1332 1379 1378
 997  3 2 1 1 1332 1333 1380 1379
 998  3 2 1 1 1333 1334 1381 1380
 999  3 2 1 1 1334 1335 1382 1381
1000  3 2 1 1 1335 1336 1383 1382
1001  3 2 1 1 1336 1337 1384 1383
1002  3 2 1 1 1337 1338 1385 1384
1003  3 2 1 1 1338 1339 1386 1385
1004  3 2 1 1 1339 1340 1387 1386
1005  3 2 1 1 1340 1341 1388 1387
1006  3 2 1 1 1341 1342 1389 1388
1007  3 2 1 1 1342 1343 1390 1389
1008  3 2 1 1 1343  228  229 1390
1009  3 2 1 1  383 1344 1391  382
1010  3 2 1 1 1344 1345 1392 1391
1011  3 2 1 1 1345 1346 1393 1392
1012  3 2 1 1 1346 1347 1394 1393
1013  3 2 1 1 1347 1348 1395 1394
1014  3 2 1 1 1348 1349 1396 1395
1015  3 2 1 1 1349 1350 1397 1396
1016  3 2 1 1 1350 1351 1398 1397
1017  3 2 1 1 1351 1352 1399 1398
1018  3 2 1 1 1352 1353 1400 1399
1019  3 2 1 1 1353 1354 1401 1400
1020  3 2 1 1 1354 1355 1402 1401
1021  3 2 1 1 1355 1356 1403 1402
1022  3 2 1 1 1356 1357 1404 1403
1023  3 2 1 1 1357 1358 1405 1404
1024  3 2 1 1 1358 1359 1406 1405
1025  3 2 1 1 1359 1360 1407 1406
1026  3 2 1 1 1360 1361 1408 1407
1027  3 2 1 1 1361 1362 1409 1408
1028  3 2 1 1 1362 1363 1410 1409
1029  3 2 1 1 1363 1364 1411 1410
1030  3 2 1 1 1364 1365 1412 1411
1031  3 2 1 1 1365 1366 1413 1412
1032  3 2 1 1 1366 1367 1414 1413
1033  3 2 1 1 1367 1368 1415 1414
1034  3 2 1 1 1368 1369 1416 1415
1035  3 2 1 1 1369 1370 1417 1416
1036  3 2 1 1 1370 1371 1418 1417
1037  3 2 1 1 1371 1372 1419 1418
1038  3 2 1 1 1372 1373 1420 1419
1039  3 2 1 1 1373 1374 1421 1420
1040  3 2 1 1 1374 1375 1422 1421
1041  3 2 1 1 1375 1376 1423 1422
1042  3 2 1 1 1376 1377 1424 1423
1043  3 2 1 1 1377 1378 1425 1424
1044  3 2 1 1 1378 1379 1426 1425
1045  3 2 1 1 1379 1380 1427 1426
1046  3 2 1 1 1380 1381 1428 1427
1047  3 2 1 1 1381 1382 1429 1428
1048  3 2 1 1 1382 1383 1430 1429
1049  3 2 1 1 1383 1384 1431 1430
1050  3 2 1 1 1384 1385 1432 1431
1051  3 2 1 1 1385 1386 1433 1432
1052  3 2 1 1 1386 1387 1434 1433
1053  3 2 1 1 1387 1388 1435 1434
1054  3 2 1 1 1388 1389 1436 1435
1055  3 2 1 1 1389 1390 1437 1436
1056  3 2 1 1 1390  229  230 1437
1057  3 2 1 1  382 1391 1438  381
1058  3 2 1 1 1391 1392 1439 1438
1059  3 2 1 1 1392 1393 1440 1439
1060  3 2 1 1 1393 1394 1441 1440
1061  3 2 1 1 1394 1395 1442 1441
1062  3 2 1 1 1395 1396 1443 1442
1063  3 2 1 1 1396 1397 1444 1443
1064  3 2 1 1 1397 1398 1445 1444
1065  3 2 1 1 1398 1399 1446 1445
1066  3 2 1 1 1399 1400 1447 1446
1067  3 2 1 1 1400 1401 1448 1447
1068  3 2 1 1 1401 1402 1449 1448
1069  3 2 1 1 1402 1403 1450 1449
1070  3 2 1 1 1403 1404 1451 1450
1071  3 2 1 1 1404 1405 1452 1451
1072  3 2 1 1 1405 1406 1453 1452
1073  3 2 1 1 1406 1407 1454 1453
1074  3 2 1 1 1407 1408 1455 1454
1075  3 2 1 1 1408 1409 1456 1455
1076  3 2 1 1 1409 1410 1457 1456
1077  3 2 1 1 1410 1411 1458 1457
1078  3 2 1 1 1411 1412 1459 1458
1079  3 2 1 1 1412 1413 1460 1459
1080  3 2 1 1 1413 1414 1461 1460
1081  3 2 1 1 1414 1415 1462 1461
1082  3 2 1 1 1415 1416 1463 1462
1083  3 2 1 1 1416 1417 1464 1463
1084  3 2 1 1 1417 1418 1465 1464
1085  3 2 1 1 1418 1419 1466 1465
1086  3 2 1 1 1419 1420 1467 1466
1087  3 2 1 1 1420 1421 1468 1467
1088  3 2 1 1 1421 1422 1469 1468
1089  3 2 1 1 1422 1423 1470 1469
1090  3 2 1 1 1423 1424 1471 1470
1091  3 2 1 1 1424 1425 1472 1471
1092  3 2 1 1 1425 1426 1473 1472
1093  3 2 1 1 1426 1427 1474 1473
1094  3 2 1 1 1427 1428 1475 1474
1095  3 2 1 1 1428 1429 1476 1475
1096  3 2 1 1 1429 1430 1477 1476
1097  3 2 1 1 1430 1431 1478 1477
1098  3 2 1 1 1431 1432 1479 1478
1099  3 2 1 1 1432 1433 1480 1479
1100  3 2 1 1 1433 1434 1481 1480
1101  3 2 1 1 1434 1435 1482 1481
1102  3 2 1 1 1435 1436 1483 1482
1103  3 2 1 1 1436 1437 1484 1483
1104  3 2 1 1 1437  230  231 1484
1105  3 2 1 1  381 1438 1485  380
1106  3 2 1 1 1438 1439 1486 1485
1107  3 2 1 1 1439 1440 1487 1486
1108  3 2 1 1 1440 1441 1488 1487
1109  3 2 1 1 1441 1442 1489 1488
1110  3 2 1 1 1442 1443 1490 1489
1111  3 2 1 1 1443 1444 1491 1490
1112  3 2 1 1 1444 1445 1492 1491
1113  3 2 1 1 1445 1446 1493 1492
1114  3 2 1 1 1446 1447 1494 1493
1115  3 2 1 1 1447 1448 1495 1494
1116  3 2 1 1 1448 1449 1496 1495
1117  3 2 1 1 1449 1450 1497 1496
1118  3 2 1 1 1450 1451 1498 1497
1119  3 2 1 1 1451 1452 1499 1498
1120  3 2 1 1 1452 1453 1500 1499
1121  3 2 1 1 1453 1454 1501 1500
1122  3 2 1 1 1454 1455 1502 1501
1123  3 2 1 1 1455 1456 1503 1502
1124  3 2 1 1 1456 1457 1504 1503
1125  3 2 1 1 1457 1458 1505 1504
1126  3 2 1 1 1458 1459 1506 1505
1127  3 2 1 1 1459 1460 1507 1506
1128  3 2 1 1 1460 1461 1508 1507
1129  3 2 1 1 1461 1462 1509 1508
1130  3 2 1 1 1462 1463 1510 1509
1131  3 2 1 1 1463 1464 1511 1510
1132  3 2 1 1 1464 1465 1512 1511
1133  3 2 1 1 1465 1466 1513 1512
1134  3 2 1 1 1466 1467 1514 1513
1135  3 2 1 1 1467 1468 1515 1514
1136  3 2 1 1 1468 1469 1516 1515
1137  3 2 1 1 1469 1470 1517 1516
1138  3 2 1 1 1470 1471 1518 1517
1139  3 2 1 1 1471 1472 1519 1518
1140  3 2 1 1 1472 1473 1520 1519
1141  3 2 1 1 1473 1474 1521 1520
1142  3 2 1 1 1474 1475 1522 1521
1143  3 2 1 1 1475 1476 1523 1522
1144  3 2 1 1 1476 1477 1524 1523
1145  3 2 1 1 1477 1478 1525 1524
1146  3 2 1 1 1478 1479 1526 1525
1147  3 2 1 1 1479 1480 1527 1526
1148  3 2 1 1 1480 1481 1528 1527
1149  3 2 1 1 1481 1482 1529 1528
1150  3 2 1 1 1482 1483 1530 1529
1151  3 2 1 1 1483 1484 1531 1530
1152  3 2 1 1 1484  231  232 1531
1153  3 2 1 1  380 1485 1532  379
1154  3 2 1 1 1485 1486 1533 1532
1155  3 2 1 1 1486 1487 1534 1533
1156  3 2 1 1 1487 1488 1535 1534
1157  3 2 1 1 1488 1489 1536 1535
1158  3 2 1 1 1489 1490 1537 1536
1159  3 2 1 1 1490 1491 1538 1537
1160  3 2 1 1 1491 1492 1539 1538
1161  3 2 1 1 1492 1493 1540 1539
1162  3 2 1 1 1493 1494 1541 1540
1163  3 2 1 1 1494 1495 1542 1541
1164  3 2 1 1 1495 1496 1543 1542
1165  3 2 1 1 1496 1497 1544 1543
1166  3 2 1 1 1497 1498 1545 1544
1167  3 2 1 1 1498 1499 1546 1545
1168  3 2 1 1 1499 1500 1547 1546
1169  3 2 1 1 1500 1501 1548 1547
1170  3 2 1 1 1501 1502 1549 1548
1171  3 2 1 1 1502 1503 1550 1549
1172  3 2 1 1 1503 1504 1551 1550
1173  3 2 1 1 1504 1505 1552 1551
1174  3 2 1 1 1505 1506 1553 1552
1175  3 2 1 1 1506 1507 1554 1553
1176  3 2 1 1 1507 1508 1555 1554
1177  3 2 1 1 1508 1509 1556 1555
1178  3 2 1 1 1509 1510 1557 1556
1179  3 2 1 1 1510 1511 1558 1557
1180  3 2 1 1 1511 1512 1559 1558
1181  3 2 1 1 1512 1513 1560 1559
1182  3 2 1 1 1513 1514 1561 1560
1183  3 2 1 1 1514 1515 1562 1561
1184  3 2 1 1 1515 1516 1563 1562
1185  3 2 1 1 1516 1517 1564 1563
1186  3 2 1 1 1517 1518 1565 1564
1187  3 2 1 1 1518 1519 1566 1565
1188  3 2 1 1 1519 1520 1567 1566
1189  3 2 1 1 1520 1521 1568 1567
1190  3 2 1 1 1521 1522 1569 1568
1191  3 2 1 1 1522 1523 1570 1569
1192  3 2 1 1 1523 1524 1571 1570
1193  3 2 1 1 1524 1525 1572 1571
1194  3 2 1 1 1525 1526 1573 1572
1195  3 2 1 1 1526 1527 1574 1573
1196  3 2 1 1 1527 1528 1575 1574
1197  3 2 1 1 1528 1529 1576 1575
1198  3 2 1 1 1529 1530 1577 1576
1199  3 2 1 1 1530 1531 1578 1577
1200  3 2 1 1 1531  232  233 1578
1201  3 2 1 1  379 1532 1579  378
1202  3 2 1 1 1532 1533 1580 1579
1203  3 2 1 1 1533 1534 1581 1580
1204  3 2 1 1 1534 1535 1582 1581
1205  3 2 1 1 1535 1536 1583 1582
1206  3 2 1 1 1536 1537 1584 1583
1207  3 2 1 1 1537 1538 1585 1584
1208  3 2 1 1 1538 1539 1586 1585
1209  3 2 1 1 1539 1540 1587 1586
1210  3 2 1 1 1540 1541 1588 1587
1211  3 2 1 1 1541 1542 1589 1588
1212  3 2 1 1 1542 1543 1590 1589
1213  3 2 1 1 1543 1544 1591 1590
1214  3 2 1 1 1544 1545 1592 1591
1215  3 2 1 1 1545 1546 1593 1592
1216  3 2 1 1 1546 1547 1594 1593
1217  3 2 1 1 1547 1548 1595 1594
1218  3 2 1 1 1548 1549 1596 1595
1219  3 2 1 1 1549 1550 1597 1596
1220  3 2 1 1 1550 1551 1598 1597
1221  3 2 1 1 1551 1552 1599 1598
1222  3 2 1 1 1552 1553 1600 1599
1223  3 2 1 1 1553 1554 1601 1600
1224  3 2 1 1 1554 1555 1602 1601
1225  3 2 1 1 1555 1556 1603 1602
1226  3 2 1 1 1556 1557 1604 1603
1227  3 2 1 1 1557 1558 1605 1604
1228  3 2 1 1 1558 1559 1606 1605
1229  3 2 1 1 1559 1560 1607 1606
1230  3 2 1 1 1560 1561 1608 1607
1231  3 2 1 1 1561 1562 1609 1608
1232  3 2 1 1 1562 1563 1610 1609
1233  3 2 1 1 1563 1564 1611 1610
1234  3 2 1 1 1564 1565 1612 1611
1235  3 2 1 1 1565 1566 1613 1612
1236  3 2 1 1 1566 1567 1614 1613
1237  3 2 1 1 1567 1568 1615 1614
1238  3 2 1 1 1568 1569 1616 1615
1239  3 2 1 1 1569 1570 1617 1616
1240  3 2 1 1 1570 1571 1618 1617
1241  3 2 1 1 1571 1572 1619 1618
1242  3 2 1 1 1572 1573 1620 1619
1243  3 2 1 1 1573 1574 1621 1620
1244  3 2 1 1 1574 1575 1622 1621
1245  3 2 1 1 1575 1576 1623 1622
1246  3 2 1 1 1576 1577 1624 1623
1247  3 2 1 1 1577 1578 1625 1624
1248  3 2 1 1 1578  233  234 1625
1249  3 2 1 1  378 1579 1626  377
1250  3 2 1 1 1579 1580 1627 1626
1251  3 2 1 1 1580 1581 1628 1627
1252  3 2 1 1 1581 1582 1629 1628
1253  3 2 1 1 1582 1583 1630 1629
1254  3 2 1 1 1583 1584 1631 1630
1255  3 2 1 1 1584 1585 1632 1631
1256  3 2 1 1 1585 1586 1633 1632
1257  3 2 1 1 1586 1587 1634 1633
1258  3 2 1 1 1587 1588 1635 1634
1259  3 2 1 1 1588 1589 1636 1635
1260  3 2 1 1 1589 1590 1637 1636
1261  3 2 1 1 1590 1591 1638 1637
1262  3 2 1 1 1591 1592 1639 1638
1263  3 2 1 1 1592 1593 1640 1639
1264  3 2 1 1 1593 1594 1641 1640
1265  3 2 1 1 1594 1595 1642 1641
1266  3 2 1 1 1595 1596 1643 1642
1267  3 2 1 1 1596 1597 1644 1643
1268  3 2 1 1 1597 1598 1645 1644
1269  3 2 1 1 1598 1599 1646 1645
1270  3 2 1 1 1599 1600 1647 1646
1271  3 2 1 1 1600 1601 1648 1647
1272  3 2 1 1 1601 1602 1649 1648
1273  3 2 1 1 1602 1603 1650 1649
1274  3 2 1 1 1603 1604 1651 1650
1275  3 2 1 1 1604 1605 1652 1651
1276  3 2 1 1 1605 1606 1653 1652
1277  3 2 1 1 1606 1607 1654 1653
1278  3 2 1 1 1607 1608 1655 1654
1279  3 2 1 1 1608 1609 1656 1655
1280  3 2 1 1 1609 1610 1657 1656
1281  3 2 1 1 1610 1611 1658 1657
1282  3 2 1 1 1611 1612 1659 1658
1283  3 2 1 1 1612 1613 1660 1659
1284  3 2 1 1 1613 1614 1661 1660
1285  3 2 1 1 1614 1615 1662 1661
1286  3 2 1 1 1615 1616 1663 1662
1287  3 2 1 1 1616 1617 1664 1663
1288  3 2 1 1 1617 1618 1665 1664
1289  3 2 1 1 1618 1619 1666 1665
1290  3 2 1 1 1619 1620 1667 1666
1291  3 2 1 1 1620 1621 1668 1667
1292  3 2 1 1 1621 1622 1669 1668
1293  3 2 1 1 1622 1623 1670 1669
1294  3 2 1 1 1623 1624 1671 1670
1295  3 2 1 1 1624 1625 1672 1671
1296  3 2 1 1 1625  234  235 1672
1297  3 2 1 1  377 1626 1673  376
1298  3 2 1 1 1626 1627 1674 1673
1299  3 2 1 1 1627 1628 1675 1674
1300  3 2 1 1 1628 1629 1676 1675
1301  3 2 1 1 1629 1630 1677 1676
1302  3 2 1 1 1630 1631 1678 1677
1303  3 2 1 1 1631 1632 1679 1678
1304  3 2 1 1 1632 1633 1680 1679
1305  3 2 1 1 1633 1634 1681 1680
1306  3 2 1 1 1634 1635 1682 1681
1307  3 2 1 1 1635 1636 1683 1682
1308  3 2 1 1 1636 1637 1684 1683
1309  3 2 1 1 1637 1638 1685 1684
1310  3 2 1 1 1638 1639 1686 1685
1311  3 2 1 1 1639 1640 1687 1686
1312  3 2 1 1 1640 1641 1688 1687
1313  3 2 1 1 1641 1642 1689 1688
1314  3 2 1 1 1642 1643 1690 1689
1315  3 2 1 1 1643 1644 1691 1690
1316  3 2 1 1 1644 1645 1692 1691
1317  3 2 1 1 1645 1646 1693 1692
1318  3 2 1 1 1646 1647 1694 1693
1319  3 2 1 1 1647 1648 1695 1694
1320  3 2 1 1 1648 1649 1696 1695
1321  3 2 1 1 1649 1650 1697 1696
1322  3 2 1 1 1650 1651 1698 1697
1323  3 2 1 1 1651 1652 1699 1698
1324  3 2 1 1 1652 1653 1700 1699
1325  3 2 1 1 1653 1654 1701 1700
1326  3 2 1 1 1654 1655 1702 1701
1327  3 2 1 1 1655 1656 1703 1702
1328  3 2 1 1 1656 1657 1704 1703
1329  3 2 1 1 1657 1658 1705 1704
1330  3 2 1 1 1658 1659 1706 1705
1331  3 2 1 1 1659 1660 1707 1706
1332  3 2 1 1 1660 1661 1708 1707
1333  3 2 1 1 1661 1662 1709 1708
1334  3 2 1 1 1662 1663 1710 1709
1335  3 2 1 1 1663 1664 1711 1710
1336  3 2 1 1 1664 1665 1712 1711
1337  3 2 1 1 1665 1666 1713 1712
1338  3 2 1 1 1666 1667 1714 1713
1339  3 2 1 1 1667 1668 1715 1714
1340  3 2 1 1 1668 1669 1716 1715
1341  3 2 1 1 1669 1670 1717 1716
1342  3 2 1 1 1670 1671 1718 1717
1343  3 2 1 1 1671 1672 1719 1718
1344  3 2 1 1 1672  235  236 1719
1345  3 2 1 1  376 1673 1720  375
1346  3 2 1 1 1673 1674 1721 1720
1347  3 2 1 1 1674 1675 1722 1721
1348  3 2 1 1 1675 1676 1723 1722
1349  3 2 1 1 1676 1677 1724 1723
1350  3 2 1 1 1677 1678 1725 1724
1351  3 2 1 1 1678 1679 1726 1725
1352  3 2 1 1 1679 1680 1727 1726
1353  3 2 1 1 1680 1681 1728 1727
1354  3 2 1 1 1681 1682 1729 1728
1355  3 2 1 1 1682 1683 1730 1729
1356  3 2 1 1 1683 1684 1731 1730
1357  3 2 1 1 1684 1685 1732 1731
1358  3 2 1 1 1685 1686 1733 1732
1359  3 2 1 1 1686 1687 1734 1733
1360  3 2 1 1 1687 1688 1735 1734
1361  3 2 1 1 1688 1689 1736 1735
1362  3 2 1 1 1689 1690 1737 1736
1363  3 2 1 1 1690 1691 1738 1737
1364  3 2 1 1 1691 1692 1739 1738
1365  3 2 1 1 1692 1693 1740 1739
1366  3 2 1 1 1693 1694 1741 1740
1367  3 2 1 1 1694 1695 1742 1741
1368  3 2 1 1 1695 1696 1743 1742
1369  3 2 1 1 1696 1697 1744 1743
1370  3 2 1 1 1697 1698 1745 1744
1371  3 2 1 1 1698 1699 1746 1745
1372  3 2 1 1 1699 1700 1747 1746
1373  3 2 1 1 1700 1701 1748 1747
1374  3 2 1 1 1701 1702 1749 1748
1375  3 2 1 1 1702 1703 1750 1749
1376  3 2 1 1 1703 1704 1751 1750
1377  3 2 1 1 1704 1705 1752 1751
1378  3 2 1 1 1705 1706 1753 1752
1379  3 2 1 1 1706 1707 1754 1753
1380  3 2 1 1 1707 1708 1755 1754
1381  3 2 1 1 1708 1709 1756 1755
1382  3 2 1 1 1709 1710 1757 1756
1383  3 2 1 1 1710 1711 1758 1757
1384  3 2 1 1 1711 1712 1759 1758
1385  3 2 1 1 1712 1713 1760 1759
1386  3 2 1 1 1713 1714 1761 1760
1387  3 2 1 1 1714 1715 1762 1761
1388  3 2 1 1 1715 1716 1763 1762
1389  3 2 1 1 1716 1717 1764 1763
1390  3 2 1 1 1717 1718 1765 1764
1391  3 2 1 1 1718 1719 1766 1765
1392  3 2 1 1 1719  236  237 1766
1393  3 2 1 1  375 1720 1767  374
1394  3 2 1 1 1720 1721 1768 1767
1395  3 2 1 1 1721 1722 1769 1768
1396  3 2 1 1 1722 1723 1770 1769
1397  3 2 1 1 1723 1724 1771 1770
1398  3 2 1 1 1724 1725 1772 1771
1399  3 2 1 1 1725 1726 1773 1772
1400  3 2 1 1 1726 1727 1774 1773
1401  3 2 1 1 1727 1728 1775 1774
1402  3 2 1 1 1728 1729 1776 1775
1403  3 2 1 1 1729 1730 1777 1776
1404  3 2 1 1 1730 1731 1778 1777
1405  3 2 1 1 1731 1732 1779 1778
1406  3 2 1 1 1732 1733 1780 1779
1407  3 2 1 1 1733 1734 1781 1780
1408  3 2 1 1 1734 1735 1782 1781
1409  3 2 1 1 1735 1736 1783 1782
1410  3 2 1 1 1736 1737 1784 1783
1411  3 2 1 1 1737 1738 1785 1784
1412  3 2 1 1 1738 1739 1786 1785
1413  3 2 1 1 1739 1740 1787 1786
1414  3 2 1 1 1740 1741 1788 1787
1415  3 2 1 1 1741 1742 1789 1788
1416  3 2 1 1 1742 1743 1790 1789
1417  3 2 1 1 1743 1744 1791 1790
1418  3 2 1 1 1744 1745 1792 1791
1419  3 2 1 1 1745 1746 1793 1792
1420  3 2 1 1 1746 1747 1794 1793
1421  3 2 1 1 1747 1748 1795 1794
1422  3 2 1 1 1748 1749 1796 1795
1423  3 2 1 1 1749 1750 1797 1796
1424  3 2 1 1 1750 1751 1798 1797
1425  3 2 1 1 1751 1752 1799 1798
1426  3 2 1 1 1752 1753 1800 1799
1427  3 2 1 1 1753 1754 1801 1800
1428  3 2 1 1 1754 1755 1802 1801
1429  3 2 1 1 1755 1756 1803 1802
1430  3 2 1 1 1756 1757 1804 1803
1431  3 2 1 1 1757 1758 1805 1804
1432  3 2 1 1 1758 1759 1806 1805
1433  3 2 1 1 1759 1760 1807 1806
1434  3 2 1 1 1760 1761 1808 1807
1435  3 2 1 1 1761 1762 1809 1808
1436  3 2 1 1 1762 1763 1810 1809
1437  3 2 1 1 1763 1764 1811 1810
1438  3 2 1 1 1764 1765 1812 1811
1439  3 2 1 1 1765 1766 1813 1812
1440  3 2 1 1 1766  237  238 1813
1441  3 2 1 1  374 1767 1814  373
1442  3 2 1 1 1767 1768 1815 1814
1443  3 2 1 1 1768 1769 1816 1815
1444  3 2 1 1 1769 1770 1817 1816
1445  3 2 1 1 1770 1771 1818 1817
1446  3 2 1 1 1771 1772 1819 1818
1447  3 2 1 1 1772 1773 1820 1819
1448  3 2 1 1 1773 1774 1821 1820
1449  3 2 1 1 1774 1775 1822 1821
1450  3 2 1 1 1775 1776 1823 1822
1451  3 2 1 1 1776 1777 1824 1823
1452  3 2 1 1 1777 1778 1825 1824
1453  3 2 1 1 1778 1779 1826 1825
1454  3 2 1 1 1779 1780 1827 1826
1455  3 2 1 1 1780 1781 1828 1827
1456  3 2 1 1 1781 1782 1829 1828
1457  3 2 1 1 1782 1783 1830 1829
1458  3 2 1 1 1783 1784 1831 1830
1459  3 2 1 1 1784 1785 1832 1831
1460  3 2 1 1 1785 1786 1833 1832
1461  3 2 1 1 1786 1787 1834 1833
1462  3 2 1 1 1787 1788 1835 1834
1463  3 2 1 1 1788 1789 1836 1835
1464  3 2 1 1 1789 1790 1837 1836
1465  3 2 1 1 1790 1791 1838 1837
1466  3 2 1 1 1791 1792 1839 1838
1467  3 2 1 1 1792 1793 1840 1839
1468  3 2 1 1 1793 1794 1841 1840
1469  3 2 1 1 1794 1795 1842 1841
1470  3 2 1 1 1795 1796 1843 1842
1471  3 2 1 1 1796 1797 1844 1843
1472  3 2 1 1 1797 1798 1845 1844
1473  3 2 1 1 1798 1799 1846 1845
1474  3 2 1 1 1799 1800 1847 1846
1475  3 2 1 1 1800 1801 1848 1847
1476  3 2 1 1 1801 1802 1849 1848
1477  3 2 1 1 1802 1803 1850 1849
1478  3 2 1 1 1803 1804 1851 1850
1479  3 2 1 1 1804 1805 1852 1851
1480  3 2 1 1 1805 1806 1853 1852
1481  3 2 1 1 1806 1807 1854 1853
1482  3 2 1 1 1807 1808 1855 1854
1483  3 2 1 1 1808 1809 1856 1855
1484  3 2 1 1 1809 1810 1857 1856
1485  3 2 1 1 1810 1811 1858 1857
1486  3 2 1 1 1811 1812 1859 1858
1487  3 2 1 1 1812 1813 1860 1859
1488  3 2 1 1 1813  238  239 1860
1489  3 2 1 1  373 1814 1861  372
1490  3 2 1 1 1814 1815 1862 1861
1491  3 2 1 1 1815 1816 1863 1862
1492  3 2 1 1 1816 1817 1864 1863
1493  3 2 1 1 1817 1818 1865 1864
1494  3 2 1 1 1818 1819 1866 1865
1495  3 2 1 1 1819 1820 1867 1866
1496  3 2 1 1 1820 1821 1868 1867
1497  3 2 1 1 1821 1822 1869 1868
1498  3 2 1 1 1822 1823 1870 1869
1499  3 2 1 1 1823 1824 1871 1870
1500  3 2 1 1 1824 1825 1872 1871
1501  3 2 1 1 1825 1826 1873 1872
1502  3 2 1 1 1826 1827 1874 1873
1503  3 2 1 1 1827 1828 1875 1874
1504  3 2 1 1 1828 1829 1876 1875
1505  3 2 1 1 1829 1830 1877 1876
1506  3 2 1 1 1830 1831 1878 1877
1507  3 2 1 1 1831 1832 1879 1878
1508  3 2 1 1 1832 1833 1880 1879
1509  3 2 1 1 1833 1834 1881 1880
1510  3 2 1 1 1834 1835 1882 1881
1511  3 2 1 1 1835 1836 1883 1882
1512  3 2 1 1 1836 1837 1884 1883
1513  3 2 1 1 1837 1838 1885 1884
1514  3 2 1 1 1838 1839 1886 1885
1515  3 2 1 1 1839 1840 1887 1886
1516  3 2 1 1 1840 1841 1888 1887
1517  3 2 1 1 1841 1842 1889 1888
1518  3 2 1 1 1842 1843 1890 1889
1519  3 2 1 1 1843 1844 1891 1890
1520  3 2 1 1 1844 1845 1892 1891
1521  3 2 1 1 1845 1846 1893 1892
1522  3 2 1 1 1846 1847 1894 1893
1523  3 2 1 1 1847 1848 1895 1894
1524  3 2 1 1 1848 1849 1896 1895
1525  3 2 1 1 1849 1850 1897 1896
1526  3 2 1 1 1850 1851 1898 1897
1527  3 2 1 1 1851 1852 1899 1898
1528  3 2 1 1 1852 1853 1900 1899
1529  3 2 1 1 1853 1854 1901 1900
1530  3 2 1 1 1854 1855 1902 1901
1531  3 2 1 1 1855 1856 1903 1902
1532  3 2 1 1 1856 1857 1904 1903
1533  3 2 1 1 1857 1858 1905 1904
1534  3 2 1 1 1858 1859 1906 1905
1535  3 2 1 1 1859 1860 1907 1906
1536  3 2 1 1 1860  239  240 1907
1537  3 2 1 1  372 1861 1908  371
1538  3 2 1 1 1861 1862 1909 1908
1539  3 2 1 1 1862 1863 1910 1909
1540  3 2 1 1 1863 1864 1911 1910
1541  3 2 1 1 1864 1865 1912 1911
1542  3 2 1 1 1865 1866 1913 1912
1543  3 2 1 1 1866 1867 1914 1913
1544  3 2 1 1 1867 1868 1915 1914
1545  3 2 1 1 1868 1869 1916 1915
1546  3 2 1 1 1869 1870 1917 1916
1547  3 2 1 1 1870 1871 1918 1917
1548  3 2 1 1 1871 1872 1919 1918
1549  3 2 1 1 1872 1873 1920 1919
1550  3 2 1 1 1873 1874 1921 1920
1551  3 2 1 1 1874 1875 1922 1921
1552  3 2 1 1 1875 1876 1923 1922
1553  3 2 1 1 1876 1877 1924 1923
1554  3 2 1 1 1877 1878 1925 1924
1555  3 2 1 1 1878 1879 1926 1925
1556  3 2 1 1 1879 1880 1927 1926
1557  3 2 1 1 1880 1881 1928 1927
1558  3 2 1 1 1881 1882 1929 1928
1559  3 2 1 1 1882 1883 1930 1929
1560  3 2 1 1 1883 1884 1931 1930
1561  3 2 1 1 1884 1885 1932 1931
1562  3 2 1 1 1885 1886 1933 1932
1563  3 2 1 1 1886 1887 1934 1933
1564  3 2 1 1 1887 1888 1935 1934
1565  3 2 1 1 1888 1889 1936 1935
1566  3 2 1 1 1889 1890 1937 1936
1567  3 2 1 1 1890 1891 1938 1937
1568  3 2 1 1 1891 1892 1939 1938
1569  3 2 1 1 1892 1893 1940 1939
1570  3 2 1 1 1893 1894 1941 1940
1571  3 2 1 1 1894 1895 1942 1941
1572  3 2 1 1 1895 1896 1943 1942
1573  3 2 1 1 1896 1897 1944 1943
1574  3 2 1 1 1897 1898 1945 1944
1575  3 2 1 1 1898 1899 1946 1945
1576  3 2 1 1 1899 1900 1947 1946
1577  3 2 1 1 1900 1901 1948 1947
1578  3 2 1 1 1901 1902 1949 1948
1579  3 2 1 1 1902 1903 1950 1949
1580  3 2 1 1 1903 1904 1951 1950
1581  3 2 1 1 1904 1905 1952 1951
1582  3 2 1 1 1905 1906 1953 1952
1583  3 2 1 1 1906 1907 1954 1953
1584  3 2 1 1 1907  240  241 1954
1585  3 2 1 1  371 1908 1955  370
1586  3 2 1 1 1908 1909 1956 1955
1587  3 2 1 1 1909 1910 1957 1956
1588  3 2 1 1 1910 1911 1958 1957
1589  3 2 1 1 1911 1912 1959 1958
1590  3 2 1 1 1912 1913 1960 1959
1591  3 2 1 1 1913 1914 1961 1960
1592  3 2 1 1 1914 1915 1962 1961
1593  3 2 1 1 1915 1916 1963 1962
1594  3 2 1 1 1916 1917 1964 1963
1595  3 2 1 1 1917 1918 1965 1964
1596  3 2 1 1 1918 1919 1966 1965
1597  3 2 1 1 1919 1920 1967 1966
1598  3 2 1 1 1920 1921 1968 1967
1599  3 2 1 1 1921 1922 1969 1968
1600  3 2 1 1 1922 1923 1970 1969
1601  3 2 1 1 1923 1924 1971 1970
1602  3 2 1 1 1924 1925 1972 1971
1603  3 2 1 1 1925 1926 1973 1972
1604  3 2 1 1 1926 1927 1974 1973
1605  3 2 1 1 1927 1928 1975 1974
1606  3 2 1 1 1928 1929 1976 1975
1607  3 2 1 1 1929 1930 1977 1976
1608  3 2 1 1 1930 1931 1978 1977
1609  3 2 1 1 1931 1932 1979 1978
1610  3 2 1 1 1932 1933 1980 1979
1611  3 2 1 1 1933 1934 1981 1980
1612  3 2 1 1 1934 1935 1982 1981
1613  3 2 1 1 1935 1936 1983 1982
1614  3 2 1 1 1936 1937 1984 1983
1615  3 2 1 1 1937 1938 1985 1984
1616  3 2 1 1 1938 1939 1986 1985
1617  3 2 1 1 1939 1940 1987 1986
1618  3 2 1 1 1940 1941 1988 1987
1619  3 2 1 1 1941 1942 1989 1988
1620  3 2 1 1 1942 1943 1990 1989
1621  3 2 1 1 1943 1944 1991 1990
1622  3 2 1 1 1944 1945 1992 1991
1623  3 2 1 1 1945 1946 1993 1992
1624  3 2 1 1 1946 1947 1994 1993
1625  3 2 1 1 1947 1948 1995 1994
1626  3 2 1 1 1948 1949 1996 1995
1627  3 2 1 1 1949 1950 1997 1996
1628  3 2 1 1 1950 1951 1998 1997
1629  3 2 1 1 1951 1952 1999 1998
1630  3 2 1 1 1952 1953 2000 1999
1631  3 2 1 1 1953 1954 2001 2000
1632  3 2 1 1 1954  241  242 2001
1633  3 2 1 1  370 1955 2002  369
1634  3 2 1 1 1955 1956 2003 2002
1635  3 2 1 1 1956 1957 2004 2003
1636  3 2 1 1 1957 1958 2005 2004
1637  3 2 1 1 1958 1959 2006 2005
1638  3 2 1 1 1959 1960 2007 2006
1639  3 2 1 1 1960 1961 2008 2007
1640  3 2 1 1 1961 1962 2009 2008
1641  3 2 1 1 1962 1963 2010 2009
1642  3 2 1 1 1963 1964 2011 2010
1643  3 2 1 1 1964 1965 2012 2011
1644  3 2 1 1 1965 1966 2013 2012
1645  3 2 1 1 1966 1967 2014 2013
1646  3 2 1 1 1967 1968 2015 2014
1647  3 2 1 1 1968 1969 2016 2015
1648  3 2 1 1 1969 1970 2017 2016
1649  3 2 1 1 1970 1971 2018 2017
1650  3 2 1 1 1971 1972 2019 2018
1651  3 2 1 1 1972 1973 2020 2019
1652  3 2 1 1 1973 1974 2021 2020
1653  3 2 1 1 1974 1975 2022 2021
1654  3 2 1 1 1975 1976 2023 2022
1655  3 2 1 1 1976 1977 2024 2023
1656  3 2 1 1 1977 1978 2025 2024
1657  3 2 1 1 1978 1979 2026 2025
1658  3 2 1 1 1979 1980 2027 2026
1659  3 2 1 1 1980 1981 2028 2027
1660  3 2 1 1 1981 1982 2029 2028
1661  3 2 1 1 1982 1983 2030 2029
1662  3 2 1 1 1983 1984 2031 2030
1663  3 2 1 1 1984 1985 2032 2031
1664  3 2 1 1 1985 1986 2033 2032
1665  3 2 1 1 1986 1987 2034 2033
1666  3 2 1 1 1987 1988 2035 2034
1667  3 2 1 1 1988 1989 2036 2035
1668  3 2 1 1 1989 1990 2037 2036
1669  3 2 1 1 1990 1991 2038 2037
1670  3 2 1 1 1991 1992 2039 2038
1671  3 2 1 1 1992 1993 2040 2039
1672  3 2 1 1 1993 1994 2041 2040
1673  3 2 1 1 1994 1995 2042 2041
1674  3 2 1 1 1995 1996 2043 2042
1675  3 2 1 1 1996 1997 2044 2043
1676  3 2 1 1 1997 1998 2045 2044
1677  3 2 1 1 1998 1999 2046 2045
1678  3 2 1 1 1999 2000 2047 2046
1679  3 2 1 1 2000 2001 2048 2047
1680  3 2 1 1 2001  242  243 2048
1681  3 2 1 1  369 2002 2049  368
1682  3 2 1 1 2002 2003 2050 2049
1683  3 2 1 1 2003 2004 2051 2050
1684  3 2 1 1 2004 2005 2052 2051
1685  3 2 1 1 2005 2006 2053 2052
1686  3 2 1 1 2006 2007 2054 2053
1687  3 2 1 1 2007 2008 2055 2054
1688  3 2 1 1 2008 2009 2056 2055
1689  3 2 1 1 2009 2010 2057 2056
1690  3 2 1 1 2010 2011 2058 2057
1691  3 2 1 1 2011 2012 2059 2058
1692  3 2 1 1 2012 2013 2060 2059
1693  3 2 1 1 2013 2014 2061 2060
1694  3 2 1 1 2014 2015 2062 2061
1695  3 2 1 1 2015 2016 2063 2062
1696  3 2 1 1 2016 2017 2064 2063
1697  3 2 1 1 2017 2018 2065 2064
1698  3 2 1 1 2018 2019 2066 2065
1699  3 2 1 1 2019 2020 2067 2066
1700  3 2 1 1 2020 2021 2068 2067
1701  3 2 1 1 2021 2022 2069 2068
1702  3 2 1 1 2022 2023 2070 2069
1703  3 2 1 1 2023 2024 2071 2070
1704  3 2 1 1 2024 2025 2072 2071
1705  3 2 1 1 2025 2026 2073 2072
1706  3 2 1 1 2026 2027 2074 2073
1707  3 2 1 1 2027 2028 2075 2074
1708  3 2 1 1 2028 2029 2076 2075
1709  3 2 1 1 2029 2030 2077 2076
1710  3 2 1 1 2030 2031 2078 2077
1711  3 2 1 1 2031 2032 2079 2078
1712  3 2 1 1 2032 2033 2080 2079
1713  3 2 1 1 2033 2034 2081 2080
1714  3 2 1 1 2034 2035 2082 2081
1715  3 2 1 1 2035 2036 2083 2082
1716  3 2 1 1 2036 2037 2084 2083
1717  3 2 1 1 2037 2038 2085 2084
1718  3 2 1 1 2038 2039 2086 2085
1719  3 2 1 1 2039 2040 2087 2086
1720  3 2 1 1 2040 2041 2088 2087
1721  3 2 1 1 2041 2042 2089 2088
1722  3 2 1 1 2042 2043 2090 2089
1723  3 2 1 1 2043 2044 2091 2090
1724  3 2 1 1 2044 2045 2092 2091
1725  3 2 1 1 2045 2046 2093 2092
1726  3 2 1 1 2046 2047 2094 2093
1727  3 2 1 1 2047 2048 2095 2094
1728  3 2 1 1 2048  243  244 2095
1729  3 2 1 1  368 2049 2096  367
1730  3 2 1 1 2049 2050 2097 2096
1731  3 2 1 1 2050 2051 2098 2097
1732  3 2 1 1 2051 2052 2099 2098
1733  3 2 1 1 2052 2053 2100 2099
1734  3 2 1 1 2053 2054 2101 2100
1735  3 2 1 1 2054 2055 2102 2101
1736  3 2 1 1 2055 2056 2103 2102
1737  3 2 1 1 2056 2057 2104 2103
1738  3 2 1 1 2057 2058 2105 2104
1739  3 2 1 1 2058 2059 2106 2105
1740  3 2 1 1 2059 2060 2107 2106
1741  3 2 1 1 2060 2061 2108 2107
1742  3 2 1 1 2061 2062 2109 2108
1743  3 2 1 1 2062 2063 2110 2109
1744  3 2 1 1 2063 2064 2111 2110
1745  3 2 1 1 2064 2065 2112 2111
1746  3 2 1 1 2065 2066 2113 2112
1747  3 2 1 1 2066 2067 2114 2113
1748  3 2 1 1 2067 2068 2115 2114
1749  3 2 1 1 2068 2069 2116 2115
1750  3 2 1 1 2069 2070 2117 2116
1751  3 2 1 1 2070 2071 2118 2117
1752  3 2 1 1 2071 2072 2119 2118
1753  3 2 1 1 2072 2073 2120 2119
1754  3 2 1 1 2073 2074 2121 2120
1755  3 2 1 1 2074 2075 2122 2121
1756  3 2 1 1 2075 2076 2123 2122
1757  3 2 1 1 2076 2077 2124 2123
1758  3 2 1 1 2077 2078 2125 2124
1759  3 2 1 1 2078 2079 2126 2125
1760  3 2 1 1 2079 2080 2127 2126
1761  3 2 1 1 2080 2081 2128 2127
1762  3 2 1 1 2081 2082 2129 2128
1763  3 2 1 1 2082 2083 2130 2129
1764  3 2 1 1 2083 2084 2131 2130
1765  3 2 1 1 2084 2085 2132 2131
1766  3 2 1 1 2085 2086 2133 2132
1767  3 2 1 1 2086 2087 2134 2133
1768  3 2 1 1 2087 2088 2135 2134
1769  3 2 1 1 2088 2089 2136 2135
1770  3 2 1 1 2089 2090 2137 2136
1771  3 2 1 1 2090 2091 2138 2137
1772  3 2 1 1 2091 2092 2139 2138
1773  3 2 1 1 2092 2093 2140 2139
1774  3 2 1 1 2093 2094 2141 2140
1775  3 2 1 1 2094 2095 2142 2141
1776  3 2 1 1 2095  244  245 2142
1777  3 2 1 1  367 2096 2143  366
1778  3 2 1 1 2096 2097 2144 2143
1779  3 2 1 1 2097 2098 2145 2144
1780  3 2 1 1 2098 2099 2146 2145
1781  3 2 1 1 2099 2100 2147 2146
1782  3 2 1 1 2100 2101 2148 2147
1783  3 2 1 1 2101 2102 2149 2148
1784  3 2 1 1 2102 2103 2150 2149
1785  3 2 1 1 2103 2104 2151 2150
1786  3 2 1 1 2104 2105 2152 2151
1787  3 2 1 1 2105 2106 2153 2152
1788  3 2 1 1 2106 2107 2154 2153
1789  3 2 1 1 2107 2108 2155 2154
1790  3 2 1 1 2108 2109 2156 2155
1791  3 2 1 1 2109 2110 2157 2156
1792  3 2 1 1 2110 2111 2158 2157
1793  3 2 1 1 2111 2112 2159 2158
1794  3 2 1 1 2112 2113 2160 2159
1795  3 2 1 1 2113 2114 2161 2160
1796  3 2 1 1 2114 2115 2162 2161
1797  3 2 1 1 2115 2116 2163 2162
1798  3 2 1 1 2116 2117 2164 2163
1799  3 2 1 1 2117 2118 2165 2164
1800  3 2 1 1 2118 2119 2166 2165
1801  3 2 1 1 2119 2120 2167 2166
1802  3 2 1 1 2120 2121 2168 2167
1803  3 2 1 1 2121 2122 2169 2168
1804  3 2 1 1 2122 2123 2170 2169
1805  3 2 1 1 2123 2124 2171 2170
1806  3 2 1 1 2124 2125 2172 2171
1807  3 2 1 1 2125 2126 2173 2172
1808  3 2 1 1 2126 2127 2174 2173
1809  3 2 1 1 2127 2128 2175 2174
1810  3 2 1 1 2128 2129 2176 2175
1811  3 2 1 1 2129 2130 2177 2176
1812  3 2 1 1 2130 2131 2178 2177
1813  3 2 1 1 2131 2132 2179 2178
1814  3 2 1 1 2132 2133 2180 2179
1815  3 2 1 1 2133 2134 2181 2180
1816  3 2 1 1 2134 2135 2182 2181
1817  3 2 1 1 2135 2136 2183 2182
1818  3 2 1 1 2136 2137 2184 2183
1819  3 2 1 1 2137 2138 2185 2184
1820  3 2 1 1 2138 2139 2186 2185
1821  3 2 1 1 2139 2140 2187 2186
1822  3 2 1 1 2140 2141 2188 2187
1823  3 2 1 1 2141 2142 2189 2188
1824  3 2 1 1 2142  245  246 2189
1825  3 2 1 1  366 2143 2190  365
1826  3 2 1 1 2143 2144 2191 2190
1827  3 2 1 1 2144 2145 2192 2191
1828  3 2 1 1 2145 2146 2193 2192
1829  3 2 1 1 2146 2147 2194 2193
1830  3 2 1 1 2147 2148 2195 2194
1831  3 2 1 1 2148 2149 2196 2195
1832  3 2 1 1 2149 2150 2197 2196
1833  3 2 1 1 2150 2151 2198 2197
1834  3 2 1 1 2151 2152 2199 2198
1835  3 2 1 1 2152 2153 2200 2199
1836  3 2 1 1 2153 2154 2201 2200
1837  3 2 1 1 2154 2155 2202 2201
1838  3 2 1 1 2155 2156 2203 2202
1839  3 2 1 1 2156 2157 2204 2203
1840  3 2 1 1 2157 2158 2205 2204
1841  3 2 1 1 2158 2159 2206 2205
1842  3 2 1 1 2159 2160 2207 2206
1843  3 2 1 1 2160 2161 2208 2207
1844  3 2 1 1 2161 2162 2209 2208
1845  3 2 1 1 2162 2163 2210 2209
1846  3 2 1 1 2163 2164 2211 2210
1847  3 2 1 1 2164 2165 2212 2211
1848  3 2 1 1 2165 2166 2213 2212
1849  3 2 1 1 2166 2167 2214 2213
1850  3 2 1 1 2167 2168 2215 2214
1851  3 2 1 1 2168 2169 2216 2215
1852  3 2 1 1 2169 2170 2217 2216
1853  3 2 1 1 2170 2171 2218 2217
1854  3 2 1 1 2171 2172 2219 2218
1855  3 2 1 1 2172 2173 2220 2219
1856  3 2 1 1 2173 2174 2221 2220
1857  3 2 1 1 2174 2175 2222 2221
1858  3 2 1 1 2175 2176 2223 2222
1859  3 2 1 1 2176 2177 2224 2223
1860  3 2 1 1 2177 2178 2225 2224
1861  3 2 1 1 2178 2179 2226 2225
1862  3 2 1 1 2179 2180 2227 2226
1863  3 2 1 1 2180 2181 2228 2227
1864  3 2 1 1 2181 2182 2229 2228
1865  3 2 1 1 2182 2183 2230 2229
1866  3 2 1 1 2183 2184 2231 2230
1867  3 2 1 1 2184 2185 2232 2231
1868  3 2 1 1 2185 2186 2233 2232
1869  3 2 1 1 2186 2187 2234 2233
1870  3 2 1 1 2187 2188 2235 2234
1871  3 2 1 1 2188 2189 2236 2235
1872  3 2 1 1 2189  246  247 2236
1873  3 2 1 1  365 2190 2237  364
1874  3 2 1 1 2190 2191 2238 2237
1875  3 2 1 1 2191 2192 2239 2238
1876  3 2 1 1 2192 2193 2240 2239
1877  3 2 1 1 2193 2194 2241 2240
1878  3 2 1 1 2194 2195 2242 2241
1879  3 2 1 1 2195 2196 2243 2242
1880  3 2 1 1 2196 2197 2244 2243
1881  3 2 1 1 2197 2198 2245 2244
1882  3 2 1 1 2198 2199 2246 2245
1883  3 2 1 1 2199 2200 2247 2246
1884  3 2 1 1 2200 2201 2248 2247
1885  3 2 1 1 2201 2202 2249 2248
1886  3 2 1 1 2202 2203 2250 2249
1887  3 2 1 1 2203 2204 2251 2250
1888  3 2 1 1 2204 2205 2252 2251
1889  3 2 1 1 2205 2206 2253 2252
1890  3 2 1 1 2206 2207 2254 2253
1891  3 2 1 1 2207 2208 2255 2254
1892  3 2 1 1 2208 2209 2256 2255
1893  3 2 1 1 2209 2210 2257 2256
1894  3 2 1 1 2210 2211 2258 2257
1895  3 2 1 1 2211 2212 2259 2258
1896  3 2 1 1 2212 2213 2260 2259
1897  3 2 1 1 2213 2214 2261 2260
1898  3 2 1 1 2214 2215 2262 2261
1899  3 2 1 1 2215 2216 2263 2262
1900  3 2 1 1 2216 2217 2264 2263
1901  3 2 1 1 2217 2218 2265 2264
1902  3 2 1 1 2218 2219 2266 2265
1903  3 2 1 1 2219 2220 2267 2266
1904  3 2 1 1 2220 2221 2268 2267
1905  3 2 1 1 2221 2222 2269 2268
1906  3 2 1 1 2222 2223 2270 2269
1907  3 2 1 1 2223 2224 2271 2270
1908  3 2 1 1 2224 2225 2272 2271
1909  3 2 1 1 2225 2226 2273 2272
1910  3 2 1 1 2226 2227 2274 2273
1911  3 2 1 1 2227 2228 2275 2274
1912  3 2 1 1 2228 2229 2276 2275
1913  3 2 1 1 2229 2230 2277 2276
1914  3 2 1 1 2230 2231 2278 2277
1915  3 2 1 1 2231 2232 2279 2278
1916  3 2 1 1 2232 2233 2280 2279
1917  3 2 1 1 2233 2234 2281 2280
1918  3 2 1 1 2234 2235 2282 2281
1919  3 2 1 1 2235 2236 2283 2282
1920  3 2 1 1 2236  247  248 2283
1921  3 2 1 1  364 2237 2284  363
1922  3 2 1 1 2237 2238 2285 2284
1923  3 2 1 1 2238 2239 2286 2285
1924  3 2 1 1 2239 2240 2287 2286
1925  3 2 1 1 2240 2241 2288 2287
1926  3 2 1 1 2241 2242 2289 2288
1927  3 2 1 1 2242 2243 2290 2289
1928  3 2 1 1 2243 2244 2291 2290
1929  3 2 1 1 2244 2245 2292 2291
1930  3 2 1 1 2245 2246 2293 2292
1931  3 2 1 1 2246 2247 2294 2293
1932  3 2 1 1 2247 2248 2295 2294
1933  3 2 1 1 2248 2249 2296 2295
1934  3 2 1 1 2249 2250 2297 2296
1935  3 2 1 1 2250 2251 2298 2297
1936  3 2 1 1 2251 2252 2299 2298
1937  3 2 1 1 2252 2253 2300 2299
1938  3 2 1 1 2253 2254 2301 2300
1939  3 2 1 1 2254 2255 2302 2301
1940  3 2 1 1 2255 2256 2303 2302
1941  3 2 1 1 2256 2257 2304 2303
1942  3 2 1 1 2257 2258 2305 2304
1943  3 2 1 1 2258 2259 2306 2305
1944  3 2 1 1 2259 2260 2307 2306
1945  3 2 1 1 2260 2261 2308 2307
1946  3 2 1 1 2261 2262 2309 2308
1947  3 2 1 1 2262 2263 2310 2309
1948  3 2 1 1 2263 2264 2311 2310
1949  3 2 1 1 2264 2265 2312 2311
1950  3 2 1 1 2265 2266 2313 2312
1951  3 2 1 1 2266 2267 2314 2313
1952  3 2 1 1 2267 2268 2315 2314
1953  3 2 1 1 2268 2269 2316 2315
1954  3 2 1 1 2269 2270 2317 2316
1955  3 2 1 1 2270 2271 2318 2317
1956  3 2 1 1 2271 2272 2319 2318
1957  3 2 1 1 2272 2273 2320 2319
1958  3 2 1 1 2273 2274 2321 2320
1959  3 2 1 1 2274 2275 2322 2321
1960  3 2 1 1 2275 2276 2323 2322
1961  3 2 1 1 2276 2277 2324 2323
1962  3 2 1 1 2277 2278 2325 2324
1963  3 2 1 1 2278 2279 2326 2325
1964  3 2 1 1 2279 2280 2327 2326
1965  3 2 1 1 2280 2281 2328 2327
1966  3 2 1 1 2281 2282 2329 2328
1967  3 2 1 1 2282 2283 2330 2329
1968  3 2 1 1 2283  248  249 2330
1969  3 2 1 1  363 2284 2331  362
1970  3 2 1 1 2284 2285 2332 2331
1971  3 2 1 1 2285 2286 2333 2332
1972  3 2 1 1 2286 2287 2334 2333
1973  3 2 1 1 2287 2288 2335 2334
1974  3 2 1 1 2288 2289 2336 2335
1975  3 2 1 1 2289 2290 2337 2336
1976  3 2 1 1 2290 2291 2338 2337
1977  3 2 1 1 2291 2292 2339 2338
1978  3 2 1 1 2292 2293 2340 2339
1979  3 2 1 1 2293 2294 2341 2340
1980  3 2 1 1 2294 2295 2342 2341
1981  3 2 1 1 2295 2296 2343 2342
1982  3 2 1 1 2296 2297 2344 2343
1983  3 2 1 1 2297 2298 2345 2344
1984  3 2 1 1 2298 2299 2346 2345
1985  3 2 1 1 2299 2300 2347 2346
1986  3 2 1 1 2300 2301 2348 2347
1987  3 2 1 1 2301 2302 2349 2348
1988  3 2 1 1 2302 2303 2350 2349
1989  3 2 1 1 2303 2304 2351 2350
1990  3 2 1 1 2304 2305 2352 2351
1991  3 2 1 1 2305 2306 2353 2352
1992  3 2 1 1 2306 2307 2354 2353
1993  3 2 1 1 2307 2308 2355 2354
1994  3 2 1 1 2308 2309 2356 2355
1995  3 2 1 1 2309 2310 2357 2356
1996  3 2 1 1 2310 2311 2358 2357
1997  3 2 1 1 2311 2312 2359 2358
1998  3 2 1 1 2312 2313 2360 2359
1999  3 2 1 1 2313 2314 2361 2360
2000  3 2 1 1 2314 2315 2362 2361
2001  3 2 1 1 2315 2316 2363 2362
2002  3 2 1 1 2316 2317 2364 2363
2003  3 2 1 1 2317 2318 2365 2364
2004  3 2 1 1 2318 2319 2366 2365
2005  3 2 1 1 2319 2320 2367 2366
2006  3 2 1 1 2320 2321 2368 2367
2007  3 2 1 1 2321 2322 2369 2368
2008  3 2 1 1 2322 2323 2370 2369
2009  3 2 1 1 2323 2324 2371 2370
2010  3 2 1 1 2324 2325 2372 2371
2011  3 2 1 1 2325 2326 2373 2372
2012  3 2 1 1 2326 2327 2374 2373
2013  3 2 1 1 2327 2328 2375 2374
2014  3 2 1 1 2328 2329 2376 2375
2015  3 2 1 1 2329 2330 2377 2376
2016  3 2 1 1 2330  249  250 2377
2017  3 2 1 1  362 2331 2378  361
2018  3 2 1 1 2331 2332 2379 2378
2019  3 2 1 1 2332 2333 2380 2379
2020  3 2 1 1 2333 2334 2381 2380
2021  3 2 1 1 2334 2335 2382 2381
2022  3 2 1 1 2335 2336 2383 2382
2023  3 2 1 1 2336 2337 2384 2383
2024  3 2 1 1 2337 2338 2385 2384
2025  3 2 1 1 2338 2339 2386 2385
2026  3 2 1 1 2339 2340 2387 2386
2027  3 2 1 1 2340 2341 2388 2387
2028  3 2 1 1 2341 2342 2389 2388
2029  3 2 1 1 2342 2343 2390 2389
2030  3 2 1 1 2343 2344 2391 2390
2031  3 2 1 1 2344 2345 2392 2391
2032  3 2 1 1 2345 2346 2393 2392
2033  3 2 1 1 2346 2347 2394 2393
2034  3 2 1 1 2347 2348 2395 2394
2035  3 2 1 1 2348 2349 2396 2395
2036  3 2 1 1 2349 2350 2397 2396
2037  3 2 1 1 2350 2351 2398 2397
2038  3 2 1 1 2351 2352 2399 2398
2039  3 2 1 1 2352 2353 2400 2399
2040  3 2 1 1 2353 2354 2401 2400
2041  3 2 1 1 2354 2355 2402 2401
2042  3 2 1 1 2355 2356 2403 2402
2043  3 2 1 1 2356 2357 2404 2403
2044  3 2 1 1 2357 2358 2405 2404
2045  3 2 1 1 2358 2359 2406 2405
2046  3 2 1 1 2359 2360 2407 2406
2047  3 2 1 1 2360 2361 2408 2407
2048  3 2 1 1 2361 2362 2409 2408
2049  3 2 1 1 2362 2363 2410 2409
2050  3 2 1 1 2363 2364 2411 2410
2051  3 2 1 1 2364 2365 2412 2411
2052  3 2 1 1 2365 2366 2413 2412
2053  3 2 1 1 2366 2367 2414 2413
2054  3 2 1 1 2367 2368 2415 2414
2055  3 2 1 1 2368 2369 2416 2415
2056  3 2 1 1 2369 2370 2417 2416
2057  3 2 1 1 2370 2371 2418 2417
2058  3 2 1 1 2371 2372 2419 2418
2059  3 2 1 1 2372 2373 2420 2419
2060  3 2 1 1 2373 2374 2421 2420
2061  3 2 1 1 2374 2375 2422 2421
2062  3 2 1 1 2375 2376 2423 2422
2063  3 2 1 1 2376 2377 2424 2423
2064  3 2 1 1 2377  250  251 2424
2065  3 2 1 1  361 2378 2425  360
2066  3 2 1 1 2378 2379 2426 2425
2067  3 2 1 1 2379 2380 2427 2426
2068  3 2 1 1 2380 2381 2428 2427
2069  3 2 1 1 2381 2382 2429 2428
2070  3 2 1 1 2382 2383 2430 2429
2071  3 2 1 1 2383 2384 2431 2430
2072  3 2 1 1 2384 2385 2432 2431
2073  3 2 1 1 2385 2386 2433 2432
2074  3 2 1 1 2386 2387 2434 2433
2075  3 2 1 1 2387 2388 2435 2434
2076  3 2 1 1 2388 2389 2436 2435
2077  3 2 1 1 2389 2390 2437 2436
2078  3 2 1 1 2390 2391 2438 2437
2079  3 2 1 1 2391 2392 2439 2438
2080  3 2 1 1 2392 2393 2440 2439
2081  3 2 1 1 2393 2394 2441 2440
2082  3 2 1 1 2394 2395 2442 2441
2083  3 2 1 1 2395 2396 2443 2442
2084  3 2 1 1 2396 2397 2444 2443
2085  3 2 1 1 2397 2398 2445 2444
2086  3 2 1 1 2398 2399 2446 2445
2087  3 2 1 1 2399 2400 2447 2446
2088  3 2 1 1 2400 2401 2448 2447
2089  3 2 1 1 2401 2402 2449 2448
2090  3 2 1 1 2402 2403 2450 2449
2091  3 2 1 1 2403 2404 2451 2450
2092  3 2 1 1 2404 2405 2452 2451
2093  3 2 1 1 2405 2406 2453 2452
2094  3 2 1 1 2406 2407 2454 2453
2095  3 2 1 1 2407 2408 2455 2454
2096  3 2 1 1 2408 2409 2456 2455
2097  3 2 1 1 2409 2410 2457 2456
2098  3 2 1 1 2410 2411 2458 2457
2099  3 2 1 1 2411 2412 2459 2458
2100  3 2 1 1 2412 2413 2460 2459
2101  3 2 1 1 2413 2414 2461 2460
2102  3 2 1 1 2414 2415 2462 2461
2103  3 2 1 1 2415 2416 2463 2462
2104  3 2 1 1 2416 2417 2464 2463
2105  3 2 1 1 2417 2418 2465 2464
2106  3 2 1 1 2418 2419 2466 2465
2107  3 2 1 1 2419 2420 2467 2466
2108  3 2 1 1 2420 2421 2468 2467
2109  3 2 1 1 2421 2422 2469 2468
2110  3 2 1 1 2422 2423 2470 2469
2111  3 2 1 1 2423 2424 2471 2470
2112  3 2 1 1 2424  251  252 2471
2113  3 2 1 1  360 2425 2472  359
2114  3 2 1 1 2425 2426 2473 2472
2115  3 2 1 1 2426 2427 2474 2473
2116  3 2 1 1 2427 2428 2475 2474
2117  3 2 1 1 2428 2429 2476 2475
2118  3 2 1 1 2429 2430 2477 2476
2119  3 2 1 1 2430 2431 2478 2477
2120  3 2 1 1 2431 2432 2479 2478
2121  3 2 1 1 2432 2433 2480 2479
2122  3 2 1 1 2433 2434 2481 2480
2123  3 2 1 1 2434 2435 2482 2481
2124  3 2 1 1 2435 2436 2483 2482
2125  3 2 1 1 2436 2437 2484 2483
2126  3 2 1 1 2437 2438 2485 2484
2127  3 2 1 1 2438 2439 2486 2485
2128  3 2 1 1 2439 2440 2487 2486
2129  3 2 1 1 2440 2441 2488 2487
2130  3 2 1 1 2441 2442 2489 2488
2131  3 2 1 1 2442 2443 2490 2489
2132  3 2 1 1 2443 2444 2491 2490
2133  3 2 1 1 2444 2445 2492 2491
2134  3 2 1 1 2445 2446 2493 2492
2135  3 2 1 1 2446 2447 2494 2493
2136  3 2 1 1 2447 2448 2495 2494
2137  3 2 1 1 2448 2449 2496 2495
2138  3 2 1 1 2449 2450 2497 2496
2139  3 2 1 1 2450 2451 2498 2497
2140  3 2 1 1 2451 2452 2499 2498
2141  3 2 1 1 2452 2453 2500 2499
2142  3 2 1 1 2453 2454 2501 2500
2143  3 2 1 1 2454 2455 2502 2501
2144  3 2 1 1 2455 2456 2503 2502
2145  3 2 1 1 2456 2457 2504 2503
2146  3 2 1 1 2457 2458 2505 2504
2147  3 2 1 1 2458 2459 2506 2505
2148  3 2 1 1 2459 2460 2507 2506
2149  3 2 1 1 2460 2461 2508 2507
2150  3 2 1 1 2461 2462 2509 2508
2151  3 2 1 1 2462 2463 2510 2509
2152  3 2 1 1 2463 2464 2511 2510
2153  3 2 1 1 2464 2465 2512 2511
2154  3 2 1 1 2465 2466 2513 2512
2155  3 2 1 1 2466 2467 2514 2513
2156  3 2 1 1 2467 2468 2515 2514
2157  3 2 1 1 2468 2469 2516 2515
2158  3 2 1 1 2469 2470 2517 2516
2159  3 2 1 1 2470 2471 2518 2517
2160  3 2 1 1 2471  252  253 2518
2161  3 2 1 1  359 2472 2519  358
2162  3 2 1 1 2472 2473 2520 2519
2163  3 2 1 1 2473 2474 2521 2520
2164  3 2 1 1 2474 2475 2522 2521
2165  3 2 1 1 2475 2476 2523 2522
2166  3 2 1 1 2476 2477 2524 2523
2167  3 2 1 1 2477 2478 2525 2524
2168  3 2 1 1 2478 2479 2526 2525
2169  3 2 1 1 2479 2480 2527 2526
2170  3 2 1 1 2480 2481 2528 2527
2171  3 2 1 1 2481 2482 2529 2528
2172  3 2 1 1 2482 2483 2530 2529
2173  3 2 1 1 2483 2484 2531 2530
2174  3 2 1 1 2484 2485 2532 2531
2175  3 2 1 1 2485 2486 2533 2532
2176  3 2 1 1 2486 2487 2534 2533
2177  3 2 1 1 2487 2488 2535 2534
2178  3 2 1 1 2488 2489 2536 2535
2179  3 2 1 1 2489 2490 2537 2536
2180  3 2 1 1 2490 2491 2538 2537
2181  3 2 1 1 2491 2492 2539 2538
2182  3 2 1 1 2492 2493 2540 2539
2183  3 2 1 1 2493 2494 2541 2540
2184  3 2 1 1 2494 2495 2542 2541
2185  3 2 1 1 2495 2496 2543 2542
2186  3 2 1 1 2496 2497 2544 2543
2187  3 2 1 1 2497 2498 2545 2544
2188  3 2 1 1 2498 2499 2546 2545
2189  3 2 1 1 2499 2500 2547 2546
2190  3 2 1 1 2500 2501 2548 2547
2191  3 2 1 1 2501 2502 2549 2548
2192  3 2 1 1 2502 2503 2550 2549
2193  3 2 1 1 2503 2504 2551 2550
2194  3 2 1 1 2504 2505 2552 2551
2195  3 2 1 1 2505 2506 2553 2552
2196  3 2 1 1 2506 2507 2554 2553
2197  3 2 1 1 2507 2508 2555 2554
2198  3 2 1 1 2508 2509 2556 2555
2199  3 2 1 1 2509 2510 2557 2556
2200  3 2 1 1 2510 2511 2558 2557
2201  3 2 1 1 2511 2512 2559 2558
2202  3 2 1 1 2512 2513 2560 2559
2203  3 2 1 1 2513 2514 2561 2560
2204  3 2 1 1 2514 2515 2562 2561
2205  3 2 1 1 2515 2516 2563 2562
2206  3 2 1 1 2516 2517 2564 2563
2207  3 2 1 1 2517 2518 2565 2564
2208  3 2 1 1 2518  253  254 2565
2209  3 2 1 1  358 2519 2566  357
2210  3 2 1 1 2519 2520 2567 2566
2211  3 2 1 1 2520 2521 2568 2567
2212  3 2 1 1 2521 2522 2569 2568
2213  3 2 1 1 2522 2523 2570 2569
2214  3 2 1 1 2523 2524 2571 2570
2215  3 2 1 1 2524 2525 2572 2571
2216  3 2 1 1 2525 2526 2573 2572
2217  3 2 1 1 2526 2527 2574 2573
2218  3 2 1 1 2527 2528 2575 2574
2219  3 2 1 1 2528 2529 2576 2575
2220  3 2 1 1 2529 2530 2577 2576
2221  3 2 1 1 2530 2531 2578 2577
2222  3 2 1 1 2531 2532 2579 2578
2223  3 2 1 1 2532 2533 2580 2579
2224  3 2 1 1 2533 2534 2581 2580
2225  3 2 1 1 2534 2535 2582 2581
2226  3 2 1 1 2535 2536 2583 2582
2227  3 2 1 1 2536 2537 2584 2583
2228  3 2 1 1 2537 2538 2585 2584
2229  3 2 1 1 2538 2539 2586 2585
2230  3 2 1 1 2539 2540 2587 2586
2231  3 2 1 1 2540 2541 2588 2587
2232  3 2 1 1 2541 2542 2589 2588
2233  3 2 1 1 2542 2543 2590 2589
2234  3 2 1 1 2543 2544 2591 2590
2235  3 2 1 1 2544 2545 2592 2591
2236  3 2 1 1 2545 2546 2593 2592
2237  3 2 1 1 2546 2547 2594 2593
2238  3 2 1 1 2547 2548 2595 2594
2239  3 2 1 1 2548 2549 2596 2595
2240  3 2 1 1 2549 2550 2597 2596
2241  3 2 1 1 2550 2551 2598 2597
2242  3 2 1 1 2551 2552 2599 2598
2243  3 2 1 1 2552 2553 2600 2599
2244  3 2 1 1 2553 2554 2601 2600
2245  3 2 1 1 2554 2555 2602 2601
2246  3 2 1 1 2555 2556 2603 2602
2247  3 2 1 1 2556 2557 2604 2603
2248  3 2 1 1 2557 2558 2605 2604
2249  3 2 1 1 2558 2559 2606 2605
2250  3 2 1 1 2559 2560 2607 2606
2251  3 2 1 1 2560 2561 2608 2607
2252  3 2 1 1 2561 2562 2609 2608
2253  3 2 1 1 2562 2563 2610 2609
2254  3 2 1 1 2563 2564 2611 2610
2255  3 2 1 1 2564 2565 2612 2611
2256  3 2 1 1 2565  254  255 2612
2257  3 2 1 1  357 2566 2613  356
2258  3 2 1 1 2566 2567 2614 2613
2259  3 2 1 1 2567 2568 2615 2614
2260  3 2 1 1 2568 2569 2616 2615
2261  3 2 1 1 2569 2570 2617 2616
2262  3 2 1 1 2570 2571 2618 2617
2263  3 2 1 1 2571 2572 2619 2618
2264  3 2 1 1 2572 2573 2620 2619
2265  3 2 1 1 2573 2574 2621 2620
2266  3 2 1 1 2574 2575 2622 2621
2267  3 2 1 1 2575 2576 2623 2622
2268  3 2 1 1 2576 2577 2624 2623
2269  3 2 1 1 2577 2578 2625 2624
2270  3 2 1 1 2578 2579 2626 2625
2271  3 2 1 1 2579 2580 2627 2626
2272  3 2 1 1 2580 2581 2628 2627
2273  3 2 1 1 2581 2582 2629 2628
2274  3 2 1 1 2582 2583 2630 2629
2275  3 2 1 1 2583 2584 2631 2630
2276  3 2 1 1 2584 2585 2632 2631
2277  3 2 1 1 2585 2586 2633 2632
2278  3 2 1 1 2586 2587 2634 2633
2279  3 2 1 1 2587 2588 2635 2634
2280  3 2 1 1 2588 2589 2636 2635
2281  3 2 1 1 2589 2590 2637 2636
2282  3 2 1 1 2590 2591 2638 2637
2283  3 2 1 1 2591 2592 2639 2638
2284  3 2 1 1 2592 2593 2640 2639
2285  3 2 1 1 2593 2594 2641 2640
2286  3 2 1 1 2594 2595 2642 2641
2287  3 2 1 1 2595 2596 2643 2642
2288  3 2 1 1 2596 2597 2644 2643
2289  3 2 1 1 2597 2598 2645 2644
2290  3 2 1 1 2598 2599 2646 2645
2291  3 2 1 1 2599 2600 2647 2646
2292  3 2 1 1 2600 2601 2648 2647
2293  3 2 1 1 2601 2602 2649 2648
2294  3 2 1 1 2602 2603 2650 2649
2295  3 2 1 1 2603 2604 2651 2650
2296  3 2 1 1 2604 2605 2652 2651
2297  3 2 1 1 2605 2606 2653 2652
2298  3 2 1 1 2606 2607 2654 2653
2299  3 2 1 1 2607 2608 2655 2654
2300  3 2 1 1 2608 2609 2656 2655
2301  3 2 1 1 2609 2610 2657 2656
2302  3 2 1 1 2610 2611 2658 2657
2303  3 2 1 1 2611 2612 2659 2658
2304  3 2 1 1 2612  255  256 2659
2305  3 2 1 1  356 2613 2660  355
2306  3 2 1 1 2613 2614 2661 2660
2307  3 2 1 1 2614 2615 2662 2661
2308  3 2 1 1 2615 2616 2663 2662
2309  3 2 1 1 2616 2617 2664 2663
2310  3 2 1 1 2617 2618 2665 2664
2311  3 2 1 1 2618 2619 2666 2665
2312  3 2 1 1 2619 2620 2667 2666
2313  3 2 1 1 2620 2621 2668 2667
2314  3 2 1 1 2621 2622 2669 2668
2315  3 2 1 1 2622 2623 2670 2669
2316  3 2 1 1 2623 2624 2671 2670
2317  3 2 1 1 2624 2625 2672 2671
2318  3 2 1 1 2625 2626 2673 2672
2319  3 2 1 1 2626 2627 2674 2673
2320  3 2 1 1 2627 2628 2675 2674
2321  3 2 1 1 2628 2629 2676 2675
2322  3 2 1 1 2629 2630 2677 2676
2323  3 2 1 1 2630 2631 2678 2677
2324  3 2 1 1 2631 2632 2679 2678
2325  3 2 1 1 2632 2633 2680 2679
2326  3 2 1 1 2633 2634 2681 2680
2327  3 2 1 1 2634 2635 2682 2681
2328  3 2 1 1 2635 2636 2683 2682
2329  3 2 1 1 2636 2637 2684 2683
2330  3 2 1 1 2637 2638 2685 2684
2331  3 2 1 1 2638 2639 2686 2685
2332  3 2 1 1 2639 2640 2687 2686
2333  3 2 1 1 2640 2641 2688 2687
2334  3 2 1 1 2641 2642 2689 2688
2335  3 2 1 1 2642 2643 2690 2689
2336  3 2 1 1 2643 2644 2691 2690
2337  3 2 1 1 2644 2645 2692 2691
2338  3 2 1 1 2645 2646 2693 2692
2339  3 2 1 1 2646 2647 2694 2693
2340  3 2 1 1 2647 2648 2695 2694
2341  3 2 1 1 2648 2649 2696 2695
2342  3 2 1 1 2649 2650 2697 2696
2343  3 2 1 1 2650 2651 2698 2697
2344  3 2 1 1 2651 2652 2699 2698
2345  3 2 1 1 2652 2653 2700 2699
2346  3 2 1 1 2653 2654 2701 2700
2347  3 2 1 1 2654 2655 2702 2701
2348  3 2 1 1 2655 2656 2703 2702
2349  3 2 1 1 2656 2657 2704 2703
2350  3 2 1 1 2657 2658 2705 2704
2351  3 2 1 1 2658 2659 2706 2705
2352  3 2 1 1 2659  256  257 2706
2353  3 2 1 1  355 2660 2707  354
2354  3 2 1 1 2660 2661 2708 2707
2355  3 2 1 1 2661 2662 2709 2708
2356  3 2 1 1 2662 2663 2710 2709
2357  3 2 1 1 2663 2664 2711 2710
2358  3 2 1 1 2664 2665 2712 2711
2359  3 2 1 1 2665 2666 2713 2712
2360  3 2 1 1 2666 2667 2714 2713
2361  3 2 1 1 2667 2668 2715 2714
2362  3 2 1 1 2668 2669 2716 2715
2363  3 2 1 1 2669 2670 2717 2716
2364  3 2 1 1 2670 2671 2718 2717
2365  3 2 1 1 2671 2672 2719 2718
2366  3 2 1 1 2672 2673 2720 2719
2367  3 2 1 1 2673 2674 2721 2720
2368  3 2 1 1 2674 2675 2722 2721
2369  3 2 1 1 2675 2676 2723 2722
2370  3 2 1 1 2676 2677 2724 2723
2371  3 2 1 1 2677 2678 2725 2724
2372  3 2 1 1 2678 2679 2726 2725
2373  3 2 1 1 2679 2680 2727 2726
2374  3 2 1 1 2680 2681 2728 2727
2375  3 2 1 1 2681 2682 2729 2728
2376  3 2 1 1 2682 2683 2730 2729
2377  3 2 1 1 2683 2684 2731 2730
2378  3 2 1 1 2684 2685 2732 2731
2379  3 2 1 1 2685 2686 2733 2732
2380  3 2 1 1 2686 2687 2734 2733
2381  3 2 1 1 2687 2688 2735 2734
2382  3 2 1 1 2688 2689 2736 2735
2383  3 2 1 1 2689 2690 2737 2736
2384  3 2 1 1 2690 2691 2738 2737
2385  3 2 1 1 2691 2692 2739 2738
2386  3 2 1 1 2692 2693 2740 2739
2387  3 2 1 1 2693 2694 2741 2740
2388  3 2 1 1 2694 2695 2742 2741
2389  3 2 1 1 2695 2696 2743 2742
2390  3 2 1 1 2696 2697 2744 2743
2391  3 2 1 1 2697 2698 2745 2744
2392  3 2 1 1 2698 2699 2746 2745
2393  3 2 1 1 2699 2700 2747 2746
2394  3 2 1 1 2700 2701 2748 2747
2395  3 2 1 1 2701 2702 2749 2748
2396  3 2 1 1 2702 2703 2750 2749
2397  3 2 1 1 2703 2704 2751 2750
2398  3 2 1 1 2704 2705 2752 2751
2399  3 2 1 1 2705 2706 2753 2752
2400  3 2 1 1 2706  257  258 2753
2401  3 2 1 1  354 2707 2754  353
2402  3 2 1 1 2707 2708 2755 2754
2403  3 2 1 1 2708 2709 2756 2755
2404  3 2 1 1 2709 2710 2757 2756
2405  3 2 1 1 2710 2711 2758 2757
2406  3 2 1 1 2711 2712 2759 2758
2407  3 2 1 1 2712 2713 2760 2759
2408  3 2 1 1 2713 2714 2761 2760
2409  3 2 1 1 2714 2715 2762 2761
2410  3 2 1 1 2715 2716 2763 2762
2411  3 2 1 1 2716 2717 2764 2763
2412  3 2 1 1 2717 2718 2765 2764
2413  3 2 1 1 2718 2719 2766 2765
2414  3 2 1 1 2719 2720 2767 2766
2415  3 2 1 1 2720 2721 2768 2767
2416  3 2 1 1 2721 2722 2769 2768
2417  3 2 1 1 2722 2723 2770 2769
2418  3 2 1 1 2723 2724 2771 2770
2419  3 2 1 1 2724 2725 2772 2771
2420  3 2 1 1 2725 2726 2773 2772
2421  3 2 1 1 2726 2727 2774 2773
2422  3 2 1 1 2727 2728 2775 2774
2423  3 2 1 1 2728 2729 2776 2775
2424  3 2 1 1 2729 2730 2777 2776
2425  3 2 1 1 2730 2731 2778 2777
2426  3 2 1 1 2731 2732 2779 2778
2427  3 2 1 1 2732 2733 2780 2779
2428  3 2 1 1 2733 2734 2781 2780
2429  3 2 1 1 2734 2735 2782 2781
2430  3 2 1 1 2735 2736 2783 2782
2431  3 2 1 1 2736 2737 2784 2783
2432  3 2 1 1 2737 2738 2785 2784
2433  3 2 1 1 2738 2739 2786 2785
2434  3 2 1 1 2739 2740 2787 2786
2435  3 2 1 1 2740 2741 2788 2787
2436  3 2 1 1 2741 2742 2789 2788
2437  3 2 1 1 2742 2743 2790 2789
2438  3 2 1 1 2743 2744 2791 2790
2439  3 2 1 1 2744 2745 2792 2791
2440  3 2 1 1 2745 2746 2793 2792
2441  3 2 1 1 2746 2747 2794 2793
2442  3 2 1 1 2747 2748 2795 2794
2443  3 2 1 1 2748 2749 2796 2795
2444  3 2 1 1 2749 2750 2797 2796
2445  3 2 1 1 2750 2751 2798 2797
2446  3 2 1 1 2751 2752 2799 2798
2447  3 2 1 1 2752 2753 2800 2799
2448  3 2 1 1 2753  258  259 2800
2449  3 2 1 1  353 2754 2801  352
2450  3 2 1 1 2754 2755 2802 2801
2451  3 2 1 1 2755 2756 2803 2802
2452  3 2 1 1 2756 2757 2804 2803
2453  3 2 1 1 2757 2758 2805 2804
2454  3 2 1 1 2758 2759 2806 2805
2455  3 2 1 1 2759 2760 2807 2806
2456  3 2 1 1 2760 2761 2808 2807
2457  3 2 1 1 2761 2762 2809 2808
2458  3 2 1 1 2762 2763 2810 2809
2459  3 2 1 1 2763 2764 2811 2810
2460  3 2 1 1 2764 2765 2812 2811
2461  3 2 1 1 2765 2766 2813 2812
2462  3 2 1 1 2766 2767 2814 2813
2463  3 2 1 1 2767 2768 2815 2814
2464  3 2 1 1 2768 2769 2816 2815
2465  3 2 1 1 2769 2770 2817 2816
2466  3 2 1 1 2770 2771 2818 2817
2467  3 2 1 1 2771 2772 2819 2818
2468  3 2 1 1 2772 2773 2820 2819
2469  3 2 1 1 2773 2774 2821 2820
2470  3 2 1 1 2774 2775 2822 2821
2471  3 2 1 1 2775 2776 2823 2822
2472  3 2 1 1 2776 2777 2824 2823
2473  3 2 1 1 2777 2778 2825 2824
2474  3 2 1 1 2778 2779 2826 2825
2475  3 2 1 1 2779 2780 2827 2826
2476  3 2 1 1 2780 2781 2828 2827
2477  3 2 1 1 2781 2782 2829 2828
2478  3 2 1 1 2782 2783 2830 2829
2479  3 2 1 1 2783 2784 2831 2830
2480  3 2 1 1 2784 2785 2832 2831
2481  3 2 1 1 2785 2786 2833 2832
2482  3 2 1 1 2786 2787 2834 2833
2483  3 2 1 1 2787 2788 2835 2834
2484  3 2 1 1 2788 2789 2836 2835
2485  3 2 1 1 2789 2790 2837 2836
2486  3 2 1 1 2790 2791 2838 2837
2487  3 2 1 1 2791 2792 2839 2838
2488  3 2 1 1 2792 2793 2840 2839
2489  3 2 1 1 2793 2794 2841 2840
2490  3 2 1 1 2794 2795 2842 2841
2491  3 2 1 1 2795 2796 2843 2842
2492  3 2 1 1 2796 2797 2844 2843
2493  3 2 1 1 2797 2798 2845 2844
2494  3 2 1 1 2798 2799 2846 2845
2495  3 2 1 1 2799 2800 2847 2846
2496  3 2 1 1 2800  259  260 2847
2497  3 2 1 1  352 2801 2848  351
2498  3 2 1 1 2801 2802 2849 2848
2499  3 2 1 1 2802 2803 2850 2849
2500  3 2 1 1 2803 2804 2851 2850
2501  3 2 1 1 2804 2805 2852 2851
2502  3 2 1 1 2805 2806 2853 2852
2503  3 2 1 1 2806 2807 2854 2853
2504  3 2 1 1 2807 2808 2855 2854
2505  3 2 1 1 2808 2809 2856 2855
2506  3 2 1 1 2809 2810 2857 2856
2507  3 2 1 1 2810 2811 2858 2857
2508  3 2 1 1 2811 2812 2859 2858
2509  3 2 1 1 2812 2813 2860 2859
2510  3 2 1 1 2813 2814 2861 2860
2511  3 2 1 1 2814 2815 2862 2861
2512  3 2 1 1 2815 2816 2863 2862
2513  3 2 1 1 2816 2817 2864 2863
2514  3 2 1 1 2817 2818 2865 2864
2515  3 2 1 1 2818 2819 2866 2865
2516  3 2 1 1 2819 2820 2867 2866
2517  3 2 1 1 2820 2821 2868 2867
2518  3 2 1 1 2821 2822 2869 2868
2519  3 2 1 1 2822 2823 2870 2869
2520  3 2 1 1 2823 2824 2871 2870
2521  3 2 1 1 2824 2825 2872 2871
2522  3 2 1 1 2825 2826 2873 2872
2523  3 2 1 1 2826 2827 2874 2873
2524  3 2 1 1 2827 2828 2875 2874
2525  3 2 1 1 2828 2829 2876 2875
2526  3 2 1 1 2829 2830 2877 2876
2527  3 2 1 1 2830 2831 2878 2877
2528  3 2 1 1 2831 2832 2879 2878
2529  3 2 1 1 2832 2833 2880 2879
2530  3 2 1 1 2833 2834 2881 2880
2531  3 2 1 1 2834 2835 2882 2881
2532  3 2 1 1 2835 2836 2883 2882
2533  3 2 1 1 2836 2837 2884 2883
2534  3 2 1 1 2837 2838 2885 2884
2535  3 2 1 1 2838 2839 2886 2885
2536  3 2 1 1 2839 2840 2887 2886
2537  3 2 1 1 2840 2841 2888 2887
2538  3 2 1 1 2841 2842 2889 2888
2539  3 2 1 1 2842 2843 2890 2889
2540  3 2 1 1 2843 2844 2891 2890
2541  3 2 1 1 2844 2845 2892 2891
2542  3 2 1 1 2845 2846 2893 2892
2543  3 2 1 1 2846 2847 2894 2893
2544  3 2 1 1 2847  260  261 2894
2545  3 2 1 1  351 2848 2895  350
2546  3 2 1 1 2848 2849 2896 2895
2547  3 2 1 1 2849 2850 2897 2896
2548  3 2 1 1 2850 2851 2898 2897
2549  3 2 1 1 2851 2852 2899 2898
2550  3 2 1 1 2852 2853 2900 2899
2551  3 2 1 1 2853 2854 2901 2900
2552  3 2 1 1 2854 2855 2902 2901
2553  3 2 1 1 2855 2856 2903 2902
2554  3 2 1 1 2856 2857 2904 2903
2555  3 2 1 1 2857 2858 2905 2904
2556  3 2 1 1 2858 2859 2906 2905
2557  3 2 1 1 2859 2860 2907 2906
2558  3 2 1 1 2860 2861 2908 2907
2559  3 2 1 1 2861 2862 2909 2908
2560  3 2 1 1 2862 2863 2910 2909
2561  3 2 1 1 2863 2864 2911 2910
2562  3 2 1 1 2864 2865 2912 2911
2563  3 2 1 1 2865 2866 2913 2912
2564  3 2 1 1 2866 2867 2914 2913
2565  3 2 1 1 2867 2868 2915 2914
2566  3 2 1 1 2868 2869 2916 2915
2567  3 2 1 1 2869 2870 2917 2916
2568  3 2 1 1 2870 2871 2918 2917
2569  3 2 1 1 2871 2872 2919 2918
2570  3 2 1 1 2872 2873 2920 2919
2571  3 2 1 1 2873 2874 2921 2920
2572  3 2 1 1 2874 2875 2922 2921
2573  3 2 1 1 2875 2876 2923 2922
2574  3 2 1 1 2876 2877 2924 2923
2575  3 2 1 1 2877 2878 2925 2924
2576  3 2 1 1 2878 2879 2926 2925
2577  3 2 1 1 2879 2880 2927 2926
2578  3 2 1 1 2880 2881 2928 2927
2579  3 2 1 1 2881 2882 2929 2928
2580  3 2 1 1 2882 2883 2930 2929
2581  3 2 1 1 2883 2884 2931 2930
2582  3 2 1 1 2884 2885 2932 2931
2583  3 2 1 1 2885 2886 2933 2932
2584  3 2 1 1 2886 2887 2934 2933
2585  3 2 1 1 2887 2888 2935 2934
2586  3 2 1 1 2888 2889 2936 2935
2587  3 2 1 1 2889 2890 2937 2936
2588  3 2 1 1 2890 2891 2938 2937
2589  3 2 1 1 2891 2892 2939 2938
2590  3 2 1 1 2892 2893 2940 2939
2591  3 2 1 1 2893 2894 2941 2940
2592  3 2 1 1 2894  261  262 2941
2593  3 2 1 1  350 2895 2942  349
2594  3 2 1 1 2895 2896 2943 2942
2595  3 2 1 1 2896 2897 2944 2943
2596  3 2 1 1 2897 2898 2945 2944
2597  3 2 1 1 2898 2899 2946 2945
2598  3 2 1 1 2899 2900 2947 2946
2599  3 2 1 1 2900 2901 2948 2947
2600  3 2 1 1 2901 2902 2949 2948
2601  3 2 1 1 2902 2903 2950 2949
2602  3 2 1 1 2903 2904 2951 2950
2603  3 2 1 1 2904 2905 2952 2951
2604  3 2 1 1 2905 2906 2953 2952
2605  3 2 1 1 2906 2907 2954 2953
2606  3 2 1 1 2907 2908 2955 2954
2607  3 2 1 1 2908 2909 2956 2955
2608  3 2 1 1 2909 2910 2957 2956
2609  3 2 1 1 2910 2911 2958 2957
2610  3 2 1 1 2911 2912 2959 2958
2611  3 2 1 1 2912 2913 2960 2959
2612  3 2 1 1 2913 2914 2961 2960
2613  3 2 1 1 2914 2915 2962 2961
2614  3 2 1 1 2915 2916 2963 2962
2615  3 2 1 1 2916 2917 2964 2963
2616  3 2 1 1 2917 2918 2965 2964
2617  3 2 1 1 2918 2919 2966 2965
2618  3 2 1 1 2919 2920 2967 2966
2619  3 2 1 1 2920 2921 2968 2967
2620  3 2 1 1 2921 2922 2969 2968
2621  3 2 1 1 2922 2923 2970 2969
2622  3 2 1 1 2923 2924 2971 2970
2623  3 2 1 1 2924 2925 2972 2971
2624  3 2 1 1 2925 2926 2973 2972
2625  3 2 1 1 2926 2927 2974 2973
2626  3 2 1 1 2927 2928 2975 2974
2627  3 2 1 1 2928 2929 2976 2975
2628  3 2 1 1 2929 2930 2977 2976
2629  3 2 1 1 2930 2931 2978 2977
2630  3 2 1 1 2931 2932 2979 2978
2631  3 2 1 1 2932 2933 2980 2979
2632  3 2 1 1 2933 2934 2981 2980
2633  3 2 1 1 2934 2935 2982 2981
2634  3 2 1 1 2935 2936 2983 2982
2635  3 2 1 1 2936 2937 2984 2983
2636  3 2 1 1 2937 2938 2985 2984
2637  3 2 1 1 2938 2939 2986 2985
2638  3 2 1 1 2939 2940 2987 2986
2639  3 2 1 1 2940 2941 2988 2987
2640  3 2 1 1 2941  262  263 2988
2641  3 2 1 1  349 2942 2989  348
2642  3 2 1 1 2942 2943 2990 2989
2643  3 2 1 1 2943 2944 2991 2990
2644  3 2 1 1 2944 2945 2992 2991
2645  3 2 1 1 2945 2946 2993 2992
2646  3 2 1 1 2946 2947 2994 2993
2647  3 2 1 1 2947 2948 2995 2994
2648  3 2 1 1 2948 2949 2996 2995
2649  3 2 1 1 2949 2950 2997 2996
2650  3 2 1 1 2950 2951 2998 2997
2651  3 2 1 1 2951 2952 2999 2998
2652  3 2 1 1 2952 2953 3000 2999
2653  3 2 1 1 2953 2954 3001 3000
2654  3 2 1 1 2954 2955 3002 3001
2655  3 2 1 1 2955 2956 3003 3002
2656  3 2 1 1 2956 2957 3004 3003
2657  3 2 1 1 2957 2958 3005 3004
2658  3 2 1 1 2958 2959 3006 3005
2659  3 2 1 1 2959 2960 3007 3006
2660  3 2 1 1 2960 2961 3008 3007
2661  3 2 1 1 2961 2962 3009 3008
2662  3 2 1 1 2962 2963 3010 3009
2663  3 2 1 1 2963 2964 3011 3010
2664  3 2 1 1 2964 2965 3012 3011
2665  3 2 1 1 2965 2966 3013 3012
2666  3 2 1 1 2966 2967 3014 3013
2667  3 2 1 1 2967 2968 3015 3014
2668  3 2 1 1 2968 2969 3016 3015
2669  3 2 1 1 2969 2970 3017 3016
2670  3 2 1 1 2970 2971 3018 3017
2671  3 2 1 1 2971 2972 3019 3018
2672  3 2 1 1 2972 2973 3020 3019
2673  3 2 1 1 2973 2974 3021 3020
2674  3 2 1 1 2974 2975 3022 3021
2675  3 2 1 1 2975 2976 3023 3022
2676  3 2 1 1 2976 2977 3024 3023
2677  3 2 1 1 2977 2978 3025 3024
2678  3 2 1 1 2978 2979 3026 3025
2679  3 2 1 1 2979 2980 3027 3026
2680  3 2 1 1 2980 2981 3028 3027
2681  3 2 1 1 2981 2982 3029 3028
2682  3 2 1 1 2982 2983 3030 3029
2683  3 2 1 1 2983 2984 3031 3030
2684  3 2 1 1 2984 2985 3032 3031
2685  3 2 1 1 2985 2986 3033 3032
2686  3 2 1 1 2986 2987 3034 3033
2687  3 2 1 1 2987 2988 3035 3034
2688  3 2 1 1 2988  263  264 3035
2689  3 2 1 1  348 2989 3036  347
2690  3 2 1 1 2989 2990 3037 3036
2691  3 2 1 1 2990 2991 3038 3037
2692  3 2 1 1 2991 2992 3039 3038
2693  3 2 1 1 2992 2993 3040 3039
2694  3 2 1 1 2993 2994 3041 3040
2695  3 2 1 1 2994 2995 3042 3041
2696  3 2 1 1 2995 2996 3043 3042
2697  3 2 1 1 2996 2997 3044 3043
2698  3 2 1 1 2997 2998 3045 3044
2699  3 2 1 1 2998 2999 3046 3045
2700  3 2 1 1 2999 3000 3047 3046
2701  3 2 1 1 3000 3001 3048 3047
2702  3 2 1 1 3001 3002 3049 3048
2703  3 2 1 1 3002 3003 3050 3049
2704  3 2 1 1 3003 3004 3051 3050
2705  3 2 1 1 3004 3005 3052 3051
2706  3 2 1 1 3005 3006 3053 3052
2707  3 2 1 1 3006 3007 3054 3053
2708  3 2 1 1 3007 3008 3055 3054
2709  3 2 1 1 3008 3009 3056 3055
2710  3 2 1 1 3009 3010 3057 3056
2711  3 2 1 1 3010 3011 3058 3057
2712  3 2 1 1 3011 3012 3059 3058
2713  3 2 1 1 3012 3013 3060 3059
2714  3 2 1 1 3013 3014 3061 3060
2715  3 2 1 1 3014 3015 3062 3061
2716  3 2 1 1 3015 3016 3063 3062
2717  3 2 1 1 3016 3017 3064 3063
2718  3 2 1 1 3017 3018 3065 3064
2719  3 2 1 1 3018 3019 3066 3065
2720  3 2 1 1 3019 3020 3067 3066
2721  3 2 1 1 3020 3021 3068 3067
2722  3 2 1 1 3021 3022 3069 3068
2723  3 2 1 1 3022 3023 3070 3069
2724  3 2 1 1 3023 3024 3071 3070
2725  3 2 1 1 3024 3025 3072 3071
2726  3 2 1 1 3025 3026 3073 3072
2727  3 2 1 1 3026 3027 3074 3073
2728  3 2 1 1 3027 3028 3075 3074
2729  3 2 1 1 3028 3029 3076 3075
2730  3 2 1 1 3029 3030 3077 3076
2731  3 2 1 1 3030 3031 3078 3077
2732  3 2 1 1 3031 3032 3079 3078
2733  3 2 1 1 3032 3033 3080 3079
2734  3 2 1 1 3033 3034 3081 3080
2735  3 2 1 1 3034 3035 3082 3081
2736  3 2 1 1 3035  264  265 3082
2737  3 2 1 1  347 3036 3083  346
2738  3 2 1 1 3036 3037 3084 3083
2739  3 2 1 1 3037 3038 3085 3084
2740  3 2 1 1 3038 3039 3086 3085
2741  3 2 1 1 3039 3040 3087 3086
2742  3 2 1 1 3040 3041 3088 3087
2743  3 2 1 1 3041 3042 3089 3088
2744  3 2 1 1 3042 3043 3090 3089
2745  3 2 1 1 3043 3044 3091 3090
2746  3 2 1 1 3044 3045 3092 3091
2747  3 2 1 1 3045 3046 3093 3092
2748  3 2 1 1 3046 3047 3094 3093
2749  3 2 1 1 3047 3048 3095 3094
2750  3 2 1 1 3048 3049 3096 3095
2751  3 2 1 1 3049 3050 3097 3096
2752  3 2 1 1 3050 3051 3098 3097
2753  3 2 1 1 3051 3052 3099 3098
2754  3 2 1 1 3052 3053 3100 3099
2755  3 2 1 1 3053 3054 3101 3100
2756  3 2 1 1 3054 3055 3102 3101
2757  3 2 1 1 3055 3056 3103 3102
2758  3 2 1 1 3056 3057 3104 3103
2759  3 2 1 1 3057 3058 3105 3104
2760  3 2 1 1 3058 3059 3106 3105
2761  3 2 1 1 3059 3060 3107 3106
2762  3 2 1 1 3060 3061 3108 3107
2763  3 2 1 1 3061 3062 3109 3108
2764  3 2 1 1 3062 3063 3110 3109
2765  3 2 1 1 3063 3064 3111 3110
2766  3 2 1 1 3064 3065 3112 3111
2767  3 2 1 1 3065 3066 3113 3112
2768  3 2 1 1 3066 3067 3114 3113
2769  3 2 1 1 3067 3068 3115 3114
2770  3 2 1 1 3068 3069 3116 3115
2771  3 2 1 1 3069 3070 3117 3116
2772  3 2 1 1 3070 3071 3118 3117
2773  3 2 1 1 3071 3072 3119 3118
2774  3 2 1 1 3072 3073 3120 3119
2775  3 2 1 1 3073 3074 3121 3120
2776  3 2 1 1 3074 3075 3122 3121
2777  3 2 1 1 3075 3076 3123 3122
2778  3 2 1 1 3076 3077 3124 3123
2779  3 2 1 1 3077 3078 3125 3124
2780  3 2 1 1 3078 3079 3126 3125
2781  3 2 1 1 3079 3080 3127 3126
2782  3 2 1 1 3080 3081 3128 3127
2783  3 2 1 1 3081 3082 3129 3128
2784  3 2 1 1 3082  265  266 3129
2785  3 2 1 1  346 3083 3130  345
2786  3 2 1 1 3083 3084 3131 3130
2787  3 2 1 1 3084 3085 3132 3131
2788  3 2 1 1 3085 3086 3133 3132
2789  3 2 1 1 3086 3087 3134 3133
2790  3 2 1 1 3087 3088 3135 3134
2791  3 2 1 1 3088 3089 3136 3135
2792  3 2 1 1 3089 3090 3137 3136
2793  3 2 1 1 3090 3091 3138 3137
2794  3 2 1 1 3091 3092 3139 3138
2795  3 2 1 1 3092 3093 3140 3139
2796  3 2 1 1 3093 3094 3141 3140
2797  3 2 1 1 3094 3095 3142 3141
2798  3 2 1 1 3095 3096 3143 3142
2799  3 2 1 1 3096 3097 3144 3143
2800  3 2 1 1 3097 3098 3145 3144
2801  3 2 1 1 3098 3099 3146 3145
2802  3 2 1 1 3099 3100 3147 3146
2803  3 2 1 1 3100 3101 3148 3147
2804  3 2 1 1 3101 3102 3149 3148
2805  3 2 1 1 3102 3103 3150 3149
2806  3 2 1 1 3103 3104 3151 3150
2807  3 2 1 1 3104 3105 3152 3151
2808  3 2 1 1 3105 3106 3153 3152
2809  3 2 1 1 3106 3107 3154 3153
2810  3 2 1 1 3107 3108 3155 3154
2811  3 2 1 1 3108 3109 3156 3155
2812  3 2 1 1 3109 3110 3157 3156
2813  3 2 1 1 3110 3111 3158 3157
2814  3 2 1 1 3111 3112 3159 3158
2815  3 2 1 1 3112 3113 3160 3159
2816  3 2 1 1 3113 3114 3161 3160
2817  3 2 1 1 3114 3115 3162 3161
2818  3 2 1 1 3115 3116 3163 3162
2819  3 2 1 1 3116 3117 3164 3163
2820  3 2 1 1 3117 3118 3165 3164
2821  3 2 1 1 3118 3119 3166 3165
2822  3 2 1 1 3119 3120 3167 3166
2823  3 2 1 1 3120 3121 3168 3167
2824  3 2 1 1 3121 3122 3169 3168
2825  3 2 1 1 3122 3123 3170 3169
2826  3 2 1 1 3123 3124 3171 3170
2827  3 2 1 1 3124 3125 3172 3171
2828  3 2 1 1 3125 3126 3173 3172
2829  3 2 1 1 3126 3127 3174 3173
2830  3 2 1 1 3127 3128 3175 3174
2831  3 2 1 1 3128 3129 3176 3175
2832  3 2 1 1 3129  266  267 3176
2833  3 2 1 1  345 3130 3177  344
2834  3 2 1 1 3130 3131 3178 3177
2835  3 2 1 1 3131 3132 3179 3178
2836  3 2 1 1 3132 3133 3180 3179
2837  3 2 1 1 3133 3134 3181 3180
2838  3 2 1 1 3134 3135 3182 3181
2839  3 2 1 1 3135 3136 3183 3182
2840  3 2 1 1 3136 3137 3184 3183
2841  3 2 1 1 3137 3138 3185 3184
2842  3 2 1 1 3138 3139 3186 3185
2843  3 2 1 1 3139 3140 3187 3186
2844  3 2 1 1 3140 3141 3188 3187
2845  3 2 1 1 3141 3142 3189 3188
2846  3 2 1 1 3142 3143 3190 3189
2847  3 2 1 1 3143 3144 3191 3190
2848  3 2 1 1 3144 3145 3192 3191
2849  3 2 1 1 3145 3146 3193 3192
2850  3 2 1 1 3146 3147 3194 3193
2851  3 2 1 1 3147 3148 3195 3194
2852  3 2 1 1 3148 3149 3196 3195
2853  3 2 1 1 3149 3150 3197 3196
2854  3 2 1 1 3150 3151 3198 3197
2855  3 2 1 1 3151 3152 3199 3198
2856  3 2 1 1 3152 3153 3200 3199
2857  3 2 1 1 3153 3154 3201 3200
2858  3 2 1 1 3154 3155 3202 3201
2859  3 2 1 1 3155 3156 3203 3202
2860  3 2 1 1 3156 3157 3204 3203
2861  3 2 1 1 3157 3158 3205 3204
2862  3 2 1 1 3158 3159 3206 3205
2863  3 2 1 1 3159 3160 3207 3206
2864  3 2 1 1 3160 3161 3208 3207
2865  3 2 1 1 3161 3162 3209 3208
2866  3 2 1 1 3162 3163 3210 3209
2867  3 2 1 1 3163 3164 3211 3210
2868  3 2 1 1 3164 3165 3212 3211
2869  3 2 1 1 3165 3166 3213 3212
2870  3 2 1 1 3166 3167 3214 3213
2871  3 2 1 1 3167 3168 3215 3214
2872  3 2 1 1 3168 3169 3216 3215
2873  3 2 1 1 3169 3170 3217 3216
2874  3 2 1 1 3170 3171 3218 3217
2875  3 2 1 1 3171 3172 3219 3218
2876  3 2 1 1 3172 3173 3220 3219
2877  3 2 1 1 3173 3174 3221 3220
2878  3 2 1 1 3174 3175 3222 3221
2879  3 2 1 1 3175 3176 3223 3222
2880  3 2 1 1 3176  267  268 3223
2881  3 2 1 1  344 3177 3224  343
2882  3 2 1 1 3177 3178 3225 3224
2883  3 2 1 1 3178 3179 3226 3225
2884  3 2 1 1 3179 3180 3227 3226
2885  3 2 1 1 3180 3181 3228 3227
2886  3 2 1 1 3181 3182 3229 3228
2887  3 2 1 1 3182 3183 3230 3229
2888  3 2 1 1 3183 3184 3231 3230
2889  3 2 1 1 3184 3185 3232 3231
2890  3 2 1 1 3185 3186 3233 3232
2891  3 2 1 1 3186 3187 3234 3233
2892  3 2 1 1 3187 3188 3235 3234
2893  3 2 1 1 3188 3189 3236 3235
2894  3 2 1 1 3189 3190 3237 3236
2895  3 2 1 1 3190 3191 3238 3237
2896  3 2 1 1 3191 3192 3239 3238
2897  3 2 1 1 3192 3193 3240 3239
2898  3 2 1 1 3193 3194 3241 3240
2899  3 2 1 1 3194 3195 3242 3241
2900  3 2 1 1 3195 3196 3243 3242
2901  3 2 1 1 3196 3197 3244 3243
2902  3 2 1 1 3197 3198 3245 3244
2903  3 2 1 1 3198 3199 3246 3245
2904  3 2 1 1 3199 3200 3247 3246
2905  3 2 1 1 3200 3201 3248 3247
2906  3 2 1 1 3201 3202 3249 3248
2907  3 2 1 1 3202 3203 3250 3249
2908  3 2 1 1 3203 3204 3251 3250
2909  3 2 1 1 3204 3205 3252 3251
2910  3 2 1 1 3205 3206 3253 3252
2911  3 2 1 1 3206 3207 3254 3253
2912  3 2 1 1 3207 3208 3255 3254
2913  3 2 1 1 3208 3209 3256 3255
2914  3 2 1 1 3209 3210 3257 3256
2915  3 2 1 1 3210 3211 3258 3257
2916  3 2 1 1 3211 3212 3259 3258
2917  3 2 1 1 3212 3213 3260 3259
2918  3 2 1 1 3213 3214 3261 3260
2919  3 2 1 1 3214 3215 3262 3261
2920  3 2 1 1 3215 3216 3263 3262
2921  3 2 1 1 3216 3217 3264 3263
2922  3 2 1 1 3217 3218 3265 3264
2923  3 2 1 1 3218 3219 3266 3265
2924  3 2 1 1 3219 3220 3267 3266
2925  3 2 1 1 3220 3221 3268 3267
2926  3 2 1 1 3221 3222 3269 3268
2927  3 2 1 1 3222 3223 3270 3269
2928  3 2 1 1 3223  268  269 3270
2929  3 2 1 1  343 3224 3271  342
2930  3 2 1 1 3224 3225 3272 3271
2931  3 2 1 1 3225 3226 3273 3272
2932  3 2 1 1 3226 3227 3274 3273
2933  3 2 1 1 3227 3228 3275 3274
2934  3 2 1 1 3228 3229 3276 3275
2935  3 2 1 1 3229 3230 3277 3276
2936  3 2 1 1 3230 3231 3278 3277
2937  3 2 1 1 3231 3232 3279 3278
2938  3 2 1 1 3232 3233 3280 3279
2939  3 2 1 1 3233 3234 3281 3280
2940  3 2 1 1 3234 3235 3282 3281
2941  3 2 1 1 3235 3236 3283 3282
2942  3 2 1 1 3236 3237 3284 3283
2943  3 2 1 1 3237 3238 3285 3284
2944  3 2 1 1 3238 3239 3286 3285
2945  3 2 1 1 3239 3240 3287 3286
2946  3 2 1 1 3240 3241 3288 3287
2947  3 2 1 1 3241 3242 3289 3288
2948  3 2 1 1 3242 3243 3290 3289
2949  3 2 1 1 3243 3244 3291 3290
2950  3 2 1 1 3244 3245 3292 3291
2951  3 2 1 1 3245 3246 3293 3292
2952  3 2 1 1 3246 3247 3294 3293
2953  3 2 1 1 3247 3248 3295 3294
2954  3 2 1 1 3248 3249 3296 3295
2955  3 2 1 1 3249 3250 3297 3296
2956  3 2 1 1 3250 3251 3298 3297
2957  3 2 1 1 3251 3252 3299 3298
2958  3 2 1 1 3252 3253 3300 3299
2959  3 2 1 1 3253 3254 3301 3300
2960  3 2 1 1 3254 3255 3302 3301
2961  3 2 1 1 3255 3256 3303 3302
2962  3 2 1 1 3256 3257 3304 3303
2963  3 2 1 1 3257 3258 3305 3304
2964  3 2 1 1 3258 3259 3306 3305
2965  3 2 1 1 3259 3260 3307 3306
2966  3 2 1 1 3260 3261 3308 3307
2967  3 2 1 1 3261 3262 3309 3308
2968  3 2 1 1 3262 3263 3310 3309
2969  3 2 1 1 3263 3264 3311 3310
2970  3 2 1 1 3264 3265 3312 3311
2971  3 2 1 1 3265 3266 3313 3312
2972  3 2 1 1 3266 3267 3314 3313
2973  3 2 1 1 3267 3268 3315 3314
2974  3 2 1 1 3268 3269 3316 3315
2975  3 2 1 1 3269 3270 3317 3316
2976  3 2 1 1 3270  269  270 3317
2977  3 2 1 1  342 3271 3318  341
2978  3 2 1 1 3271 3272 3319 3318
2979  3 2 1 1 3272 3273 3320 3319
2980  3 2 1 1 3273 3274 3321 3320
2981  3 2 1 1 3274 3275 3322 3321
2982  3 2 1 1 3275 3276 3323 3322
2983  3 2 1 1 3276 3277 3324 3323
2984  3 2 1 1 3277 3278 3325 3324
2985  3 2 1 1 3278 3279 3326 3325
2986  3 2 1 1 3279 3280 3327 3326
2987  3 2 1 1 3280 3281 3328 3327
2988  3 2 1 1 3281 3282 3329 3328
2989  3 2 1 1 3282 3283 3330 3329
2990  3 2 1 1 3283 3284 3331 3330
2991  3 2 1 1 3284 3285 3332 3331
2992  3 2 1 1 3285 3286 3333 3332
2993  3 2 1 1 3286 3287 3334 3333
2994  3 2 1 1 3287 3288 3335 3334
2995  3 2 1 1 3288 3289 3336 3335
2996  3 2 1 1 3289 3290 3337 3336
2997  3 2 1 1 3290 3291 3338 3337
2998  3 2 1 1 3291 3292 3339 3338
2999  3 2 1 1 3292 3293 3340 3339
3000  3 2 1 1 3293 3294 3341 3340
3001  3 2 1 1 3294 3295 3342 3341
3002  3 2 1 1 3295 3296 3343 3342
3003  3 2 1 1 3296 3297 3344 3343
3004  3 2 1 1 3297 3298 3345 3344
3005  3 2 1 1 3298 3299 3346 3345
3006  3 2 1 1 3299 3300 3347 3346
3007  3 2 1 1 3300 3301 3348 3347
3008  3 2 1 1 3301 3302 3349 3348
3009  3 2 1 1 3302 3303 3350 3349
3010  3 2 1 1 3303 3304 3351 3350
3011  3 2 1 1 3304 3305 3352 3351
3012  3 2 1 1 3305 3306 3353 3352
3013  3 2 1 1 3306 3307 3354 3353
3014  3 2 1 1 3307 3308 3355 3354
3015  3 2 1 1 3308 3309 3356 3355
3016  3 2 1 1 3309 3310 3357 3356
3017  3 2 1 1 3310 3311 3358 3357
3018  3 2 1 1 3311 3312 3359 3358
3019  3 2 1 1 3312 3313 3360 3359
3020  3 2 1 1 3313 3314 3361 3360
3021  3 2 1 1 3314 3315 3362 3361
3022  3 2 1 1 3315 3316 3363 3362
3023  3 2 1 1 3316 3317 3364 3363
3024  3 2 1 1 3317  270  271 3364
3025  3 2 1 1  341 3318 3365  340
3026  3 2 1 1 3318 3319 3366 3365
3027  3 2 1 1 3319 3320 3367 3366
3028  3 2 1 1 3320 3321 3368 3367
3029  3 2 1 1 3321 3322 3369 3368
3030  3 2 1 1 3322 3323 3370 3369
3031  3 2 1 1 3323 3324 3371 3370
3032  3 2 1 1 3324 3325 3372 3371
3033  3 2 1 1 3325 3326 3373 3372
3034  3 2 1 1 3326 3327 3374 3373
3035  3 2 1 1 3327 3328 3375 3374
3036  3 2 1 1 3328 3329 3376 3375
3037  3 2 1 1 3329 3330 3377 3376
3038  3 2 1 1 3330 3331 3378 3377
3039  3 2 1 1 3331 3332 3379 3378
3040  3 2 1 1 3332 3333 3380 3379
3041  3 2 1 1 3333 3334 3381 3380
3042  3 2 1 1 3334 3335 3382 3381
3043  3 2 1 1 3335 3336 3383 3382
3044  3 2 1 1 3336 3337 3384 3383
3045  3 2 1 1 3337 3338 3385 3384
3046  3 2 1 1 3338 3339 3386 3385
3047  3 2 1 1 3339 3340 3387 3386
3048  3 2 1 1 3340 3341 3388 3387
3049  3 2 1 1 3341 3342 3389 3388
3050  3 2 1 1 3342 3343 3390 3389
3051  3 2 1 1 3343 3344 3391 3390
3052  3 2 1 1 3344 3345 3392 3391
3053  3 2 1 1 3345 3346 3393 3392
3054  3 2 1 1 3346 3347 3394 3393
3055  3 2 1 1 3347 3348 3395 3394
3056  3 2 1 1 3348 3349 3396 3395
3057  3 2 1 1 3349 3350 3397 3396
3058  3 2 1 1 3350 3351 3398 3397
3059  3 2 1 1 3351 3352 3399 3398
3060  3 2 1 1 3352 3353 3400 3399
3061  3 2 1 1 3353 3354 3401 3400
3062  3 2 1 1 3354 3355 3402 3401
3063  3 2 1 1 3355 3356 3403 3402
3064  3 2 1 1 3356 3357 3404 3403
3065  3 2 1 1 3357 3358 3405 3404
3066  3 2 1 1 3358 3359 3406 3405
3067  3 2 1 1 3359 3360 3407 3406
3068  3 2 1 1 3360 3361 3408 3407
3069  3 2 1 1 3361 3362 3409 3408
3070  3 2 1 1 3362 3363 3410 3409
3071  3 2 1 1 3363 3364 3411 3410
3072  3 2 1 1 3364  271  272 3411
3073  3 2 1 1  340 3365 3412  339
3074  3 2 1 1 3365 3366 3413 3412
3075  3 2 1 1 3366 3367 3414 3413
3076  3 2 1 1 3367 3368 3415 3414
3077  3 2 1 1 3368 3369 3416 3415
3078  3 2 1 1 3369 3370 3417 3416
3079  3 2 1 1 3370 3371 3418 3417
3080  3 2 1 1 3371 3372 3419 3418
3081  3 2 1 1 3372 3373 3420 3419
3082  3 2 1 1 3373 3374 3421 3420
3083  3 2 1 1 3374 3375 3422 3421
3084  3 2 1 1 3375 3376 3423 3422
3085  3 2 1 1 3376 3377 3424 3423
3086  3 2 1 1 3377 3378 3425 3424
3087  3 2 1 1 3378 3379 3426 3425
3088  3 2 1 1 3379 3380 3427 3426
3089  3 2 1 1 3380 3381 3428 3427
3090  3 2 1 1 3381 3382 3429 3428
3091  3 2 1 1 3382 3383 3430 3429
3092  3 2 1 1 3383 3384 3431 3430
3093  3 2 1 1 3384 3385 3432 3431
3094  3 2 1 1 3385 3386 3433 3432
3095  3 2 1 1 3386 3387 3434 3433
3096  3 2 1 1 3387 3388 3435 3434
3097  3 2 1 1 3388 3389 3436 3435
3098  3 2 1 1 3389 3390 3437 3436
3099  3 2 1 1 3390 3391 3438 3437
3100  3 2 1 1 3391 3392 3439 3438
3101  3 2 1 1 3392 3393 3440 3439
3102  3 2 1 1 3393 3394 3441 3440
3103  3 2 1 1 3394 3395 3442 3441
3104  3 2 1 1 3395 3396 3443 3442
3105  3 2 1 1 3396 3397 3444 3443
3106  3 2 1 1 3397 3398 3445 3444
3107  3 2 1 1 3398 3399 3446 3445
3108  3 2 1 1 3399 3400 3447 3446
3109  3 2 1 1 3400 3401 3448 3447
3110  3 2 1 1 3401 3402 3449 3448
3111  3 2 1 1 3402 3403 3450 3449
3112  3 2 1 1 3403 3404 3451 3450
3113  3 2 1 1 3404 3405 3452 3451
3114  3 2 1 1 3405 3406 3453 3452
3115  3 2 1 1 3406 3407 3454 3453
3116  3 2 1 1 3407 3408 3455 3454
3117  3 2 1 1 3408 3409 3456 3455
3118  3 2 1 1 3409 3410 3457 3456
3119  3 2 1 1 3410 3411 3458 3457
3120  3 2 1 1 3411  272  273 3458
3121  3 2 1 1  339 3412 3459  338
3122  3 2 1 1 3412 3413 3460 3459
3123  3 2 1 1 3413 3414 3461 3460
3124  3 2 1 1 3414 3415 3462 3461
3125  3 2 1 1 3415 3416 3463 3462
3126  3 2 1 1 3416 3417 3464 3463
3127  3 2 1 1 3417 3418 3465 3464
3128  3 2 1 1 3418 3419 3466 3465
3129  3 2 1 1 3419 3420 3467 3466
3130  3 2 1 1 3420 3421 3468 3467
3131  3 2 1 1 3421 3422 3469 3468
3132  3 2 1 1 3422 3423 3470 3469
3133  3 2 1 1 3423 3424 3471 3470
3134  3 2 1 1 3424 3425 3472 3471
3135  3 2 1 1 3425 3426 3473 3472
3136  3 2 1 1 3426 3427 3474 3473
3137  3 2 1 1 3427 3428 3475 3474
3138  3 2 1 1 3428 3429 3476 3475
3139  3 2 1 1 3429 3430 3477 3476
3140  3 2 1 1 3430 3431 3478 3477
3141  3 2 1 1 3431 3432 3479 3478
3142  3 2 1 1 3432 3433 3480 3479
3143  3 2 1 1 3433 3434 3481 3480
3144  3 2 1 1 3434 3435 3482 3481
3145  3 2 1 1 3435 3436 3483 3482
3146  3 2 1 1 3436 3437 3484 3483
3147  3 2 1 1 3437 3438 3485 3484
3148  3 2 1 1 3438 3439 3486 3485
3149  3 2 1 1 3439 3440 3487 3486
3150  3 2 1 1 3440 3441 3488 3487
3151  3 2 1 1 3441 3442 3489 3488
3152  3 2 1 1 3442 3443 3490 3489
3153  3 2 1 1 3443 3444 3491 3490
3154  3 2 1 1 3444 3445 3492 3491
3155  3 2 1 1 3445 3446 3493 3492
3156  3 2 1 1 3446 3447 3494 3493
3157  3 2 1 1 3447 3448 3495 3494
3158  3 2 1 1 3448 3449 3496 3495
3159  3 2 1 1 3449 3450 3497 3496
3160  3 2 1 1 3450 3451 3498 3497
3161  3 2 1 1 3451 3452 3499 3498
3162  3 2 1 1 3452 3453 3500 3499
3163  3 2 1 1 3453 3454 3501 3500
3164  3 2 1 1 3454 3455 3502 3501
3165  3 2 1 1 3455 3456 3503 3502
3166  3 2 1 1 3456 3457 3504 3503
3167  3 2 1 1 3457 3458 3505 3504
3168  3 2 1 1 3458  273  274 3505
3169  3 2 1 1  338 3459 3506  337
3170  3 2 1 1 3459 3460 3507 3506
3171  3 2 1 1 3460 3461 3508 3507
3172  3 2 1 1 3461 3462 3509 3508
3173  3 2 1 1 3462 3463 3510 3509
3174  3 2 1 1 3463 3464 3511 3510
3175  3 2 1 1 3464 3465 3512 3511
3176  3 2 1 1 3465 3466 3513 3512
3177  3 2 1 1 3466 3467 3514 3513
3178  3 2 1 1 3467 3468 3515 3514
3179  3 2 1 1 3468 3469 3516 3515
3180  3 2 1 1 3469 3470 3517 3516
3181  3 2 1 1 3470 3471 3518 3517
3182  3 2 1 1 3471 3472 3519 3518
3183  3 2 1 1 3472 3473 3520 3519
3184  3 2 1 1 3473 3474 3521 3520
3185  3 2 1 1 3474 3475 3522 3521
3186  3 2 1 1 3475 3476 3523 3522
3187  3 2 1 1 3476 3477 3524 3523
3188  3 2 1 1 3477 3478 3525 3524
3189  3 2 1 1 3478 3479 3526 3525
3190  3 2 1 1 3479 3480 3527 3526
3191  3 2 1 1 3480 3481 3528 3527
3192  3 2 1 1 3481 3482 3529 3528
3193  3 2 1 1 3482 3483 3530 3529
3194  3 2 1 1 3483 3484 3531 3530
3195  3 2 1 1 3484 3485 3532 3531
3196  3 2 1 1 3485 3486 3533 3532
3197  3 2 1 1 3486 3487 3534 3533
3198  3 2 1 1 3487 3488 3535 3534
3199  3 2 1 1 3488 3489 3536 3535
3200  3 2 1 1 3489 3490 3537 3536
3201  3 2 1 1 3490 3491 3538 3537
3202  3 2 1 1 3491 3492 3539 3538
3203  3 2 1 1 3492 3493 3540 3539
3204  3 2 1 1 3493 3494 3541 3540
3205  3 2 1 1 3494 3495 3542 3541
3206  3 2 1 1 3495 3496 3543 3542
3207  3 2 1 1 3496 3497 3544 3543
3208  3 2 1 1 3497 3498 3545 3544
3209  3 2 1 1 3498 3499 3546 3545
3210  3 2 1 1 3499 3500 3547 3546
3211  3 2 1 1 3500 3501 3548 3547
3212  3 2 1 1 3501 3502 3549 3548
3213  3 2 1 1 3502 3503 3550 3549
3214  3 2 1 1 3503 3504 3551 3550
3215  3 2 1 1 3504 3505 3552 3551
3216  3 2 1 1 3505  274  275 3552
3217  3 2 1 1  337 3506 3553  336
3218  3 2 1 1 3506 3507 3554 3553
3219  3 2 1 1 3507 3508 3555 3554
3220  3 2 1 1 3508 3509 3556 3555
3221  3 2 1 1 3509 3510 3557 3556
3222  3 2 1 1 3510 3511 3558 3557
3223  3 2 1 1 3511 3512 3559 3558
3224  3 2 1 1 3512 3513 3560 3559
3225  3 2 1 1 3513 3514 3561 3560
3226  3 2 1 1 3514 3515 3562 3561
3227  3 2 1 1 3515 3516 3563 3562
3228  3 2 1 1 3516 3517 3564 3563
3229  3 2 1 1 3517 3518 3565 3564
3230  3 2 1 1 3518 3519 3566 3565
3231  3 2 1 1 3519 3520 3567 3566
3232  3 2 1 1 3520 3521 3568 3567
3233  3 2 1 1 3521 3522 3569 3568
3234  3 2 1 1 3522 3523 3570 3569
3235  3 2 1 1 3523 3524 3571 3570
3236  3 2 1 1 3524 3525 3572 3571
3237  3 2 1 1 3525 3526 3573 3572
3238  3 2 1 1 3526 3527 3574 3573
3239  3 2 1 1 3527 3528 3575 3574
3240  3 2 1 1 3528 3529 3576 3575
3241  3 2 1 1 3529 3530 3577 3576
3242  3 2 1 1 3530 3531 3578 3577
3243  3 2 1 1 3531 3532 3579 3578
3244  3 2 1 1 3532 3533 3580 3579
3245  3 2 1 1 3533 3534 3581 3580
3246  3 2 1 1 3534 3535 3582 3581
3247  3 2 1 1 3535 3536 3583 3582
3248  3 2 1 1 3536 3537 3584 3583
3249  3 2 1 1 3537 3538 3585 3584
3250  3 2 1 1 3538 3539 3586 3585
3251  3 2 1 1 3539 3540 3587 3586
3252  3 2 1 1 3540 3541 3588 3587
3253  3 2 1 1 3541 3542 3589 3588
3254  3 2 1 1 3542 3543 3590 3589
3255  3 2 1 1 3543 3544 3591 3590
3256  3 2 1 1 3544 3545 3592 3591
3257  3 2 1 1 3545 3546 3593 3592
3258  3 2 1 1 3546 3547 3594 3593
3259  3 2 1 1 3547 3548 3595 3594
3260  3 2 1 1 3548 3549 3596 3595
3261  3 2 1 1 3549 3550 3597 3596
3262  3 2 1 1 3550 3551 3598 3597
3263  3 2 1 1 3551 3552 3599 3598
3264  3 2 1 1 3552  275  276 3599
3265  3 2 1 1  336 3553 3600  335
3266  3 2 1 1 3553 3554 3601 3600
3267  3 2 1 1 3554 3555 3602 3601
3268  3 2 1 1 3555 3556 3603 3602
3269  3 2 1 1 3556 3557 3604 3603
3270  3 2 1 1 3557 3558 3605 3604
3271  3 2 1 1 3558 3559 3606 3605
3272  3 2 1 1 3559 3560 3607 3606
3273  3 2 1 1 3560 3561 3608 3607
3274  3 2 1 1 3561 3562 3609 3608
3275  3 2 1 1 3562 3563 3610 3609
3276  3 2 1 1 3563 3564 3611 3610
3277  3 2 1 1 3564 3565 3612 3611
3278  3 2 1 1 3565 3566 3613 3612
3279  3 2 1 1 3566 3567 3614 3613
3280  3 2 1 1 3567 3568 3615 3614
3281  3 2 1 1 3568 3569 3616 3615
3282  3 2 1 1 3569 3570 3617 3616
3283  3 2 1 1 3570 3571 3618 3617
3284  3 2 1 1 3571 3572 3619 3618
3285  3 2 1 1 3572 3573 3620 3619
3286  3 2 1 1 3573 3574 3621 3620
3287  3 2 1 1 3574 3575 3622 3621
3288  3 2 1 1 3575 3576 3623 3622
3289  3 2 1 1 3576 3577 3624 3623
3290  3 2 1 1 3577 3578 3625 3624
3291  3 2 1 1 3578 3579 3626 3625
3292  3 2 1 1 3579 3580 3627 3626
3293  3 2 1 1 3580 3581 3628 3627
3294  3 2 1 1 3581 3582 3629 3628
3295  3 2 1 1 3582 3583 3630 3629
3296  3 2 1 1 3583 3584 3631 3630
3297  3 2 1 1 3584 3585 3632 3631
3298  3 2 1 1 3585 3586 3633 3632
3299  3 2 1 1 3586 3587 3634 3633
3300  3 2 1 1 3587 3588 3635 3634
3301  3 2 1 1 3588 3589 3636 3635
3302  3 2 1 1 3589 3590 3637 3636
3303  3 2 1 1 3590 3591 3638 3637
3304  3 2 1 1 3591 3592 3639 3638
3305  3 2 1 1 3592 3593 3640 3639
3306  3 2 1 1 3593 3594 3641 3640
3307  3 2 1 1 3594 3595 3642 3641
3308  3 2 1 1 3595 3596 3643 3642
3309  3 2 1 1 3596 3597 3644 3643
3310  3 2 1 1 3597 3598 3645 3644
3311  3 2 1 1 3598 3599 3646 3645
3312  3 2 1 1 3599  276  277 3646
3313  3 2 1 1  335 3600 3647  334
3314  3 2 1 1 3600 3601 3648 3647
3315  3 2 1 1 3601 3602 3649 3648
3316  3 2 1 1 3602 3603 3650 3649
3317  3 2 1 1 3603 3604 3651 3650
3318  3 2 1 1 3604 3605 3652 3651
3319  3 2 1 1 3605 3606 3653 3652
3320  3 2 1 1 3606 3607 3654 3653
3321  3 2 1 1 3607 3608 3655 3654
3322  3 2 1 1 3608 3609 3656 3655
3323  3 2 1 1 3609 3610 3657 3656
3324  3 2 1 1 3610 3611 3658 3657
3325  3 2 1 1 3611 3612 3659 3658
3326  3 2 1 1 3612 3613 3660 3659
3327  3 2 1 1 3613 3614 3661 3660
3328  3 2 1 1 3614 3615 3662 3661
3329  3 2 1 1 3615 3616 3663 3662
3330  3 2 1 1 3616 3617 3664 3663
3331  3 2 1 1 3617 3618 3665 3664
3332  3 2 1 1 3618 3619 3666 3665
3333  3 2 1 1 3619 3620 3667 3666
3334  3 2 1 1 3620 3621 3668 3667
3335  3 2 1 1 3621 3622 3669 3668
3336  3 2 1 1 3622 3623 3670 3669
3337  3 2 1 1 3623 3624 3671 3670
3338  3 2 1 1 3624 3625 3672 3671
3339  3 2 1 1 3625 3626 3673 3672
3340  3 2 1 1 3626 3627 3674 3673
3341  3 2 1 1 3627 3628 3675 3674
3342  3 2 1 1 3628 3629 3676 3675
3343  3 2 1 1 3629 3630 3677 3676
3344  3 2 1 1 3630 3631 3678 3677
3345  3 2 1 1 3631 3632 3679 3678
3346  3 2 1 1 3632 3633 3680 3679
3347  3 2 1 1 3633 3634 3681 3680
3348  3 2 1 1 3634 3635 3682 3681
3349  3 2 1 1 3635 3636 3683 3682
3350  3 2 1 1 3636 3637 3684 3683
3351  3 2 1 1 3637 3638 3685 3684
3352  3 2 1 1 3638 3639 3686 3685
3353  3 2 1 1 3639 3640 3687 3686
3354  3 2 1 1 3640 3641 3688 3687
3355  3 2 1 1 3641 3642 3689 3688
3356  3 2 1 1 3642 3643 3690 3689
3357  3 2 1 1 3643 3644 3691 3690
3358  3 2 1 1 3644 3645 3692 3691
3359  3 2 1 1 3645 3646 3693 3692
3360  3 2 1 1 3646  277  278 3693
3361  3 2 1 1  334 3647 3694  333
3362  3 2 1 1 3647 3648 3695 3694
3363  3 2 1 1 3648 3649 3696 3695
3364  3 2 1 1 3649 3650 3697 3696
3365  3 2 1 1 3650 3651 3698 3697
3366  3 2 1 1 3651 3652 3699 3698
3367  3 2 1 1 3652 3653 3700 3699
3368  3 2 1 1 3653 3654 3701 3700
3369  3 2 1 1 3654 3655 3702 3701
3370  3 2 1 1 3655 3656 3703 3702
3371  3 2 1 1 3656 3657 3704 3703
3372  3 2 1 1 3657 3658 3705 3704
3373  3 2 1 1 3658 3659 3706 3705
3374  3 2 1 1 3659 3660 3707 3706
3375  3 2 1 1 3660 3661 3708 3707
3376  3 2 1 1 3661 3662 3709 3708
3377  3 2 1 1 3662 3663 3710 3709
3378  3 2 1 1 3663 3664 3711 3710
3379  3 2 1 1 3664 3665 3712 3711
3380  3 2 1 1 3665 3666 3713 3712
3381  3 2 1 1 3666 3667 3714 3713
3382  3 2 1 1 3667 3668 3715 3714
3383  3 2 1 1 3668 3669 3716 3715
3384  3 2 1 1 3669 3670 3717 3716
3385  3 2 1 1 3670 3671 3718 3717
3386  3 2 1 1 3671 3672 3719 3718
3387  3 2 1 1 3672 3673 3720 3719
3388  3 2 1 1 3673 3674 3721 3720
3389  3 2 1 1 3674 3675 3722 3721
3390  3 2 1 1 3675 3676 3723 3722
3391  3 2 1 1 3676 3677 3724 3723
3392  3 2 1 1 3677 3678 3725 3724
3393  3 2 1 1 3678 3679 3726 3725
3394  3 2 1 1 3679 3680 3727 3726
3395  3 2 1 1 3680 3681 3728 3727
3396  3 2 1 1 3681 3682 3729 3728
3397  3 2 1 1 3682 3683 3730 3729
3398  3 2 1 1 3683 3684 3731 3730
3399  3 2 1 1 3684 3685 3732 3731
3400  3 2 1 1 3685 3686 3733 3732
3401  3 2 1 1 3686 3687 3734 3733
3402  3 2 1 1 3687 3688 3735 3734
3403  3 2 1 1 3688 3689 3736 3735
3404  3 2 1 1 3689 3690 3737 3736
3405  3 2 1 1 3690 3691 3738 3737
3406  3 2 1 1 3691 3692 3739 3738
3407  3 2 1 1 3692 3693 3740 3739
3408  3 2 1 1 3693  278  279 3740
3409  3 2 1 1  333 3694 3741  332
3410  3 2 1 1 3694 3695 3742 3741
3411  3 2 1 1 3695 3696 3743 3742
3412  3 2 1 1 3696 3697 3744 3743
3413  3 2 1 1 3697 3698 3745 3744
3414  3 2 1 1 3698 3699 3746 3745
3415  3 2 1 1 3699 3700 3747 3746
3416  3 2 1 1 3700 3701 3748 3747
3417  3 2 1 1 3701 3702 3749 3748
3418  3 2 1 1 3702 3703 3750 3749
3419  3 2 1 1 3703 3704 3751 3750
3420  3 2 1 1 3704 3705 3752 3751
3421  3 2 1 1 3705 3706 3753 3752
3422  3 2 1 1 3706 3707 3754 3753
3423  3 2 1 1 3707 3708 3755 3754
3424  3 2 1 1 3708 3709 3756 3755
3425  3 2 1 1 3709 3710 3757 3756
3426  3 2 1 1 3710 3711 3758 3757
3427  3 2 1 1 3711 3712 3759 3758
3428  3 2 1 1 3712 3713 3760 3759
3429  3 2 1 1 3713 3714 3761 3760
3430  3 2 1 1 3714 3715 3762 3761
3431  3 2 1 1 3715 3716 3763 3762
3432  3 2 1 1 3716 3717 3764 3763
3433  3 2 1 1 3717 3718 3765 3764
3434  3 2 1 1 3718 3719 3766 3765
3435  3 2 1 1 3719 3720 3767 3766
3436  3 2 1 1 3720 3721 3768 3767
3437  3 2 1 1 3721 3722 3769 3768
3438  3 2 1 1 3722 3723 3770 3769
3439  3 2 1 1 3723 3724 3771 3770
3440  3 2 1 1 3724 3725 3772 3771
3441  3 2 1 1 3725 3726 3773 3772
3442  3 2 1 1 3726 3727 3774 3773
3443  3 2 1 1 3727 3728 3775 3774
3444  3 2 1 1 3728 3729 3776 3775
3445  3 2 1 1 3729 3730 3777 3776
3446  3 2 1 1 3730 3731 3778 3777
3447  3 2 1 1 3731 3732 3779 3778
3448  3 2 1 1 3732 3733 3780 3779
3449  3 2 1 1 3733 3734 3781 3780
3450  3 2 1 1 3734 3735 3782 3781
3451  3 2 1 1 3735 3736 3783 3782
3452  3 2 1 1 3736 3737 3784 3783
3453  3 2 1 1 3737 3738 3785 3784
3454  3 2 1 1 3738 3739 3786 3785
3455  3 2 1 1 3739 3740 3787 3786
3456  3 2 1 1 3740  279  280 3787
3457  3 2 1 1  332 3741 3788  331
3458  3 2 1 1 3741 3742 3789 3788
3459  3 2 1 1 3742 3743 3790 3789
3460  3 2 1 1 3743 3744 3791 3790
3461  3 2 1 1 3744 3745 3792 3791
3462  3 2 1 1 3745 3746 3793 3792
3463  3 2 1 1 3746 3747 3794 3793
3464  3 2 1 1 3747 3748 3795 3794
3465  3 2 1 1 3748 3749 3796 3795
3466  3 2 1 1 3749 3750 3797 3796
3467  3 2 1 1 3750 3751 3798 3797
3468  3 2 1 1 3751 3752 3799 3798
3469  3 2 1 1 3752 3753 3800 3799
3470  3 2 1 1 3753 3754 3801 3800
3471  3 2 1 1 3754 3755 3802 3801
3472  3 2 1 1 3755 3756 3803 3802
3473  3 2 1 1 3756 3757 3804 3803
3474  3 2 1 1 3757 3758 3805 3804
3475  3 2 1 1 3758 3759 3806 3805
3476  3 2 1 1 3759 3760 3807 3806
3477  3 2 1 1 3760 3761 3808 3807
3478  3 2 1 1 3761 3762 3809 3808
3479  3 2 1 1 3762 3763 3810 3809
3480  3 2 1 1 3763 3764 3811 3810
3481  3 2 1 1 3764 3765 3812 3811
3482  3 2 1 1 3765 3766 3813 3812
3483  3 2 1 1 3766 3767 3814 3813
3484  3 2 1 1 3767 3768 3815 3814
3485  3 2 1 1 3768 3769 3816 3815
3486  3 2 1 1 3769 3770 3817 3816
3487  3 2 1 1 3770 3771 3818 3817
3488  3 2 1 1 3771 3772 3819 3818
3489  3 2 1 1 3772 3773 3820 3819
3490  3 2 1 1 3773 3774 3821 3820
3491  3 2 1 1 3774 3775 3822 3821
3492  3 2 1 1 3775 3776 3823 3822
3493  3 2 1 1 3776 3777 3824 3823
3494  3 2 1 1 3777 3778 3825 3824
3495  3 2 1 1 3778 3779 3826 3825
3496  3 2 1 1 3779 3780 3827 3826
3497  3 2 1 1 3780 3781 3828 3827
3498  3 2 1 1 3781 3782 3829 3828
3499  3 2 1 1 3782 3783 3830 3829
3500  3 2 1 1 3783 3784 3831 3830
3501  3 2 1 1 3784 3785 3832 3831
3502  3 2 1 1 3785 3786 3833 3832
3503  3 2 1 1 3786 3787 3834 3833
3504  3 2 1 1 3787  280  281 3834
3505  3 2 1 1  331 3788 3835  330
3506  3 2 1 1 3788 3789 3836 3835
3507  3 2 1 1 3789 3790 3837 3836
3508  3 2 1 1 3790 3791 3838 3837
3509  3 2 1 1 3791 3792 3839 3838
3510  3 2 1 1 3792 3793 3840 3839
3511  3 2 1 1 3793 3794 3841 3840
3512  3 2 1 1 3794 3795 3842 3841
3513  3 2 1 1 3795 3796 3843 3842
3514  3 2 1 1 3796 3797 3844 3843
3515  3 2 1 1 3797 3798 3845 3844
3516  3 2 1 1 3798 3799 3846 3845
3517  3 2 1 1 3799 3800 3847 3846
3518  3 2 1 1 3800 3801 3848 3847
3519  3 2 1 1 3801 3802 3849 3848
3520  3 2 1 1 3802 3803 3850 3849
3521  3 2 1 1 3803 3804 3851 3850
3522  3 2 1 1 3804 3805 3852 3851
3523  3 2 1 1 3805 3806 3853 3852
3524  3 2 1 1 3806 3807 3854 3853
3525  3 2 1 1 3807 3808 3855 3854
3526  3 2 1 1 3808 3809 3856 3855
3527  3 2 1 1 3809 3810 3857 3856
3528  3 2 1 1 3810 3811 3858 3857
3529  3 2 1 1 3811 3812 3859 3858
3530  3 2 1 1 3812 3813 3860 3859
3531  3 2 1 1 3813 3814 3861 3860
3532  3 2 1 1 3814 3815 3862 3861
3533  3 2 1 1 3815 3816 3863 3862
3534  3 2 1 1 3816 3817 3864 3863
3535  3 2 1 1 3817 3818 3865 3864
3536  3 2 1 1 3818 3819 3866 3865
3537  3 2 1 1 3819 3820 3867 3866
3538  3 2 1 1 3820 3821 3868 3867
3539  3 2 1 1 3821 3822 3869 3868
3540  3 2 1 1 3822 3823 3870 3869
3541  3 2 1 1 3823 3824 3871 3870
3542  3 2 1 1 3824 3825 3872 3871
3543  3 2 1 1 3825 3826 3873 3872
3544  3 2 1 1 3826 3827 3874 3873
3545  3 2 1 1 3827 3828 3875 3874
3546  3 2 1 1 3828 3829 3876 3875
3547  3 2 1 1 3829 3830 3877 3876
3548  3 2 1 1 3830 3831 3878 3877
3549  3 2 1 1 3831 3832 3879 3878
3550  3 2 1 1 3832 3833 3880 3879
3551  3 2 1 1 3833 3834 3881 3880
3552  3 2 1 1 3834  281  282 3881
3553  3 2 1 1  330 3835 3882  329
3554  3 2 1 1 3835 3836 3883 3882
3555  3 2 1 1 3836 3837 3884 3883
3556  3 2 1 1 3837 3838 3885 3884
3557  3 2 1 1 3838 3839 3886 3885
3558  3 2 1 1 3839 3840 3887 3886
3559  3 2 1 1 3840 3841 3888 3887
3560  3 2 1 1 3841 3842 3889 3888
3561  3 2 1 1 3842 3843 3890 3889
3562  3 2 1 1 3843 3844 3891 3890
3563  3 2 1 1 3844 3845 3892 3891
3564  3 2 1 1 3845 3846 3893 3892
3565  3 2 1 1 3846 3847 3894 3893
3566  3 2 1 1 3847 3848 3895 3894
3567  3 2 1 1 3848 3849 3896 3895
3568  3 2 1 1 3849 3850 3897 3896
3569  3 2 1 1 3850 3851 3898 3897
3570  3 2 1 1 3851 3852 3899 3898
3571  3 2 1 1 3852 3853 3900 3899
3572  3 2 1 1 3853 3854 3901 3900
3573  3 2 1 1 3854 3855 3902 3901
3574  3 2 1 1 3855 3856 3903 3902
3575  3 2 1 1 3856 3857 3904 3903
3576  3 2 1 1 3857 3858 3905 3904
3577  3 2 1 1 3858 3859 3906 3905
3578  3 2 1 1 3859 3860 3907 3906
3579  3 2 1 1 3860 3861 3908 3907
3580  3 2 1 1 3861 3862 3909 3908
3581  3 2 1 1 3862 3863 3910 3909
3582  3 2 1 1 3863 3864 3911 3910
3583  3 2 1 1 3864 3865 3912 3911
3584  3 2 1 1 3865 3866 3913 3912
3585  3 2 1 1 3866 3867 3914 3913
3586  3 2 1 1 3867 3868 3915 3914
3587  3 2 1 1 3868 3869 3916 3915
3588  3 2 1 1 3869 3870 3917 3916
3589  3 2 1 1 3870 3871 3918 3917
3590  3 2 1 1 3871 3872 3919 3918
3591  3 2 1 1 3872 3873 3920 3919
3592  3 2 1 1 3873 3874 3921 3920
3593  3 2 1 1 3874 3875 3922 3921
3594  3 2 1 1 3875 3876 3923 3922
3595  3 2 1 1 3876 3877 3924 3923
3596  3 2 1 1 3877 3878 3925 3924
3597  3 2 1 1 3878 3879 3926 3925
3598  3 2 1 1 3879 3880 3927 3926
3599  3 2 1 1 3880 3881 3928 3927
3600  3 2 1 1 3881  282  283 3928
3601  3 2 1 1  329 3882 3929  328
3602  3 2 1 1 3882 3883 3930 3929
3603  3 2 1 1 3883 3884 3931 3930
3604  3 2 1 1 3884 3885 3932 3931
3605  3 2 1 1 3885 3886 3933 3932
3606  3 2 1 1 3886 3887 3934 3933
3607  3 2 1 1 3887 3888 3935 3934
3608  3 2 1 1 3888 3889 3936 3935
3609  3 2 1 1 3889 3890 3937 3936
3610  3 2 1 1 3890 3891 3938 3937
3611  3 2 1 1 3891 3892 3939 3938
3612  3 2 1 1 3892 3893 3940 3939
3613  3 2 1 1 3893 3894 3941 3940
3614  3 2 1 1 3894 3895 3942 3941
3615  3 2 1 1 3895 3896 3943 3942
3616  3 2 1 1 3896 3897 3944 3943
3617  3 2 1 1 3897 3898 3945 3944
3618  3 2 1 1 3898 3899 3946 3945
3619  3 2 1 1 3899 3900 3947 3946
3620  3 2 1 1 3900 3901 3948 3947
3621  3 2 1 1 3901 3902 3949 3948
3622  3 2 1 1 3902 3903 3950 3949
3623  3 2 1 1 3903 3904 3951 3950
3624  3 2 1 1 3904 3905 3952 3951
3625  3 2 1 1 3905 3906 3953 3952
3626  3 2 1 1 3906 3907 3954 3953
3627  3 2 1 1 3907 3908 3955 3954
3628  3 2 1 1 3908 3909 3956 3955
3629  3 2 1 1 3909 3910 3957 3956
3630  3 2 1 1 3910 3911 3958 3957
3631  3 2 1 1 3911 3912 3959 3958
3632  3 2 1 1 3912 3913 3960 3959
3633  3 2 1 1 3913 3914 3961 3960
3634  3 2 1 1 3914 3915 3962 3961
3635  3 2 1 1 3915 3916 3963 3962
3636  3 2 1 1 3916 3917 3964 3963
3637  3 2 1 1 3917 3918 3965 3964
3638  3 2 1 1 3918 3919 3966 3965
3639  3 2 1 1 3919 3920 3967 3966
3640  3 2 1 1 3920 3921 3968 3967
3641  3 2 1 1 3921 3922 3969 3968
3642  3 2 1 1 3922 3923 3970 3969
3643  3 2 1 1 3923 3924 3971 3970
3644  3 2 1 1 3924 3925 3972 3971
3645  3 2 1 1 3925 3926 3973 3972
3646  3 2 1 1 3926 3927 3974 3973
3647  3 2 1 1 3927 3928 3975 3974
3648  3 2 1 1 3928  283  284 3975
3649  3 2 1 1  328 3929 3976  327
3650  3 2 1 1 3929 3930 3977 3976
3651  3 2 1 1 3930 3931 3978 3977
3652  3 2 1 1 3931 3932 3979 3978
3653  3 2 1 1 3932 3933 3980 3979
3654  3 2 1 1 3933 3934 3981 3980
3655  3 2 1 1 3934 3935 3982 3981
3656  3 2 1 1 3935 3936 3983 3982
3657  3 2 1 1 3936 3937 3984 3983
3658  3 2 1 1 3937 3938 3985 3984
3659  3 2 1 1 3938 3939 3986 3985
3660  3 2 1 1 3939 3940 3987 3986
3661  3 2 1 1 3940 3941 3988 3987
3662  3 2 1 1 3941 3942 3989 3988
3663  3 2 1 1 3942 3943 3990 3989
3664  3 2 1 1 3943 3944 3991 3990
3665  3 2 1 1 3944 3945 3992 3991
3666  3 2 1 1 3945 3946 3993 3992
3667  3 2 1 1 3946 3947 3994 3993
3668  3 2 1 1 3947 3948 3995 3994
3669  3 2 1 1 3948 3949 3996 3995
3670  3 2 1 1 3949 3950 3997 3996
3671  3 2 1 1 3950 3951 3998 3997
3672  3 2 1 1 3951 3952 3999 3998
3673  3 2 1 1 3952 3953 4000 3999
3674  3 2 1 1 3953 3954 4001 4000
3675  3 2 1 1 3954 3955 4002 4001
3676  3 2 1 1 3955 3956 4003 4002
3677  3 2 1 1 3956 3957 4004 4003
3678  3 2 1 1 3957 3958 4005 4004
3679  3 2 1 1 3958 3959 4006 4005
3680  3 2 1 1 3959 3960 4007 4006
3681  3 2 1 1 3960 3961 4008 4007
3682  3 2 1 1 3961 3962 4009 4008
3683  3 2 1 1 3962 3963 4010 4009
3684  3 2 1 1 3963 3964 4011 4010
3685  3 2 1 1 3964 3965 4012 4011
3686  3 2 1 1 3965 3966 4013 4012
3687  3 2 1 1 3966 3967 4014 4013
3688  3 2 1 1 3967 3968 4015 4014
3689  3 2 1 1 3968 3969 4016 4015
3690  3 2 1 1 3969 3970 4017 4016
3691  3 2 1 1 3970 3971 4018 4017
3692  3 2 1 1 3971 3972 4019 4018
3693  3 2 1 1 3972 3973 4020 4019
3694  3 2 1 1 3973 3974 4021 4020
3695  3 2 1 1 3974 3975 4022 4021
3696  3 2 1 1 3975  284  285 4022
3697  3 2 1 1  327 3976 4023  326
3698  3 2 1 1 3976 3977 4024 4023
3699  3 2 1 1 3977 3978 4025 4024
3700  3 2 1 1 3978 3979 4026 4025
3701  3 2 1 1 3979 3980 4027 4026
3702  3 2 1 1 3980 3981 4028 4027
3703  3 2 1 1 3981 3982 4029 4028
3704  3 2 1 1 3982 3983 4030 4029
3705  3 2 1 1 3983 3984 4031 4030
3706  3 2 1 1 3984 3985 4032 4031
3707  3 2 1 1 3985 3986 4033 4032
3708  3 2 1 1 3986 3987 4034 4033
3709  3 2 1 1 3987 3988 4035 4034
3710  3 2 1 1 3988 3989 4036 4035
3711  3 2 1 1 3989 3990 4037 4036
3712  3 2 1 1 3990 3991 4038 4037
3713  3 2 1 1 3991 3992 4039 4038
3714  3 2 1 1 3992 3993 4040 4039
3715  3 2 1 1 3993 3994 4041 4040
3716  3 2 1 1 3994 3995 4042 4041
3717  3 2 1 1 3995 3996 4043 4042
3718  3 2 1 1 3996 3997 4044 4043
3719  3 2 1 1 3997 3998 4045 4044
3720  3 2 1 1 3998 3999 4046 4045
3721  3 2 1 1 3999 4000 4047 4046
3722  3 2 1 1 4000 4001 4048 4047
3723  3 2 1 1 4001 4002 4049 4048
3724  3 2 1 1 4002 4003 4050 4049
3725  3 2 1 1 4003 4004 4051 4050
3726  3 2 1 1 4004 4005 4052 4051
3727  3 2 1 1 4005 4006 4053 4052
3728  3 2 1 1 4006 4007 4054 4053
3729  3 2 1 1 4007 4008 4055 4054
3730  3 2 1 1 4008 4009 4056 4055
3731  3 2 1 1 4009 4010 4057 4056
3732  3 2 1 1 4010 4011 4058 4057
3733  3 2 1 1 4011 4012 4059 4058
3734  3 2 1 1 4012 4013 4060 4059
3735  3 2 1 1 4013 4014 4061 4060
3736  3 2 1 1 4014 4015 4062 4061
3737  3 2 1 1 4015 4016 4063 4062
3738  3 2 1 1 4016 4017 4064 4063
3739  3 2 1 1 4017 4018 4065 4064
3740  3 2 1 1 4018 4019 4066 4065
3741  3 2 1 1 4019 4020 4067 4066
3742  3 2 1 1 4020 4021 4068 4067
3743  3 2 1 1 4021 4022 4069 4068
3744  3 2 1 1 4022  285  286 4069
3745  3 2 1 1  326 4023 4070  325
3746  3 2 1 1 4023 4024 4071 4070
3747  3 2 1 1 4024 4025 4072 4071
3748  3 2 1 1 4025 4026 4073 4072
3749  3 2 1 1 4026 4027 4074 4073
3750  3 2 1 1 4027 4028 4075 4074
3751  3 2 1 1 4028 4029 4076 4075
3752  3 2 1 1 4029 4030 4077 4076
3753  3 2 1 1 4030 4031 4078 4077
3754  3 2 1 1 4031 4032 4079 4078
3755  3 2 1 1 4032 4033 4080 4079
3756  3 2 1 1 4033 4034 4081 4080
3757  3 2 1 1 4034 4035 4082 4081
3758  3 2 1 1 4035 4036 4083 4082
3759  3 2 1 1 4036 4037 4084 4083
3760  3 2 1 1 4037 4038 4085 4084
3761  3 2 1 1 4038 4039 4086 4085
3762  3 2 1 1 4039 4040 4087 4086
3763  3 2 1 1 4040 4041 4088 4087
3764  3 2 1 1 4041 4042 4089 4088
3765  3 2 1 1 4042 4043 4090 4089
3766  3 2 1 1 4043 4044 4091 4090
3767  3 2 1 1 4044 4045 4092 4091
3768  3 2 1 1 4045 4046 4093 4092
3769  3 2 1 1 4046 4047 4094 4093
3770  3 2 1 1 4047 4048 4095 4094
3771  3 2 1 1 4048 4049 4096 4095
3772  3 2 1 1 4049 4050 4097 4096
3773  3 2 1 1 4050 4051 4098 4097
3774  3 2 1 1 4051 4052 4099 4098
3775  3 2 1 1 4052 4053 4100 4099
3776  3 2 1 1 4053 4054 4101 4100
3777  3 2 1 1 4054 4055 4102 4101
3778  3 2 1 1 4055 4056 4103 4102
3779  3 2 1 1 4056 4057 4104 4103
3780  3 2 1 1 4057 4058 4105 4104
3781  3 2 1 1 4058 4059 4106 4105
3782  3 2 1 1 4059 4060 4107 4106
3783  3 2 1 1 4060 4061 4108 4107
3784  3 2 1 1 4061 4062 4109 4108
3785  3 2 1 1 4062 4063 4110 4109
3786  3 2 1 1 4063 4064 4111 4110
3787  3 2 1 1 4064 4065 4112 4111
3788  3 2 1 1 4065 4066 4113 4112
3789  3 2 1 1 4066 4067 4114 4113
3790  3 2 1 1 4067 4068 4115 4114
3791  3 2 1 1 4068 4069 4116 4115
3792  3 2 1 1 4069  286  287 4116
3793  3 2 1 1  325 4070  152    1
3794  3 2 1 1 4070 4071  151  152
3795  3 2 1 1 4071 4072  150  151
3796  3 2 1 1 4072 4073  149  150
3797  3 2 1 1 4073 4074  148  149
3798  3 2 1 1 4074 4075  147  148
3799  3 2 1 1 4075 4076  146  147
3800  3 2 1 1 4076 4077  145  146
3801  3 2 1 1 4077 4078  144  145
3802  3 2 1 1 4078 4079  143  144
3803  3 2 1 1 4079 4080  142  143
3804  3 2 1 1 4080 4081  141  142
3805  3 2 1 1 4081 4082  140  141
3806  3 2 1 1 4082 4083  139  140
3807  3 2 1 1 4083 4084  138  139
3808  3 2 1 1 4084 4085  137  138
3809  3 2 1 1 4085 4086  136  137
3810  3 2 1 1 4086 4087  135  136
3811  3 2 1 1 4087 4088  134  135
3812  3 2 1 1 4088 4089  133  134
3813  3 2 1 1 4089 4090  132  133
3814  3 2 1 1 4090 4091  131  132
3815  3 2 1 1 4091 4092  130  131
3816  3 2 1 1 4092 4093  129  130
3817  3 2 1 1 4093 4094  128  129
3818  3 2 1 1 4094 4095  127  128
3819  3 2 1 1 4095 4096  126  127
3820  3 2 1 1 4096 4097  125  126
3821  3 2 1 1 4097 4098  124  125
3822  3 2 1 1 4098 4099  123  124
3823  3 2 1 1 4099 4100  122  123
3824  3 2 1 1 4100 4101  121  122
3825  3 2 1 1 4101 4102  120  121
3826  3 2 1 1 4102 4103  119  120
3827  3 2 1 1 4103 4104  118  119
3828  3 2 1 1 4104 4105  117  118
3829  3 2 1 1 4105 4106  116  117
3830  3 2 1 1 4106 4107  115  116
3831  3 2 1 1 4107 4108  114  115
3832  3 2 1 1 4108 4109  113  114
3833  3 2 1 1 4109 4110  112  113
3834  3 2 1 1 4110 4111  111  112
3835  3 2 1 1 4111 4112  110  111
3836  3 2 1 1 4112 4113  109  110
3837  3 2 1 1 4113 4114  108  109
3838  3 2 1 1 4114 4115  107  108
3839  3 2 1 1 4115 4116  106  107
3840  3 2 1 1 4116  287    6  106
3841  3 2 1 1 4130 4117 4308 4243
3842  3 2 1 1 4117 4118 4309 4308
3843  3 2 1 1 4118 4119 4310 4309
3844  3 2 1 1 4119 4120 4311 4310
3845  3 2 1 1 4120 4121 4312 4311
3846  3 2 1 1 4121 4122 4313 4312
3847  3 2 1 1 4122 4123 4314 4313
3848  3 2 1 1 4123 4124 4315 4314
3849  3 2 1 1 4124 4125 4316 4315
3850  3 2 1 1 4125 4126 4317 4316
3851  3 2 1 1 4126 4127 4318 4317
3852  3 2 1 1 4127 4128 4319 4318
3853  3 2 1 1 4128 4129 4320 4319
3854  3 2 1 1 4129  174 4321 4320
3855  3 2 1 1  174  175 4322 4321
3856  3 2 1 1  175  176 4323 4322
3857  3 2 1 1  176  177 4324 4323
3858  3 2 1 1  177  178 4325 4324
3859  3 2 1 1  178  179 4326 4325
3860  3 2 1 1  179  180 4327 4326
3861  3 2 1 1  180  181 4328 4327
3862  3 2 1 1  181  182 4329 4328
3863  3 2 1 1  182  183 4330 4329
3864  3 2 1 1  183  184 4331 4330
3865  3 2 1 1  184  185 4332 4331
3866  3 2 1 1  185  186 4333 4332
3867  3 2 1 1  186  187 4334 4333
3868  3 2 1 1  187  188 4335 4334
3869  3 2 1 1  188  189 4336 4335
3870  3 2 1 1  189  190 4337 4336
3871  3 2 1 1  190  191 4338 4337
3872  3 2 1 1  191  192 4339 4338
3873  3 2 1 1  192  193 4340 4339
3874  3 2 1 1  193  194 4341 4340
3875  3 2 1 1  194  195 4342 4341
3876  3 2 1 1  195  196 9551 4342
3877  3 2 1 1 4243 4308 4343 4242
3878  3 2 1 1 4308 4309 4344 4343
3879  3 2 1 1 4309 4310 4345 4344
3880  3 2 1 1 4310 4311 4346 4345
3881  3 2 1 1 4311 4312 4347 4346
3882  3 2 1 1 4312 4313 4348 4347
3883  3 2 1 1 4313 4314 4349 4348
3884  3 2 1 1 4314 4315 4350 4349
3885  3 2 1 1 4315 4316 4351 4350
3886  3 2 1 1 4316 4317 4352 4351
3887  3 2 1 1 4317 4318 4353 4352
3888  3 2 1 1 4318 4319 4354 4353
3889  3 2 1 1 4319 4320 4355 4354
3890  3 2 1 1 4320 4321 4356 4355
3891  3 2 1 1 4321 4322 4357 4356
3892  3 2 1 1 4322 4323 4358 4357
3893  3 2 1 1 4323 4324 4359 4358
3894  3 2 1 1 4324 4325 4360 4359
3895  3 2 1 1 4325 4326 4361 4360
3896  3 2 1 1 4326 4327 4362 4361
3897  3 2 1 1 4327 4328 4363 4362
3898  3 2 1 1 4328 4329 4364 4363
3899  3 2 1 1 4329 4330 4365 4364
3900  3 2 1 1 4330 4331 4366 4365
3901  3 2 1 1 4331 4332 4367 4366
3902  3 2 1 1 4332 4333 4368 4367
3903  3 2 1 1 4333 4334 4369 4368
3904  3 2 1 1 4334 4335 4370 4369
3905  3 2 1 1 4335 4336 4371 4370
3906  3 2 1 1 4336 4337 4372 4371
3907  3 2 1 1 4337 4338 4373 4372
3908  3 2 1 1 4338 4339 4374 4373
3909  3 2 1 1 4339 4340 4375 4374
3910  3 2 1 1 4340 4341 4376 4375
3911  3 2 1 1 4341 4342 4377 4376
3912  3 2 1 1 4342 9551 9552 4377
3913  3 2 1 1 4242 4343 4378 4241
3914  3 2 1 1 4343 4344 4379 4378
3915  3 2 1 1 4344 4345 4380 4379
3916  3 2 1 1 4345 4346 4381 4380
3917  3 2 1 1 4346 4347 4382 4381
3918  3 2 1 1 4347 4348 4383 4382
3919  3 2 1 1 4348 4349 4384 4383
3920  3 2 1 1 4349 4350 4385 4384
3921  3 2 1 1 4350 4351 4386 4385
3922  3 2 1 1 4351 4352 4387 4386
3923  3 2 1 1 4352 4353 4388 4387
3924  3 2 1 1 4353 4354 4389 4388
3925  3 2 1 1 4354 4355 4390 4389
3926  3 2 1 1 4355 4356 4391 4390
3927  3 2 1 1 4356 4357 4392 4391
3928  3 2 1 1 4357 4358 4393 4392
3929  3 2 1 1 4358 4359 4394 4393
3930  3 2 1 1 4359 4360 4395 4394
3931  3 2 1 1 4360 4361 4396 4395
3932  3 2 1 1 4361 4362 4397 4396
3933  3 2 1 1 4362 4363 4398 4397
3934  3 2 1 1 4363 4364 4399 4398
3935  3 2 1 1 4364 4365 4400 4399
3936  3 2 1 1 4365 4366 4401 4400
3937  3 2 1 1 4366 4367 4402 4401
3938  3 2 1 1 4367 4368 4403 4402
3939  3 2 1 1 4368 4369 4404 4403
3940  3 2 1 1 4369 4370 4405 4404
3941  3 2 1 1 4370 4371 4406 4405
3942  3 2 1 1 4371 4372 4407 4406
3943  3 2 1 1 4372 4373 4408 4407
3944  3 2 1 1 4373 4374 4409 4408
3945  3 2 1 1 4374 4375 4410 4409
3946  3 2 1 1 4375 4376 4411 4410
3947  3 2 1 1 4376 4377 4412 4411
3948  3 2 1 1 4377 9552 9553 4412
3949  3 2 1 1 4241 4378 4413 4240
3950  3 2 1 1 4378 4379 4414 4413
3951  3 2 1 1 4379 4380 4415 4414
3952  3 2 1 1 4380 4381 4416 4415
3953  3 2 1 1 4381 4382 4417 4416
3954  3 2 1 1 4382 4383 4418 4417
3955  3 2 1 1 4383 4384 4419 4418
3956  3 2 1 1 4384 4385 4420 4419
3957  3 2 1 1 4385 4386 4421 4420
3958  3 2 1 1 4386 4387 4422 4421
3959  3 2 1 1 4387 4388 4423 4422
3960  3 2 1 1 4388 4389 4424 4423
3961  3 2 1 1 4389 4390 4425 4424
3962  3 2 1 1 4390 4391 4426 4425
3963  3 2 1 1 4391 4392 4427 4426
3964  3 2 1 1 4392 4393 4428 4427
3965  3 2 1 1 4393 4394 4429 4428
3966  3 2 1 1 4394 4395 4430 4429
3967  3 2 1 1 4395 4396 4431 4430
3968  3 2 1 1 4396 4397 4432 4431
3969  3 2 1 1 4397 4398 4433 4432
3970  3 2 1 1 4398 4399 4434 4433
3971  3 2 1 1 4399 4400 4435 4434
3972  3 2 1 1 4400 4401 4436 4435
3973  3 2 1 1 4401 4402 4437 4436
3974  3 2 1 1 4402 4403 4438 4437
3975  3 2 1 1 4403 4404 4439 4438
3976  3 2 1 1 4404 4405 4440 4439
3977  3 2 1 1 4405 4406 4441 4440
3978  3 2 1 1 4406 4407 4442 4441
3979  3 2 1 1 4407 4408 4443 4442
3980  3 2 1 1 4408 4409 4444 4443
3981  3 2 1 1 4409 4410 4445 4444
3982  3 2 1 1 4410 4411 4446 4445
3983  3 2 1 1 4411 4412 4447 4446
3984  3 2 1 1 4412 9553 9554 4447
3985  3 2 1 1 4240 4413 4448 4239
3986  3 2 1 1 4413 4414 4449 4448
3987  3 2 1 1 4414 4415 4450 4449
3988  3 2 1 1 4415 4416 4451 4450
3989  3 2 1 1 4416 4417 4452 4451
3990  3 2 1 1 4417 4418 4453 4452
3991  3 2 1 1 4418 4419 4454 4453
3992  3 2 1 1 4419 4420 4455 4454
3993  3 2 1 1 4420 4421 4456 4455
3994  3 2 1 1 4421 4422 4457 4456
3995  3 2 1 1 4422 4423 4458 4457
3996  3 2 1 1 4423 4424 4459 4458
3997  3 2 1 1 4424 4425 4460 4459
3998  3 2 1 1 4425 4426 4461 4460
3999  3 2 1 1 4426 4427 4462 4461
4000  3 2 1 1 4427 4428 4463 4462
4001  3 2 1 1 4428 4429 4464 4463
4002  3 2 1 1 4429 4430 4465 4464
4003  3 2 1 1 4430 4431 4466 4465
4004  3 2 1 1 4431 4432 4467 4466
4005  3 2 1 1 4432 4433 4468 4467
4006  3 2 1 1 4433 4434 4469 4468
4007  3 2 1 1 4434 4435 4470 4469
4008  3 2 1 1 4435 4436 4471 4470
4009  3 2 1 1 4436 4437 4472 4471
4010  3 2 1 1 4437 4438 4473 4472
4011  3 2 1 1 4438 4439 4474 4473
4012  3 2 1 1 4439 4440 4475 4474
4013  3 2 1 1 4440 4441 4476 4475
4014  3 2 1 1 4441 4442 4477 4476
4015  3 2 1 1 4442 4443 4478 4477
4016  3 2 1 1 4443 4444 4479 4478
4017  3 2 1 1 4444 4445 4480 4479
4018  3 2 1 1 4445 4446 4481 4480
4019  3 2 1 1 4446 4447 4482 4481
4020  3 2 1 1 4447 9554 9555 4482
4021  3 2 1 1 4239 4448 4483 4238
4022  3 2 1 1 4448 4449 4484 4483
4023  3 2 1 1 4449 4450 4485 4484
4024  3 2 1 1 4450 4451 4486 4485
4025  3 2 1 1 4451 4452 4487 4486
4026  3 2 1 1 4452 4453 4488 4487
4027  3 2 1 1 4453 4454 4489 4488
4028  3 2 1 1 4454 4455 4490 4489
4029  3 2 1 1 4455 4456 4491 4490
4030  3 2 1 1 4456 4457 4492 4491
4031  3 2 1 1 4457 4458 4493 4492
4032  3 2 1 1 4458 4459 4494 4493
4033  3 2 1 1 4459 4460 4495 4494
4034  3 2 1 1 4460 4461 4496 4495
4035  3 2 1 1 4461 4462 4497 4496
4036  3 2 1 1 4462 4463 4498 4497
4037  3 2 1 1 4463 4464 4499 4498
4038  3 2 1 1 4464 4465 4500 4499
4039  3 2 1 1 4465 4466 4501 4500
4040  3 2 1 1 4466 4467 4502 4501
4041  3 2 1 1 4467 4468 4503 4502
4042  3 2 1 1 4468 4469 4504 4503
4043  3 2 1 1 4469 4470 4505 4504
4044  3 2 1 1 4470 4471 4506 4505
4045  3 2 1 1 4471 4472 4507 4506
4046  3 2 1 1 4472 4473 4508 4507
4047  3 2 1 1 4473 4474 4509 4508
4048  3 2 1 1 4474 4475 4510 4509
4049  3 2 1 1 4475 4476 4511 4510
4050  3 2 1 1 4476 4477 4512 4511
4051  3 2 1 1 4477 4478 4513 4512
4052  3 2 1 1 4478 4479 4514 4513
4053  3 2 1 1 4479 4480 4515 4514
4054  3 2 1 1 4480 4481 4516 4515
4055  3 2 1 1 4481 4482 4517 4516
4056  3 2 1 1 4482 9555 9556 4517
4057  3 2 1 1 4238 4483 4518 4237
4058  3 2 1 1 4483 4484 4519 4518
4059  3 2 1 1 4484 4485 4520 4519
4060  3 2 1 1 4485 4486 4521 4520
4061  3 2 1 1 4486 4487 4522 4521
4062  3 2 1 1 4487 4488 4523 4522
4063  3 2 1 1 4488 4489 4524 4523
4064  3 2 1 1 4489 4490 4525 4524
4065  3 2 1 1 4490 4491 4526 4525
4066  3 2 1 1 4491 4492 4527 4526
4067  3 2 1 1 4492 4493 4528 4527
4068  3 2 1 1 4493 4494 4529 4528
4069  3 2 1 1 4494 4495 4530 4529
4070  3 2 1 1 4495 4496 4531 4530
4071  3 2 1 1 4496 4497 4532 4531
4072  3 2 1 1 4497 4498 4533 4532
4073  3 2 1 1 4498 4499 4534 4533
4074  3 2 1 1 4499 4500 4535 4534
4075  3 2 1 1 4500 4501 4536 4535
4076  3 2 1 1 4501 4502 4537 4536
4077  3 2 1 1 4502 4503 4538 4537
4078  3 2 1 1 4503 4504 4539 4538
4079  3 2 1 1 4504 4505 4540 4539
4080  3 2 1 1 4505 4506 4541 4540
4081  3 2 1 1 4506 4507 4542 4541
4082  3 2 1 1 4507 4508 4543 4542
4083  3 2 1 1 4508 4509 4544 4543
4084  3 2 1 1 4509 4510 4545 4544
4085  3 2 1 1 4510 4511 4546 4545
4086  3 2 1 1 4511 4512 4547 4546
4087  3 2 1 1 4512 4513 4548 4547
4088  3 2 1 1 4513 4514 4549 4548
4089  3 2 1 1 4514 4515 4550 4549
4090  3 2 1 1 4515 4516 4551 4550
4091  3 2 1 1 4516 4517 4552 4551
4092  3 2 1 1 4517 9556 9557 4552
4093  3 2 1 1 4237 4518 4553 4236
4094  3 2 1 1 4518 4519 4554 4553
4095  3 2 1 1 4519 4520 4555 4554
4096  3 2 1 1 4520 4521 4556 4555
4097  3 2 1 1 4521 4522 4557 4556
4098  3 2 1 1 4522 4523 4558 4557
4099  3 2 1 1 4523 4524 4559 4558
4100  3 2 1 1 4524 4525 4560 4559
4101  3 2 1 1 4525 4526 4561 4560
4102  3 2 1 1 4526 4527 4562 4561
4103  3 2 1 1 4527 4528 4563 4562
4104  3 2 1 1 4528 4529 4564 4563
4105  3 2 1 1 4529 4530 4565 4564
4106  3 2 1 1 4530 4531 4566 4565
4107  3 2 1 1 4531 4532 4567 4566
4108  3 2 1 1 4532 4533 4568 4567
4109  3 2 1 1 4533 4534 4569 4568
4110  3 2 1 1 4534 4535 4570 4569
4111  3 2 1 1 4535 4536 4571 4570
4112  3 2 1 1 4536 4537 4572 4571
4113  3 2 1 1 4537 4538 4573 4572
4114  3 2 1 1 4538 4539 4574 4573
4115  3 2 1 1 4539 4540 4575 4574
4116  3 2 1 1 4540 4541 4576 4575
4117  3 2 1 1 4541 4542 4577 4576
4118  3 2 1 1 4542 4543 4578 4577
4119  3 2 1 1 4543 4544 4579 4578
4120  3 2 1 1 4544 4545 4580 4579
4121  3 2 1 1 4545 4546 4581 4580
4122  3 2 1 1 4546 4547 4582 4581
4123  3 2 1 1 4547 4548 4583 4582
4124  3 2 1 1 4548 4549 4584 4583
4125  3 2 1 1 4549 4550 4585 4584
4126  3 2 1 1 4550 4551 4586 4585
4127  3 2 1 1 4551 4552 4587 4586
4128  3 2 1 1 4552 9557 9558 4587
4129  3 2 1 1 4236 4553 4588 4235
4130  3 2 1 1 4553 4554 4589 4588
4131  3 2 1 1 4554 4555 4590 4589
4132  3 2 1 1 4555 4556 4591 4590
4133  3 2 1 1 4556 4557 4592 4591
4134  3 2 1 1 4557 4558 4593 4592
4135  3 2 1 1 4558 4559 4594 4593
4136  3 2 1 1 4559 4560 4595 4594
4137  3 2 1 1 4560 4561 4596 4595
4138  3 2 1 1 4561 4562 4597 4596
4139  3 2 1 1 4562 4563 4598 4597
4140  3 2 1 1 4563 4564 4599 4598
4141  3 2 1 1 4564 4565 4600 4599
4142  3 2 1 1 4565 4566 4601 4600
4143  3 2 1 1 4566 4567 4602 4601
4144  3 2 1 1 4567 4568 4603 4602
4145  3 2 1 1 4568 4569 4604 4603
4146  3 2 1 1 4569 4570 4605 4604
4147  3 2 1 1 4570 4571 4606 4605
4148  3 2 1 1 4571 4572 4607 4606
4149  3 2 1 1 4572 4573 4608 4607
4150  3 2 1 1 4573 4574 4609 4608
4151  3 2 1 1 4574 4575 4610 4609
4152  3 2 1 1 4575 4576 4611 4610
4153  3 2 1 1 4576 4577 4612 4611
4154  3 2 1 1 4577 4578 4613 4612
4155  3 2 1 1 4578 4579 4614 4613
4156  3 2 1 1 4579 4580 4615 4614
4157  3 2 1 1 4580 4581 4616 4615
4158  3 2 1 1 4581 4582 4617 4616
4159  3 2 1 1 4582 4583 4618 4617
4160  3 2 1 1 4583 4584 4619 4618
4161  3 2 1 1 4584 4585 4620 4619
4162  3 2 1 1 4585 4586 4621 4620
4163  3 2 1 1 4586 4587 4622 4621
4164  3 2 1 1 4587 9558 9559 4622
4165  3 2 1 1 4235 4588 4623 4234
4166  3 2 1 1 4588 4589 4624 4623
4167  3 2 1 1 4589 4590 4625 4624
4168  3 2 1 1 4590 4591 4626 4625
4169  3 2 1 1 4591 4592 4627 4626
4170  3 2 1 1 4592 4593 4628 4627
4171  3 2 1 1 4593 4594 4629 4628
4172  3 2 1 1 4594 4595 4630 4629
4173  3 2 1 1 4595 4596 4631 4630
4174  3 2 1 1 4596 4597 4632 4631
4175  3 2 1 1 4597 4598 4633 4632
4176  3 2 1 1 4598 4599 4634 4633
4177  3 2 1 1 4599 4600 4635 4634
4178  3 2 1 1 4600 4601 4636 4635
4179  3 2 1 1 4601 4602 4637 4636
4180  3 2 1 1 4602 4603 4638 4637
4181  3 2 1 1 4603 4604 4639 4638
4182  3 2 1 1 4604 4605 4640 4639
4183  3 2 1 1 4605 4606 4641 4640
4184  3 2 1 1 4606 4607 4642 4641
4185  3 2 1 1 4607 4608 4643 4642
4186  3 2 1 1 4608 4609 4644 4643
4187  3 2 1 1 4609 4610 4645 4644
4188  3 2 1 1 4610 4611 4646 4645
4189  3 2 1 1 4611 4612 4647 4646
4190  3 2 1 1 4612 4613 4648 4647
4191  3 2 1 1 4613 4614 4649 4648
4192  3 2 1 1 4614 4615 4650 4649
4193  3 2 1 1 4615 4616 4651 4650
4194  3 2 1 1 4616 4617 4652 4651
4195  3 2 1 1 4617 4618 4653 4652
4196  3 2 1 1 4618 4619 4654 4653
4197  3 2 1 1 4619 4620 4655 4654
4198  3 2 1 1 4620 4621 4656 4655
4199  3 2 1 1 4621 4622 4657 4656
4200  3 2 1 1 4622 9559 9560 4657
4201  3 2 1 1 4234 4623 4658 4233
4202  3 2 1 1 4623 4624 4659 4658
4203  3 2 1 1 4624 4625 4660 4659
4204  3 2 1 1 4625 4626 4661 4660
4205  3 2 1 1 4626 4627 4662 4661
4206  3 2 1 1 4627 4628 4663 4662
4207  3 2 1 1 4628 4629 4664 4663
4208  3 2 1 1 4629 4630 4665 4664
4209  3 2 1 1 4630 4631 4666 4665
4210  3 2 1 1 4631 4632 4667 4666
4211  3 2 1 1 4632 4633 4668 4667
4212  3 2 1 1 4633 4634 4669 4668
4213  3 2 1 1 4634 4635 4670 4669
4214  3 2 1 1 4635 4636 4671 4670
4215  3 2 1 1 4636 4637 4672 4671
4216  3 2 1 1 4637 4638 4673 4672
4217  3 2 1 1 4638 4639 4674 4673
4218  3 2 1 1 4639 4640 4675 4674
4219  3 2 1 1 4640 4641 4676 4675
4220  3 2 1 1 4641 4642 4677 4676
4221  3 2 1 1 4642 4643 4678 4677
4222  3 2 1 1 4643 4644 4679 4678
4223  3 2 1 1 4644 4645 4680 4679
4224  3 2 1 1 4645 4646 4681 4680
4225  3 2 1 1 4646 4647 4682 4681
4226  3 2 1 1 4647 4648 4683 4682
4227  3 2 1 1 4648 4649 4684 4683
4228  3 2 1 1 4649 4650 4685 4684
4229  3 2 1 1 4650 4651 4686 4685
4230  3 2 1 1 4651 4652 4687 4686
4231  3 2 1 1 4652 4653 4688 4687
4232  3 2 1 1 4653 4654 4689 4688
4233  3 2 1 1 4654 4655 4690 4689
4234  3 2 1 1 4655 4656 4691 4690
4235  3 2 1 1 4656 4657 4692 4691
4236  3 2 1 1 4657 9560 9561 4692
4237  3 2 1 1 4233 4658 4693 4232
4238  3 2 1 1 4658 4659 4694 4693
4239  3 2 1 1 4659 4660 4695 4694
4240  3 2 1 1 4660 4661 4696 4695
4241  3 2 1 1 4661 4662 4697 4696
4242  3 2 1 1 4662 4663 4698 4697
4243  3 2 1 1 4663 4664 4699 4698
4244  3 2 1 1 4664 4665 4700 4699
4245  3 2 1 1 4665 4666 4701 4700
4246  3 2 1 1 4666 4667 4702 4701
4247  3 2 1 1 4667 4668 4703 4702
4248  3 2 1 1 4668 4669 4704 4703
4249  3 2 1 1 4669 4670 4705 4704
4250  3 2 1 1 4670 4671 4706 4705
4251  3 2 1 1 4671 4672 4707 4706
4252  3 2 1 1 4672 4673 4708 4707
4253  3 2 1 1 4673 4674 4709 4708
4254  3 2 1 1 4674 4675 4710 4709
4255  3 2 1 1 4675 4676 4711 4710
4256  3 2 1 1 4676 4677 4712 4711
4257  3 2 1 1 4677 4678 4713 4712
4258  3 2 1 1 4678 4679 4714 4713
4259  3 2 1 1 4679 4680 4715 4714
4260  3 2 1 1 4680 4681 4716 4715
4261  3 2 1 1 4681 4682 4717 4716
4262  3 2 1 1 4682 4683 4718 4717
4263  3 2 1 1 4683 4684 4719 4718
4264  3 2 1 1 4684 4685 4720 4719
4265  3 2 1 1 4685 4686 4721 4720
4266  3 2 1 1 4686 4687 4722 4721
4267  3 2 1 1 4687 4688 4723 4722
4268  3 2 1 1 4688 4689 4724 4723
4269  3 2 1 1 4689 4690 4725 4724
4270  3 2 1 1 4690 4691 4726 4725
4271  3 2 1 1 4691 4692 4727 4726
4272  3 2 1 1 4692 9561 9562 4727
4273  3 2 1 1 4232 4693 4728 4231
4274  3 2 1 1 4693 4694 4729 4728
4275  3 2 1 1 4694 4695 4730 4729
4276  3 2 1 1 4695 4696 4731 4730
4277  3 2 1 1 4696 4697 4732 4731
4278  3 2 1 1 4697 4698 4733 4732
4279  3 2 1 1 4698 4699 4734 4733
4280  3 2 1 1 4699 4700 4735 4734
4281  3 2 1 1 4700 4701 4736 4735
4282  3 2 1 1 4701 4702 4737 4736
4283  3 2 1 1 4702 4703 4738 4737
4284  3 2 1 1 4703 4704 4739 4738
4285  3 2 1 1 4704 4705 4740 4739
4286  3 2 1 1 4705 4706 4741 4740
4287  3 2 1 1 4706 4707 4742 4741
4288  3 2 1 1 4707 4708 4743 4742
4289  3 2 1 1 4708 4709 4744 4743
4290  3 2 1 1 4709 4710 4745 4744
4291  3 2 1 1 4710 4711 4746 4745
4292  3 2 1 1 4711 4712 4747 4746
4293  3 2 1 1 4712 4713 4748 4747
4294  3 2 1 1 4713 4714 4749 4748
4295  3 2 1 1 4714 4715 4750 4749
4296  3 2 1 1 4715 4716 4751 4750
4297  3 2 1 1 4716 4717 4752 4751
4298  3 2 1 1 4717 4718 4753 4752
4299  3 2 1 1 4718 4719 4754 4753
4300  3 2 1 1 4719 4720 4755 4754
4301  3 2 1 1 4720 4721 4756 4755
4302  3 2 1 1 4721 4722 4757 4756
4303  3 2 1 1 4722 4723 4758 4757
4304  3 2 1 1 4723 4724 4759 4758
4305  3 2 1 1 4724 4725 4760 4759
4306  3 2 1 1 4725 4726 4761 4760
4307  3 2 1 1 4726 4727 4762 4761
4308  3 2 1 1 4727 9562 9563 4762
4309  3 2 1 1 4231 4728 4763 4230
4310  3 2 1 1 4728 4729 4764 4763
4311  3 2 1 1 4729 4730 4765 4764
4312  3 2 1 1 4730 4731 4766 4765
4313  3 2 1 1 4731 4732 4767 4766
4314  3 2 1 1 4732 4733 4768 4767
4315  3 2 1 1 4733 4734 4769 4768
4316  3 2 1 1 4734 4735 4770 4769
4317  3 2 1 1 4735 4736 4771 4770
4318  3 2 1 1 4736 4737 4772 4771
4319  3 2 1 1 4737 4738 4773 4772
4320  3 2 1 1 4738 4739 4774 4773
4321  3 2 1 1 4739 4740 4775 4774
4322  3 2 1 1 4740 4741 4776 4775
4323  3 2 1 1 4741 4742 4777 4776
4324  3 2 1 1 4742 4743 4778 4777
4325  3 2 1 1 4743 4744 4779 4778
4326  3 2 1 1 4744 4745 4780 4779
4327  3 2 1 1 4745 4746 4781 4780
4328  3 2 1 1 4746 4747 4782 4781
4329  3 2 1 1 4747 4748 4783 4782
4330  3 2 1 1 4748 4749 4784 4783
4331  3 2 1 1 4749 4750 4785 4784
4332  3 2 1 1 4750 4751 4786 4785
4333  3 2 1 1 4751 4752 4787 4786
4334  3 2 1 1 4752 4753 4788 4787
4335  3 2 1 1 4753 4754 4789 4788
4336  3 2 1 1 4754 4755 4790 4789
4337  3 2 1 1 4755 4756 4791 4790
4338  3 2 1 1 4756 4757 4792 4791
4339  3 2 1 1 4757 4758 4793 4792
4340  3 2 1 1 4758 4759 4794 4793
4341  3 2 1 1 4759 4760 4795 4794
4342  3 2 1 1 4760 4761 4796 4795
4343  3 2 1 1 4761 4762 4797 4796
4344  3 2 1 1 4762 9563 9564 4797
4345  3 2 1 1 4230 4763 4798 4229
4346  3 2 1 1 4763 4764 4799 4798
4347  3 2 1 1 4764 4765 4800 4799
4348  3 2 1 1 4765 4766 4801 4800
4349  3 2 1 1 4766 4767 4802 4801
4350  3 2 1 1 4767 4768 4803 4802
4351  3 2 1 1 4768 4769 4804 4803
4352  3 2 1 1 4769 4770 4805 4804
4353  3 2 1 1 4770 4771 4806 4805
4354  3 2 1 1 4771 4772 4807 4806
4355  3 2 1 1 4772 4773 4808 4807
4356  3 2 1 1 4773 4774 4809 4808
4357  3 2 1 1 4774 4775 4810 4809
4358  3 2 1 1 4775 4776 4811 4810
4359  3 2 1 1 4776 4777 4812 4811
4360  3 2 1 1 4777 4778 4813 4812
4361  3 2 1 1 4778 4779 4814 4813
4362  3 2 1 1 4779 4780 4815 4814
4363  3 2 1 1 4780 4781 4816 4815
4364  3 2 1 1 4781 4782 4817 4816
4365  3 2 1 1 4782 4783 4818 4817
4366  3 2 1 1 4783 4784 4819 4818
4367  3 2 1 1 4784 4785 4820 4819
4368  3 2 1 1 4785 4786 4821 4820
4369  3 2 1 1 4786 4787 4822 4821
4370  3 2 1 1 4787 4788 4823 4822
4371  3 2 1 1 4788 4789 4824 4823
4372  3 2 1 1 4789 4790 4825 4824
4373  3 2 1 1 4790 4791 4826 4825
4374  3 2 1 1 4791 4792 4827 4826
4375  3 2 1 1 4792 4793 4828 4827
4376  3 2 1 1 4793 4794 4829 4828
4377  3 2 1 1 4794 4795 4830 4829
4378  3 2 1 1 4795 4796 4831 4830
4379  3 2 1 1 4796 4797 4832 4831
4380  3 2 1 1 4797 9564 9565 4832
4381  3 2 1 1 4229 4798 4833 4228
4382  3 2 1 1 4798 4799 4834 4833
4383  3 2 1 1 4799 4800 4835 4834
4384  3 2 1 1 4800 4801 4836 4835
4385  3 2 1 1 4801 4802 4837 4836
4386  3 2 1 1 4802 4803 4838 4837
4387  3 2 1 1 4803 4804 4839 4838
4388  3 2 1 1 4804 4805 4840 4839
4389  3 2 1 1 4805 4806 4841 4840
4390  3 2 1 1 4806 4807 4842 4841
4391  3 2 1 1 4807 4808 4843 4842
4392  3 2 1 1 4808 4809 4844 4843
4393  3 2 1 1 4809 4810 4845 4844
4394  3 2 1 1 4810 4811 4846 4845
4395  3 2 1 1 4811 4812 4847 4846
4396  3 2 1 1 4812 4813 4848 4847
4397  3 2 1 1 4813 4814 4849 4848
4398  3 2 1 1 4814 4815 4850 4849
4399  3 2 1 1 4815 4816 4851 4850
4400  3 2 1 1 4816 4817 4852 4851
4401  3 2 1 1 4817 4818 4853 4852
4402  3 2 1 1 4818 4819 4854 4853
4403  3 2 1 1 4819 4820 4855 4854
4404  3 2 1 1 4820 4821 4856 4855
4405  3 2 1 1 4821 4822 4857 4856
4406  3 2 1 1 4822 4823 4858 4857
4407  3 2 1 1 4823 4824 4859 4858
4408  3 2 1 1 4824 4825 4860 4859
4409  3 2 1 1 4825 4826 4861 4860
4410  3 2 1 1 4826 4827 4862 4861
4411  3 2 1 1 4827 4828 4863 4862
4412  3 2 1 1 4828 4829 4864 4863
4413  3 2 1 1 4829 4830 4865 4864
4414  3 2 1 1 4830 4831 4866 4865
4415  3 2 1 1 4831 4832 4867 4866
4416  3 2 1 1 4832 9565 9566 4867
4417  3 2 1 1 4228 4833 4868 4227
4418  3 2 1 1 4833 4834 4869 4868
4419  3 2 1 1 4834 4835 4870 4869
4420  3 2 1 1 4835 4836 4871 4870
4421  3 2 1 1 4836 4837 4872 4871
4422  3 2 1 1 4837 4838 4873 4872
4423  3 2 1 1 4838 4839 4874 4873
4424  3 2 1 1 4839 4840 4875 4874
4425  3 2 1 1 4840 4841 4876 4875
4426  3 2 1 1 4841 4842 4877 4876
4427  3 2 1 1 4842 4843 4878 4877
4428  3 2 1 1 4843 4844 4879 4878
4429  3 2 1 1 4844 4845 4880 4879
4430  3 2 1 1 4845 4846 4881 4880
4431  3 2 1 1 4846 4847 4882 4881
4432  3 2 1 1 4847 4848 4883 4882
4433  3 2 1 1 4848 4849 4884 4883
4434  3 2 1 1 4849 4850 4885 4884
4435  3 2 1 1 4850 4851 4886 4885
4436  3 2 1 1 4851 4852 4887 4886
4437  3 2 1 1 4852 4853 4888 4887
4438  3 2 1 1 4853 4854 4889 4888
4439  3 2 1 1 4854 4855 4890 4889
4440  3 2 1 1 4855 4856 4891 4890
4441  3 2 1 1 4856 4857 4892 4891
4442  3 2 1 1 4857 4858 4893 4892
4443  3 2 1 1 4858 4859 4894 4893
4444  3 2 1 1 4859 4860 4895 4894
4445  3 2 1 1 4860 4861 4896 4895
4446  3 2 1 1 4861 4862 4897 4896
4447  3 2 1 1 4862 4863 4898 4897
4448  3 2 1 1 4863 4864 4899 4898
4449  3 2 1 1 4864 4865 4900 4899
4450  3 2 1 1 4865 4866 4901 4900
4451  3 2 1 1 4866 4867 4902 4901
4452  3 2 1 1 4867 9566 9567 4902
4453  3 2 1 1 4227 4868 4903 4226
4454  3 2 1 1 4868 4869 4904 4903
4455  3 2 1 1 4869 4870 4905 4904
4456  3 2 1 1 4870 4871 4906 4905
4457  3 2 1 1 4871 4872 4907 4906
4458  3 2 1 1 4872 4873 4908 4907
4459  3 2 1 1 4873 4874 4909 4908
4460  3 2 1 1 4874 4875 4910 4909
4461  3 2 1 1 4875 4876 4911 4910
4462  3 2 1 1 4876 4877 4912 4911
4463  3 2 1 1 4877 4878 4913 4912
4464  3 2 1 1 4878 4879 4914 4913
4465  3 2 1 1 4879 4880 4915 4914
4466  3 2 1 1 4880 4881 4916 4915
4467  3 2 1 1 4881 4882 4917 4916
4468  3 2 1 1 4882 4883 4918 4917
4469  3 2 1 1 4883 4884 4919 4918
4470  3 2 1 1 4884 4885 4920 4919
4471  3 2 1 1 4885 4886 4921 4920
4472  3 2 1 1 4886 4887 4922 4921
4473  3 2 1 1 4887 4888 4923 4922
4474  3 2 1 1 4888 4889 4924 4923
4475  3 2 1 1 4889 4890 4925 4924
4476  3 2 1 1 4890 4891 4926 4925
4477  3 2 1 1 4891 4892 4927 4926
4478  3 2 1 1 4892 4893 4928 4927
4479  3 2 1 1 4893 4894 4929 4928
4480  3 2 1 1 4894 4895 4930 4929
4481  3 2 1 1 4895 4896 4931 4930
4482  3 2 1 1 4896 4897 4932 4931
4483  3 2 1 1 4897 4898 4933 4932
4484  3 2 1 1 4898 4899 4934 4933
4485  3 2 1 1 4899 4900 4935 4934
4486  3 2 1 1 4900 4901 4936 4935
4487  3 2 1 1 4901 4902 4937 4936
4488  3 2 1 1 4902 9567 9568 4937
4489  3 2 1 1 4226 4903 4938 4225
4490  3 2 1 1 4903 4904 4939 4938
4491  3 2 1 1 4904 4905 4940 4939
4492  3 2 1 1 4905 4906 4941 4940
4493  3 2 1 1 4906 4907 4942 4941
4494  3 2 1 1 4907 4908 4943 4942
4495  3 2 1 1 4908 4909 4944 4943
4496  3 2 1 1 4909 4910 4945 4944
4497  3 2 1 1 4910 4911 4946 4945
4498  3 2 1 1 4911 4912 4947 4946
4499  3 2 1 1 4912 4913 4948 4947
4500  3 2 1 1 4913 4914 4949 4948
4501  3 2 1 1 4914 4915 4950 4949
4502  3 2 1 1 4915 4916 4951 4950
4503  3 2 1 1 4916 4917 4952 4951
4504  3 2 1 1 4917 4918 4953 4952
4505  3 2 1 1 4918 4919 4954 4953
4506  3 2 1 1 4919 4920 4955 4954
4507  3 2 1 1 4920 4921 4956 4955
4508  3 2 1 1 4921 4922 4957 4956
4509  3 2 1 1 4922 4923 4958 4957
4510  3 2 1 1 4923 4924 4959 4958
4511  3 2 1 1 4924 4925 4960 4959
4512  3 2 1 1 4925 4926 4961 4960
4513  3 2 1 1 4926 4927 4962 4961
4514  3 2 1 1 4927 4928 4963 4962
4515  3 2 1 1 4928 4929 4964 4963
4516  3 2 1 1 4929 4930 4965 4964
4517  3 2 1 1 4930 4931 4966 4965
4518  3 2 1 1 4931 4932 4967 4966
4519  3 2 1 1 4932 4933 4968 4967
4520  3 2 1 1 4933 4934 4969 4968
4521  3 2 1 1 4934 4935 4970 4969
4522  3 2 1 1 4935 4936 4971 4970
4523  3 2 1 1 4936 4937 4972 4971
4524  3 2 1 1 4937 9568 9569 4972
4525  3 2 1 1 4225 4938 4973 4224
4526  3 2 1 1 4938 4939 4974 4973
4527  3 2 1 1 4939 4940 4975 4974
4528  3 2 1 1 4940 4941 4976 4975
4529  3 2 1 1 4941 4942 4977 4976
4530  3 2 1 1 4942 4943 4978 4977
4531  3 2 1 1 4943 4944 4979 4978
4532  3 2 1 1 4944 4945 4980 4979
4533  3 2 1 1 4945 4946 4981 4980
4534  3 2 1 1 4946 4947 4982 4981
4535  3 2 1 1 4947 4948 4983 4982
4536  3 2 1 1 4948 4949 4984 4983
4537  3 2 1 1 4949 4950 4985 4984
4538  3 2 1 1 4950 4951 4986 4985
4539  3 2 1 1 4951 4952 4987 4986
4540  3 2 1 1 4952 4953 4988 4987
4541  3 2 1 1 4953 4954 4989 4988
4542  3 2 1 1 4954 4955 4990 4989
4543  3 2 1 1 4955 4956 4991 4990
4544  3 2 1 1 4956 4957 4992 4991
4545  3 2 1 1 4957 4958 4993 4992
4546  3 2 1 1 4958 4959 4994 4993
4547  3 2 1 1 4959 4960 4995 4994
4548  3 2 1 1 4960 4961 4996 4995
4549  3 2 1 1 4961 4962 4997 4996
4550  3 2 1 1 4962 4963 4998 4997
4551  3 2 1 1 4963 4964 4999 4998
4552  3 2 1 1 4964 4965 5000 4999
4553  3 2 1 1 4965 4966 5001 5000
4554  3 2 1 1 4966 4967 5002 5001
4555  3 2 1 1 4967 4968 5003 5002
4556  3 2 1 1 4968 4969 5004 5003
4557  3 2 1 1 4969 4970 5005 5004
4558  3 2 1 1 4970 4971 5006 5005
4559  3 2 1 1 4971 4972 5007 5006
4560  3 2 1 1 4972 9569 9570 5007
4561  3 2 1 1 4224 4973 5008 4223
4562  3 2 1 1 4973 4974 5009 5008
4563  3 2 1 1 4974 4975 5010 5009
4564  3 2 1 1 4975 4976 5011 5010
4565  3 2 1 1 4976 4977 5012 5011
4566  3 2 1 1 4977 4978 5013 5012
4567  3 2 1 1 4978 4979 5014 5013
4568  3 2 1 1 4979 4980 5015 5014
4569  3 2 1 1 4980 4981 5016 5015
4570  3 2 1 1 4981 4982 5017 5016
4571  3 2 1 1 4982 4983 5018 5017
4572  3 2 1 1 4983 4984 5019 5018
4573  3 2 1 1 4984 4985 5020 5019
4574  3 2 1 1 4985 4986 5021 5020
4575  3 2 1 1 4986 4987 5022 5021
4576  3 2 1 1 4987 4988 5023 5022
4577  3 2 1 1 4988 4989 5024 5023
4578  3 2 1 1 4989 4990 5025 5024
4579  3 2 1 1 4990 4991 5026 5025
4580  3 2 1 1 4991 4992 5027 5026
4581  3 2 1 1 4992 4993 5028 5027
4582  3 2 1 1 4993 4994 5029 5028
4583  3 2 1 1 4994 4995 5030 5029
4584  3 2 1 1 4995 4996 5031 5030
4585  3 2 1 1 4996 4997 5032 5031
4586  3 2 1 1 4997 4998 5033 5032
4587  3 2 1 1 4998 4999 5034 5033
4588  3 2 1 1 4999 5000 5035 5034
4589  3 2 1 1 5000 5001 5036 5035
4590  3 2 1 1 5001 5002 5037 5036
4591  3 2 1 1 5002 5003 5038 5037
4592  3 2 1 1 5003 5004 5039 5038
4593  3 2 1 1 5004 5005 5040 5039
4594  3 2 1 1 5005 5006 5041 5040
4595  3 2 1 1 5006 5007 5042 5041
4596  3 2 1 1 5007 9570 9571 5042
4597  3 2 1 1 4223 5008 5043 4222
4598  3 2 1 1 5008 5009 5044 5043
4599  3 2 1 1 5009 5010 5045 5044
4600  3 2 1 1 5010 5011 5046 5045
4601  3 2 1 1 5011 5012 5047 5046
4602  3 2 1 1 5012 5013 5048 5047
4603  3 2 1 1 5013 5014 5049 5048
4604  3 2 1 1 5014 5015 5050 5049
4605  3 2 1 1 5015 5016 5051 5050
4606  3 2 1 1 5016 5017 5052 5051
4607  3 2 1 1 5017 5018 5053 5052
4608  3 2 1 1 5018 5019 5054 5053
4609  3 2 1 1 5019 5020 5055 5054
4610  3 2 1 1 5020 5021 5056 5055
4611  3 2 1 1 5021 5022 5057 5056
4612  3 2 1 1 5022 5023 5058 5057
4613  3 2 1 1 5023 5024 5059 5058
4614  3 2 1 1 5024 5025 5060 5059
4615  3 2 1 1 5025 5026 5061 5060
4616  3 2 1 1 5026 5027 5062 5061
4617  3 2 1 1 5027 5028 5063 5062
4618  3 2 1 1 5028 5029 5064 5063
4619  3 2 1 1 5029 5030 5065 5064
4620  3 2 1 1 5030 5031 5066 5065
4621  3 2 1 1 5031 5032 5067 5066
4622  3 2 1 1 5032 5033 5068 5067
4623  3 2 1 1 5033 5034 5069 5068
4624  3 2 1 1 5034 5035 5070 5069
4625  3 2 1 1 5035 5036 5071 5070
4626  3 2 1 1 5036 5037 5072 5071
4627  3 2 1 1 5037 5038 5073 5072
4628  3 2 1 1 5038 5039 5074 5073
4629  3 2 1 1 5039 5040 5075 5074
4630  3 2 1 1 5040 5041 5076 5075
4631  3 2 1 1 5041 5042 5077 5076
4632  3 2 1 1 5042 9571 9572 5077
4633  3 2 1 1 4222 5043 5078 4221
4634  3 2 1 1 5043 5044 5079 5078
4635  3 2 1 1 5044 5045 5080 5079
4636  3 2 1 1 5045 5046 5081 5080
4637  3 2 1 1 5046 5047 5082 5081
4638  3 2 1 1 5047 5048 5083 5082
4639  3 2 1 1 5048 5049 5084 5083
4640  3 2 1 1 5049 5050 5085 5084
4641  3 2 1 1 5050 5051 5086 5085
4642  3 2 1 1 5051 5052 5087 5086
4643  3 2 1 1 5052 5053 5088 5087
4644  3 2 1 1 5053 5054 5089 5088
4645  3 2 1 1 5054 5055 5090 5089
4646  3 2 1 1 5055 5056 5091 5090
4647  3 2 1 1 5056 5057 5092 5091
4648  3 2 1 1 5057 5058 5093 5092
4649  3 2 1 1 5058 5059 5094 5093
4650  3 2 1 1 5059 5060 5095 5094
4651  3 2 1 1 5060 5061 5096 5095
4652  3 2 1 1 5061 5062 5097 5096
4653  3 2 1 1 5062 5063 5098 5097
4654  3 2 1 1 5063 5064 5099 5098
4655  3 2 1 1 5064 5065 5100 5099
4656  3 2 1 1 5065 5066 5101 5100
4657  3 2 1 1 5066 5067 5102 5101
4658  3 2 1 1 5067 5068 5103 5102
4659  3 2 1 1 5068 5069 5104 5103
4660  3 2 1 1 5069 5070 5105 5104
4661  3 2 1 1 5070 5071 5106 5105
4662  3 2 1 1 5071 5072 5107 5106
4663  3 2 1 1 5072 5073 5108 5107
4664  3 2 1 1 5073 5074 5109 5108
4665  3 2 1 1 5074 5075 5110 5109
4666  3 2 1 1 5075 5076 5111 5110
4667  3 2 1 1 5076 5077 5112 5111
4668  3 2 1 1 5077 9572 9573 5112
4669  3 2 1 1 4221 5078 5113 4220
4670  3 2 1 1 5078 5079 5114 5113
4671  3 2 1 1 5079 5080 5115 5114
4672  3 2 1 1 5080 5081 5116 5115
4673  3 2 1 1 5081 5082 5117 5116
4674  3 2 1 1 5082 5083 5118 5117
4675  3 2 1 1 5083 5084 5119 5118
4676  3 2 1 1 5084 5085 5120 5119
4677  3 2 1 1 5085 5086 5121 5120
4678  3 2 1 1 5086 5087 5122 5121
4679  3 2 1 1 5087 5088 5123 5122
4680  3 2 1 1 5088 5089 5124 5123
4681  3 2 1 1 5089 5090 5125 5124
4682  3 2 1 1 5090 5091 5126 5125
4683  3 2 1 1 5091 5092 5127 5126
4684  3 2 1 1 5092 5093 5128 5127
4685  3 2 1 1 5093 5094 5129 5128
4686  3 2 1 1 5094 5095 5130 5129
4687  3 2 1 1 5095 5096 5131 5130
4688  3 2 1 1 5096 5097 5132 5131
4689  3 2 1 1 5097 5098 5133 5132
4690  3 2 1 1 5098 5099 5134 5133
4691  3 2 1 1 5099 5100 5135 5134
4692  3 2 1 1 5100 5101 5136 5135
4693  3 2 1 1 5101 5102 5137 5136
4694  3 2 1 1 5102 5103 5138 5137
4695  3 2 1 1 5103 5104 5139 5138
4696  3 2 1 1 5104 5105 5140 5139
4697  3 2 1 1 5105 5106 5141 5140
4698  3 2 1 1 5106 5107 5142 5141
4699  3 2 1 1 5107 5108 5143 5142
4700  3 2 1 1 5108 5109 5144 5143
4701  3 2 1 1 5109 5110 5145 5144
4702  3 2 1 1 5110 5111 5146 5145
4703  3 2 1 1 5111 5112 5147 5146
4704  3 2 1 1 5112 9573 9574 5147
4705  3 2 1 1 4220 5113 5148 4219
4706  3 2 1 1 5113 5114 5149 5148
4707  3 2 1 1 5114 5115 5150 5149
4708  3 2 1 1 5115 5116 5151 5150
4709  3 2 1 1 5116 5117 5152 5151
4710  3 2 1 1 5117 5118 5153 5152
4711  3 2 1 1 5118 5119 5154 5153
4712  3 2 1 1 5119 5120 5155 5154
4713  3 2 1 1 5120 5121 5156 5155
4714  3 2 1 1 5121 5122 5157 5156
4715  3 2 1 1 5122 5123 5158 5157
4716  3 2 1 1 5123 5124 5159 5158
4717  3 2 1 1 5124 5125 5160 5159
4718  3 2 1 1 5125 5126 5161 5160
4719  3 2 1 1 5126 5127 5162 5161
4720  3 2 1 1 5127 5128 5163 5162
4721  3 2 1 1 5128 5129 5164 5163
4722  3 2 1 1 5129 5130 5165 5164
4723  3 2 1 1 5130 5131 5166 5165
4724  3 2 1 1 5131 5132 5167 5166
4725  3 2 1 1 5132 5133 5168 5167
4726  3 2 1 1 5133 5134 5169 5168
4727  3 2 1 1 5134 5135 5170 5169
4728  3 2 1 1 5135 5136 5171 5170
4729  3 2 1 1 5136 5137 5172 5171
4730  3 2 1 1 5137 5138 5173 5172
4731  3 2 1 1 5138 5139 5174 5173
4732  3 2 1 1 5139 5140 5175 5174
4733  3 2 1 1 5140 5141 5176 5175
4734  3 2 1 1 5141 5142 5177 5176
4735  3 2 1 1 5142 5143 5178 5177
4736  3 2 1 1 5143 5144 5179 5178
4737  3 2 1 1 5144 5145 5180 5179
4738  3 2 1 1 5145 5146 5181 5180
4739  3 2 1 1 5146 5147 5182 5181
4740  3 2 1 1 5147 9574 9575 5182
4741  3 2 1 1 4219 5148 5183 4218
4742  3 2 1 1 5148 5149 5184 5183
4743  3 2 1 1 5149 5150 5185 5184
4744  3 2 1 1 5150 5151 5186 5185
4745  3 2 1 1 5151 5152 5187 5186
4746  3 2 1 1 5152 5153 5188 5187
4747  3 2 1 1 5153 5154 5189 5188
4748  3 2 1 1 5154 5155 5190 5189
4749  3 2 1 1 5155 5156 5191 5190
4750  3 2 1 1 5156 5157 5192 5191
4751  3 2 1 1 5157 5158 5193 5192
4752  3 2 1 1 5158 5159 5194 5193
4753  3 2 1 1 5159 5160 5195 5194
4754  3 2 1 1 5160 5161 5196 5195
4755  3 2 1 1 5161 5162 5197 5196
4756  3 2 1 1 5162 5163 5198 5197
4757  3 2 1 1 5163 5164 5199 5198
4758  3 2 1 1 5164 5165 5200 5199
4759  3 2 1 1 5165 5166 5201 5200
4760  3 2 1 1 5166 5167 5202 5201
4761  3 2 1 1 5167 5168 5203 5202
4762  3 2 1 1 5168 5169 5204 5203
4763  3 2 1 1 5169 5170 5205 5204
4764  3 2 1 1 5170 5171 5206 5205
4765  3 2 1 1 5171 5172 5207 5206
4766  3 2 1 1 5172 5173 5208 5207
4767  3 2 1 1 5173 5174 5209 5208
4768  3 2 1 1 5174 5175 5210 5209
4769  3 2 1 1 5175 5176 5211 5210
4770  3 2 1 1 5176 5177 5212 5211
4771  3 2 1 1 5177 5178 5213 5212
4772  3 2 1 1 5178 5179 5214 5213
4773  3 2 1 1 5179 5180 5215 5214
4774  3 2 1 1 5180 5181 5216 5215
4775  3 2 1 1 5181 5182 5217 5216
4776  3 2 1 1 5182 9575 9576 5217
4777  3 2 1 1 4218 5183 5218 4217
4778  3 2 1 1 5183 5184 5219 5218
4779  3 2 1 1 5184 5185 5220 5219
4780  3 2 1 1 5185 5186 5221 5220
4781  3 2 1 1 5186 5187 5222 5221
4782  3 2 1 1 5187 5188 5223 5222
4783  3 2 1 1 5188 5189 5224 5223
4784  3 2 1 1 5189 5190 5225 5224
4785  3 2 1 1 5190 5191 5226 5225
4786  3 2 1 1 5191 5192 5227 5226
4787  3 2 1 1 5192 5193 5228 5227
4788  3 2 1 1 5193 5194 5229 5228
4789  3 2 1 1 5194 5195 5230 5229
4790  3 2 1 1 5195 5196 5231 5230
4791  3 2 1 1 5196 5197 5232 5231
4792  3 2 1 1 5197 5198 5233 5232
4793  3 2 1 1 5198 5199 5234 5233
4794  3 2 1 1 5199 5200 5235 5234
4795  3 2 1 1 5200 5201 5236 5235
4796  3 2 1 1 5201 5202 5237 5236
4797  3 2 1 1 5202 5203 5238 5237
4798  3 2 1 1 5203 5204 5239 5238
4799  3 2 1 1 5204 5205 5240 5239
4800  3 2 1 1 5205 5206 5241 5240
4801  3 2 1 1 5206 5207 5242 5241
4802  3 2 1 1 5207 5208 5243 5242
4803  3 2 1 1 5208 5209 5244 5243
4804  3 2 1 1 5209 5210 5245 5244
4805  3 2 1 1 5210 5211 5246 5245
4806  3 2 1 1 5211 5212 5247 5246
4807  3 2 1 1 5212 5213 5248 5247
4808  3 2 1 1 5213 5214 5249 5248
4809  3 2 1 1 5214 5215 5250 5249
4810  3 2 1 1 5215 5216 5251 5250
4811  3 2 1 1 5216 5217 5252 5251
4812  3 2 1 1 5217 9576 9577 5252
4813  3 2 1 1 4217 5218 5253 4216
4814  3 2 1 1 5218 5219 5254 5253
4815  3 2 1 1 5219 5220 5255 5254
4816  3 2 1 1 5220 5221 5256 5255
4817  3 2 1 1 5221 5222 5257 5256
4818  3 2 1 1 5222 5223 5258 5257
4819  3 2 1 1 5223 5224 5259 5258
4820  3 2 1 1 5224 5225 5260 5259
4821  3 2 1 1 5225 5226 5261 5260
4822  3 2 1 1 5226 5227 5262 5261
4823  3 2 1 1 5227 5228 5263 5262
4824  3 2 1 1 5228 5229 5264 5263
4825  3 2 1 1 5229 5230 5265 5264
4826  3 2 1 1 5230 5231 5266 5265
4827  3 2 1 1 5231 5232 5267 5266
4828  3 2 1 1 5232 5233 5268 5267
4829  3 2 1 1 5233 5234 5269 5268
4830  3 2 1 1 5234 5235 5270 5269
4831  3 2 1 1 5235 5236 5271 5270
4832  3 2 1 1 5236 5237 5272 5271
4833  3 2 1 1 5237 5238 5273 5272
4834  3 2 1 1 5238 5239 5274 5273
4835  3 2 1 1 5239 5240 5275 5274
4836  3 2 1 1 5240 5241 5276 5275
4837  3 2 1 1 5241 5242 5277 5276
4838  3 2 1 1 5242 5243 5278 5277
4839  3 2 1 1 5243 5244 5279 5278
4840  3 2 1 1 5244 5245 5280 5279
4841  3 2 1 1 5245 5246 5281 5280
4842  3 2 1 1 5246 5247 5282 5281
4843  3 2 1 1 5247 5248 5283 5282
4844  3 2 1 1 5248 5249 5284 5283
4845  3 2 1 1 5249 5250 5285 5284
4846  3 2 1 1 5250 5251 5286 5285
4847  3 2 1 1 5251 5252 5287 5286
4848  3 2 1 1 5252 9577 9578 5287
4849  3 2 1 1 4216 5253 5288 4215
4850  3 2 1 1 5253 5254 5289 5288
4851  3 2 1 1 5254 5255 5290 5289
4852  3 2 1 1 5255 5256 5291 5290
4853  3 2 1 1 5256 5257 5292 5291
4854  3 2 1 1 5257 5258 5293 5292
4855  3 2 1 1 5258 5259 5294 5293
4856  3 2 1 1 5259 5260 5295 5294
4857  3 2 1 1 5260 5261 5296 5295
4858  3 2 1 1 5261 5262 5297 5296
4859  3 2 1 1 5262 5263 5298 5297
4860  3 2 1 1 5263 5264 5299 5298
4861  3 2 1 1 5264 5265 5300 5299
4862  3 2 1 1 5265 5266 5301 5300
4863  3 2 1 1 5266 5267 5302 5301
4864  3 2 1 1 5267 5268 5303 5302
4865  3 2 1 1 5268 5269 5304 5303
4866  3 2 1 1 5269 5270 5305 5304
4867  3 2 1 1 5270 5271 5306 5305
4868  3 2 1 1 5271 5272 5307 5306
4869  3 2 1 1 5272 5273 5308 5307
4870  3 2 1 1 5273 5274 5309 5308
4871  3 2 1 1 5274 5275 5310 5309
4872  3 2 1 1 5275 5276 5311 5310
4873  3 2 1 1 5276 5277 5312 5311
4874  3 2 1 1 5277 5278 5313 5312
4875  3 2 1 1 5278 5279 5314 5313
4876  3 2 1 1 5279 5280 5315 5314
4877  3 2 1 1 5280 5281 5316 5315
4878  3 2 1 1 5281 5282 5317 5316
4879  3 2 1 1 5282 5283 5318 5317
4880  3 2 1 1 5283 5284 5319 5318
4881  3 2 1 1 5284 5285 5320 5319
4882  3 2 1 1 5285 5286 5321 5320
4883  3 2 1 1 5286 5287 5322 5321
4884  3 2 1 1 5287 9578 9579 5322
4885  3 2 1 1 4215 5288 5323 4214
4886  3 2 1 1 5288 5289 5324 5323
4887  3 2 1 1 5289 5290 5325 5324
4888  3 2 1 1 5290 5291 5326 5325
4889  3 2 1 1 5291 5292 5327 5326
4890  3 2 1 1 5292 5293 5328 5327
4891  3 2 1 1 5293 5294 5329 5328
4892  3 2 1 1 5294 5295 5330 5329
4893  3 2 1 1 5295 5296 5331 5330
4894  3 2 1 1 5296 5297 5332 5331
4895  3 2 1 1 5297 5298 5333 5332
4896  3 2 1 1 5298 5299 5334 5333
4897  3 2 1 1 5299 5300 5335 5334
4898  3 2 1 1 5300 5301 5336 5335
4899  3 2 1 1 5301 5302 5337 5336
4900  3 2 1 1 5302 5303 5338 5337
4901  3 2 1 1 5303 5304 5339 5338
4902  3 2 1 1 5304 5305 5340 5339
4903  3 2 1 1 5305 5306 5341 5340
4904  3 2 1 1 5306 5307 5342 5341
4905  3 2 1 1 5307 5308 5343 5342
4906  3 2 1 1 5308 5309 5344 5343
4907  3 2 1 1 5309 5310 5345 5344
4908  3 2 1 1 5310 5311 5346 5345
4909  3 2 1 1 5311 5312 5347 5346
4910  3 2 1 1 5312 5313 5348 5347
4911  3 2 1 1 5313 5314 5349 5348
4912  3 2 1 1 5314 5315 5350 5349
4913  3 2 1 1 5315 5316 5351 5350
4914  3 2 1 1 5316 5317 5352 5351
4915  3 2 1 1 5317 5318 5353 5352
4916  3 2 1 1 5318 5319 5354 5353
4917  3 2 1 1 5319 5320 5355 5354
4918  3 2 1 1 5320 5321 5356 5355
4919  3 2 1 1 5321 5322 5357 5356
4920  3 2 1 1 5322 9579 9580 5357
4921  3 2 1 1 4214 5323 5358 4213
4922  3 2 1 1 5323 5324 5359 5358
4923  3 2 1 1 5324 5325 5360 5359
4924  3 2 1 1 5325 5326 5361 5360
4925  3 2 1 1 5326 5327 5362 5361
4926  3 2 1 1 5327 5328 5363 5362
4927  3 2 1 1 5328 5329 5364 5363
4928  3 2 1 1 5329 5330 5365 5364
4929  3 2 1 1 5330 5331 5366 5365
4930  3 2 1 1 5331 5332 5367 5366
4931  3 2 1 1 5332 5333 5368 5367
4932  3 2 1 1 5333 5334 5369 5368
4933  3 2 1 1 5334 5335 5370 5369
4934  3 2 1 1 5335 5336 5371 5370
4935  3 2 1 1 5336 5337 5372 5371
4936  3 2 1 1 5337 5338 5373 5372
4937  3 2 1 1 5338 5339 5374 5373
4938  3 2 1 1 5339 5340 5375 5374
4939  3 2 1 1 5340 5341 5376 5375
4940  3 2 1 1 5341 5342 5377 5376
4941  3 2 1 1 5342 5343 5378 5377
4942  3 2 1 1 5343 5344 5379 5378
4943  3 2 1 1 5344 5345 5380 5379
4944  3 2 1 1 5345 5346 5381 5380
4945  3 2 1 1 5346 5347 5382 5381
4946  3 2 1 1 5347 5348 5383 5382
4947  3 2 1 1 5348 5349 5384 5383
4948  3 2 1 1 5349 5350 5385 5384
4949  3 2 1 1 5350 5351 5386 5385
4950  3 2 1 1 5351 5352 5387 5386
4951  3 2 1 1 5352 5353 5388 5387
4952  3 2 1 1 5353 5354 5389 5388
4953  3 2 1 1 5354 5355 5390 5389
4954  3 2 1 1 5355 5356 5391 5390
4955  3 2 1 1 5356 5357 5392 5391
4956  3 2 1 1 5357 9580 9581 5392
4957  3 2 1 1 4213 5358 5393 4212
4958  3 2 1 1 5358 5359 5394 5393
4959  3 2 1 1 5359 5360 5395 5394
4960  3 2 1 1 5360 5361 5396 5395
4961  3 2 1 1 5361 5362 5397 5396
4962  3 2 1 1 5362 5363 5398 5397
4963  3 2 1 1 5363 5364 5399 5398
4964  3 2 1 1 5364 5365 5400 5399
4965  3 2 1 1 5365 5366 5401 5400
4966  3 2 1 1 5366 5367 5402 5401
4967  3 2 1 1 5367 5368 5403 5402
4968  3 2 1 1 5368 5369 5404 5403
4969  3 2 1 1 5369 5370 5405 5404
4970  3 2 1 1 5370 5371 5406 5405
4971  3 2 1 1 5371 5372 5407 5406
4972  3 2 1 1 5372 5373 5408 5407
4973  3 2 1 1 5373 5374 5409 5408
4974  3 2 1 1 5374 5375 5410 5409
4975  3 2 1 1 5375 5376 5411 5410
4976  3 2 1 1 5376 5377 5412 5411
4977  3 2 1 1 5377 5378 5413 5412
4978  3 2 1 1 5378 5379 5414 5413
4979  3 2 1 1 5379 5380 5415 5414
4980  3 2 1 1 5380 5381 5416 5415
4981  3 2 1 1 5381 5382 5417 5416
4982  3 2 1 1 5382 5383 5418 5417
4983  3 2 1 1 5383 5384 5419 5418
4984  3 2 1 1 5384 5385 5420 5419
4985  3 2 1 1 5385 5386 5421 5420
4986  3 2 1 1 5386 5387 5422 5421
4987  3 2 1 1 5387 5388 5423 5422
4988  3 2 1 1 5388 5389 5424 5423
4989  3 2 1 1 5389 5390 5425 5424
4990  3 2 1 1 5390 5391 5426 5425
4991  3 2 1 1 5391 5392 5427 5426
4992  3 2 1 1 5392 9581 9582 5427
4993  3 2 1 1 4212 5393 5428 4211
4994  3 2 1 1 5393 5394 5429 5428
4995  3 2 1 1 5394 5395 5430 5429
4996  3 2 1 1 5395 5396 5431 5430
4997  3 2 1 1 5396 5397 5432 5431
4998  3 2 1 1 5397 5398 5433 5432
4999  3 2 1 1 5398 5399 5434 5433
5000  3 2 1 1 5399 5400 5435 5434
5001  3 2 1 1 5400 5401 5436 5435
5002  3 2 1 1 5401 5402 5437 5436
5003  3 2 1 1 5402 5403 5438 5437
5004  3 2 1 1 5403 5404 5439 5438
5005  3 2 1 1 5404 5405 5440 5439
5006  3 2 1 1 5405 5406 5441 5440
5007  3 2 1 1 5406 5407 5442 5441
5008  3 2 1 1 5407 5408 5443 5442
5009  3 2 1 1 5408 5409 5444 5443
5010  3 2 1 1 5409 5410 5445 5444
5011  3 2 1 1 5410 5411 5446 5445
5012  3 2 1 1 5411 5412 5447 5446
5013  3 2 1 1 5412 5413 5448 5447
5014  3 2 1 1 5413 5414 5449 5448
5015  3 2 1 1 5414 5415 5450 5449
5016  3 2 1 1 5415 5416 5451 5450
5017  3 2 1 1 5416 5417 5452 5451
5018  3 2 1 1 5417 5418 5453 5452
5019  3 2 1 1 5418 5419 5454 5453
5020  3 2 1 1 5419 5420 5455 5454
5021  3 2 1 1 5420 5421 5456 5455
5022  3 2 1 1 5421 5422 5457 5456
5023  3 2 1 1 5422 5423 5458 5457
5024  3 2 1 1 5423 5424 5459 5458
5025  3 2 1 1 5424 5425 5460 5459
5026  3 2 1 1 5425 5426 5461 5460
5027  3 2 1 1 5426 5427 5462 5461
5028  3 2 1 1 5427 9582 9583 5462
5029  3 2 1 1 4211 5428 5463 4210
5030  3 2 1 1 5428 5429 5464 5463
5031  3 2 1 1 5429 5430 5465 5464
5032  3 2 1 1 5430 5431 5466 5465
5033  3 2 1 1 5431 5432 5467 5466
5034  3 2 1 1 5432 5433 5468 5467
5035  3 2 1 1 5433 5434 5469 5468
5036  3 2 1 1 5434 5435 5470 5469
5037  3 2 1 1 5435 5436 5471 5470
5038  3 2 1 1 5436 5437 5472 5471
5039  3 2 1 1 5437 5438 5473 5472
5040  3 2 1 1 5438 5439 5474 5473
5041  3 2 1 1 5439 5440 5475 5474
5042  3 2 1 1 5440 5441 5476 5475
5043  3 2 1 1 5441 5442 5477 5476
5044  3 2 1 1 5442 5443 5478 5477
5045  3 2 1 1 5443 5444 5479 5478
5046  3 2 1 1 5444 5445 5480 5479
5047  3 2 1 1 5445 5446 5481 5480
5048  3 2 1 1 5446 5447 5482 5481
5049  3 2 1 1 5447 5448 5483 5482
5050  3 2 1 1 5448 5449 5484 5483
5051  3 2 1 1 5449 5450 5485 5484
5052  3 2 1 1 5450 5451 5486 5485
5053  3 2 1 1 5451 5452 5487 5486
5054  3 2 1 1 5452 5453 5488 5487
5055  3 2 1 1 5453 5454 5489 5488
5056  3 2 1 1 5454 5455 5490 5489
5057  3 2 1 1 5455 5456 5491 5490
5058  3 2 1 1 5456 5457 5492 5491
5059  3 2 1 1 5457 5458 5493 5492
5060  3 2 1 1 5458 5459 5494 5493
5061  3 2 1 1 5459 5460 5495 5494
5062  3 2 1 1 5460 5461 5496 5495
5063  3 2 1 1 5461 5462 5497 5496
5064  3 2 1 1 5462 9583 9584 5497
5065  3 2 1 1 4210 5463 5498 4209
5066  3 2 1 1 5463 5464 5499 5498
5067  3 2 1 1 5464 5465 5500 5499
5068  3 2 1 1 5465 5466 5501 5500
5069  3 2 1 1 5466 5467 5502 5501
5070  3 2 1 1 5467 5468 5503 5502
5071  3 2 1 1 5468 5469 5504 5503
5072  3 2 1 1 5469 5470 5505 5504
5073  3 2 1 1 5470 5471 5506 5505
5074  3 2 1 1 5471 5472 5507 5506
5075  3 2 1 1 5472 5473 5508 5507
5076  3 2 1 1 5473 5474 5509 5508
5077  3 2 1 1 5474 5475 5510 5509
5078  3 2 1 1 5475 5476 5511 5510
5079  3 2 1 1 5476 5477 5512 5511
5080  3 2 1 1 5477 5478 5513 5512
5081  3 2 1 1 5478 5479 5514 5513
5082  3 2 1 1 5479 5480 5515 5514
5083  3 2 1 1 5480 5481 5516 5515
5084  3 2 1 1 5481 5482 5517 5516
5085  3 2 1 1 5482 5483 5518 5517
5086  3 2 1 1 5483 5484 5519 5518
5087  3 2 1 1 5484 5485 5520 5519
5088  3 2 1 1 5485 5486 5521 5520
5089  3 2 1 1 5486 5487 5522 5521
5090  3 2 1 1 5487 5488 5523 5522
5091  3 2 1 1 5488 5489 5524 5523
5092  3 2 1 1 5489 5490 5525 5524
5093  3 2 1 1 5490 5491 5526 5525
5094  3 2 1 1 5491 5492 5527 5526
5095  3 2 1 1 5492 5493 5528 5527
5096  3 2 1 1 5493 5494 5529 5528
5097  3 2 1 1 5494 5495 5530 5529
5098  3 2 1 1 5495 5496 5531 5530
5099  3 2 1 1 5496 5497 5532 5531
5100  3 2 1 1 5497 9584 9585 5532
5101  3 2 1 1 4209 5498 5533 4208
5102  3 2 1 1 5498 5499 5534 5533
5103  3 2 1 1 5499 5500 5535 5534
5104  3 2 1 1 5500 5501 5536 5535
5105  3 2 1 1 5501 5502 5537 5536
5106  3 2 1 1 5502 5503 5538 5537
5107  3 2 1 1 5503 5504 5539 5538
5108  3 2 1 1 5504 5505 5540 5539
5109  3 2 1 1 5505 5506 5541 5540
5110  3 2 1 1 5506 5507 5542 5541
5111  3 2 1 1 5507 5508 5543 5542
5112  3 2 1 1 5508 5509 5544 5543
5113  3 2 1 1 5509 5510 5545 5544
5114  3 2 1 1 5510 5511 5546 5545
5115  3 2 1 1 5511 5512 5547 5546
5116  3 2 1 1 5512 5513 5548 5547
5117  3 2 1 1 5513 5514 5549 5548
5118  3 2 1 1 5514 5515 5550 5549
5119  3 2 1 1 5515 5516 5551 5550
5120  3 2 1 1 5516 5517 5552 5551
5121  3 2 1 1 5517 5518 5553 5552
5122  3 2 1 1 5518 5519 5554 5553
5123  3 2 1 1 5519 5520 5555 5554
5124  3 2 1 1 5520 5521 5556 5555
5125  3 2 1 1 5521 5522 5557 5556
5126  3 2 1 1 5522 5523 5558 5557
5127  3 2 1 1 5523 5524 5559 5558
5128  3 2 1 1 5524 5525 5560 5559
5129  3 2 1 1 5525 5526 5561 5560
5130  3 2 1 1 5526 5527 5562 5561
5131  3 2 1 1 5527 5528 5563 5562
5132  3 2 1 1 5528 5529 5564 5563
5133  3 2 1 1 5529 5530 5565 5564
5134  3 2 1 1 5530 5531 5566 5565
5135  3 2 1 1 5531 5532 5567 5566
5136  3 2 1 1 5532 9585 9586 5567
5137  3 2 1 1 4208 5533 5568 4207
5138  3 2 1 1 5533 5534 5569 5568
5139  3 2 1 1 5534 5535 5570 5569
5140  3 2 1 1 5535 5536 5571 5570
5141  3 2 1 1 5536 5537 5572 5571
5142  3 2 1 1 5537 5538 5573 5572
5143  3 2 1 1 5538 5539 5574 5573
5144  3 2 1 1 5539 5540 5575 5574
5145  3 2 1 1 5540 5541 5576 5575
5146  3 2 1 1 5541 5542 5577 5576
5147  3 2 1 1 5542 5543 5578 5577
5148  3 2 1 1 5543 5544 5579 5578
5149  3 2 1 1 5544 5545 5580 5579
5150  3 2 1 1 5545 5546 5581 5580
5151  3 2 1 1 5546 5547 5582 5581
5152  3 2 1 1 5547 5548 5583 5582
5153  3 2 1 1 5548 5549 5584 5583
5154  3 2 1 1 5549 5550 5585 5584
5155  3 2 1 1 5550 5551 5586 5585
5156  3 2 1 1 5551 5552 5587 5586
5157  3 2 1 1 5552 5553 5588 5587
5158  3 2 1 1 5553 5554 5589 5588
5159  3 2 1 1 5554 5555 5590 5589
5160  3 2 1 1 5555 5556 5591 5590
5161  3 2 1 1 5556 5557 5592 5591
5162  3 2 1 1 5557 5558 5593 5592
5163  3 2 1 1 5558 5559 5594 5593
5164  3 2 1 1 5559 5560 5595 5594
5165  3 2 1 1 5560 5561 5596 5595
5166  3 2 1 1 5561 5562 5597 5596
5167  3 2 1 1 5562 5563 5598 5597
5168  3 2 1 1 5563 5564 5599 5598
5169  3 2 1 1 5564 5565 5600 5599
5170  3 2 1 1 5565 5566 5601 5600
5171  3 2 1 1 5566 5567 5602 5601
5172  3 2 1 1 5567 9586 9587 5602
5173  3 2 1 1 4207 5568 5603 4206
5174  3 2 1 1 5568 5569 5604 5603
5175  3 2 1 1 5569 5570 5605 5604
5176  3 2 1 1 5570 5571 5606 5605
5177  3 2 1 1 5571 5572 5607 5606
5178  3 2 1 1 5572 5573 5608 5607
5179  3 2 1 1 5573 5574 5609 5608
5180  3 2 1 1 5574 5575 5610 5609
5181  3 2 1 1 5575 5576 5611 5610
5182  3 2 1 1 5576 5577 5612 5611
5183  3 2 1 1 5577 5578 5613 5612
5184  3 2 1 1 5578 5579 5614 5613
5185  3 2 1 1 5579 5580 5615 5614
5186  3 2 1 1 5580 5581 5616 5615
5187  3 2 1 1 5581 5582 5617 5616
5188  3 2 1 1 5582 5583 5618 5617
5189  3 2 1 1 5583 5584 5619 5618
5190  3 2 1 1 5584 5585 5620 5619
5191  3 2 1 1 5585 5586 5621 5620
5192  3 2 1 1 5586 5587 5622 5621
5193  3 2 1 1 5587 5588 5623 5622
5194  3 2 1 1 5588 5589 5624 5623
5195  3 2 1 1 5589 5590 5625 5624
5196  3 2 1 1 5590 5591 5626 5625
5197  3 2 1 1 5591 5592 5627 5626
5198  3 2 1 1 5592 5593 5628 5627
5199  3 2 1 1 5593 5594 5629 5628
5200  3 2 1 1 5594 5595 5630 5629
5201  3 2 1 1 5595 5596 5631 5630
5202  3 2 1 1 5596 5597 5632 5631
5203  3 2 1 1 5597 5598 5633 5632
5204  3 2 1 1 5598 5599 5634 5633
5205  3 2 1 1 5599 5600 5635 5634
5206  3 2 1 1 5600 5601 5636 5635
5207  3 2 1 1 5601 5602 5637 5636
5208  3 2 1 1 5602 9587 9588 5637
5209  3 2 1 1 4206 5603 5638 4205
5210  3 2 1 1 5603 5604 5639 5638
5211  3 2 1 1 5604 5605 5640 5639
5212  3 2 1 1 5605 5606 5641 5640
5213  3 2 1 1 5606 5607 5642 5641
5214  3 2 1 1 5607 5608 5643 5642
5215  3 2 1 1 5608 5609 5644 5643
5216  3 2 1 1 5609 5610 5645 5644
5217  3 2 1 1 5610 5611 5646 5645
5218  3 2 1 1 5611 5612 5647 5646
5219  3 2 1 1 5612 5613 5648 5647
5220  3 2 1 1 5613 5614 5649 5648
5221  3 2 1 1 5614 5615 5650 5649
5222  3 2 1 1 5615 5616 5651 5650
5223  3 2 1 1 5616 5617 5652 5651
5224  3 2 1 1 5617 5618 5653 5652
5225  3 2 1 1 5618 5619 5654 5653
5226  3 2 1 1 5619 5620 5655 5654
5227  3 2 1 1 5620 5621 5656 5655
5228  3 2 1 1 5621 5622 5657 5656
5229  3 2 1 1 5622 5623 5658 5657
5230  3 2 1 1 5623 5624 5659 5658
5231  3 2 1 1 5624 5625 5660 5659
5232  3 2 1 1 5625 5626 5661 5660
5233  3 2 1 1 5626 5627 5662 5661
5234  3 2 1 1 5627 5628 5663 5662
5235  3 2 1 1 5628 5629 5664 5663
5236  3 2 1 1 5629 5630 5665 5664
5237  3 2 1 1 5630 5631 5666 5665
5238  3 2 1 1 5631 5632 5667 5666
5239  3 2 1 1 5632 5633 5668 5667
5240  3 2 1 1 5633 5634 5669 5668
5241  3 2 1 1 5634 5635 5670 5669
5242  3 2 1 1 5635 5636 5671 5670
5243  3 2 1 1 5636 5637 5672 5671
5244  3 2 1 1 5637 9588 9589 5672
5245  3 2 1 1 4205 5638 5673 4204
5246  3 2 1 1 5638 5639 5674 5673
5247  3 2 1 1 5639 5640 5675 5674
5248  3 2 1 1 5640 5641 5676 5675
5249  3 2 1 1 5641 5642 5677 5676
5250  3 2 1 1 5642 5643 5678 5677
5251  3 2 1 1 5643 5644 5679 5678
5252  3 2 1 1 5644 5645 5680 5679
5253  3 2 1 1 5645 5646 5681 5680
5254  3 2 1 1 5646 5647 5682 5681
5255  3 2 1 1 5647 5648 5683 5682
5256  3 2 1 1 5648 5649 5684 5683
5257  3 2 1 1 5649 5650 5685 5684
5258  3 2 1 1 5650 5651 5686 5685
5259  3 2 1 1 5651 5652 5687 5686
5260  3 2 1 1 5652 5653 5688 5687
5261  3 2 1 1 5653 5654 5689 5688
5262  3 2 1 1 5654 5655 5690 5689
5263  3 2 1 1 5655 5656 5691 5690
5264  3 2 1 1 5656 5657 5692 5691
5265  3 2 1 1 5657 5658 5693 5692
5266  3 2 1 1 5658 5659 5694 5693
5267  3 2 1 1 5659 5660 5695 5694
5268  3 2 1 1 5660 5661 5696 5695
5269  3 2 1 1 5661 5662 5697 5696
5270  3 2 1 1 5662 5663 5698 5697
5271  3 2 1 1 5663 5664 5699 5698
5272  3 2 1 1 5664 5665 5700 5699
5273  3 2 1 1 5665 5666 5701 5700
5274  3 2 1 1 5666 5667 5702 5701
5275  3 2 1 1 5667 5668 5703 5702
5276  3 2 1 1 5668 5669 5704 5703
5277  3 2 1 1 5669 5670 5705 5704
5278  3 2 1 1 5670 5671 5706 5705
5279  3 2 1 1 5671 5672 5707 5706
5280  3 2 1 1 5672 9589 9590 5707
5281  3 2 1 1 4204 5673 5708 4203
5282  3 2 1 1 5673 5674 5709 5708
5283  3 2 1 1 5674 5675 5710 5709
5284  3 2 1 1 5675 5676 5711 5710
5285  3 2 1 1 5676 5677 5712 5711
5286  3 2 1 1 5677 5678 5713 5712
5287  3 2 1 1 5678 5679 5714 5713
5288  3 2 1 1 5679 5680 5715 5714
5289  3 2 1 1 5680 5681 5716 5715
5290  3 2 1 1 5681 5682 5717 5716
5291  3 2 1 1 5682 5683 5718 5717
5292  3 2 1 1 5683 5684 5719 5718
5293  3 2 1 1 5684 5685 5720 5719
5294  3 2 1 1 5685 5686 5721 5720
5295  3 2 1 1 5686 5687 5722 5721
5296  3 2 1 1 5687 5688 5723 5722
5297  3 2 1 1 5688 5689 5724 5723
5298  3 2 1 1 5689 5690 5725 5724
5299  3 2 1 1 5690 5691 5726 5725
5300  3 2 1 1 5691 5692 5727 5726
5301  3 2 1 1 5692 5693 5728 5727
5302  3 2 1 1 5693 5694 5729 5728
5303  3 2 1 1 5694 5695 5730 5729
5304  3 2 1 1 5695 5696 5731 5730
5305  3 2 1 1 5696 5697 5732 5731
5306  3 2 1 1 5697 5698 5733 5732
5307  3 2 1 1 5698 5699 5734 5733
5308  3 2 1 1 5699 5700 5735 5734
5309  3 2 1 1 5700 5701 5736 5735
5310  3 2 1 1 5701 5702 5737 5736
5311  3 2 1 1 5702 5703 5738 5737
5312  3 2 1 1 5703 5704 5739 5738
5313  3 2 1 1 5704 5705 5740 5739
5314  3 2 1 1 5705 5706 5741 5740
5315  3 2 1 1 5706 5707 5742 5741
5316  3 2 1 1 5707 9590 9591 5742
5317  3 2 1 1 4203 5708 5743 4202
5318  3 2 1 1 5708 5709 5744 5743
5319  3 2 1 1 5709 5710 5745 5744
5320  3 2 1 1 5710 5711 5746 5745
5321  3 2 1 1 5711 5712 5747 5746
5322  3 2 1 1 5712 5713 5748 5747
5323  3 2 1 1 5713 5714 5749 5748
5324  3 2 1 1 5714 5715 5750 5749
5325  3 2 1 1 5715 5716 5751 5750
5326  3 2 1 1 5716 5717 5752 5751
5327  3 2 1 1 5717 5718 5753 5752
5328  3 2 1 1 5718 5719 5754 5753
5329  3 2 1 1 5719 5720 5755 5754
5330  3 2 1 1 5720 5721 5756 5755
5331  3 2 1 1 5721 5722 5757 5756
5332  3 2 1 1 5722 5723 5758 5757
5333  3 2 1 1 5723 5724 5759 5758
5334  3 2 1 1 5724 5725 5760 5759
5335  3 2 1 1 5725 5726 5761 5760
5336  3 2 1 1 5726 5727 5762 5761
5337  3 2 1 1 5727 5728 5763 5762
5338  3 2 1 1 5728 5729 5764 5763
5339  3 2 1 1 5729 5730 5765 5764
5340  3 2 1 1 5730 5731 5766 5765
5341  3 2 1 1 5731 5732 5767 5766
5342  3 2 1 1 5732 5733 5768 5767
5343  3 2 1 1 5733 5734 5769 5768
5344  3 2 1 1 5734 5735 5770 5769
5345  3 2 1 1 5735 5736 5771 5770
5346  3 2 1 1 5736 5737 5772 5771
5347  3 2 1 1 5737 5738 5773 5772
5348  3 2 1 1 5738 5739 5774 5773
5349  3 2 1 1 5739 5740 5775 5774
5350  3 2 1 1 5740 5741 5776 5775
5351  3 2 1 1 5741 5742 5777 5776
5352  3 2 1 1 5742 9591 9592 5777
5353  3 2 1 1 4202 5743 5778 4201
5354  3 2 1 1 5743 5744 5779 5778
5355  3 2 1 1 5744 5745 5780 5779
5356  3 2 1 1 5745 5746 5781 5780
5357  3 2 1 1 5746 5747 5782 5781
5358  3 2 1 1 5747 5748 5783 5782
5359  3 2 1 1 5748 5749 5784 5783
5360  3 2 1 1 5749 5750 5785 5784
5361  3 2 1 1 5750 5751 5786 5785
5362  3 2 1 1 5751 5752 5787 5786
5363  3 2 1 1 5752 5753 5788 5787
5364  3 2 1 1 5753 5754 5789 5788
5365  3 2 1 1 5754 5755 5790 5789
5366  3 2 1 1 5755 5756 5791 5790
5367  3 2 1 1 5756 5757 5792 5791
5368  3 2 1 1 5757 5758 5793 5792
5369  3 2 1 1 5758 5759 5794 5793
5370  3 2 1 1 5759 5760 5795 5794
5371  3 2 1 1 5760 5761 5796 5795
5372  3 2 1 1 5761 5762 5797 5796
5373  3 2 1 1 5762 5763 5798 5797
5374  3 2 1 1 5763 5764 5799 5798
5375  3 2 1 1 5764 5765 5800 5799
5376  3 2 1 1 5765 5766 5801 5800
5377  3 2 1 1 5766 5767 5802 5801
5378  3 2 1 1 5767 5768 5803 5802
5379  3 2 1 1 5768 5769 5804 5803
5380  3 2 1 1 5769 5770 5805 5804
5381  3 2 1 1 5770 5771 5806 5805
5382  3 2 1 1 5771 5772 5807 5806
5383  3 2 1 1 5772 5773 5808 5807
5384  3 2 1 1 5773 5774 5809 5808
5385  3 2 1 1 5774 5775 5810 5809
5386  3 2 1 1 5775 5776 5811 5810
5387  3 2 1 1 5776 5777 5812 5811
5388  3 2 1 1 5777 9592 9593 5812
5389  3 2 1 1 4201 5778 5813 4200
5390  3 2 1 1 5778 5779 5814 5813
5391  3 2 1 1 5779 5780 5815 5814
5392  3 2 1 1 5780 5781 5816 5815
5393  3 2 1 1 5781 5782 5817 5816
5394  3 2 1 1 5782 5783 5818 5817
5395  3 2 1 1 5783 5784 5819 5818
5396  3 2 1 1 5784 5785 5820 5819
5397  3 2 1 1 5785 5786 5821 5820
5398  3 2 1 1 5786 5787 5822 5821
5399  3 2 1 1 5787 5788 5823 5822
5400  3 2 1 1 5788 5789 5824 5823
5401  3 2 1 1 5789 5790 5825 5824
5402  3 2 1 1 5790 5791 5826 5825
5403  3 2 1 1 5791 5792 5827 5826
5404  3 2 1 1 5792 5793 5828 5827
5405  3 2 1 1 5793 5794 5829 5828
5406  3 2 1 1 5794 5795 5830 5829
5407  3 2 1 1 5795 5796 5831 5830
5408  3 2 1 1 5796 5797 5832 5831
5409  3 2 1 1 5797 5798 5833 5832
5410  3 2 1 1 5798 5799 5834 5833
5411  3 2 1 1 5799 5800 5835 5834
5412  3 2 1 1 5800 5801 5836 5835
5413  3 2 1 1 5801 5802 5837 5836
5414  3 2 1 1 5802 5803 5838 5837
5415  3 2 1 1 5803 5804 5839 5838
5416  3 2 1 1 5804 5805 5840 5839
5417  3 2 1 1 5805 5806 5841 5840
5418  3 2 1 1 5806 5807 5842 5841
5419  3 2 1 1 5807 5808 5843 5842
5420  3 2 1 1 5808 5809 5844 5843
5421  3 2 1 1 5809 5810 5845 5844
5422  3 2 1 1 5810 5811 5846 5845
5423  3 2 1 1 5811 5812 5847 5846
5424  3 2 1 1 5812 9593 9594 5847
5425  3 2 1 1 4200 5813 5848 4199
5426  3 2 1 1 5813 5814 5849 5848
5427  3 2 1 1 5814 5815 5850 5849
5428  3 2 1 1 5815 5816 5851 5850
5429  3 2 1 1 5816 5817 5852 5851
5430  3 2 1 1 5817 5818 5853 5852
5431  3 2 1 1 5818 5819 5854 5853
5432  3 2 1 1 5819 5820 5855 5854
5433  3 2 1 1 5820 5821 5856 5855
5434  3 2 1 1 5821 5822 5857 5856
5435  3 2 1 1 5822 5823 5858 5857
5436  3 2 1 1 5823 5824 5859 5858
5437  3 2 1 1 5824 5825 5860 5859
5438  3 2 1 1 5825 5826 5861 5860
5439  3 2 1 1 5826 5827 5862 5861
5440  3 2 1 1 5827 5828 5863 5862
5441  3 2 1 1 5828 5829 5864 5863
5442  3 2 1 1 5829 5830 5865 5864
5443  3 2 1 1 5830 5831 5866 5865
5444  3 2 1 1 5831 5832 5867 5866
5445  3 2 1 1 5832 5833 5868 5867
5446  3 2 1 1 5833 5834 5869 5868
5447  3 2 1 1 5834 5835 5870 5869
5448  3 2 1 1 5835 5836 5871 5870
5449  3 2 1 1 5836 5837 5872 5871
5450  3 2 1 1 5837 5838 5873 5872
5451  3 2 1 1 5838 5839 5874 5873
5452  3 2 1 1 5839 5840 5875 5874
5453  3 2 1 1 5840 5841 5876 5875
5454  3 2 1 1 5841 5842 5877 5876
5455  3 2 1 1 5842 5843 5878 5877
5456  3 2 1 1 5843 5844 5879 5878
5457  3 2 1 1 5844 5845 5880 5879
5458  3 2 1 1 5845 5846 5881 5880
5459  3 2 1 1 5846 5847 5882 5881
5460  3 2 1 1 5847 9594 9595 5882
5461  3 2 1 1 4199 5848 5883 4198
5462  3 2 1 1 5848 5849 5884 5883
5463  3 2 1 1 5849 5850 5885 5884
5464  3 2 1 1 5850 5851 5886 5885
5465  3 2 1 1 5851 5852 5887 5886
5466  3 2 1 1 5852 5853 5888 5887
5467  3 2 1 1 5853 5854 5889 5888
5468  3 2 1 1 5854 5855 5890 5889
5469  3 2 1 1 5855 5856 5891 5890
5470  3 2 1 1 5856 5857 5892 5891
5471  3 2 1 1 5857 5858 5893 5892
5472  3 2 1 1 5858 5859 5894 5893
5473  3 2 1 1 5859 5860 5895 5894
5474  3 2 1 1 5860 5861 5896 5895
5475  3 2 1 1 5861 5862 5897 5896
5476  3 2 1 1 5862 5863 5898 5897
5477  3 2 1 1 5863 5864 5899 5898
5478  3 2 1 1 5864 5865 5900 5899
5479  3 2 1 1 5865 5866 5901 5900
5480  3 2 1 1 5866 5867 5902 5901
5481  3 2 1 1 5867 5868 5903 5902
5482  3 2 1 1 5868 5869 5904 5903
5483  3 2 1 1 5869 5870 5905 5904
5484  3 2 1 1 5870 5871 5906 5905
5485  3 2 1 1 5871 5872 5907 5906
5486  3 2 1 1 5872 5873 5908 5907
5487  3 2 1 1 5873 5874 5909 5908
5488  3 2 1 1 5874 5875 5910 5909
5489  3 2 1 1 5875 5876 5911 5910
5490  3 2 1 1 5876 5877 5912 5911
5491  3 2 1 1 5877 5878 5913 5912
5492  3 2 1 1 5878 5879 5914 5913
5493  3 2 1 1 5879 5880 5915 5914
5494  3 2 1 1 5880 5881 5916 5915
5495  3 2 1 1 5881 5882 5917 5916
5496  3 2 1 1 5882 9595 9596 5917
5497  3 2 1 1 4198 5883 5918 4197
5498  3 2 1 1 5883 5884 5919 5918
5499  3 2 1 1 5884 5885 5920 5919
5500  3 2 1 1 5885 5886 5921 5920
5501  3 2 1 1 5886 5887 5922 5921
5502  3 2 1 1 5887 5888 5923 5922
5503  3 2 1 1 5888 5889 5924 5923
5504  3 2 1 1 5889 5890 5925 5924
5505  3 2 1 1 5890 5891 5926 5925
5506  3 2 1 1 5891 5892 5927 5926
5507  3 2 1 1 5892 5893 5928 5927
5508  3 2 1 1 5893 5894 5929 5928
5509  3 2 1 1 5894 5895 5930 5929
5510  3 2 1 1 5895 5896 5931 5930
5511  3 2 1 1 5896 5897 5932 5931
5512  3 2 1 1 5897 5898 5933 5932
5513  3 2 1 1 5898 5899 5934 5933
5514  3 2 1 1 5899 5900 5935 5934
5515  3 2 1 1 5900 5901 5936 5935
5516  3 2 1 1 5901 5902 5937 5936
5517  3 2 1 1 5902 5903 5938 5937
5518  3 2 1 1 5903 5904 5939 5938
5519  3 2 1 1 5904 5905 5940 5939
5520  3 2 1 1 5905 5906 5941 5940
5521  3 2 1 1 5906 5907 5942 5941
5522  3 2 1 1 5907 5908 5943 5942
5523  3 2 1 1 5908 5909 5944 5943
5524  3 2 1 1 5909 5910 5945 5944
5525  3 2 1 1 5910 5911 5946 5945
5526  3 2 1 1 5911 5912 5947 5946
5527  3 2 1 1 5912 5913 5948 5947
5528  3 2 1 1 5913 5914 5949 5948
5529  3 2 1 1 5914 5915 5950 5949
5530  3 2 1 1 5915 5916 5951 5950
5531  3 2 1 1 5916 5917 5952 5951
5532  3 2 1 1 5917 9596 9597 5952
5533  3 2 1 1 4197 5918 5953 4196
5534  3 2 1 1 5918 5919 5954 5953
5535  3 2 1 1 5919 5920 5955 5954
5536  3 2 1 1 5920 5921 5956 5955
5537  3 2 1 1 5921 5922 5957 5956
5538  3 2 1 1 5922 5923 5958 5957
5539  3 2 1 1 5923 5924 5959 5958
5540  3 2 1 1 5924 5925 5960 5959
5541  3 2 1 1 5925 5926 5961 5960
5542  3 2 1 1 5926 5927 5962 5961
5543  3 2 1 1 5927 5928 5963 5962
5544  3 2 1 1 5928 5929 5964 5963
5545  3 2 1 1 5929 5930 5965 5964
5546  3 2 1 1 5930 5931 5966 5965
5547  3 2 1 1 5931 5932 5967 5966
5548  3 2 1 1 5932 5933 5968 5967
5549  3 2 1 1 5933 5934 5969 5968
5550  3 2 1 1 5934 5935 5970 5969
5551  3 2 1 1 5935 5936 5971 5970
5552  3 2 1 1 5936 5937 5972 5971
5553  3 2 1 1 5937 5938 5973 5972
5554  3 2 1 1 5938 5939 5974 5973
5555  3 2 1 1 5939 5940 5975 5974
5556  3 2 1 1 5940 5941 5976 5975
5557  3 2 1 1 5941 5942 5977 5976
5558  3 2 1 1 5942 5943 5978 5977
5559  3 2 1 1 5943 5944 5979 5978
5560  3 2 1 1 5944 5945 5980 5979
5561  3 2 1 1 5945 5946 5981 5980
5562  3 2 1 1 5946 5947 5982 5981
5563  3 2 1 1 5947 5948 5983 5982
5564  3 2 1 1 5948 5949 5984 5983
5565  3 2 1 1 5949 5950 5985 5984
5566  3 2 1 1 5950 5951 5986 5985
5567  3 2 1 1 5951 5952 5987 5986
5568  3 2 1 1 5952 9597 9598 5987
5569  3 2 1 1 4196 5953 5988 4195
5570  3 2 1 1 5953 5954 5989 5988
5571  3 2 1 1 5954 5955 5990 5989
5572  3 2 1 1 5955 5956 5991 5990
5573  3 2 1 1 5956 5957 5992 5991
5574  3 2 1 1 5957 5958 5993 5992
5575  3 2 1 1 5958 5959 5994 5993
5576  3 2 1 1 5959 5960 5995 5994
5577  3 2 1 1 5960 5961 5996 5995
5578  3 2 1 1 5961 5962 5997 5996
5579  3 2 1 1 5962 5963 5998 5997
5580  3 2 1 1 5963 5964 5999 5998
5581  3 2 1 1 5964 5965 6000 5999
5582  3 2 1 1 5965 5966 6001 6000
5583  3 2 1 1 5966 5967 6002 6001
5584  3 2 1 1 5967 5968 6003 6002
5585  3 2 1 1 5968 5969 6004 6003
5586  3 2 1 1 5969 5970 6005 6004
5587  3 2 1 1 5970 5971 6006 6005
5588  3 2 1 1 5971 5972 6007 6006
5589  3 2 1 1 5972 5973 6008 6007
5590  3 2 1 1 5973 5974 6009 6008
5591  3 2 1 1 5974 5975 6010 6009
5592  3 2 1 1 5975 5976 6011 6010
5593  3 2 1 1 5976 5977 6012 6011
5594  3 2 1 1 5977 5978 6013 6012
5595  3 2 1 1 5978 5979 6014 6013
5596  3 2 1 1 5979 5980 6015 6014
5597  3 2 1 1 5980 5981 6016 6015
5598  3 2 1 1 5981 5982 6017 6016
5599  3 2 1 1 5982 5983 6018 6017
5600  3 2 1 1 5983 5984 6019 6018
5601  3 2 1 1 5984 5985 6020 6019
5602  3 2 1 1 5985 5986 6021 6020
5603  3 2 1 1 5986 5987 6022 6021
5604  3 2 1 1 5987 9598 9599 6022
5605  3 2 1 1 4195 5988 6023 4194
5606  3 2 1 1 5988 5989 6024 6023
5607  3 2 1 1 5989 5990 6025 6024
5608  3 2 1 1 5990 5991 6026 6025
5609  3 2 1 1 5991 5992 6027 6026
5610  3 2 1 1 5992 5993 6028 6027
5611  3 2 1 1 5993 5994 6029 6028
5612  3 2 1 1 5994 5995 6030 6029
5613  3 2 1 1 5995 5996 6031 6030
5614  3 2 1 1 5996 5997 6032 6031
5615  3 2 1 1 5997 5998 6033 6032
5616  3 2 1 1 5998 5999 6034 6033
5617  3 2 1 1 5999 6000 6035 6034
5618  3 2 1 1 6000 6001 6036 6035
5619  3 2 1 1 6001 6002 6037 6036
5620  3 2 1 1 6002 6003 6038 6037
5621  3 2 1 1 6003 6004 6039 6038
5622  3 2 1 1 6004 6005 6040 6039
5623  3 2 1 1 6005 6006 6041 6040
5624  3 2 1 1 6006 6007 6042 6041
5625  3 2 1 1 6007 6008 6043 6042
5626  3 2 1 1 6008 6009 6044 6043
5627  3 2 1 1 6009 6010 6045 6044
5628  3 2 1 1 6010 6011 6046 6045
5629  3 2 1 1 6011 6012 6047 6046
5630  3 2 1 1 6012 6013 6048 6047
5631  3 2 1 1 6013 6014 6049 6048
5632  3 2 1 1 6014 6015 6050 6049
5633  3 2 1 1 6015 6016 6051 6050
5634  3 2 1 1 6016 6017 6052 6051
5635  3 2 1 1 6017 6018 6053 6052
5636  3 2 1 1 6018 6019 6054 6053
5637  3 2 1 1 6019 6020 6055 6054
5638  3 2 1 1 6020 6021 6056 6055
5639  3 2 1 1 6021 6022 6057 6056
5640  3 2 1 1 6022 9599 9600 6057
5641  3 2 1 1 4194 6023 6058 4193
5642  3 2 1 1 6023 6024 6059 6058
5643  3 2 1 1 6024 6025 6060 6059
5644  3 2 1 1 6025 6026 6061 6060
5645  3 2 1 1 6026 6027 6062 6061
5646  3 2 1 1 6027 6028 6063 6062
5647  3 2 1 1 6028 6029 6064 6063
5648  3 2 1 1 6029 6030 6065 6064
5649  3 2 1 1 6030 6031 6066 6065
5650  3 2 1 1 6031 6032 6067 6066
5651  3 2 1 1 6032 6033 6068 6067
5652  3 2 1 1 6033 6034 6069 6068
5653  3 2 1 1 6034 6035 6070 6069
5654  3 2 1 1 6035 6036 6071 6070
5655  3 2 1 1 6036 6037 6072 6071
5656  3 2 1 1 6037 6038 6073 6072
5657  3 2 1 1 6038 6039 6074 6073
5658  3 2 1 1 6039 6040 6075 6074
5659  3 2 1 1 6040 6041 6076 6075
5660  3 2 1 1 6041 6042 6077 6076
5661  3 2 1 1 6042 6043 6078 6077
5662  3 2 1 1 6043 6044 6079 6078
5663  3 2 1 1 6044 6045 6080 6079
5664  3 2 1 1 6045 6046 6081 6080
5665  3 2 1 1 6046 6047 6082 6081
5666  3 2 1 1 6047 6048 6083 6082
5667  3 2 1 1 6048 6049 6084 6083
5668  3 2 1 1 6049 6050 6085 6084
5669  3 2 1 1 6050 6051 6086 6085
5670  3 2 1 1 6051 6052 6087 6086
5671  3 2 1 1 6052 6053 6088 6087
5672  3 2 1 1 6053 6054 6089 6088
5673  3 2 1 1 6054 6055 6090 6089
5674  3 2 1 1 6055 6056 6091 6090
5675  3 2 1 1 6056 6057 6092 6091
5676  3 2 1 1 6057 9600 9601 6092
5677  3 2 1 1 4193 6058 6093 4192
5678  3 2 1 1 6058 6059 6094 6093
5679  3 2 1 1 6059 6060 6095 6094
5680  3 2 1 1 6060 6061 6096 6095
5681  3 2 1 1 6061 6062 6097 6096
5682  3 2 1 1 6062 6063 6098 6097
5683  3 2 1 1 6063 6064 6099 6098
5684  3 2 1 1 6064 6065 6100 6099
5685  3 2 1 1 6065 6066 6101 6100
5686  3 2 1 1 6066 6067 6102 6101
5687  3 2 1 1 6067 6068 6103 6102
5688  3 2 1 1 6068 6069 6104 6103
5689  3 2 1 1 6069 6070 6105 6104
5690  3 2 1 1 6070 6071 6106 6105
5691  3 2 1 1 6071 6072 6107 6106
5692  3 2 1 1 6072 6073 6108 6107
5693  3 2 1 1 6073 6074 6109 6108
5694  3 2 1 1 6074 6075 6110 6109
5695  3 2 1 1 6075 6076 6111 6110
5696  3 2 1 1 6076 6077 6112 6111
5697  3 2 1 1 6077 6078 6113 6112
5698  3 2 1 1 6078 6079 6114 6113
5699  3 2 1 1 6079 6080 6115 6114
5700  3 2 1 1 6080 6081 6116 6115
5701  3 2 1 1 6081 6082 6117 6116
5702  3 2 1 1 6082 6083 6118 6117
5703  3 2 1 1 6083 6084 6119 6118
5704  3 2 1 1 6084 6085 6120 6119
5705  3 2 1 1 6085 6086 6121 6120
5706  3 2 1 1 6086 6087 6122 6121
5707  3 2 1 1 6087 6088 6123 6122
5708  3 2 1 1 6088 6089 6124 6123
5709  3 2 1 1 6089 6090 6125 6124
5710  3 2 1 1 6090 6091 6126 6125
5711  3 2 1 1 6091 6092 6127 6126
5712  3 2 1 1 6092 9601 9602 6127
5713  3 2 1 1 4192 6093 6128 4191
5714  3 2 1 1 6093 6094 6129 6128
5715  3 2 1 1 6094 6095 6130 6129
5716  3 2 1 1 6095 6096 6131 6130
5717  3 2 1 1 6096 6097 6132 6131
5718  3 2 1 1 6097 6098 6133 6132
5719  3 2 1 1 6098 6099 6134 6133
5720  3 2 1 1 6099 6100 6135 6134
5721  3 2 1 1 6100 6101 6136 6135
5722  3 2 1 1 6101 6102 6137 6136
5723  3 2 1 1 6102 6103 6138 6137
5724  3 2 1 1 6103 6104 6139 6138
5725  3 2 1 1 6104 6105 6140 6139
5726  3 2 1 1 6105 6106 6141 6140
5727  3 2 1 1 6106 6107 6142 6141
5728  3 2 1 1 6107 6108 6143 6142
5729  3 2 1 1 6108 6109 6144 6143
5730  3 2 1 1 6109 6110 6145 6144
5731  3 2 1 1 6110 6111 6146 6145
5732  3 2 1 1 6111 6112 6147 6146
5733  3 2 1 1 6112 6113 6148 6147
5734  3 2 1 1 6113 6114 6149 6148
5735  3 2 1 1 6114 6115 6150 6149
5736  3 2 1 1 6115 6116 6151 6150
5737  3 2 1 1 6116 6117 6152 6151
5738  3 2 1 1 6117 6118 6153 6152
5739  3 2 1 1 6118 6119 6154 6153
5740  3 2 1 1 6119 6120 6155 6154
5741  3 2 1 1 6120 6121 6156 6155
5742  3 2 1 1 6121 6122 6157 6156
5743  3 2 1 1 6122 6123 6158 6157
5744  3 2 1 1 6123 6124 6159 6158
5745  3 2 1 1 6124 6125 6160 6159
5746  3 2 1 1 6125 6126 6161 6160
5747  3 2 1 1 6126 6127 6162 6161
5748  3 2 1 1 6127 9602 9603 6162
5749  3 2 1 1 4191 6128 6163 4190
5750  3 2 1 1 6128 6129 6164 6163
5751  3 2 1 1 6129 6130 6165 6164
5752  3 2 1 1 6130 6131 6166 6165
5753  3 2 1 1 6131 6132 6167 6166
5754  3 2 1 1 6132 6133 6168 6167
5755  3 2 1 1 6133 6134 6169 6168
5756  3 2 1 1 6134 6135 6170 6169
5757  3 2 1 1 6135 6136 6171 6170
5758  3 2 1 1 6136 6137 6172 6171
5759  3 2 1 1 6137 6138 6173 6172
5760  3 2 1 1 6138 6139 6174 6173
5761  3 2 1 1 6139 6140 6175 6174
5762  3 2 1 1 6140 6141 6176 6175
5763  3 2 1 1 6141 6142 6177 6176
5764  3 2 1 1 6142 6143 6178 6177
5765  3 2 1 1 6143 6144 6179 6178
5766  3 2 1 1 6144 6145 6180 6179
5767  3 2 1 1 6145 6146 6181 6180
5768  3 2 1 1 6146 6147 6182 6181
5769  3 2 1 1 6147 6148 6183 6182
5770  3 2 1 1 6148 6149 6184 6183
5771  3 2 1 1 6149 6150 6185 6184
5772  3 2 1 1 6150 6151 6186 6185
5773  3 2 1 1 6151 6152 6187 6186
5774  3 2 1 1 6152 6153 6188 6187
5775  3 2 1 1 6153 6154 6189 6188
5776  3 2 1 1 6154 6155 6190 6189
5777  3 2 1 1 6155 6156 6191 6190
5778  3 2 1 1 6156 6157 6192 6191
5779  3 2 1 1 6157 6158 6193 6192
5780  3 2 1 1 6158 6159 6194 6193
5781  3 2 1 1 6159 6160 6195 6194
5782  3 2 1 1 6160 6161 6196 6195
5783  3 2 1 1 6161 6162 6197 6196
5784  3 2 1 1 6162 9603 9604 6197
5785  3 2 1 1 4190 6163 6198 4189
5786  3 2 1 1 6163 6164 6199 6198
5787  3 2 1 1 6164 6165 6200 6199
5788  3 2 1 1 6165 6166 6201 6200
5789  3 2 1 1 6166 6167 6202 6201
5790  3 2 1 1 6167 6168 6203 6202
5791  3 2 1 1 6168 6169 6204 6203
5792  3 2 1 1 6169 6170 6205 6204
5793  3 2 1 1 6170 6171 6206 6205
5794  3 2 1 1 6171 6172 6207 6206
5795  3 2 1 1 6172 6173 6208 6207
5796  3 2 1 1 6173 6174 6209 6208
5797  3 2 1 1 6174 6175 6210 6209
5798  3 2 1 1 6175 6176 6211 6210
5799  3 2 1 1 6176 6177 6212 6211
5800  3 2 1 1 6177 6178 6213 6212
5801  3 2 1 1 6178 6179 6214 6213
5802  3 2 1 1 6179 6180 6215 6214
5803  3 2 1 1 6180 6181 6216 6215
5804  3 2 1 1 6181 6182 6217 6216
5805  3 2 1 1 6182 6183 6218 6217
5806  3 2 1 1 6183 6184 6219 6218
5807  3 2 1 1 6184 6185 6220 6219
5808  3 2 1 1 6185 6186 6221 6220
5809  3 2 1 1 6186 6187 6222 6221
5810  3 2 1 1 6187 6188 6223 6222
5811  3 2 1 1 6188 6189 6224 6223
5812  3 2 1 1 6189 6190 6225 6224
5813  3 2 1 1 6190 6191 6226 6225
5814  3 2 1 1 6191 6192 6227 6226
5815  3 2 1 1 6192 6193 6228 6227
5816  3 2 1 1 6193 6194 6229 6228
5817  3 2 1 1 6194 6195 6230 6229
5818  3 2 1 1 6195 6196 6231 6230
5819  3 2 1 1 6196 6197 6232 6231
5820  3 2 1 1 6197 9604 9605 6232
5821  3 2 1 1 4189 6198 6233 4188
5822  3 2 1 1 6198 6199 6234 6233
5823  3 2 1 1 6199 6200 6235 6234
5824  3 2 1 1 6200 6201 6236 6235
5825  3 2 1 1 6201 6202 6237 6236
5826  3 2 1 1 6202 6203 6238 6237
5827  3 2 1 1 6203 6204 6239 6238
5828  3 2 1 1 6204 6205 6240 6239
5829  3 2 1 1 6205 6206 6241 6240
5830  3 2 1 1 6206 6207 6242 6241
5831  3 2 1 1 6207 6208 6243 6242
5832  3 2 1 1 6208 6209 6244 6243
5833  3 2 1 1 6209 6210 6245 6244
5834  3 2 1 1 6210 6211 6246 6245
5835  3 2 1 1 6211 6212 6247 6246
5836  3 2 1 1 6212 6213 6248 6247
5837  3 2 1 1 6213 6214 6249 6248
5838  3 2 1 1 6214 6215 6250 6249
5839  3 2 1 1 6215 6216 6251 6250
5840  3 2 1 1 6216 6217 6252 6251
5841  3 2 1 1 6217 6218 6253 6252
5842  3 2 1 1 6218 6219 6254 6253
5843  3 2 1 1 6219 6220 6255 6254
5844  3 2 1 1 6220 6221 6256 6255
5845  3 2 1 1 6221 6222 6257 6256
5846  3 2 1 1 6222 6223 6258 6257
5847  3 2 1 1 6223 6224 6259 6258
5848  3 2 1 1 6224 6225 6260 6259
5849  3 2 1 1 6225 6226 6261 6260
5850  3 2 1 1 6226 6227 6262 6261
5851  3 2 1 1 6227 6228 6263 6262
5852  3 2 1 1 6228 6229 6264 6263
5853  3 2 1 1 6229 6230 6265 6264
5854  3 2 1 1 6230 6231 6266 6265
5855  3 2 1 1 6231 6232 6267 6266
5856  3 2 1 1 6232 9605 9606 6267
5857  3 2 1 1 4188 6233 6268 4187
5858  3 2 1 1 6233 6234 6269 6268
5859  3 2 1 1 6234 6235 6270 6269
5860  3 2 1 1 6235 6236 6271 6270
5861  3 2 1 1 6236 6237 6272 6271
5862  3 2 1 1 6237 6238 6273 6272
5863  3 2 1 1 6238 6239 6274 6273
5864  3 2 1 1 6239 6240 6275 6274
5865  3 2 1 1 6240 6241 6276 6275
5866  3 2 1 1 6241 6242 6277 6276
5867  3 2 1 1 6242 6243 6278 6277
5868  3 2 1 1 6243 6244 6279 6278
5869  3 2 1 1 6244 6245 6280 6279
5870  3 2 1 1 6245 6246 6281 6280
5871  3 2 1 1 6246 6247 6282 6281
5872  3 2 1 1 6247 6248 6283 6282
5873  3 2 1 1 6248 6249 6284 6283
5874  3 2 1 1 6249 6250 6285 6284
5875  3 2 1 1 6250 6251 6286 6285
5876  3 2 1 1 6251 6252 6287 6286
5877  3 2 1 1 6252 6253 6288 6287
5878  3 2 1 1 6253 6254 6289 6288
5879  3 2 1 1 6254 6255 6290 6289
5880  3 2 1 1 6255 6256 6291 6290
5881  3 2 1 1 6256 6257 6292 6291
5882  3 2 1 1 6257 6258 6293 6292
5883  3 2 1 1 6258 6259 6294 6293
5884  3 2 1 1 6259 6260 6295 6294
5885  3 2 1 1 6260 6261 6296 6295
5886  3 2 1 1 6261 6262 6297 6296
5887  3 2 1 1 6262 6263 6298 6297
5888  3 2 1 1 6263 6264 6299 6298
5889  3 2 1 1 6264 6265 6300 6299
5890  3 2 1 1 6265 6266 6301 6300
5891  3 2 1 1 6266 6267 6302 6301
5892  3 2 1 1 6267 9606 9607 6302
5893  3 2 1 1 4187 6268 6303 4186
5894  3 2 1 1 6268 6269 6304 6303
5895  3 2 1 1 6269 6270 6305 6304
5896  3 2 1 1 6270 6271 6306 6305
5897  3 2 1 1 6271 6272 6307 6306
5898  3 2 1 1 6272 6273 6308 6307
5899  3 2 1 1 6273 6274 6309 6308
5900  3 2 1 1 6274 6275 6310 6309
5901  3 2 1 1 6275 6276 6311 6310
5902  3 2 1 1 6276 6277 6312 6311
5903  3 2 1 1 6277 6278 6313 6312
5904  3 2 1 1 6278 6279 6314 6313
5905  3 2 1 1 6279 6280 6315 6314
5906  3 2 1 1 6280 6281 6316 6315
5907  3 2 1 1 6281 6282 6317 6316
5908  3 2 1 1 6282 6283 6318 6317
5909  3 2 1 1 6283 6284 6319 6318
5910  3 2 1 1 6284 6285 6320 6319
5911  3 2 1 1 6285 6286 6321 6320
5912  3 2 1 1 6286 6287 6322 6321
5913  3 2 1 1 6287 6288 6323 6322
5914  3 2 1 1 6288 6289 6324 6323
5915  3 2 1 1 6289 6290 6325 6324
5916  3 2 1 1 6290 6291 6326 6325
5917  3 2 1 1 6291 6292 6327 6326
5918  3 2 1 1 6292 6293 6328 6327
5919  3 2 1 1 6293 6294 6329 6328
5920  3 2 1 1 6294 6295 6330 6329
5921  3 2 1 1 6295 6296 6331 6330
5922  3 2 1 1 6296 6297 6332 6331
5923  3 2 1 1 6297 6298 6333 6332
5924  3 2 1 1 6298 6299 6334 6333
5925  3 2 1 1 6299 6300 6335 6334
5926  3 2 1 1 6300 6301 6336 6335
5927  3 2 1 1 6301 6302 6337 6336
5928  3 2 1 1 6302 9607 9608 6337
5929  3 2 1 1 4186 6303 6338 4185
5930  3 2 1 1 6303 6304 6339 6338
5931  3 2 1 1 6304 6305 6340 6339
5932  3 2 1 1 6305 6306 6341 6340
5933  3 2 1 1 6306 6307 6342 6341
5934  3 2 1 1 6307 6308 6343 6342
5935  3 2 1 1 6308 6309 6344 6343
5936  3 2 1 1 6309 6310 6345 6344
5937  3 2 1 1 6310 6311 6346 6345
5938  3 2 1 1 6311 6312 6347 6346
5939  3 2 1 1 6312 6313 6348 6347
5940  3 2 1 1 6313 6314 6349 6348
5941  3 2 1 1 6314 6315 6350 6349
5942  3 2 1 1 6315 6316 6351 6350
5943  3 2 1 1 6316 6317 6352 6351
5944  3 2 1 1 6317 6318 6353 6352
5945  3 2 1 1 6318 6319 6354 6353
5946  3 2 1 1 6319 6320 6355 6354
5947  3 2 1 1 6320 6321 6356 6355
5948  3 2 1 1 6321 6322 6357 6356
5949  3 2 1 1 6322 6323 6358 6357
5950  3 2 1 1 6323 6324 6359 6358
5951  3 2 1 1 6324 6325 6360 6359
5952  3 2 1 1 6325 6326 6361 6360
5953  3 2 1 1 6326 6327 6362 6361
5954  3 2 1 1 6327 6328 6363 6362
5955  3 2 1 1 6328 6329 6364 6363
5956  3 2 1 1 6329 6330 6365 6364
5957  3 2 1 1 6330 6331 6366 6365
5958  3 2 1 1 6331 6332 6367 6366
5959  3 2 1 1 6332 6333 6368 6367
5960  3 2 1 1 6333 6334 6369 6368
5961  3 2 1 1 6334 6335 6370 6369
5962  3 2 1 1 6335 6336 6371 6370
5963  3 2 1 1 6336 6337 6372 6371
5964  3 2 1 1 6337 9608 9609 6372
5965  3 2 1 1 4185 6338 6373 4184
5966  3 2 1 1 6338 6339 6374 6373
5967  3 2 1 1 6339 6340 6375 6374
5968  3 2 1 1 6340 6341 6376 6375
5969  3 2 1 1 6341 6342 6377 6376
5970  3 2 1 1 6342 6343 6378 6377
5971  3 2 1 1 6343 6344 6379 6378
5972  3 2 1 1 6344 6345 6380 6379
5973  3 2 1 1 6345 6346 6381 6380
5974  3 2 1 1 6346 6347 6382 6381
5975  3 2 1 1 6347 6348 6383 6382
5976  3 2 1 1 6348 6349 6384 6383
5977  3 2 1 1 6349 6350 6385 6384
5978  3 2 1 1 6350 6351 6386 6385
5979  3 2 1 1 6351 6352 6387 6386
5980  3 2 1 1 6352 6353 6388 6387
5981  3 2 1 1 6353 6354 6389 6388
5982  3 2 1 1 6354 6355 6390 6389
5983  3 2 1 1 6355 6356 6391 6390
5984  3 2 1 1 6356 6357 6392 6391
5985  3 2 1 1 6357 6358 6393 6392
5986  3 2 1 1 6358 6359 6394 6393
5987  3 2 1 1 6359 6360 6395 6394
5988  3 2 1 1 6360 6361 6396 6395
5989  3 2 1 1 6361 6362 6397 6396
5990  3 2 1 1 6362 6363 6398 6397
5991  3 2 1 1 6363 6364 6399 6398
5992  3 2 1 1 6364 6365 6400 6399
5993  3 2 1 1 6365 6366 6401 6400
5994  3 2 1 1 6366 6367 6402 6401
5995  3 2 1 1 6367 6368 6403 6402
5996  3 2 1 1 6368 6369 6404 6403
5997  3 2 1 1 6369 6370 6405 6404
5998  3 2 1 1 6370 6371 6406 6405
5999  3 2 1 1 6371 6372 6407 6406
6000  3 2 1 1 6372 9609 9610 6407
6001  3 2 1 1 4184 6373 6408 4183
6002  3 2 1 1 6373 6374 6409 6408
6003  3 2 1 1 6374 6375 6410 6409
6004  3 2 1 1 6375 6376 6411 6410
6005  3 2 1 1 6376 6377 6412 6411
6006  3 2 1 1 6377 6378 6413 6412
6007  3 2 1 1 6378 6379 6414 6413
6008  3 2 1 1 6379 6380 6415 6414
6009  3 2 1 1 6380 6381 6416 6415
6010  3 2 1 1 6381 6382 6417 6416
6011  3 2 1 1 6382 6383 6418 6417
6012  3 2 1 1 6383 6384 6419 6418
6013  3 2 1 1 6384 6385 6420 6419
6014  3 2 1 1 6385 6386 6421 6420
6015  3 2 1 1 6386 6387 6422 6421
6016  3 2 1 1 6387 6388 6423 6422
6017  3 2 1 1 6388 6389 6424 6423
6018  3 2 1 1 6389 6390 6425 6424
6019  3 2 1 1 6390 6391 6426 6425
6020  3 2 1 1 6391 6392 6427 6426
6021  3 2 1 1 6392 6393 6428 6427
6022  3 2 1 1 6393 6394 6429 6428
6023  3 2 1 1 6394 6395 6430 6429
6024  3 2 1 1 6395 6396 6431 6430
6025  3 2 1 1 6396 6397 6432 6431
6026  3 2 1 1 6397 6398 6433 6432
6027  3 2 1 1 6398 6399 6434 6433
6028  3 2 1 1 6399 6400 6435 6434
6029  3 2 1 1 6400 6401 6436 6435
6030  3 2 1 1 6401 6402 6437 6436
6031  3 2 1 1 6402 6403 6438 6437
6032  3 2 1 1 6403 6404 6439 6438
6033  3 2 1 1 6404 6405 6440 6439
6034  3 2 1 1 6405 6406 6441 6440
6035  3 2 1 1 6406 6407 6442 6441
6036  3 2 1 1 6407 9610 9611 6442
6037  3 2 1 1 4183 6408 6443 4182
6038  3 2 1 1 6408 6409 6444 6443
6039  3 2 1 1 6409 6410 6445 6444
6040  3 2 1 1 6410 6411 6446 6445
6041  3 2 1 1 6411 6412 6447 6446
6042  3 2 1 1 6412 6413 6448 6447
6043  3 2 1 1 6413 6414 6449 6448
6044  3 2 1 1 6414 6415 6450 6449
6045  3 2 1 1 6415 6416 6451 6450
6046  3 2 1 1 6416 6417 6452 6451
6047  3 2 1 1 6417 6418 6453 6452
6048  3 2 1 1 6418 6419 6454 6453
6049  3 2 1 1 6419 6420 6455 6454
6050  3 2 1 1 6420 6421 6456 6455
6051  3 2 1 1 6421 6422 6457 6456
6052  3 2 1 1 6422 6423 6458 6457
6053  3 2 1 1 6423 6424 6459 6458
6054  3 2 1 1 6424 6425 6460 6459
6055  3 2 1 1 6425 6426 6461 6460
6056  3 2 1 1 6426 6427 6462 6461
6057  3 2 1 1 6427 6428 6463 6462
6058  3 2 1 1 6428 6429 6464 6463
6059  3 2 1 1 6429 6430 6465 6464
6060  3 2 1 1 6430 6431 6466 6465
6061  3 2 1 1 6431 6432 6467 6466
6062  3 2 1 1 6432 6433 6468 6467
6063  3 2 1 1 6433 6434 6469 6468
6064  3 2 1 1 6434 6435 6470 6469
6065  3 2 1 1 6435 6436 6471 6470
6066  3 2 1 1 6436 6437 6472 6471
6067  3 2 1 1 6437 6438 6473 6472
6068  3 2 1 1 6438 6439 6474 6473
6069  3 2 1 1 6439 6440 6475 6474
6070  3 2 1 1 6440 6441 6476 6475
6071  3 2 1 1 6441 6442 6477 6476
6072  3 2 1 1 6442 9611 9612 6477
6073  3 2 1 1 4182 6443 6478 4181
6074  3 2 1 1 6443 6444 6479 6478
6075  3 2 1 1 6444 6445 6480 6479
6076  3 2 1 1 6445 6446 6481 6480
6077  3 2 1 1 6446 6447 6482 6481
6078  3 2 1 1 6447 6448 6483 6482
6079  3 2 1 1 6448 6449 6484 6483
6080  3 2 1 1 6449 6450 6485 6484
6081  3 2 1 1 6450 6451 6486 6485
6082  3 2 1 1 6451 6452 6487 6486
6083  3 2 1 1 6452 6453 6488 6487
6084  3 2 1 1 6453 6454 6489 6488
6085  3 2 1 1 6454 6455 6490 6489
6086  3 2 1 1 6455 6456 6491 6490
6087  3 2 1 1 6456 6457 6492 6491
6088  3 2 1 1 6457 6458 6493 6492
6089  3 2 1 1 6458 6459 6494 6493
6090  3 2 1 1 6459 6460 6495 6494
6091  3 2 1 1 6460 6461 6496 6495
6092  3 2 1 1 6461 6462 6497 6496
6093  3 2 1 1 6462 6463 6498 6497
6094  3 2 1 1 6463 6464 6499 6498
6095  3 2 1 1 6464 6465 6500 6499
6096  3 2 1 1 6465 6466 6501 6500
6097  3 2 1 1 6466 6467 6502 6501
6098  3 2 1 1 6467 6468 6503 6502
6099  3 2 1 1 6468 6469 6504 6503
6100  3 2 1 1 6469 6470 6505 6504
6101  3 2 1 1 6470 6471 6506 6505
6102  3 2 1 1 6471 6472 6507 6506
6103  3 2 1 1 6472 6473 6508 6507
6104  3 2 1 1 6473 6474 6509 6508
6105  3 2 1 1 6474 6475 6510 6509
6106  3 2 1 1 6475 6476 6511 6510
6107  3 2 1 1 6476 6477 6512 6511
6108  3 2 1 1 6477 9612 9613 6512
6109  3 2 1 1 4181 6478 6513 4180
6110  3 2 1 1 6478 6479 6514 6513
6111  3 2 1 1 6479 6480 6515 6514
6112  3 2 1 1 6480 6481 6516 6515
6113  3 2 1 1 6481 6482 6517 6516
6114  3 2 1 1 6482 6483 6518 6517
6115  3 2 1 1 6483 6484 6519 6518
6116  3 2 1 1 6484 6485 6520 6519
6117  3 2 1 1 6485 6486 6521 6520
6118  3 2 1 1 6486 6487 6522 6521
6119  3 2 1 1 6487 6488 6523 6522
6120  3 2 1 1 6488 6489 6524 6523
6121  3 2 1 1 6489 6490 6525 6524
6122  3 2 1 1 6490 6491 6526 6525
6123  3 2 1 1 6491 6492 6527 6526
6124  3 2 1 1 6492 6493 6528 6527
6125  3 2 1 1 6493 6494 6529 6528
6126  3 2 1 1 6494 6495 6530 6529
6127  3 2 1 1 6495 6496 6531 6530
6128  3 2 1 1 6496 6497 6532 6531
6129  3 2 1 1 6497 6498 6533 6532
6130  3 2 1 1 6498 6499 6534 6533
6131  3 2 1 1 6499 6500 6535 6534
6132  3 2 1 1 6500 6501 6536 6535
6133  3 2 1 1 6501 6502 6537 6536
6134  3 2 1 1 6502 6503 6538 6537
6135  3 2 1 1 6503 6504 6539 6538
6136  3 2 1 1 6504 6505 6540 6539
6137  3 2 1 1 6505 6506 6541 6540
6138  3 2 1 1 6506 6507 6542 6541
6139  3 2 1 1 6507 6508 6543 6542
6140  3 2 1 1 6508 6509 6544 6543
6141  3 2 1 1 6509 6510 6545 6544
6142  3 2 1 1 6510 6511 6546 6545
6143  3 2 1 1 6511 6512 6547 6546
6144  3 2 1 1 6512 9613 9614 6547
6145  3 2 1 1 4180 6513 6548 4179
6146  3 2 1 1 6513 6514 6549 6548
6147  3 2 1 1 6514 6515 6550 6549
6148  3 2 1 1 6515 6516 6551 6550
6149  3 2 1 1 6516 6517 6552 6551
6150  3 2 1 1 6517 6518 6553 6552
6151  3 2 1 1 6518 6519 6554 6553
6152  3 2 1 1 6519 6520 6555 6554
6153  3 2 1 1 6520 6521 6556 6555
6154  3 2 1 1 6521 6522 6557 6556
6155  3 2 1 1 6522 6523 6558 6557
6156  3 2 1 1 6523 6524 6559 6558
6157  3 2 1 1 6524 6525 6560 6559
6158  3 2 1 1 6525 6526 6561 6560
6159  3 2 1 1 6526 6527 6562 6561
6160  3 2 1 1 6527 6528 6563 6562
6161  3 2 1 1 6528 6529 6564 6563
6162  3 2 1 1 6529 6530 6565 6564
6163  3 2 1 1 6530 6531 6566 6565
6164  3 2 1 1 6531 6532 6567 6566
6165  3 2 1 1 6532 6533 6568 6567
6166  3 2 1 1 6533 6534 6569 6568
6167  3 2 1 1 6534 6535 6570 6569
6168  3 2 1 1 6535 6536 6571 6570
6169  3 2 1 1 6536 6537 6572 6571
6170  3 2 1 1 6537 6538 6573 6572
6171  3 2 1 1 6538 6539 6574 6573
6172  3 2 1 1 6539 6540 6575 6574
6173  3 2 1 1 6540 6541 6576 6575
6174  3 2 1 1 6541 6542 6577 6576
6175  3 2 1 1 6542 6543 6578 6577
6176  3 2 1 1 6543 6544 6579 6578
6177  3 2 1 1 6544 6545 6580 6579
6178  3 2 1 1 6545 6546 6581 6580
6179  3 2 1 1 6546 6547 6582 6581
6180  3 2 1 1 6547 9614 9615 6582
6181  3 2 1 1 4179 6548 6583 4178
6182  3 2 1 1 6548 6549 6584 6583
6183  3 2 1 1 6549 6550 6585 6584
6184  3 2 1 1 6550 6551 6586 6585
6185  3 2 1 1 6551 6552 6587 6586
6186  3 2 1 1 6552 6553 6588 6587
6187  3 2 1 1 6553 6554 6589 6588
6188  3 2 1 1 6554 6555 6590 6589
6189  3 2 1 1 6555 6556 6591 6590
6190  3 2 1 1 6556 6557 6592 6591
6191  3 2 1 1 6557 6558 6593 6592
6192  3 2 1 1 6558 6559 6594 6593
6193  3 2 1 1 6559 6560 6595 6594
6194  3 2 1 1 6560 6561 6596 6595
6195  3 2 1 1 6561 6562 6597 6596
6196  3 2 1 1 6562 6563 6598 6597
6197  3 2 1 1 6563 6564 6599 6598
6198  3 2 1 1 6564 6565 6600 6599
6199  3 2 1 1 6565 6566 6601 6600
6200  3 2 1 1 6566 6567 6602 6601
6201  3 2 1 1 6567 6568 6603 6602
6202  3 2 1 1 6568 6569 6604 6603
6203  3 2 1 1 6569 6570 6605 6604
6204  3 2 1 1 6570 6571 6606 6605
6205  3 2 1 1 6571 6572 6607 6606
6206  3 2 1 1 6572 6573 6608 6607
6207  3 2 1 1 6573 6574 6609 6608
6208  3 2 1 1 6574 6575 6610 6609
6209  3 2 1 1 6575 6576 6611 6610
6210  3 2 1 1 6576 6577 6612 6611
6211  3 2 1 1 6577 6578 6613 6612
6212  3 2 1 1 6578 6579 6614 6613
6213  3 2 1 1 6579 6580 6615 6614
6214  3 2 1 1 6580 6581 6616 6615
6215  3 2 1 1 6581 6582 6617 6616
6216  3 2 1 1 6582 9615 9616 6617
6217  3 2 1 1 4178 6583 6618 4177
6218  3 2 1 1 6583 6584 6619 6618
6219  3 2 1 1 6584 6585 6620 6619
6220  3 2 1 1 6585 6586 6621 6620
6221  3 2 1 1 6586 6587 6622 6621
6222  3 2 1 1 6587 6588 6623 6622
6223  3 2 1 1 6588 6589 6624 6623
6224  3 2 1 1 6589 6590 6625 6624
6225  3 2 1 1 6590 6591 6626 6625
6226  3 2 1 1 6591 6592 6627 6626
6227  3 2 1 1 6592 6593 6628 6627
6228  3 2 1 1 6593 6594 6629 6628
6229  3 2 1 1 6594 6595 6630 6629
6230  3 2 1 1 6595 6596 6631 6630
6231  3 2 1 1 6596 6597 6632 6631
6232  3 2 1 1 6597 6598 6633 6632
6233  3 2 1 1 6598 6599 6634 6633
6234  3 2 1 1 6599 6600 6635 6634
6235  3 2 1 1 6600 6601 6636 6635
6236  3 2 1 1 6601 6602 6637 6636
6237  3 2 1 1 6602 6603 6638 6637
6238  3 2 1 1 6603 6604 6639 6638
6239  3 2 1 1 6604 6605 6640 6639
6240  3 2 1 1 6605 6606 6641 6640
6241  3 2 1 1 6606 6607 6642 6641
6242  3 2 1 1 6607 6608 6643 6642
6243  3 2 1 1 6608 6609 6644 6643
6244  3 2 1 1 6609 6610 6645 6644
6245  3 2 1 1 6610 6611 6646 6645
6246  3 2 1 1 6611 6612 6647 6646
6247  3 2 1 1 6612 6613 6648 6647
6248  3 2 1 1 6613 6614 6649 6648
6249  3 2 1 1 6614 6615 6650 6649
6250  3 2 1 1 6615 6616 6651 6650
6251  3 2 1 1 6616 6617 6652 6651
6252  3 2 1 1 6617 9616 9617 6652
6253  3 2 1 1 4177 6618 6653 4176
6254  3 2 1 1 6618 6619 6654 6653
6255  3 2 1 1 6619 6620 6655 6654
6256  3 2 1 1 6620 6621 6656 6655
6257  3 2 1 1 6621 6622 6657 6656
6258  3 2 1 1 6622 6623 6658 6657
6259  3 2 1 1 6623 6624 6659 6658
6260  3 2 1 1 6624 6625 6660 6659
6261  3 2 1 1 6625 6626 6661 6660
6262  3 2 1 1 6626 6627 6662 6661
6263  3 2 1 1 6627 6628 6663 6662
6264  3 2 1 1 6628 6629 6664 6663
6265  3 2 1 1 6629 6630 6665 6664
6266  3 2 1 1 6630 6631 6666 6665
6267  3 2 1 1 6631 6632 6667 6666
6268  3 2 1 1 6632 6633 6668 6667
6269  3 2 1 1 6633 6634 6669 6668
6270  3 2 1 1 6634 6635 6670 6669
6271  3 2 1 1 6635 6636 6671 6670
6272  3 2 1 1 6636 6637 6672 6671
6273  3 2 1 1 6637 6638 6673 6672
6274  3 2 1 1 6638 6639 6674 6673
6275  3 2 1 1 6639 6640 6675 6674
6276  3 2 1 1 6640 6641 6676 6675
6277  3 2 1 1 6641 6642 6677 6676
6278  3 2 1 1 6642 6643 6678 6677
6279  3 2 1 1 6643 6644 6679 6678
6280  3 2 1 1 6644 6645 6680 6679
6281  3 2 1 1 6645 6646 6681 6680
6282  3 2 1 1 6646 6647 6682 6681
6283  3 2 1 1 6647 6648 6683 6682
6284  3 2 1 1 6648 6649 6684 6683
6285  3 2 1 1 6649 6650 6685 6684
6286  3 2 1 1 6650 6651 6686 6685
6287  3 2 1 1 6651 6652 6687 6686
6288  3 2 1 1 6652 9617 9618 6687
6289  3 2 1 1 4176 6653 6688 4175
6290  3 2 1 1 6653 6654 6689 6688
6291  3 2 1 1 6654 6655 6690 6689
6292  3 2 1 1 6655 6656 6691 6690
6293  3 2 1 1 6656 6657 6692 6691
6294  3 2 1 1 6657 6658 6693 6692
6295  3 2 1 1 6658 6659 6694 6693
6296  3 2 1 1 6659 6660 6695 6694
6297  3 2 1 1 6660 6661 6696 6695
6298  3 2 1 1 6661 6662 6697 6696
6299  3 2 1 1 6662 6663 6698 6697
6300  3 2 1 1 6663 6664 6699 6698
6301  3 2 1 1 6664 6665 6700 6699
6302  3 2 1 1 6665 6666 6701 6700
6303  3 2 1 1 6666 6667 6702 6701
6304  3 2 1 1 6667 6668 6703 6702
6305  3 2 1 1 6668 6669 6704 6703
6306  3 2 1 1 6669 6670 6705 6704
6307  3 2 1 1 6670 6671 6706 6705
6308  3 2 1 1 6671 6672 6707 6706
6309  3 2 1 1 6672 6673 6708 6707
6310  3 2 1 1 6673 6674 6709 6708
6311  3 2 1 1 6674 6675 6710 6709
6312  3 2 1 1 6675 6676 6711 6710
6313  3 2 1 1 6676 6677 6712 6711
6314  3 2 1 1 6677 6678 6713 6712
6315  3 2 1 1 6678 6679 6714 6713
6316  3 2 1 1 6679 6680 6715 6714
6317  3 2 1 1 6680 6681 6716 6715
6318  3 2 1 1 6681 6682 6717 6716
6319  3 2 1 1 6682 6683 6718 6717
6320  3 2 1 1 6683 6684 6719 6718
6321  3 2 1 1 6684 6685 6720 6719
6322  3 2 1 1 6685 6686 6721 6720
6323  3 2 1 1 6686 6687 6722 6721
6324  3 2 1 1 6687 9618 9619 6722
6325  3 2 1 1 4175 6688 6723 4174
6326  3 2 1 1 6688 6689 6724 6723
6327  3 2 1 1 6689 6690 6725 6724
6328  3 2 1 1 6690 6691 6726 6725
6329  3 2 1 1 6691 6692 6727 6726
6330  3 2 1 1 6692 6693 6728 6727
6331  3 2 1 1 6693 6694 6729 6728
6332  3 2 1 1 6694 6695 6730 6729
6333  3 2 1 1 6695 6696 6731 6730
6334  3 2 1 1 6696 6697 6732 6731
6335  3 2 1 1 6697 6698 6733 6732
6336  3 2 1 1 6698 6699 6734 6733
6337  3 2 1 1 6699 6700 6735 6734
6338  3 2 1 1 6700 6701 6736 6735
6339  3 2 1 1 6701 6702 6737 6736
6340  3 2 1 1 6702 6703 6738 6737
6341  3 2 1 1 6703 6704 6739 6738
6342  3 2 1 1 6704 6705 6740 6739
6343  3 2 1 1 6705 6706 6741 6740
6344  3 2 1 1 6706 6707 6742 6741
6345  3 2 1 1 6707 6708 6743 6742
6346  3 2 1 1 6708 6709 6744 6743
6347  3 2 1 1 6709 6710 6745 6744
6348  3 2 1 1 6710 6711 6746 6745
6349  3 2 1 1 6711 6712 6747 6746
6350  3 2 1 1 6712 6713 6748 6747
6351  3 2 1 1 6713 6714 6749 6748
6352  3 2 1 1 6714 6715 6750 6749
6353  3 2 1 1 6715 6716 6751 6750
6354  3 2 1 1 6716 6717 6752 6751
6355  3 2 1 1 6717 6718 6753 6752
6356  3 2 1 1 6718 6719 6754 6753
6357  3 2 1 1 6719 6720 6755 6754
6358  3 2 1 1 6720 6721 6756 6755
6359  3 2 1 1 6721 6722 6757 6756
6360  3 2 1 1 6722 9619 9620 6757
6361  3 2 1 1 4174 6723 6758 4173
6362  3 2 1 1 6723 6724 6759 6758
6363  3 2 1 1 6724 6725 6760 6759
6364  3 2 1 1 6725 6726 6761 6760
6365  3 2 1 1 6726 6727 6762 6761
6366  3 2 1 1 6727 6728 6763 6762
6367  3 2 1 1 6728 6729 6764 6763
6368  3 2 1 1 6729 6730 6765 6764
6369  3 2 1 1 6730 6731 6766 6765
6370  3 2 1 1 6731 6732 6767 6766
6371  3 2 1 1 6732 6733 6768 6767
6372  3 2 1 1 6733 6734 6769 6768
6373  3 2 1 1 6734 6735 6770 6769
6374  3 2 1 1 6735 6736 6771 6770
6375  3 2 1 1 6736 6737 6772 6771
6376  3 2 1 1 6737 6738 6773 6772
6377  3 2 1 1 6738 6739 6774 6773
6378  3 2 1 1 6739 6740 6775 6774
6379  3 2 1 1 6740 6741 6776 6775
6380  3 2 1 1 6741 6742 6777 6776
6381  3 2 1 1 6742 6743 6778 6777
6382  3 2 1 1 6743 6744 6779 6778
6383  3 2 1 1 6744 6745 6780 6779
6384  3 2 1 1 6745 6746 6781 6780
6385  3 2 1 1 6746 6747 6782 6781
6386  3 2 1 1 6747 6748 6783 6782
6387  3 2 1 1 6748 6749 6784 6783
6388  3 2 1 1 6749 6750 6785 6784
6389  3 2 1 1 6750 6751 6786 6785
6390  3 2 1 1 6751 6752 6787 6786
6391  3 2 1 1 6752 6753 6788 6787
6392  3 2 1 1 6753 6754 6789 6788
6393  3 2 1 1 6754 6755 6790 6789
6394  3 2 1 1 6755 6756 6791 6790
6395  3 2 1 1 6756 6757 6792 6791
6396  3 2 1 1 6757 9620 9621 6792
6397  3 2 1 1 4173 6758 6793 4172
6398  3 2 1 1 6758 6759 6794 6793
6399  3 2 1 1 6759 6760 6795 6794
6400  3 2 1 1 6760 6761 6796 6795
6401  3 2 1 1 6761 6762 6797 6796
6402  3 2 1 1 6762 6763 6798 6797
6403  3 2 1 1 6763 6764 6799 6798
6404  3 2 1 1 6764 6765 6800 6799
6405  3 2 1 1 6765 6766 6801 6800
6406  3 2 1 1 6766 6767 6802 6801
6407  3 2 1 1 6767 6768 6803 6802
6408  3 2 1 1 6768 6769 6804 6803
6409  3 2 1 1 6769 6770 6805 6804
6410  3 2 1 1 6770 6771 6806 6805
6411  3 2 1 1 6771 6772 6807 6806
6412  3 2 1 1 6772 6773 6808 6807
6413  3 2 1 1 6773 6774 6809 6808
6414  3 2 1 1 6774 6775 6810 6809
6415  3 2 1 1 6775 6776 6811 6810
6416  3 2 1 1 6776 6777 6812 6811
6417  3 2 1 1 6777 6778 6813 6812
6418  3 2 1 1 6778 6779 6814 6813
6419  3 2 1 1 6779 6780 6815 6814
6420  3 2 1 1 6780 6781 6816 6815
6421  3 2 1 1 6781 6782 6817 6816
6422  3 2 1 1 6782 6783 6818 6817
6423  3 2 1 1 6783 6784 6819 6818
6424  3 2 1 1 6784 6785 6820 6819
6425  3 2 1 1 6785 6786 6821 6820
6426  3 2 1 1 6786 6787 6822 6821
6427  3 2 1 1 6787 6788 6823 6822
6428  3 2 1 1 6788 6789 6824 6823
6429  3 2 1 1 6789 6790 6825 6824
6430  3 2 1 1 6790 6791 6826 6825
6431  3 2 1 1 6791 6792 6827 6826
6432  3 2 1 1 6792 9621 9622 6827
6433  3 2 1 1 4172 6793 6828 4171
6434  3 2 1 1 6793 6794 6829 6828
6435  3 2 1 1 6794 6795 6830 6829
6436  3 2 1 1 6795 6796 6831 6830
6437  3 2 1 1 6796 6797 6832 6831
6438  3 2 1 1 6797 6798 6833 6832
6439  3 2 1 1 6798 6799 6834 6833
6440  3 2 1 1 6799 6800 6835 6834
6441  3 2 1 1 6800 6801 6836 6835
6442  3 2 1 1 6801 6802 6837 6836
6443  3 2 1 1 6802 6803 6838 6837
6444  3 2 1 1 6803 6804 6839 6838
6445  3 2 1 1 6804 6805 6840 6839
6446  3 2 1 1 6805 6806 6841 6840
6447  3 2 1 1 6806 6807 6842 6841
6448  3 2 1 1 6807 6808 6843 6842
6449  3 2 1 1 6808 6809 6844 6843
6450  3 2 1 1 6809 6810 6845 6844
6451  3 2 1 1 6810 6811 6846 6845
6452  3 2 1 1 6811 6812 6847 6846
6453  3 2 1 1 6812 6813 6848 6847
6454  3 2 1 1 6813 6814 6849 6848
6455  3 2 1 1 6814 6815 6850 6849
6456  3 2 1 1 6815 6816 6851 6850
6457  3 2 1 1 6816 6817 6852 6851
6458  3 2 1 1 6817 6818 6853 6852
6459  3 2 1 1 6818 6819 6854 6853
6460  3 2 1 1 6819 6820 6855 6854
6461  3 2 1 1 6820 6821 6856 6855
6462  3 2 1 1 6821 6822 6857 6856
6463  3 2 1 1 6822 6823 6858 6857
6464  3 2 1 1 6823 6824 6859 6858
6465  3 2 1 1 6824 6825 6860 6859
6466  3 2 1 1 6825 6826 6861 6860
6467  3 2 1 1 6826 6827 6862 6861
6468  3 2 1 1 6827 9622 9623 6862
6469  3 2 1 1 4171 6828 6863 4170
6470  3 2 1 1 6828 6829 6864 6863
6471  3 2 1 1 6829 6830 6865 6864
6472  3 2 1 1 6830 6831 6866 6865
6473  3 2 1 1 6831 6832 6867 6866
6474  3 2 1 1 6832 6833 6868 6867
6475  3 2 1 1 6833 6834 6869 6868
6476  3 2 1 1 6834 6835 6870 6869
6477  3 2 1 1 6835 6836 6871 6870
6478  3 2 1 1 6836 6837 6872 6871
6479  3 2 1 1 6837 6838 6873 6872
6480  3 2 1 1 6838 6839 6874 6873
6481  3 2 1 1 6839 6840 6875 6874
6482  3 2 1 1 6840 6841 6876 6875
6483  3 2 1 1 6841 6842 6877 6876
6484  3 2 1 1 6842 6843 6878 6877
6485  3 2 1 1 6843 6844 6879 6878
6486  3 2 1 1 6844 6845 6880 6879
6487  3 2 1 1 6845 6846 6881 6880
6488  3 2 1 1 6846 6847 6882 6881
6489  3 2 1 1 6847 6848 6883 6882
6490  3 2 1 1 6848 6849 6884 6883
6491  3 2 1 1 6849 6850 6885 6884
6492  3 2 1 1 6850 6851 6886 6885
6493  3 2 1 1 6851 6852 6887 6886
6494  3 2 1 1 6852 6853 6888 6887
6495  3 2 1 1 6853 6854 6889 6888
6496  3 2 1 1 6854 6855 6890 6889
6497  3 2 1 1 6855 6856 6891 6890
6498  3 2 1 1 6856 6857 6892 6891
6499  3 2 1 1 6857 6858 6893 6892
6500  3 2 1 1 6858 6859 6894 6893
6501  3 2 1 1 6859 6860 6895 6894
6502  3 2 1 1 6860 6861 6896 6895
6503  3 2 1 1 6861 6862 6897 6896
6504  3 2 1 1 6862 9623 9624 6897
6505  3 2 1 1 4170 6863 6898 4169
6506  3 2 1 1 6863 6864 6899 6898
6507  3 2 1 1 6864 6865 6900 6899
6508  3 2 1 1 6865 6866 6901 6900
6509  3 2 1 1 6866 6867 6902 6901
6510  3 2 1 1 6867 6868 6903 6902
6511  3 2 1 1 6868 6869 6904 6903
6512  3 2 1 1 6869 6870 6905 6904
6513  3 2 1 1 6870 6871 6906 6905
6514  3 2 1 1 6871 6872 6907 6906
6515  3 2 1 1 6872 6873 6908 6907
6516  3 2 1 1 6873 6874 6909 6908
6517  3 2 1 1 6874 6875 6910 6909
6518  3 2 1 1 6875 6876 6911 6910
6519  3 2 1 1 6876 6877 6912 6911
6520  3 2 1 1 6877 6878 6913 6912
6521  3 2 1 1 6878 6879 6914 6913
6522  3 2 1 1 6879 6880 6915 6914
6523  3 2 1 1 6880 6881 6916 6915
6524  3 2 1 1 6881 6882 6917 6916
6525  3 2 1 1 6882 6883 6918 6917
6526  3 2 1 1 6883 6884 6919 6918
6527  3 2 1 1 6884 6885 6920 6919
6528  3 2 1 1 6885 6886 6921 6920
6529  3 2 1 1 6886 6887 6922 6921
6530  3 2 1 1 6887 6888 6923 6922
6531  3 2 1 1 6888 6889 6924 6923
6532  3 2 1 1 6889 6890 6925 6924
6533  3 2 1 1 6890 6891 6926 6925
6534  3 2 1 1 6891 6892 6927 6926
6535  3 2 1 1 6892 6893 6928 6927
6536  3 2 1 1 6893 6894 6929 6928
6537  3 2 1 1 6894 6895 6930 6929
6538  3 2 1 1 6895 6896 6931 6930
6539  3 2 1 1 6896 6897 6932 6931
6540  3 2 1 1 6897 9624 9625 6932
6541  3 2 1 1 4169 6898 6933 4168
6542  3 2 1 1 6898 6899 6934 6933
6543  3 2 1 1 6899 6900 6935 6934
6544  3 2 1 1 6900 6901 6936 6935
6545  3 2 1 1 6901 6902 6937 6936
6546  3 2 1 1 6902 6903 6938 6937
6547  3 2 1 1 6903 6904 6939 6938
6548  3 2 1 1 6904 6905 6940 6939
6549  3 2 1 1 6905 6906 6941 6940
6550  3 2 1 1 6906 6907 6942 6941
6551  3 2 1 1 6907 6908 6943 6942
6552  3 2 1 1 6908 6909 6944 6943
6553  3 2 1 1 6909 6910 6945 6944
6554  3 2 1 1 6910 6911 6946 6945
6555  3 2 1 1 6911 6912 6947 6946
6556  3 2 1 1 6912 6913 6948 6947
6557  3 2 1 1 6913 6914 6949 6948
6558  3 2 1 1 6914 6915 6950 6949
6559  3 2 1 1 6915 6916 6951 6950
6560  3 2 1 1 6916 6917 6952 6951
6561  3 2 1 1 6917 6918 6953 6952
6562  3 2 1 1 6918 6919 6954 6953
6563  3 2 1 1 6919 6920 6955 6954
6564  3 2 1 1 6920 6921 6956 6955
6565  3 2 1 1 6921 6922 6957 6956
6566  3 2 1 1 6922 6923 6958 6957
6567  3 2 1 1 6923 6924 6959 6958
6568  3 2 1 1 6924 6925 6960 6959
6569  3 2 1 1 6925 6926 6961 6960
6570  3 2 1 1 6926 6927 6962 6961
6571  3 2 1 1 6927 6928 6963 6962
6572  3 2 1 1 6928 6929 6964 6963
6573  3 2 1 1 6929 6930 6965 6964
6574  3 2 1 1 6930 6931 6966 6965
6575  3 2 1 1 6931 6932 6967 6966
6576  3 2 1 1 6932 9625 9626 6967
6577  3 2 1 1 4168 6933 6968 4167
6578  3 2 1 1 6933 6934 6969 6968
6579  3 2 1 1 6934 6935 6970 6969
6580  3 2 1 1 6935 6936 6971 6970
6581  3 2 1 1 6936 6937 6972 6971
6582  3 2 1 1 6937 6938 6973 6972
6583  3 2 1 1 6938 6939 6974 6973
6584  3 2 1 1 6939 6940 6975 6974
6585  3 2 1 1 6940 6941 6976 6975
6586  3 2 1 1 6941 6942 6977 6976
6587  3 2 1 1 6942 6943 6978 6977
6588  3 2 1 1 6943 6944 6979 6978
6589  3 2 1 1 6944 6945 6980 6979
6590  3 2 1 1 6945 6946 6981 6980
6591  3 2 1 1 6946 6947 6982 6981
6592  3 2 1 1 6947 6948 6983 6982
6593  3 2 1 1 6948 6949 6984 6983
6594  3 2 1 1 6949 6950 6985 6984
6595  3 2 1 1 6950 6951 6986 6985
6596  3 2 1 1 6951 6952 6987 6986
6597  3 2 1 1 6952 6953 6988 6987
6598  3 2 1 1 6953 6954 6989 6988
6599  3 2 1 1 6954 6955 6990 6989
6600  3 2 1 1 6955 6956 6991 6990
6601  3 2 1 1 6956 6957 6992 6991
6602  3 2 1 1 6957 6958 6993 6992
6603  3 2 1 1 6958 6959 6994 6993
6604  3 2 1 1 6959 6960 6995 6994
6605  3 2 1 1 6960 6961 6996 6995
6606  3 2 1 1 6961 6962 6997 6996
6607  3 2 1 1 6962 6963 6998 6997
6608  3 2 1 1 6963 6964 6999 6998
6609  3 2 1 1 6964 6965 7000 6999
6610  3 2 1 1 6965 6966 7001 7000
6611  3 2 1 1 6966 6967 7002 7001
6612  3 2 1 1 6967 9626 9627 7002
6613  3 2 1 1 4167 6968 7003 4166
6614  3 2 1 1 6968 6969 7004 7003
6615  3 2 1 1 6969 6970 7005 7004
6616  3 2 1 1 6970 6971 7006 7005
6617  3 2 1 1 6971 6972 7007 7006
6618  3 2 1 1 6972 6973 7008 7007
6619  3 2 1 1 6973 6974 7009 7008
6620  3 2 1 1 6974 6975 7010 7009
6621  3 2 1 1 6975 6976 7011 7010
6622  3 2 1 1 6976 6977 7012 7011
6623  3 2 1 1 6977 6978 7013 7012
6624  3 2 1 1 6978 6979 7014 7013
6625  3 2 1 1 6979 6980 7015 7014
6626  3 2 1 1 6980 6981 7016 7015
6627  3 2 1 1 6981 6982 7017 7016
6628  3 2 1 1 6982 6983 7018 7017
6629  3 2 1 1 6983 6984 7019 7018
6630  3 2 1 1 6984 6985 7020 7019
6631  3 2 1 1 6985 6986 7021 7020
6632  3 2 1 1 6986 6987 7022 7021
6633  3 2 1 1 6987 6988 7023 7022
6634  3 2 1 1 6988 6989 7024 7023
6635  3 2 1 1 6989 6990 7025 7024
6636  3 2 1 1 6990 6991 7026 7025
6637  3 2 1 1 6991 6992 7027 7026
6638  3 2 1 1 6992 6993 7028 7027
6639  3 2 1 1 6993 6994 7029 7028
6640  3 2 1 1 6994 6995 7030 7029
6641  3 2 1 1 6995 6996 7031 7030
6642  3 2 1 1 6996 6997 7032 7031
6643  3 2 1 1 6997 6998 7033 7032
6644  3 2 1 1 6998 6999 7034 7033
6645  3 2 1 1 6999 7000 7035 7034
6646  3 2 1 1 7000 7001 7036 7035
6647  3 2 1 1 7001 7002 7037 7036
6648  3 2 1 1 7002 9627 9628 7037
6649  3 2 1 1 4166 7003 7038 4165
6650  3 2 1 1 7003 7004 7039 7038
6651  3 2 1 1 7004 7005 7040 7039
6652  3 2 1 1 7005 7006 7041 7040
6653  3 2 1 1 7006 7007 7042 7041
6654  3 2 1 1 7007 7008 7043 7042
6655  3 2 1 1 7008 7009 7044 7043
6656  3 2 1 1 7009 7010 7045 7044
6657  3 2 1 1 7010 7011 7046 7045
6658  3 2 1 1 7011 7012 7047 7046
6659  3 2 1 1 7012 7013 7048 7047
6660  3 2 1 1 7013 7014 7049 7048
6661  3 2 1 1 7014 7015 7050 7049
6662  3 2 1 1 7015 7016 7051 7050
6663  3 2 1 1 7016 7017 7052 7051
6664  3 2 1 1 7017 7018 7053 7052
6665  3 2 1 1 7018 7019 7054 7053
6666  3 2 1 1 7019 7020 7055 7054
6667  3 2 1 1 7020 7021 7056 7055
6668  3 2 1 1 7021 7022 7057 7056
6669  3 2 1 1 7022 7023 7058 7057
6670  3 2 1 1 7023 7024 7059 7058
6671  3 2 1 1 7024 7025 7060 7059
6672  3 2 1 1 7025 7026 7061 7060
6673  3 2 1 1 7026 7027 7062 7061
6674  3 2 1 1 7027 7028 7063 7062
6675  3 2 1 1 7028 7029 7064 7063
6676  3 2 1 1 7029 7030 7065 7064
6677  3 2 1 1 7030 7031 7066 7065
6678  3 2 1 1 7031 7032 7067 7066
6679  3 2 1 1 7032 7033 7068 7067
6680  3 2 1 1 7033 7034 7069 7068
6681  3 2 1 1 7034 7035 7070 7069
6682  3 2 1 1 7035 7036 7071 7070
6683  3 2 1 1 7036 7037 7072 7071
6684  3 2 1 1 7037 9628 9629 7072
6685  3 2 1 1 4165 7038 7073 4164
6686  3 2 1 1 7038 7039 7074 7073
6687  3 2 1 1 7039 7040 7075 7074
6688  3 2 1 1 7040 7041 7076 7075
6689  3 2 1 1 7041 7042 7077 7076
6690  3 2 1 1 7042 7043 7078 7077
6691  3 2 1 1 7043 7044 7079 7078
6692  3 2 1 1 7044 7045 7080 7079
6693  3 2 1 1 7045 7046 7081 7080
6694  3 2 1 1 7046 7047 7082 7081
6695  3 2 1 1 7047 7048 7083 7082
6696  3 2 1 1 7048 7049 7084 7083
6697  3 2 1 1 7049 7050 7085 7084
6698  3 2 1 1 7050 7051 7086 7085
6699  3 2 1 1 7051 7052 7087 7086
6700  3 2 1 1 7052 7053 7088 7087
6701  3 2 1 1 7053 7054 7089 7088
6702  3 2 1 1 7054 7055 7090 7089
6703  3 2 1 1 7055 7056 7091 7090
6704  3 2 1 1 7056 7057 7092 7091
6705  3 2 1 1 7057 7058 7093 7092
6706  3 2 1 1 7058 7059 7094 7093
6707  3 2 1 1 7059 7060 7095 7094
6708  3 2 1 1 7060 7061 7096 7095
6709  3 2 1 1 7061 7062 7097 7096
6710  3 2 1 1 7062 7063 7098 7097
6711  3 2 1 1 7063 7064 7099 7098
6712  3 2 1 1 7064 7065 7100 7099
6713  3 2 1 1 7065 7066 7101 7100
6714  3 2 1 1 7066 7067 7102 7101
6715  3 2 1 1 7067 7068 7103 7102
6716  3 2 1 1 7068 7069 7104 7103
6717  3 2 1 1 7069 7070 7105 7104
6718  3 2 1 1 7070 7071 7106 7105
6719  3 2 1 1 7071 7072 7107 7106
6720  3 2 1 1 7072 9629 9630 7107
6721  3 2 1 1 4164 7073 7108 4163
6722  3 2 1 1 7073 7074 7109 7108
6723  3 2 1 1 7074 7075 7110 7109
6724  3 2 1 1 7075 7076 7111 7110
6725  3 2 1 1 7076 7077 7112 7111
6726  3 2 1 1 7077 7078 7113 7112
6727  3 2 1 1 7078 7079 7114 7113
6728  3 2 1 1 7079 7080 7115 7114
6729  3 2 1 1 7080 7081 7116 7115
6730  3 2 1 1 7081 7082 7117 7116
6731  3 2 1 1 7082 7083 7118 7117
6732  3 2 1 1 7083 7084 7119 7118
6733  3 2 1 1 7084 7085 7120 7119
6734  3 2 1 1 7085 7086 7121 7120
6735  3 2 1 1 7086 7087 7122 7121
6736  3 2 1 1 7087 7088 7123 7122
6737  3 2 1 1 7088 7089 7124 7123
6738  3 2 1 1 7089 7090 7125 7124
6739  3 2 1 1 7090 7091 7126 7125
6740  3 2 1 1 7091 7092 7127 7126
6741  3 2 1 1 7092 7093 7128 7127
6742  3 2 1 1 7093 7094 7129 7128
6743  3 2 1 1 7094 7095 7130 7129
6744  3 2 1 1 7095 7096 7131 7130
6745  3 2 1 1 7096 7097 7132 7131
6746  3 2 1 1 7097 7098 7133 7132
6747  3 2 1 1 7098 7099 7134 7133
6748  3 2 1 1 7099 7100 7135 7134
6749  3 2 1 1 7100 7101 7136 7135
6750  3 2 1 1 7101 7102 7137 7136
6751  3 2 1 1 7102 7103 7138 7137
6752  3 2 1 1 7103 7104 7139 7138
6753  3 2 1 1 7104 7105 7140 7139
6754  3 2 1 1 7105 7106 7141 7140
6755  3 2 1 1 7106 7107 7142 7141
6756  3 2 1 1 7107 9630 9631 7142
6757  3 2 1 1 4163 7108 7143 4162
6758  3 2 1 1 7108 7109 7144 7143
6759  3 2 1 1 7109 7110 7145 7144
6760  3 2 1 1 7110 7111 7146 7145
6761  3 2 1 1 7111 7112 7147 7146
6762  3 2 1 1 7112 7113 7148 7147
6763  3 2 1 1 7113 7114 7149 7148
6764  3 2 1 1 7114 7115 7150 7149
6765  3 2 1 1 7115 7116 7151 7150
6766  3 2 1 1 7116 7117 7152 7151
6767  3 2 1 1 7117 7118 7153 7152
6768  3 2 1 1 7118 7119 7154 7153
6769  3 2 1 1 7119 7120 7155 7154
6770  3 2 1 1 7120 7121 7156 7155
6771  3 2 1 1 7121 7122 7157 7156
6772  3 2 1 1 7122 7123 7158 7157
6773  3 2 1 1 7123 7124 7159 7158
6774  3 2 1 1 7124 7125 7160 7159
6775  3 2 1 1 7125 7126 7161 7160
6776  3 2 1 1 7126 7127 7162 7161
6777  3 2 1 1 7127 7128 7163 7162
6778  3 2 1 1 7128 7129 7164 7163
6779  3 2 1 1 7129 7130 7165 7164
6780  3 2 1 1 7130 7131 7166 7165
6781  3 2 1 1 7131 7132 7167 7166
6782  3 2 1 1 7132 7133 7168 7167
6783  3 2 1 1 7133 7134 7169 7168
6784  3 2 1 1 7134 7135 7170 7169
6785  3 2 1 1 7135 7136 7171 7170
6786  3 2 1 1 7136 7137 7172 7171
6787  3 2 1 1 7137 7138 7173 7172
6788  3 2 1 1 7138 7139 7174 7173
6789  3 2 1 1 7139 7140 7175 7174
6790  3 2 1 1 7140 7141 7176 7175
6791  3 2 1 1 7141 7142 7177 7176
6792  3 2 1 1 7142 9631 9632 7177
6793  3 2 1 1 4162 7143 7178 4161
6794  3 2 1 1 7143 7144 7179 7178
6795  3 2 1 1 7144 7145 7180 7179
6796  3 2 1 1 7145 7146 7181 7180
6797  3 2 1 1 7146 7147 7182 7181
6798  3 2 1 1 7147 7148 7183 7182
6799  3 2 1 1 7148 7149 7184 7183
6800  3 2 1 1 7149 7150 7185 7184
6801  3 2 1 1 7150 7151 7186 7185
6802  3 2 1 1 7151 7152 7187 7186
6803  3 2 1 1 7152 7153 7188 7187
6804  3 2 1 1 7153 7154 7189 7188
6805  3 2 1 1 7154 7155 7190 7189
6806  3 2 1 1 7155 7156 7191 7190
6807  3 2 1 1 7156 7157 7192 7191
6808  3 2 1 1 7157 7158 7193 7192
6809  3 2 1 1 7158 7159 7194 7193
6810  3 2 1 1 7159 7160 7195 7194
6811  3 2 1 1 7160 7161 7196 7195
6812  3 2 1 1 7161 7162 7197 7196
6813  3 2 1 1 7162 7163 7198 7197
6814  3 2 1 1 7163 7164 7199 7198
6815  3 2 1 1 7164 7165 7200 7199
6816  3 2 1 1 7165 7166 7201 7200
6817  3 2 1 1 7166 7167 7202 7201
6818  3 2 1 1 7167 7168 7203 7202
6819  3 2 1 1 7168 7169 7204 7203
6820  3 2 1 1 7169 7170 7205 7204
6821  3 2 1 1 7170 7171 7206 7205
6822  3 2 1 1 7171 7172 7207 7206
6823  3 2 1 1 7172 7173 7208 7207
6824  3 2 1 1 7173 7174 7209 7208
6825  3 2 1 1 7174 7175 7210 7209
6826  3 2 1 1 7175 7176 7211 7210
6827  3 2 1 1 7176 7177 7212 7211
6828  3 2 1 1 7177 9632 9633 7212
6829  3 2 1 1 4161 7178 7213 4160
6830  3 2 1 1 7178 7179 7214 7213
6831  3 2 1 1 7179 7180 7215 7214
6832  3 2 1 1 7180 7181 7216 7215
6833  3 2 1 1 7181 7182 7217 7216
6834  3 2 1 1 7182 7183 7218 7217
6835  3 2 1 1 7183 7184 7219 7218
6836  3 2 1 1 7184 7185 7220 7219
6837  3 2 1 1 7185 7186 7221 7220
6838  3 2 1 1 7186 7187 7222 7221
6839  3 2 1 1 7187 7188 7223 7222
6840  3 2 1 1 7188 7189 7224 7223
6841  3 2 1 1 7189 7190 7225 7224
6842  3 2 1 1 7190 7191 7226 7225
6843  3 2 1 1 7191 7192 7227 7226
6844  3 2 1 1 7192 7193 7228 7227
6845  3 2 1 1 7193 7194 7229 7228
6846  3 2 1 1 7194 7195 7230 7229
6847  3 2 1 1 7195 7196 7231 7230
6848  3 2 1 1 7196 7197 7232 7231
6849  3 2 1 1 7197 7198 7233 7232
6850  3 2 1 1 7198 7199 7234 7233
6851  3 2 1 1 7199 7200 7235 7234
6852  3 2 1 1 7200 7201 7236 7235
6853  3 2 1 1 7201 7202 7237 7236
6854  3 2 1 1 7202 7203 7238 7237
6855  3 2 1 1 7203 7204 7239 7238
6856  3 2 1 1 7204 7205 7240 7239
6857  3 2 1 1 7205 7206 7241 7240
6858  3 2 1 1 7206 7207 7242 7241
6859  3 2 1 1 7207 7208 7243 7242
6860  3 2 1 1 7208 7209 7244 7243
6861  3 2 1 1 7209 7210 7245 7244
6862  3 2 1 1 7210 7211 7246 7245
6863  3 2 1 1 7211 7212 7247 7246
6864  3 2 1 1 7212 9633 9634 7247
6865  3 2 1 1 4160 7213 7248 4159
6866  3 2 1 1 7213 7214 7249 7248
6867  3 2 1 1 7214 7215 7250 7249
6868  3 2 1 1 7215 7216 7251 7250
6869  3 2 1 1 7216 7217 7252 7251
6870  3 2 1 1 7217 7218 7253 7252
6871  3 2 1 1 7218 7219 7254 7253
6872  3 2 1 1 7219 7220 7255 7254
6873  3 2 1 1 7220 7221 7256 7255
6874  3 2 1 1 7221 7222 7257 7256
6875  3 2 1 1 7222 7223 7258 7257
6876  3 2 1 1 7223 7224 7259 7258
6877  3 2 1 1 7224 7225 7260 7259
6878  3 2 1 1 7225 7226 7261 7260
6879  3 2 1 1 7226 7227 7262 7261
6880  3 2 1 1 7227 7228 7263 7262
6881  3 2 1 1 7228 7229 7264 7263
6882  3 2 1 1 7229 7230 7265 7264
6883  3 2 1 1 7230 7231 7266 7265
6884  3 2 1 1 7231 7232 7267 7266
6885  3 2 1 1 7232 7233 7268 7267
6886  3 2 1 1 7233 7234 7269 7268
6887  3 2 1 1 7234 7235 7270 7269
6888  3 2 1 1 7235 7236 7271 7270
6889  3 2 1 1 7236 7237 7272 7271
6890  3 2 1 1 7237 7238 7273 7272
6891  3 2 1 1 7238 7239 7274 7273
6892  3 2 1 1 7239 7240 7275 7274
6893  3 2 1 1 7240 7241 7276 7275
6894  3 2 1 1 7241 7242 7277 7276
6895  3 2 1 1 7242 7243 7278 7277
6896  3 2 1 1 7243 7244 7279 7278
6897  3 2 1 1 7244 7245 7280 7279
6898  3 2 1 1 7245 7246 7281 7280
6899  3 2 1 1 7246 7247 7282 7281
6900  3 2 1 1 7247 9634 9635 7282
6901  3 2 1 1 4159 7248 7283 4158
6902  3 2 1 1 7248 7249 7284 7283
6903  3 2 1 1 7249 7250 7285 7284
6904  3 2 1 1 7250 7251 7286 7285
6905  3 2 1 1 7251 7252 7287 7286
6906  3 2 1 1 7252 7253 7288 7287
6907  3 2 1 1 7253 7254 7289 7288
6908  3 2 1 1 7254 7255 7290 7289
6909  3 2 1 1 7255 7256 7291 7290
6910  3 2 1 1 7256 7257 7292 7291
6911  3 2 1 1 7257 7258 7293 7292
6912  3 2 1 1 7258 7259 7294 7293
6913  3 2 1 1 7259 7260 7295 7294
6914  3 2 1 1 7260 7261 7296 7295
6915  3 2 1 1 7261 7262 7297 7296
6916  3 2 1 1 7262 7263 7298 7297
6917  3 2 1 1 7263 7264 7299 7298
6918  3 2 1 1 7264 7265 7300 7299
6919  3 2 1 1 7265 7266 7301 7300
6920  3 2 1 1 7266 7267 7302 7301
6921  3 2 1 1 7267 7268 7303 7302
6922  3 2 1 1 7268 7269 7304 7303
6923  3 2 1 1 7269 7270 7305 7304
6924  3 2 1 1 7270 7271 7306 7305
6925  3 2 1 1 7271 7272 7307 7306
6926  3 2 1 1 7272 7273 7308 7307
6927  3 2 1 1 7273 7274 7309 7308
6928  3 2 1 1 7274 7275 7310 7309
6929  3 2 1 1 7275 7276 7311 7310
6930  3 2 1 1 7276 7277 7312 7311
6931  3 2 1 1 7277 7278 7313 7312
6932  3 2 1 1 7278 7279 7314 7313
6933  3 2 1 1 7279 7280 7315 7314
6934  3 2 1 1 7280 7281 7316 7315
6935  3 2 1 1 7281 7282 7317 7316
6936  3 2 1 1 7282 9635 9636 7317
6937  3 2 1 1 4158 7283 7318 4157
6938  3 2 1 1 7283 7284 7319 7318
6939  3 2 1 1 7284 7285 7320 7319
6940  3 2 1 1 7285 7286 7321 7320
6941  3 2 1 1 7286 7287 7322 7321
6942  3 2 1 1 7287 7288 7323 7322
6943  3 2 1 1 7288 7289 7324 7323
6944  3 2 1 1 7289 7290 7325 7324
6945  3 2 1 1 7290 7291 7326 7325
6946  3 2 1 1 7291 7292 7327 7326
6947  3 2 1 1 7292 7293 7328 7327
6948  3 2 1 1 7293 7294 7329 7328
6949  3 2 1 1 7294 7295 7330 7329
6950  3 2 1 1 7295 7296 7331 7330
6951  3 2 1 1 7296 7297 7332 7331
6952  3 2 1 1 7297 7298 7333 7332
6953  3 2 1 1 7298 7299 7334 7333
6954  3 2 1 1 7299 7300 7335 7334
6955  3 2 1 1 7300 7301 7336 7335
6956  3 2 1 1 7301 7302 7337 7336
6957  3 2 1 1 7302 7303 7338 7337
6958  3 2 1 1 7303 7304 7339 7338
6959  3 2 1 1 7304 7305 7340 7339
6960  3 2 1 1 7305 7306 7341 7340
6961  3 2 1 1 7306 7307 7342 7341
6962  3 2 1 1 7307 7308 7343 7342
6963  3 2 1 1 7308 7309 7344 7343
6964  3 2 1 1 7309 7310 7345 7344
6965  3 2 1 1 7310 7311 7346 7345
6966  3 2 1 1 7311 7312 7347 7346
6967  3 2 1 1 7312 7313 7348 7347
6968  3 2 1 1 7313 7314 7349 7348
6969  3 2 1 1 7314 7315 7350 7349
6970  3 2 1 1 7315 7316 7351 7350
6971  3 2 1 1 7316 7317 7352 7351
6972  3 2 1 1 7317 9636 9637 7352
6973  3 2 1 1 4157 7318 7353 4156
6974  3 2 1 1 7318 7319 7354 7353
6975  3 2 1 1 7319 7320 7355 7354
6976  3 2 1 1 7320 7321 7356 7355
6977  3 2 1 1 7321 7322 7357 7356
6978  3 2 1 1 7322 7323 7358 7357
6979  3 2 1 1 7323 7324 7359 7358
6980  3 2 1 1 7324 7325 7360 7359
6981  3 2 1 1 7325 7326 7361 7360
6982  3 2 1 1 7326 7327 7362 7361
6983  3 2 1 1 7327 7328 7363 7362
6984  3 2 1 1 7328 7329 7364 7363
6985  3 2 1 1 7329 7330 7365 7364
6986  3 2 1 1 7330 7331 7366 7365
6987  3 2 1 1 7331 7332 7367 7366
6988  3 2 1 1 7332 7333 7368 7367
6989  3 2 1 1 7333 7334 7369 7368
6990  3 2 1 1 7334 7335 7370 7369
6991  3 2 1 1 7335 7336 7371 7370
6992  3 2 1 1 7336 7337 7372 7371
6993  3 2 1 1 7337 7338 7373 7372
6994  3 2 1 1 7338 7339 7374 7373
6995  3 2 1 1 7339 7340 7375 7374
6996  3 2 1 1 7340 7341 7376 7375
6997  3 2 1 1 7341 7342 7377 7376
6998  3 2 1 1 7342 7343 7378 7377
6999  3 2 1 1 7343 7344 7379 7378
7000  3 2 1 1 7344 7345 7380 7379
7001  3 2 1 1 7345 7346 7381 7380
7002  3 2 1 1 7346 7347 7382 7381
7003  3 2 1 1 7347 7348 7383 7382
7004  3 2 1 1 7348 7349 7384 7383
7005  3 2 1 1 7349 7350 7385 7384
7006  3 2 1 1 7350 7351 7386 7385
7007  3 2 1 1 7351 7352 7387 7386
7008  3 2 1 1 7352 9637 9638 7387
7009  3 2 1 1 4156 7353 7388 4155
7010  3 2 1 1 7353 7354 7389 7388
7011  3 2 1 1 7354 7355 7390 7389
7012  3 2 1 1 7355 7356 7391 7390
7013  3 2 1 1 7356 7357 7392 7391
7014  3 2 1 1 7357 7358 7393 7392
7015  3 2 1 1 7358 7359 7394 7393
7016  3 2 1 1 7359 7360 7395 7394
7017  3 2 1 1 7360 7361 7396 7395
7018  3 2 1 1 7361 7362 7397 7396
7019  3 2 1 1 7362 7363 7398 7397
7020  3 2 1 1 7363 7364 7399 7398
7021  3 2 1 1 7364 7365 7400 7399
7022  3 2 1 1 7365 7366 7401 7400
7023  3 2 1 1 7366 7367 7402 7401
7024  3 2 1 1 7367 7368 7403 7402
7025  3 2 1 1 7368 7369 7404 7403
7026  3 2 1 1 7369 7370 7405 7404
7027  3 2 1 1 7370 7371 7406 7405
7028  3 2 1 1 7371 7372 7407 7406
7029  3 2 1 1 7372 7373 7408 7407
7030  3 2 1 1 7373 7374 7409 7408
7031  3 2 1 1 7374 7375 7410 7409
7032  3 2 1 1 7375 7376 7411 7410
7033  3 2 1 1 7376 7377 7412 7411
7034  3 2 1 1 7377 7378 7413 7412
7035  3 2 1 1 7378 7379 7414 7413
7036  3 2 1 1 7379 7380 7415 7414
7037  3 2 1 1 7380 7381 7416 7415
7038  3 2 1 1 7381 7382 7417 7416
7039  3 2 1 1 7382 7383 7418 7417
7040  3 2 1 1 7383 7384 7419 7418
7041  3 2 1 1 7384 7385 7420 7419
7042  3 2 1 1 7385 7386 7421 7420
7043  3 2 1 1 7386 7387 7422 7421
7044  3 2 1 1 7387 9638 9639 7422
7045  3 2 1 1 4155 7388 7423 4154
7046  3 2 1 1 7388 7389 7424 7423
7047  3 2 1 1 7389 7390 7425 7424
7048  3 2 1 1 7390 7391 7426 7425
7049  3 2 1 1 7391 7392 7427 7426
7050  3 2 1 1 7392 7393 7428 7427
7051  3 2 1 1 7393 7394 7429 7428
7052  3 2 1 1 7394 7395 7430 7429
7053  3 2 1 1 7395 7396 7431 7430
7054  3 2 1 1 7396 7397 7432 7431
7055  3 2 1 1 7397 7398 7433 7432
7056  3 2 1 1 7398 7399 7434 7433
7057  3 2 1 1 7399 7400 7435 7434
7058  3 2 1 1 7400 7401 7436 7435
7059  3 2 1 1 7401 7402 7437 7436
7060  3 2 1 1 7402 7403 7438 7437
7061  3 2 1 1 7403 7404 7439 7438
7062  3 2 1 1 7404 7405 7440 7439
7063  3 2 1 1 7405 7406 7441 7440
7064  3 2 1 1 7406 7407 7442 7441
7065  3 2 1 1 7407 7408 7443 7442
7066  3 2 1 1 7408 7409 7444 7443
7067  3 2 1 1 7409 7410 7445 7444
7068  3 2 1 1 7410 7411 7446 7445
7069  3 2 1 1 7411 7412 7447 7446
7070  3 2 1 1 7412 7413 7448 7447
7071  3 2 1 1 7413 7414 7449 7448
7072  3 2 1 1 7414 7415 7450 7449
7073  3 2 1 1 7415 7416 7451 7450
7074  3 2 1 1 7416 7417 7452 7451
7075  3 2 1 1 7417 7418 7453 7452
7076  3 2 1 1 7418 7419 7454 7453
7077  3 2 1 1 7419 7420 7455 7454
7078  3 2 1 1 7420 7421 7456 7455
7079  3 2 1 1 7421 7422 7457 7456
7080  3 2 1 1 7422 9639 9640 7457
7081  3 2 1 1 4154 7423 7458 4153
7082  3 2 1 1 7423 7424 7459 7458
7083  3 2 1 1 7424 7425 7460 7459
7084  3 2 1 1 7425 7426 7461 7460
7085  3 2 1 1 7426 7427 7462 7461
7086  3 2 1 1 7427 7428 7463 7462
7087  3 2 1 1 7428 7429 7464 7463
7088  3 2 1 1 7429 7430 7465 7464
7089  3 2 1 1 7430 7431 7466 7465
7090  3 2 1 1 7431 7432 7467 7466
7091  3 2 1 1 7432 7433 7468 7467
7092  3 2 1 1 7433 7434 7469 7468
7093  3 2 1 1 7434 7435 7470 7469
7094  3 2 1 1 7435 7436 7471 7470
7095  3 2 1 1 7436 7437 7472 7471
7096  3 2 1 1 7437 7438 7473 7472
7097  3 2 1 1 7438 7439 7474 7473
7098  3 2 1 1 7439 7440 7475 7474
7099  3 2 1 1 7440 7441 7476 7475
7100  3 2 1 1 7441 7442 7477 7476
7101  3 2 1 1 7442 7443 7478 7477
7102  3 2 1 1 7443 7444 7479 7478
7103  3 2 1 1 7444 7445 7480 7479
7104  3 2 1 1 7445 7446 7481 7480
7105  3 2 1 1 7446 7447 7482 7481
7106  3 2 1 1 7447 7448 7483 7482
7107  3 2 1 1 7448 7449 7484 7483
7108  3 2 1 1 7449 7450 7485 7484
7109  3 2 1 1 7450 7451 7486 7485
7110  3 2 1 1 7451 7452 7487 7486
7111  3 2 1 1 7452 7453 7488 7487
7112  3 2 1 1 7453 7454 7489 7488
7113  3 2 1 1 7454 7455 7490 7489
7114  3 2 1 1 7455 7456 7491 7490
7115  3 2 1 1 7456 7457 7492 7491
7116  3 2 1 1 7457 9640 9641 7492
7117  3 2 1 1 4153 7458 7493 4152
7118  3 2 1 1 7458 7459 7494 7493
7119  3 2 1 1 7459 7460 7495 7494
7120  3 2 1 1 7460 7461 7496 7495
7121  3 2 1 1 7461 7462 7497 7496
7122  3 2 1 1 7462 7463 7498 7497
7123  3 2 1 1 7463 7464 7499 7498
7124  3 2 1 1 7464 7465 7500 7499
7125  3 2 1 1 7465 7466 7501 7500
7126  3 2 1 1 7466 7467 7502 7501
7127  3 2 1 1 7467 7468 7503 7502
7128  3 2 1 1 7468 7469 7504 7503
7129  3 2 1 1 7469 7470 7505 7504
7130  3 2 1 1 7470 7471 7506 7505
7131  3 2 1 1 7471 7472 7507 7506
7132  3 2 1 1 7472 7473 7508 7507
7133  3 2 1 1 7473 7474 7509 7508
7134  3 2 1 1 7474 7475 7510 7509
7135  3 2 1 1 7475 7476 7511 7510
7136  3 2 1 1 7476 7477 7512 7511
7137  3 2 1 1 7477 7478 7513 7512
7138  3 2 1 1 7478 7479 7514 7513
7139  3 2 1 1 7479 7480 7515 7514
7140  3 2 1 1 7480 7481 7516 7515
7141  3 2 1 1 7481 7482 7517 7516
7142  3 2 1 1 7482 7483 7518 7517
7143  3 2 1 1 7483 7484 7519 7518
7144  3 2 1 1 7484 7485 7520 7519
7145  3 2 1 1 7485 7486 7521 7520
7146  3 2 1 1 7486 7487 7522 7521
7147  3 2 1 1 7487 7488 7523 7522
7148  3 2 1 1 7488 7489 7524 7523
7149  3 2 1 1 7489 7490 7525 7524
7150  3 2 1 1 7490 7491 7526 7525
7151  3 2 1 1 7491 7492 7527 7526
7152  3 2 1 1 7492 9641 9642 7527
7153  3 2 1 1 4152 7493 7528 4151
7154  3 2 1 1 7493 7494 7529 7528
7155  3 2 1 1 7494 7495 7530 7529
7156  3 2 1 1 7495 7496 7531 7530
7157  3 2 1 1 7496 7497 7532 7531
7158  3 2 1 1 7497 7498 7533 7532
7159  3 2 1 1 7498 7499 7534 7533
7160  3 2 1 1 7499 7500 7535 7534
7161  3 2 1 1 7500 7501 7536 7535
7162  3 2 1 1 7501 7502 7537 7536
7163  3 2 1 1 7502 7503 7538 7537
7164  3 2 1 1 7503 7504 7539 7538
7165  3 2 1 1 7504 7505 7540 7539
7166  3 2 1 1 7505 7506 7541 7540
7167  3 2 1 1 7506 7507 7542 7541
7168  3 2 1 1 7507 7508 7543 7542
7169  3 2 1 1 7508 7509 7544 7543
7170  3 2 1 1 7509 7510 7545 7544
7171  3 2 1 1 7510 7511 7546 7545
7172  3 2 1 1 7511 7512 7547 7546
7173  3 2 1 1 7512 7513 7548 7547
7174  3 2 1 1 7513 7514 7549 7548
7175  3 2 1 1 7514 7515 7550 7549
7176  3 2 1 1 7515 7516 7551 7550
7177  3 2 1 1 7516 7517 7552 7551
7178  3 2 1 1 7517 7518 7553 7552
7179  3 2 1 1 7518 7519 7554 7553
7180  3 2 1 1 7519 7520 7555 7554
7181  3 2 1 1 7520 7521 7556 7555
7182  3 2 1 1 7521 7522 7557 7556
7183  3 2 1 1 7522 7523 7558 7557
7184  3 2 1 1 7523 7524 7559 7558
7185  3 2 1 1 7524 7525 7560 7559
7186  3 2 1 1 7525 7526 7561 7560
7187  3 2 1 1 7526 7527 7562 7561
7188  3 2 1 1 7527 9642 9643 7562
7189  3 2 1 1 4151 7528 7563 4150
7190  3 2 1 1 7528 7529 7564 7563
7191  3 2 1 1 7529 7530 7565 7564
7192  3 2 1 1 7530 7531 7566 7565
7193  3 2 1 1 7531 7532 7567 7566
7194  3 2 1 1 7532 7533 7568 7567
7195  3 2 1 1 7533 7534 7569 7568
7196  3 2 1 1 7534 7535 7570 7569
7197  3 2 1 1 7535 7536 7571 7570
7198  3 2 1 1 7536 7537 7572 7571
7199  3 2 1 1 7537 7538 7573 7572
7200  3 2 1 1 7538 7539 7574 7573
7201  3 2 1 1 7539 7540 7575 7574
7202  3 2 1 1 7540 7541 7576 7575
7203  3 2 1 1 7541 7542 7577 7576
7204  3 2 1 1 7542 7543 7578 7577
7205  3 2 1 1 7543 7544 7579 7578
7206  3 2 1 1 7544 7545 7580 7579
7207  3 2 1 1 7545 7546 7581 7580
7208  3 2 1 1 7546 7547 7582 7581
7209  3 2 1 1 7547 7548 7583 7582
7210  3 2 1 1 7548 7549 7584 7583
7211  3 2 1 1 7549 7550 7585 7584
7212  3 2 1 1 7550 7551 7586 7585
7213  3 2 1 1 7551 7552 7587 7586
7214  3 2 1 1 7552 7553 7588 7587
7215  3 2 1 1 7553 7554 7589 7588
7216  3 2 1 1 7554 7555 7590 7589
7217  3 2 1 1 7555 7556 7591 7590
7218  3 2 1 1 7556 7557 7592 7591
7219  3 2 1 1 7557 7558 7593 7592
7220  3 2 1 1 7558 7559 7594 7593
7221  3 2 1 1 7559 7560 7595 7594
7222  3 2 1 1 7560 7561 7596 7595
7223  3 2 1 1 7561 7562 7597 7596
7224  3 2 1 1 7562 9643 9644 7597
7225  3 2 1 1 4150 7563 7598 4149
7226  3 2 1 1 7563 7564 7599 7598
7227  3 2 1 1 7564 7565 7600 7599
7228  3 2 1 1 7565 7566 7601 7600
7229  3 2 1 1 7566 7567 7602 7601
7230  3 2 1 1 7567 7568 7603 7602
7231  3 2 1 1 7568 7569 7604 7603
7232  3 2 1 1 7569 7570 7605 7604
7233  3 2 1 1 7570 7571 7606 7605
7234  3 2 1 1 7571 7572 7607 7606
7235  3 2 1 1 7572 7573 7608 7607
7236  3 2 1 1 7573 7574 7609 7608
7237  3 2 1 1 7574 7575 7610 7609
7238  3 2 1 1 7575 7576 7611 7610
7239  3 2 1 1 7576 7577 7612 7611
7240  3 2 1 1 7577 7578 7613 7612
7241  3 2 1 1 7578 7579 7614 7613
7242  3 2 1 1 7579 7580 7615 7614
7243  3 2 1 1 7580 7581 7616 7615
7244  3 2 1 1 7581 7582 7617 7616
7245  3 2 1 1 7582 7583 7618 7617
7246  3 2 1 1 7583 7584 7619 7618
7247  3 2 1 1 7584 7585 7620 7619
7248  3 2 1 1 7585 7586 7621 7620
7249  3 2 1 1 7586 7587 7622 7621
7250  3 2 1 1 7587 7588 7623 7622
7251  3 2 1 1 7588 7589 7624 7623
7252  3 2 1 1 7589 7590 7625 7624
7253  3 2 1 1 7590 7591 7626 7625
7254  3 2 1 1 7591 7592 7627 7626
7255  3 2 1 1 7592 7593 7628 7627
7256  3 2 1 1 7593 7594 7629 7628
7257  3 2 1 1 7594 7595 7630 7629
7258  3 2 1 1 7595 7596 7631 7630
7259  3 2 1 1 7596 7597 7632 7631
7260  3 2 1 1 7597 9644 9645 7632
7261  3 2 1 1 4149 7598 7633 4148
7262  3 2 1 1 7598 7599 7634 7633
7263  3 2 1 1 7599 7600 7635 7634
7264  3 2 1 1 7600 7601 7636 7635
7265  3 2 1 1 7601 7602 7637 7636
7266  3 2 1 1 7602 7603 7638 7637
7267  3 2 1 1 7603 7604 7639 7638
7268  3 2 1 1 7604 7605 7640 7639
7269  3 2 1 1 7605 7606 7641 7640
7270  3 2 1 1 7606 7607 7642 7641
7271  3 2 1 1 7607 7608 7643 7642
7272  3 2 1 1 7608 7609 7644 7643
7273  3 2 1 1 7609 7610 7645 7644
7274  3 2 1 1 7610 7611 7646 7645
7275  3 2 1 1 7611 7612 7647 7646
7276  3 2 1 1 7612 7613 7648 7647
7277  3 2 1 1 7613 7614 7649 7648
7278  3 2 1 1 7614 7615 7650 7649
7279  3 2 1 1 7615 7616 7651 7650
7280  3 2 1 1 7616 7617 7652 7651
7281  3 2 1 1 7617 7618 7653 7652
7282  3 2 1 1 7618 7619 7654 7653
7283  3 2 1 1 7619 7620 7655 7654
7284  3 2 1 1 7620 7621 7656 7655
7285  3 2 1 1 7621 7622 7657 7656
7286  3 2 1 1 7622 7623 7658 7657
7287  3 2 1 1 7623 7624 7659 7658
7288  3 2 1 1 7624 7625 7660 7659
7289  3 2 1 1 7625 7626 7661 7660
7290  3 2 1 1 7626 7627 7662 7661
7291  3 2 1 1 7627 7628 7663 7662
7292  3 2 1 1 7628 7629 7664 7663
7293  3 2 1 1 7629 7630 7665 7664
7294  3 2 1 1 7630 7631 7666 7665
7295  3 2 1 1 7631 7632 7667 7666
7296  3 2 1 1 7632 9645 9646 7667
7297  3 2 1 1 4148 7633 7668 4147
7298  3 2 1 1 7633 7634 7669 7668
7299  3 2 1 1 7634 7635 7670 7669
7300  3 2 1 1 7635 7636 7671 7670
7301  3 2 1 1 7636 7637 7672 7671
7302  3 2 1 1 7637 7638 7673 7672
7303  3 2 1 1 7638 7639 7674 7673
7304  3 2 1 1 7639 7640 7675 7674
7305  3 2 1 1 7640 7641 7676 7675
7306  3 2 1 1 7641 7642 7677 7676
7307  3 2 1 1 7642 7643 7678 7677
7308  3 2 1 1 7643 7644 7679 7678
7309  3 2 1 1 7644 7645 7680 7679
7310  3 2 1 1 7645 7646 7681 7680
7311  3 2 1 1 7646 7647 7682 7681
7312  3 2 1 1 7647 7648 7683 7682
7313  3 2 1 1 7648 7649 7684 7683
7314  3 2 1 1 7649 7650 7685 7684
7315  3 2 1 1 7650 7651 7686 7685
7316  3 2 1 1 7651 7652 7687 7686
7317  3 2 1 1 7652 7653 7688 7687
7318  3 2 1 1 7653 7654 7689 7688
7319  3 2 1 1 7654 7655 7690 7689
7320  3 2 1 1 7655 7656 7691 7690
7321  3 2 1 1 7656 7657 7692 7691
7322  3 2 1 1 7657 7658 7693 7692
7323  3 2 1 1 7658 7659 7694 7693
7324  3 2 1 1 7659 7660 7695 7694
7325  3 2 1 1 7660 7661 7696 7695
7326  3 2 1 1 7661 7662 7697 7696
7327  3 2 1 1 7662 7663 7698 7697
7328  3 2 1 1 7663 7664 7699 7698
7329  3 2 1 1 7664 7665 7700 7699
7330  3 2 1 1 7665 7666 7701 7700
7331  3 2 1 1 7666 7667 7702 7701
7332  3 2 1 1 7667 9646 9647 7702
7333  3 2 1 1 4147 7668 7703 4146
7334  3 2 1 1 7668 7669 7704 7703
7335  3 2 1 1 7669 7670 7705 7704
7336  3 2 1 1 7670 7671 7706 7705
7337  3 2 1 1 7671 7672 7707 7706
7338  3 2 1 1 7672 7673 7708 7707
7339  3 2 1 1 7673 7674 7709 7708
7340  3 2 1 1 7674 7675 7710 7709
7341  3 2 1 1 7675 7676 7711 7710
7342  3 2 1 1 7676 7677 7712 7711
7343  3 2 1 1 7677 7678 7713 7712
7344  3 2 1 1 7678 7679 7714 7713
7345  3 2 1 1 7679 7680 7715 7714
7346  3 2 1 1 7680 7681 7716 7715
7347  3 2 1 1 7681 7682 7717 7716
7348  3 2 1 1 7682 7683 7718 7717
7349  3 2 1 1 7683 7684 7719 7718
7350  3 2 1 1 7684 7685 7720 7719
7351  3 2 1 1 7685 7686 7721 7720
7352  3 2 1 1 7686 7687 7722 7721
7353  3 2 1 1 7687 7688 7723 7722
7354  3 2 1 1 7688 7689 7724 7723
7355  3 2 1 1 7689 7690 7725 7724
7356  3 2 1 1 7690 7691 7726 7725
7357  3 2 1 1 7691 7692 7727 7726
7358  3 2 1 1 7692 7693 7728 7727
7359  3 2 1 1 7693 7694 7729 7728
7360  3 2 1 1 7694 7695 7730 7729
7361  3 2 1 1 7695 7696 7731 7730
7362  3 2 1 1 7696 7697 7732 7731
7363  3 2 1 1 7697 7698 7733 7732
7364  3 2 1 1 7698 7699 7734 7733
7365  3 2 1 1 7699 7700 7735 7734
7366  3 2 1 1 7700 7701 7736 7735
7367  3 2 1 1 7701 7702 7737 7736
7368  3 2 1 1 7702 9647 9648 7737
7369  3 2 1 1 4146 7703 7738 4145
7370  3 2 1 1 7703 7704 7739 7738
7371  3 2 1 1 7704 7705 7740 7739
7372  3 2 1 1 7705 7706 7741 7740
7373  3 2 1 1 7706 7707 7742 7741
7374  3 2 1 1 7707 7708 7743 7742
7375  3 2 1 1 7708 7709 7744 7743
7376  3 2 1 1 7709 7710 7745 7744
7377  3 2 1 1 7710 7711 7746 7745
7378  3 2 1 1 7711 7712 7747 7746
7379  3 2 1 1 7712 7713 7748 7747
7380  3 2 1 1 7713 7714 7749 7748
7381  3 2 1 1 7714 7715 7750 7749
7382  3 2 1 1 7715 7716 7751 7750
7383  3 2 1 1 7716 7717 7752 7751
7384  3 2 1 1 7717 7718 7753 7752
7385  3 2 1 1 7718 7719 7754 7753
7386  3 2 1 1 7719 7720 7755 7754
7387  3 2 1 1 7720 7721 7756 7755
7388  3 2 1 1 7721 7722 7757 7756
7389  3 2 1 1 7722 7723 7758 7757
7390  3 2 1 1 7723 7724 7759 7758
7391  3 2 1 1 7724 7725 7760 7759
7392  3 2 1 1 7725 7726 7761 7760
7393  3 2 1 1 7726 7727 7762 7761
7394  3 2 1 1 7727 7728 7763 7762
7395  3 2 1 1 7728 7729 7764 7763
7396  3 2 1 1 7729 7730 7765 7764
7397  3 2 1 1 7730 7731 7766 7765
7398  3 2 1 1 7731 7732 7767 7766
7399  3 2 1 1 7732 7733 7768 7767
7400  3 2 1 1 7733 7734 7769 7768
7401  3 2 1 1 7734 7735 7770 7769
7402  3 2 1 1 7735 7736 7771 7770
7403  3 2 1 1 7736 7737 7772 7771
7404  3 2 1 1 7737 9648 9649 7772
7405  3 2 1 1 4145 7738  323  324
7406  3 2 1 1 7738 7739  322  323
7407  3 2 1 1 7739 7740  321  322
7408  3 2 1 1 7740 7741  320  321
7409  3 2 1 1 7741 7742  319  320
7410  3 2 1 1 7742 7743  318  319
7411  3 2 1 1 7743 7744  317  318
7412  3 2 1 1 7744 7745  316  317
7413  3 2 1 1 7745 7746  315  316
7414  3 2 1 1 7746 7747  314  315
7415  3 2 1 1 7747 7748  313  314
7416  3 2 1 1 7748 7749  312  313
7417  3 2 1 1 7749 7750  311  312
7418  3 2 1 1 7750 7751  310  311
7419  3 2 1 1 7751 7752  309  310
7420  3 2 1 1 7752 7753  308  309
7421  3 2 1 1 7753 7754  307  308
7422  3 2 1 1 7754 7755  306  307
7423  3 2 1 1 7755 7756  305  306
7424  3 2 1 1 7756 7757  304  305
7425  3 2 1 1 7757 7758  303  304
7426  3 2 1 1 7758 7759  302  303
7427  3 2 1 1 7759 7760  301  302
7428  3 2 1 1 7760 7761  300  301
7429  3 2 1 1 7761 7762  299  300
7430  3 2 1 1 7762 7763  298  299
7431  3 2 1 1 7763 7764  297  298
7432  3 2 1 1 7764 7765  296  297
7433  3 2 1 1 7765 7766  295  296
7434  3 2 1 1 7766 7767  294  295
7435  3 2 1 1 7767 7768  293  294
7436  3 2 1 1 7768 7769  292  293
7437  3 2 1 1 7769 7770  291  292
7438  3 2 1 1 7770 7771  290  291
7439  3 2 1 1 7771 7772  289  290
7440  3 2 1 1 7772 9649  197  289
7441  3 2 1 1 4144 4131 7773 4264
7442  3 2 1 1 4131 4132 7774 7773
7443  3 2 1 1 4132 4133 7775 7774
7444  3 2 1 1 4133 4134 7776 7775
7445  3 2 1 1 4134 4135 7777 7776
7446  3 2 1 1 4135 4136 7778 7777
7447  3 2 1 1 4136 4137 7779 7778
7448  3 2 1 1 4137 4138 7780 7779
7449  3 2 1 1 4138 4139 7781 7780
7450  3 2 1 1 4139 4140 7782 7781
7451  3 2 1 1 4140 4141 7783 7782
7452  3 2 1 1 4141 4142 7784 7783
7453  3 2 1 1 4142 4143 7785 7784
7454  3 2 1 1 4143    5  153 7785
7455  3 2 1 1 4264 7773 7786 4263
7456  3 2 1 1 7773 7774 7787 7786
7457  3 2 1 1 7774 7775 7788 7787
7458  3 2 1 1 7775 7776 7789 7788
7459  3 2 1 1 7776 7777 7790 7789
7460  3 2 1 1 7777 7778 7791 7790
7461  3 2 1 1 7778 7779 7792 7791
7462  3 2 1 1 7779 7780 7793 7792
7463  3 2 1 1 7780 7781 7794 7793
7464  3 2 1 1 7781 7782 7795 7794
7465  3 2 1 1 7782 7783 7796 7795
7466  3 2 1 1 7783 7784 7797 7796
7467  3 2 1 1 7784 7785 7798 7797
7468  3 2 1 1 7785  153  154 7798
7469  3 2 1 1 4263 7786 7799 4262
7470  3 2 1 1 7786 7787 7800 7799
7471  3 2 1 1 7787 7788 7801 7800
7472  3 2 1 1 7788 7789 7802 7801
7473  3 2 1 1 7789 7790 7803 7802
7474  3 2 1 1 7790 7791 7804 7803
7475  3 2 1 1 7791 7792 7805 7804
7476  3 2 1 1 7792 7793 7806 7805
7477  3 2 1 1 7793 7794 7807 7806
7478  3 2 1 1 7794 7795 7808 7807
7479  3 2 1 1 7795 7796 7809 7808
7480  3 2 1 1 7796 7797 7810 7809
7481  3 2 1 1 7797 7798 7811 7810
7482  3 2 1 1 7798  154  155 7811
7483  3 2 1 1 4262 7799 7812 4261
7484  3 2 1 1 7799 7800 7813 7812
7485  3 2 1 1 7800 7801 7814 7813
7486  3 2 1 1 7801 7802 7815 7814
7487  3 2 1 1 7802 7803 7816 7815
7488  3 2 1 1 7803 7804 7817 7816
7489  3 2 1 1 7804 7805 7818 7817
7490  3 2 1 1 7805 7806 7819 7818
7491  3 2 1 1 7806 7807 7820 7819
7492  3 2 1 1 7807 7808 7821 7820
7493  3 2 1 1 7808 7809 7822 7821
7494  3 2 1 1 7809 7810 7823 7822
7495  3 2 1 1 7810 7811 7824 7823
7496  3 2 1 1 7811  155  156 7824
7497  3 2 1 1 4261 7812 7825 4260
7498  3 2 1 1 7812 7813 7826 7825
7499  3 2 1 1 7813 7814 7827 7826
7500  3 2 1 1 7814 7815 7828 7827
7501  3 2 1 1 7815 7816 7829 7828
7502  3 2 1 1 7816 7817 7830 7829
7503  3 2 1 1 7817 7818 7831 7830
7504  3 2 1 1 7818 7819 7832 7831
7505  3 2 1 1 7819 7820 7833 7832
7506  3 2 1 1 7820 7821 7834 7833
7507  3 2 1 1 7821 7822 7835 7834
7508  3 2 1 1 7822 7823 7836 7835
7509  3 2 1 1 7823 7824 7837 7836
7510  3 2 1 1 7824  156  157 7837
7511  3 2 1 1 4260 7825 7838 4259
7512  3 2 1 1 7825 7826 7839 7838
7513  3 2 1 1 7826 7827 7840 7839
7514  3 2 1 1 7827 7828 7841 7840
7515  3 2 1 1 7828 7829 7842 7841
7516  3 2 1 1 7829 7830 7843 7842
7517  3 2 1 1 7830 7831 7844 7843
7518  3 2 1 1 7831 7832 7845 7844
7519  3 2 1 1 7832 7833 7846 7845
7520  3 2 1 1 7833 7834 7847 7846
7521  3 2 1 1 7834 7835 7848 7847
7522  3 2 1 1 7835 7836 7849 7848
7523  3 2 1 1 7836 7837 7850 7849
7524  3 2 1 1 7837  157  158 7850
7525  3 2 1 1 4259 7838 7851 4258
7526  3 2 1 1 7838 7839 7852 7851
7527  3 2 1 1 7839 7840 7853 7852
7528  3 2 1 1 7840 7841 7854 7853
7529  3 2 1 1 7841 7842 7855 7854
7530  3 2 1 1 7842 7843 7856 7855
7531  3 2 1 1 7843 7844 7857 7856
7532  3 2 1 1 7844 7845 7858 7857
7533  3 2 1 1 7845 7846 7859 7858
7534  3 2 1 1 7846 7847 7860 7859
7535  3 2 1 1 7847 7848 7861 7860
7536  3 2 1 1 7848 7849 7862 7861
7537  3 2 1 1 7849 7850 7863 7862
7538  3 2 1 1 7850  158  159 7863
7539  3 2 1 1 4258 7851 7864 4257
7540  3 2 1 1 7851 7852 7865 7864
7541  3 2 1 1 7852 7853 7866 7865
7542  3 2 1 1 7853 7854 7867 7866
7543  3 2 1 1 7854 7855 7868 7867
7544  3 2 1 1 7855 7856 7869 7868
7545  3 2 1 1 7856 7857 7870 7869
7546  3 2 1 1 7857 7858 7871 7870
7547  3 2 1 1 7858 7859 7872 7871
7548  3 2 1 1 7859 7860 7873 7872
7549  3 2 1 1 7860 7861 7874 7873
7550  3 2 1 1 7861 7862 7875 7874
7551  3 2 1 1 7862 7863 7876 7875
7552  3 2 1 1 7863  159  160 7876
7553  3 2 1 1 4257 7864 7877 4256
7554  3 2 1 1 7864 7865 7878 7877
7555  3 2 1 1 7865 7866 7879 7878
7556  3 2 1 1 7866 7867 7880 7879
7557  3 2 1 1 7867 7868 7881 7880
7558  3 2 1 1 7868 7869 7882 7881
7559  3 2 1 1 7869 7870 7883 7882
7560  3 2 1 1 7870 7871 7884 7883
7561  3 2 1 1 7871 7872 7885 7884
7562  3 2 1 1 7872 7873 7886 7885
7563  3 2 1 1 7873 7874 7887 7886
7564  3 2 1 1 7874 7875 7888 7887
7565  3 2 1 1 7875 7876 7889 7888
7566  3 2 1 1 7876  160  161 7889
7567  3 2 1 1 4256 7877 7890 4255
7568  3 2 1 1 7877 7878 7891 7890
7569  3 2 1 1 7878 7879 7892 7891
7570  3 2 1 1 7879 7880 7893 7892
7571  3 2 1 1 7880 7881 7894 7893
7572  3 2 1 1 7881 7882 7895 7894
7573  3 2 1 1 7882 7883 7896 7895
7574  3 2 1 1 7883 7884 7897 7896
7575  3 2 1 1 7884 7885 7898 7897
7576  3 2 1 1 7885 7886 7899 7898
7577  3 2 1 1 7886 7887 7900 7899
7578  3 2 1 1 7887 7888 7901 7900
7579  3 2 1 1 7888 7889 7902 7901
7580  3 2 1 1 7889  161  162 7902
7581  3 2 1 1 4255 7890 7903 4254
7582  3 2 1 1 7890 7891 7904 7903
7583  3 2 1 1 7891 7892 7905 7904
7584  3 2 1 1 7892 7893 7906 7905
7585  3 2 1 1 7893 7894 7907 7906
7586  3 2 1 1 7894 7895 7908 7907
7587  3 2 1 1 7895 7896 7909 7908
7588  3 2 1 1 7896 7897 7910 7909
7589  3 2 1 1 7897 7898 7911 7910
7590  3 2 1 1 7898 7899 7912 7911
7591  3 2 1 1 7899 7900 7913 7912
7592  3 2 1 1 7900 7901 7914 7913
7593  3 2 1 1 7901 7902 7915 7914
7594  3 2 1 1 7902  162  163 7915
7595  3 2 1 1 4254 7903 7916 4253
7596  3 2 1 1 7903 7904 7917 7916
7597  3 2 1 1 7904 7905 7918 7917
7598  3 2 1 1 7905 7906 7919 7918
7599  3 2 1 1 7906 7907 7920 7919
7600  3 2 1 1 7907 7908 7921 7920
7601  3 2 1 1 7908 7909 7922 7921
7602  3 2 1 1 7909 7910 7923 7922
7603  3 2 1 1 7910 7911 7924 7923
7604  3 2 1 1 7911 7912 7925 7924
7605  3 2 1 1 7912 7913 7926 7925
7606  3 2 1 1 7913 7914 7927 7926
7607  3 2 1 1 7914 7915 7928 7927
7608  3 2 1 1 7915  163  164 7928
7609  3 2 1 1 4253 7916 7929 4252
7610  3 2 1 1 7916 7917 7930 7929
7611  3 2 1 1 7917 7918 7931 7930
7612  3 2 1 1 7918 7919 7932 7931
7613  3 2 1 1 7919 7920 7933 7932
7614  3 2 1 1 7920 7921 7934 7933
7615  3 2 1 1 7921 7922 7935 7934
7616  3 2 1 1 7922 7923 7936 7935
7617  3 2 1 1 7923 7924 7937 7936
7618  3 2 1 1 7924 7925 7938 7937
7619  3 2 1 1 7925 7926 7939 7938
7620  3 2 1 1 7926 7927 7940 7939
7621  3 2 1 1 7927 7928 7941 7940
7622  3 2 1 1 7928  164  165 7941
7623  3 2 1 1 4252 7929 7942 4251
7624  3 2 1 1 7929 7930 7943 7942
7625  3 2 1 1 7930 7931 7944 7943
7626  3 2 1 1 7931 7932 7945 7944
7627  3 2 1 1 7932 7933 7946 7945
7628  3 2 1 1 7933 7934 7947 7946
7629  3 2 1 1 7934 7935 7948 7947
7630  3 2 1 1 7935 7936 7949 7948
7631  3 2 1 1 7936 7937 7950 7949
7632  3 2 1 1 7937 7938 7951 7950
7633  3 2 1 1 7938 7939 7952 7951
7634  3 2 1 1 7939 7940 7953 7952
7635  3 2 1 1 7940 7941 7954 7953
7636  3 2 1 1 7941  165  166 7954
7637  3 2 1 1 4251 7942 7955 4250
7638  3 2 1 1 7942 7943 7956 7955
7639  3 2 1 1 7943 7944 7957 7956
7640  3 2 1 1 7944 7945 7958 7957
7641  3 2 1 1 7945 7946 7959 7958
7642  3 2 1 1 7946 7947 7960 7959
7643  3 2 1 1 7947 7948 7961 7960
7644  3 2 1 1 7948 7949 7962 7961
7645  3 2 1 1 7949 7950 7963 7962
7646  3 2 1 1 7950 7951 7964 7963
7647  3 2 1 1 7951 7952 7965 7964
7648  3 2 1 1 7952 7953 7966 7965
7649  3 2 1 1 7953 7954 7967 7966
7650  3 2 1 1 7954  166  167 7967
7651  3 2 1 1 4250 7955 7968 4249
7652  3 2 1 1 7955 7956 7969 7968
7653  3 2 1 1 7956 7957 7970 7969
7654  3 2 1 1 7957 7958 7971 7970
7655  3 2 1 1 7958 7959 7972 7971
7656  3 2 1 1 7959 7960 7973 7972
7657  3 2 1 1 7960 7961 7974 7973
7658  3 2 1 1 7961 7962 7975 7974
7659  3 2 1 1 7962 7963 7976 7975
7660  3 2 1 1 7963 7964 7977 7976
7661  3 2 1 1 7964 7965 7978 7977
7662  3 2 1 1 7965 7966 7979 7978
7663  3 2 1 1 7966 7967 7980 7979
7664  3 2 1 1 7967  167  168 7980
7665  3 2 1 1 4249 7968 7981 4248
7666  3 2 1 1 7968 7969 7982 7981
7667  3 2 1 1 7969 7970 7983 7982
7668  3 2 1 1 7970 7971 7984 7983
7669  3 2 1 1 7971 7972 7985 7984
7670  3 2 1 1 7972 7973 7986 7985
7671  3 2 1 1 7973 7974 7987 7986
7672  3 2 1 1 7974 7975 7988 7987
7673  3 2 1 1 7975 7976 7989 7988
7674  3 2 1 1 7976 7977 7990 7989
7675  3 2 1 1 7977 7978 7991 7990
7676  3 2 1 1 7978 7979 7992 7991
7677  3 2 1 1 7979 7980 7993 7992
7678  3 2 1 1 7980  168  169 7993
7679  3 2 1 1 4248 7981 7994 4247
7680  3 2 1 1 7981 7982 7995 7994
7681  3 2 1 1 7982 7983 7996 7995
7682  3 2 1 1 7983 7984 7997 7996
7683  3 2 1 1 7984 7985 7998 7997
7684  3 2 1 1 7985 7986 7999 7998
7685  3 2 1 1 7986 7987 8000 7999
7686  3 2 1 1 7987 7988 8001 8000
7687  3 2 1 1 7988 7989 8002 8001
7688  3 2 1 1 7989 7990 8003 8002
7689  3 2 1 1 7990 7991 8004 8003
7690  3 2 1 1 7991 7992 8005 8004
7691  3 2 1 1 7992 7993 8006 8005
7692  3 2 1 1 7993  169  170 8006
7693  3 2 1 1 4247 7994 8007 4246
7694  3 2 1 1 7994 7995 8008 8007
7695  3 2 1 1 7995 7996 8009 8008
7696  3 2 1 1 7996 7997 8010 8009
7697  3 2 1 1 7997 7998 8011 8010
7698  3 2 1 1 7998 7999 8012 8011
7699  3 2 1 1 7999 8000 8013 8012
7700  3 2 1 1 8000 8001 8014 8013
7701  3 2 1 1 8001 8002 8015 8014
7702  3 2 1 1 8002 8003 8016 8015
7703  3 2 1 1 8003 8004 8017 8016
7704  3 2 1 1 8004 8005 8018 8017
7705  3 2 1 1 8005 8006 8019 8018
7706  3 2 1 1 8006  170  171 8019
7707  3 2 1 1 4246 8007 8020 4245
7708  3 2 1 1 8007 8008 8021 8020
7709  3 2 1 1 8008 8009 8022 8021
7710  3 2 1 1 8009 8010 8023 8022
7711  3 2 1 1 8010 8011 8024 8023
7712  3 2 1 1 8011 8012 8025 8024
7713  3 2 1 1 8012 8013 8026 8025
7714  3 2 1 1 8013 8014 8027 8026
7715  3 2 1 1 8014 8015 8028 8027
7716  3 2 1 1 8015 8016 8029 8028
7717  3 2 1 1 8016 8017 8030 8029
7718  3 2 1 1 8017 8018 8031 8030
7719  3 2 1 1 8018 8019 8032 8031
7720  3 2 1 1 8019  171  172 8032
7721  3 2 1 1 4245 8020 8033 4244
7722  3 2 1 1 8020 8021 8034 8033
7723  3 2 1 1 8021 8022 8035 8034
7724  3 2 1 1 8022 8023 8036 8035
7725  3 2 1 1 8023 8024 8037 8036
7726  3 2 1 1 8024 8025 8038 8037
7727  3 2 1 1 8025 8026 8039 8038
7728  3 2 1 1 8026 8027 8040 8039
7729  3 2 1 1 8027 8028 8041 8040
7730  3 2 1 1 8028 8029 8042 8041
7731  3 2 1 1 8029 8030 8043 8042
7732  3 2 1 1 8030 8031 8044 8043
7733  3 2 1 1 8031 8032 8045 8044
7734  3 2 1 1 8032  172  173 8045
7735  3 2 1 1 4244 8033 4117 4130
7736  3 2 1 1 8033 8034 4118 4117
7737  3 2 1 1 8034 8035 4119 4118
7738  3 2 1 1 8035 8036 4120 4119
7739  3 2 1 1 8036 8037 4121 4120
7740  3 2 1 1 8037 8038 4122 4121
7741  3 2 1 1 8038 8039 4123 4122
7742  3 2 1 1 8039 8040 4124 4123
7743  3 2 1 1 8040 8041 4125 4124
7744  3 2 1 1 8041 8042 4126 4125
7745  3 2 1 1 8042 8043 4127 4126
7746  3 2 1 1 8043 8044 4128 4127
7747  3 2 1 1 8044 8045 4129 4128
7748  3 2 1 1 8045  173  174 4129
7749  3 2 1 1    4   85 8046   84
7750  3 2 1 1   85   86 8047 8046
7751  3 2 1 1   86   87 8048 8047
7752  3 2 1 1   87   88 8049 8048
7753  3 2 1 1   88   89 8050 8049
7754  3 2 1 1   89   90 8051 8050
7755  3 2 1 1   90   91 8052 8051
7756  3 2 1 1   91   92 8053 8052
7757  3 2 1 1   92   93 8054 8053
7758  3 2 1 1   93   94 8055 8054
7759  3 2 1 1   94   95 8056 8055
7760  3 2 1 1   95   96 8057 8056
7761  3 2 1 1   96   97 8058 8057
7762  3 2 1 1   97   98 8059 8058
7763  3 2 1 1   98   99 8060 8059
7764  3 2 1 1   99  100 8061 8060
7765  3 2 1 1  100  101 8062 8061
7766  3 2 1 1  101  102 8063 8062
7767  3 2 1 1  102  103 8064 8063
7768  3 2 1 1  103  104 8065 8064
7769  3 2 1 1  104  105 8066 8065
7770  3 2 1 1  105    5 8067 8066
7771  3 2 1 1    5 4143 8068 8067
7772  3 2 1 1 4143 4142 8069 8068
7773  3 2 1 1 4142 4141 8070 8069
7774  3 2 1 1 4141 4140 8071 8070
7775  3 2 1 1 4140 4139 8072 8071
7776  3 2 1 1 4139 4138 8073 8072
7777  3 2 1 1 4138 4137 8074 8073
7778  3 2 1 1 4137 4136 8075 8074
7779  3 2 1 1 4136 4135 8076 8075
7780  3 2 1 1 4135 4134 8077 8076
7781  3 2 1 1 4134 4133 8078 8077
7782  3 2 1 1 4133 4132 8079 8078
7783  3 2 1 1 4132 4131 8080 8079
7784  3 2 1 1 4131 4144 4265 8080
7785  3 2 1 1   84 8046 8081   83
7786  3 2 1 1 8046 8047 8082 8081
7787  3 2 1 1 8047 8048 8083 8082
7788  3 2 1 1 8048 8049 8084 8083
7789  3 2 1 1 8049 8050 8085 8084
7790  3 2 1 1 8050 8051 8086 8085
7791  3 2 1 1 8051 8052 8087 8086
7792  3 2 1 1 8052 8053 8088 8087
7793  3 2 1 1 8053 8054 8089 8088
7794  3 2 1 1 8054 8055 8090 8089
7795  3 2 1 1 8055 8056 8091 8090
7796  3 2 1 1 8056 8057 8092 8091
7797  3 2 1 1 8057 8058 8093 8092
7798  3 2 1 1 8058 8059 8094 8093
7799  3 2 1 1 8059 8060 8095 8094
7800  3 2 1 1 8060 8061 8096 8095
7801  3 2 1 1 8061 8062 8097 8096
7802  3 2 1 1 8062 8063 8098 8097
7803  3 2 1 1 8063 8064 8099 8098
7804  3 2 1 1 8064 8065 8100 8099
7805  3 2 1 1 8065 8066 8101 8100
7806  3 2 1 1 8066 8067 8102 8101
7807  3 2 1 1 8067 8068 8103 8102
7808  3 2 1 1 8068 8069 8104 8103
7809  3 2 1 1 8069 8070 8105 8104
7810  3 2 1 1 8070 8071 8106 8105
7811  3 2 1 1 8071 8072 8107 8106
7812  3 2 1 1 8072 8073 8108 8107
7813  3 2 1 1 8073 8074 8109 8108
7814  3 2 1 1 8074 8075 8110 8109
7815  3 2 1 1 8075 8076 8111 8110
7816  3 2 1 1 8076 8077 8112 8111
7817  3 2 1 1 8077 8078 8113 8112
7818  3 2 1 1 8078 8079 8114 8113
7819  3 2 1 1 8079 8080 8115 8114
7820  3 2 1 1 8080 4265 4266 8115
7821  3 2 1 1   83 8081 8116   82
7822  3 2 1 1 8081 8082 8117 8116
7823  3 2 1 1 8082 8083 8118 8117
7824  3 2 1 1 8083 8084 8119 8118
7825  3 2 1 1 8084 8085 8120 8119
7826  3 2 1 1 8085 8086 8121 8120
7827  3 2 1 1 8086 8087 8122 8121
7828  3 2 1 1 8087 8088 8123 8122
7829  3 2 1 1 8088 8089 8124 8123
7830  3 2 1 1 8089 8090 8125 8124
7831  3 2 1 1 8090 8091 8126 8125
7832  3 2 1 1 8091 8092 8127 8126
7833  3 2 1 1 8092 8093 8128 8127
7834  3 2 1 1 8093 8094 8129 8128
7835  3 2 1 1 8094 8095 8130 8129
7836  3 2 1 1 8095 8096 8131 8130
7837  3 2 1 1 8096 8097 8132 8131
7838  3 2 1 1 8097 8098 8133 8132
7839  3 2 1 1 8098 8099 8134 8133
7840  3 2 1 1 8099 8100 8135 8134
7841  3 2 1 1 8100 8101 8136 8135
7842  3 2 1 1 8101 8102 8137 8136
7843  3 2 1 1 8102 8103 8138 8137
7844  3 2 1 1 8103 8104 8139 8138
7845  3 2 1 1 8104 8105 8140 8139
7846  3 2 1 1 8105 8106 8141 8140
7847  3 2 1 1 8106 8107 8142 8141
7848  3 2 1 1 8107 8108 8143 8142
7849  3 2 1 1 8108 8109 8144 8143
7850  3 2 1 1 8109 8110 8145 8144
7851  3 2 1 1 8110 8111 8146 8145
7852  3 2 1 1 8111 8112 8147 8146
7853  3 2 1 1 8112 8113 8148 8147
7854  3 2 1 1 8113 8114 8149 8148
7855  3 2 1 1 8114 8115 8150 8149
7856  3 2 1 1 8115 4266 4267 8150
7857  3 2 1 1   82 8116 8151   81
7858  3 2 1 1 8116 8117 8152 8151
7859  3 2 1 1 8117 8118 8153 8152
7860  3 2 1 1 8118 8119 8154 8153
7861  3 2 1 1 8119 8120 8155 8154
7862  3 2 1 1 8120 8121 8156 8155
7863  3 2 1 1 8121 8122 8157 8156
7864  3 2 1 1 8122 8123 8158 8157
7865  3 2 1 1 8123 8124 8159 8158
7866  3 2 1 1 8124 8125 8160 8159
7867  3 2 1 1 8125 8126 8161 8160
7868  3 2 1 1 8126 8127 8162 8161
7869  3 2 1 1 8127 8128 8163 8162
7870  3 2 1 1 8128 8129 8164 8163
7871  3 2 1 1 8129 8130 8165 8164
7872  3 2 1 1 8130 8131 8166 8165
7873  3 2 1 1 8131 8132 8167 8166
7874  3 2 1 1 8132 8133 8168 8167
7875  3 2 1 1 8133 8134 8169 8168
7876  3 2 1 1 8134 8135 8170 8169
7877  3 2 1 1 8135 8136 8171 8170
7878  3 2 1 1 8136 8137 8172 8171
7879  3 2 1 1 8137 8138 8173 8172
7880  3 2 1 1 8138 8139 8174 8173
7881  3 2 1 1 8139 8140 8175 8174
7882  3 2 1 1 8140 8141 8176 8175
7883  3 2 1 1 8141 8142 8177 8176
7884  3 2 1 1 8142 8143 8178 8177
7885  3 2 1 1 8143 8144 8179 8178
7886  3 2 1 1 8144 8145 8180 8179
7887  3 2 1 1 8145 8146 8181 8180
7888  3 2 1 1 8146 8147 8182 8181
7889  3 2 1 1 8147 8148 8183 8182
7890  3 2 1 1 8148 8149 8184 8183
7891  3 2 1 1 8149 8150 8185 8184
7892  3 2 1 1 8150 4267 4268 8185
7893  3 2 1 1   81 8151 8186   80
7894  3 2 1 1 8151 8152 8187 8186
7895  3 2 1 1 8152 8153 8188 8187
7896  3 2 1 1 8153 8154 8189 8188
7897  3 2 1 1 8154 8155 8190 8189
7898  3 2 1 1 8155 8156 8191 8190
7899  3 2 1 1 8156 8157 8192 8191
7900  3 2 1 1 8157 8158 8193 8192
7901  3 2 1 1 8158 8159 8194 8193
7902  3 2 1 1 8159 8160 8195 8194
7903  3 2 1 1 8160 8161 8196 8195
7904  3 2 1 1 8161 8162 8197 8196
7905  3 2 1 1 8162 8163 8198 8197
7906  3 2 1 1 8163 8164 8199 8198
7907  3 2 1 1 8164 8165 8200 8199
7908  3 2 1 1 8165 8166 8201 8200
7909  3 2 1 1 8166 8167 8202 8201
7910  3 2 1 1 8167 8168 8203 8202
7911  3 2 1 1 8168 8169 8204 8203
7912  3 2 1 1 8169 8170 8205 8204
7913  3 2 1 1 8170 8171 8206 8205
7914  3 2 1 1 8171 8172 8207 8206
7915  3 2 1 1 8172 8173 8208 8207
7916  3 2 1 1 8173 8174 8209 8208
7917  3 2 1 1 8174 8175 8210 8209
7918  3 2 1 1 8175 8176 8211 8210
7919  3 2 1 1 8176 8177 8212 8211
7920  3 2 1 1 8177 8178 8213 8212
7921  3 2 1 1 8178 8179 8214 8213
7922  3 2 1 1 8179 8180 8215 8214
7923  3 2 1 1 8180 8181 8216 8215
7924  3 2 1 1 8181 8182 8217 8216
7925  3 2 1 1 8182 8183 8218 8217
7926  3 2 1 1 8183 8184 8219 8218
7927  3 2 1 1 8184 8185 8220 8219
7928  3 2 1 1 8185 4268 4269 8220
7929  3 2 1 1   80 8186 8221   79
7930  3 2 1 1 8186 8187 8222 8221
7931  3 2 1 1 8187 8188 8223 8222
7932  3 2 1 1 8188 8189 8224 8223
7933  3 2 1 1 8189 8190 8225 8224
7934  3 2 1 1 8190 8191 8226 8225
7935  3 2 1 1 8191 8192 8227 8226
7936  3 2 1 1 8192 8193 8228 8227
7937  3 2 1 1 8193 8194 8229 8228
7938  3 2 1 1 8194 8195 8230 8229
7939  3 2 1 1 8195 8196 8231 8230
7940  3 2 1 1 8196 8197 8232 8231
7941  3 2 1 1 8197 8198 8233 8232
7942  3 2 1 1 8198 8199 8234 8233
7943  3 2 1 1 8199 8200 8235 8234
7944  3 2 1 1 8200 8201 8236 8235
7945  3 2 1 1 8201 8202 8237 8236
7946  3 2 1 1 8202 8203 8238 8237
7947  3 2 1 1 8203 8204 8239 8238
7948  3 2 1 1 8204 8205 8240 8239
7949  3 2 1 1 8205 8206 8241 8240
7950  3 2 1 1 8206 8207 8242 8241
7951  3 2 1 1 8207 8208 8243 8242
7952  3 2 1 1 8208 8209 8244 8243
7953  3 2 1 1 8209 8210 8245 8244
7954  3 2 1 1 8210 8211 8246 8245
7955  3 2 1 1 8211 8212 8247 8246
7956  3 2 1 1 8212 8213 8248 8247
7957  3 2 1 1 8213 8214 8249 8248
7958  3 2 1 1 8214 8215 8250 8249
7959  3 2 1 1 8215 8216 8251 8250
7960  3 2 1 1 8216 8217 8252 8251
7961  3 2 1 1 8217 8218 8253 8252
7962  3 2 1 1 8218 8219 8254 8253
7963  3 2 1 1 8219 8220 8255 8254
7964  3 2 1 1 8220 4269 4270 8255
7965  3 2 1 1   79 8221 8256   78
7966  3 2 1 1 8221 8222 8257 8256
7967  3 2 1 1 8222 8223 8258 8257
7968  3 2 1 1 8223 8224 8259 8258
7969  3 2 1 1 8224 8225 8260 8259
7970  3 2 1 1 8225 8226 8261 8260
7971  3 2 1 1 8226 8227 8262 8261
7972  3 2 1 1 8227 8228 8263 8262
7973  3 2 1 1 8228 8229 8264 8263
7974  3 2 1 1 8229 8230 8265 8264
7975  3 2 1 1 8230 8231 8266 8265
7976  3 2 1 1 8231 8232 8267 8266
7977  3 2 1 1 8232 8233 8268 8267
7978  3 2 1 1 8233 8234 8269 8268
7979  3 2 1 1 8234 8235 8270 8269
7980  3 2 1 1 8235 8236 8271 8270
7981  3 2 1 1 8236 8237 8272 8271
7982  3 2 1 1 8237 8238 8273 8272
7983  3 2 1 1 8238 8239 8274 8273
7984  3 2 1 1 8239 8240 8275 8274
7985  3 2 1 1 8240 8241 8276 8275
7986  3 2 1 1 8241 8242 8277 8276
7987  3 2 1 1 8242 8243 8278 8277
7988  3 2 1 1 8243 8244 8279 8278
7989  3 2 1 1 8244 8245 8280 8279
7990  3 2 1 1 8245 8246 8281 8280
7991  3 2 1 1 8246 8247 8282 8281
7992  3 2 1 1 8247 8248 8283 8282
7993  3 2 1 1 8248 8249 8284 8283
7994  3 2 1 1 8249 8250 8285 8284
7995  3 2 1 1 8250 8251 8286 8285
7996  3 2 1 1 8251 8252 8287 8286
7997  3 2 1 1 8252 8253 8288 8287
7998  3 2 1 1 8253 8254 8289 8288
7999  3 2 1 1 8254 8255 8290 8289
8000  3 2 1 1 8255 4270 4271 8290
8001  3 2 1 1   78 8256 8291   77
8002  3 2 1 1 8256 8257 8292 8291
8003  3 2 1 1 8257 8258 8293 8292
8004  3 2 1 1 8258 8259 8294 8293
8005  3 2 1 1 8259 8260 8295 8294
8006  3 2 1 1 8260 8261 8296 8295
8007  3 2 1 1 8261 8262 8297 8296
8008  3 2 1 1 8262 8263 8298 8297
8009  3 2 1 1 8263 8264 8299 8298
8010  3 2 1 1 8264 8265 8300 8299
8011  3 2 1 1 8265 8266 8301 8300
8012  3 2 1 1 8266 8267 8302 8301
8013  3 2 1 1 8267 8268 8303 8302
8014  3 2 1 1 8268 8269 8304 8303
8015  3 2 1 1 8269 8270 8305 8304
8016  3 2 1 1 8270 8271 8306 8305
8017  3 2 1 1 8271 8272 8307 8306
8018  3 2 1 1 8272 8273 8308 8307
8019  3 2 1 1 8273 8274 8309 8308
8020  3 2 1 1 8274 8275 8310 8309
8021  3 2 1 1 8275 8276 8311 8310
8022  3 2 1 1 8276 8277 8312 8311
8023  3 2 1 1 8277 8278 8313 8312
8024  3 2 1 1 8278 8279 8314 8313
8025  3 2 1 1 8279 8280 8315 8314
8026  3 2 1 1 8280 8281 8316 8315
8027  3 2 1 1 8281 8282 8317 8316
8028  3 2 1 1 8282 8283 8318 8317
8029  3 2 1 1 8283 8284 8319 8318
8030  3 2 1 1 8284 8285 8320 8319
8031  3 2 1 1 8285 8286 8321 8320
8032  3 2 1 1 8286 8287 8322 8321
8033  3 2 1 1 8287 8288 8323 8322
8034  3 2 1 1 8288 8289 8324 8323
8035  3 2 1 1 8289 8290 8325 8324
8036  3 2 1 1 8290 4271 4272 8325
8037  3 2 1 1   77 8291 8326   76
8038  3 2 1 1 8291 8292 8327 8326
8039  3 2 1 1 8292 8293 8328 8327
8040  3 2 1 1 8293 8294 8329 8328
8041  3 2 1 1 8294 8295 8330 8329
8042  3 2 1 1 8295 8296 8331 8330
8043  3 2 1 1 8296 8297 8332 8331
8044  3 2 1 1 8297 8298 8333 8332
8045  3 2 1 1 8298 8299 8334 8333
8046  3 2 1 1 8299 8300 8335 8334
8047  3 2 1 1 8300 8301 8336 8335
8048  3 2 1 1 8301 8302 8337 8336
8049  3 2 1 1 8302 8303 8338 8337
8050  3 2 1 1 8303 8304 8339 8338
8051  3 2 1 1 8304 8305 8340 8339
8052  3 2 1 1 8305 8306 8341 8340
8053  3 2 1 1 8306 8307 8342 8341
8054  3 2 1 1 8307 8308 8343 8342
8055  3 2 1 1 8308 8309 8344 8343
8056  3 2 1 1 8309 8310 8345 8344
8057  3 2 1 1 8310 8311 8346 8345
8058  3 2 1 1 8311 8312 8347 8346
8059  3 2 1 1 8312 8313 8348 8347
8060  3 2 1 1 8313 8314 8349 8348
8061  3 2 1 1 8314 8315 8350 8349
8062  3 2 1 1 8315 8316 8351 8350
8063  3 2 1 1 8316 8317 8352 8351
8064  3 2 1 1 8317 8318 8353 8352
8065  3 2 1 1 8318 8319 8354 8353
8066  3 2 1 1 8319 8320 8355 8354
8067  3 2 1 1 8320 8321 8356 8355
8068  3 2 1 1 8321 8322 8357 8356
8069  3 2 1 1 8322 8323 8358 8357
8070  3 2 1 1 8323 8324 8359 8358
8071  3 2 1 1 8324 8325 8360 8359
8072  3 2 1 1 8325 4272 4273 8360
8073  3 2 1 1   76 8326 8361   75
8074  3 2 1 1 8326 8327 8362 8361
8075  3 2 1 1 8327 8328 8363 8362
8076  3 2 1 1 8328 8329 8364 8363
8077  3 2 1 1 8329 8330 8365 8364
8078  3 2 1 1 8330 8331 8366 8365
8079  3 2 1 1 8331 8332 8367 8366
8080  3 2 1 1 8332 8333 8368 8367
8081  3 2 1 1 8333 8334 8369 8368
8082  3 2 1 1 8334 8335 8370 8369
8083  3 2 1 1 8335 8336 8371 8370
8084  3 2 1 1 8336 8337 8372 8371
8085  3 2 1 1 8337 8338 8373 8372
8086  3 2 1 1 8338 8339 8374 8373
8087  3 2 1 1 8339 8340 8375 8374
8088  3 2 1 1 8340 8341 8376 8375
8089  3 2 1 1 8341 8342 8377 8376
8090  3 2 1 1 8342 8343 8378 8377
8091  3 2 1 1 8343 8344 8379 8378
8092  3 2 1 1 8344 8345 8380 8379
8093  3 2 1 1 8345 8346 8381 8380
8094  3 2 1 1 8346 8347 8382 8381
8095  3 2 1 1 8347 8348 8383 8382
8096  3 2 1 1 8348 8349 8384 8383
8097  3 2 1 1 8349 8350 8385 8384
8098  3 2 1 1 8350 8351 8386 8385
8099  3 2 1 1 8351 8352 8387 8386
8100  3 2 1 1 8352 8353 8388 8387
8101  3 2 1 1 8353 8354 8389 8388
8102  3 2 1 1 8354 8355 8390 8389
8103  3 2 1 1 8355 8356 8391 8390
8104  3 2 1 1 8356 8357 8392 8391
8105  3 2 1 1 8357 8358 8393 8392
8106  3 2 1 1 8358 8359 8394 8393
8107  3 2 1 1 8359 8360 8395 8394
8108  3 2 1 1 8360 4273 4274 8395
8109  3 2 1 1   75 8361 8396   74
8110  3 2 1 1 8361 8362 8397 8396
8111  3 2 1 1 8362 8363 8398 8397
8112  3 2 1 1 8363 8364 8399 8398
8113  3 2 1 1 8364 8365 8400 8399
8114  3 2 1 1 8365 8366 8401 8400
8115  3 2 1 1 8366 8367 8402 8401
8116  3 2 1 1 8367 8368 8403 8402
8117  3 2 1 1 8368 8369 8404 8403
8118  3 2 1 1 8369 8370 8405 8404
8119  3 2 1 1 8370 8371 8406 8405
8120  3 2 1 1 8371 8372 8407 8406
8121  3 2 1 1 8372 8373 8408 8407
8122  3 2 1 1 8373 8374 8409 8408
8123  3 2 1 1 8374 8375 8410 8409
8124  3 2 1 1 8375 8376 8411 8410
8125  3 2 1 1 8376 8377 8412 8411
8126  3 2 1 1 8377 8378 8413 8412
8127  3 2 1 1 8378 8379 8414 8413
8128  3 2 1 1 8379 8380 8415 8414
8129  3 2 1 1 8380 8381 8416 8415
8130  3 2 1 1 8381 8382 8417 8416
8131  3 2 1 1 8382 8383 8418 8417
8132  3 2 1 1 8383 8384 8419 8418
8133  3 2 1 1 8384 8385 8420 8419
8134  3 2 1 1 8385 8386 8421 8420
8135  3 2 1 1 8386 8387 8422 8421
8136  3 2 1 1 8387 8388 8423 8422
8137  3 2 1 1 8388 8389 8424 8423
8138  3 2 1 1 8389 8390 8425 8424
8139  3 2 1 1 8390 8391 8426 8425
8140  3 2 1 1 8391 8392 8427 8426
8141  3 2 1 1 8392 8393 8428 8427
8142  3 2 1 1 8393 8394 8429 8428
8143  3 2 1 1 8394 8395 8430 8429
8144  3 2 1 1 8395 4274 4275 8430
8145  3 2 1 1   74 8396 8431   73
8146  3 2 1 1 8396 8397 8432 8431
8147  3 2 1 1 8397 8398 8433 8432
8148  3 2 1 1 8398 8399 8434 8433
8149  3 2 1 1 8399 8400 8435 8434
8150  3 2 1 1 8400 8401 8436 8435
8151  3 2 1 1 8401 8402 8437 8436
8152  3 2 1 1 8402 8403 8438 8437
8153  3 2 1 1 8403 8404 8439 8438
8154  3 2 1 1 8404 8405 8440 8439
8155  3 2 1 1 8405 8406 8441 8440
8156  3 2 1 1 8406 8407 8442 8441
8157  3 2 1 1 8407 8408 8443 8442
8158  3 2 1 1 8408 8409 8444 8443
8159  3 2 1 1 8409 8410 8445 8444
8160  3 2 1 1 8410 8411 8446 8445
8161  3 2 1 1 8411 8412 8447 8446
8162  3 2 1 1 8412 8413 8448 8447
8163  3 2 1 1 8413 8414 8449 8448
8164  3 2 1 1 8414 8415 8450 8449
8165  3 2 1 1 8415 8416 8451 8450
8166  3 2 1 1 8416 8417 8452 8451
8167  3 2 1 1 8417 8418 8453 8452
8168  3 2 1 1 8418 8419 8454 8453
8169  3 2 1 1 8419 8420 8455 8454
8170  3 2 1 1 8420 8421 8456 8455
8171  3 2 1 1 8421 8422 8457 8456
8172  3 2 1 1 8422 8423 8458 8457
8173  3 2 1 1 8423 8424 8459 8458
8174  3 2 1 1 8424 8425 8460 8459
8175  3 2 1 1 8425 8426 8461 8460
8176  3 2 1 1 8426 8427 8462 8461
8177  3 2 1 1 8427 8428 8463 8462
8178  3 2 1 1 8428 8429 8464 8463
8179  3 2 1 1 8429 8430 8465 8464
8180  3 2 1 1 8430 4275 4276 8465
8181  3 2 1 1   73 8431 8466   72
8182  3 2 1 1 8431 8432 8467 8466
8183  3 2 1 1 8432 8433 8468 8467
8184  3 2 1 1 8433 8434 8469 8468
8185  3 2 1 1 8434 8435 8470 8469
8186  3 2 1 1 8435 8436 8471 8470
8187  3 2 1 1 8436 8437 8472 8471
8188  3 2 1 1 8437 8438 8473 8472
8189  3 2 1 1 8438 8439 8474 8473
8190  3 2 1 1 8439 8440 8475 8474
8191  3 2 1 1 8440 8441 8476 8475
8192  3 2 1 1 8441 8442 8477 8476
8193  3 2 1 1 8442 8443 8478 8477
8194  3 2 1 1 8443 8444 8479 8478
8195  3 2 1 1 8444 8445 8480 8479
8196  3 2 1 1 8445 8446 8481 8480
8197  3 2 1 1 8446 8447 8482 8481
8198  3 2 1 1 8447 8448 8483 8482
8199  3 2 1 1 8448 8449 8484 8483
8200  3 2 1 1 8449 8450 8485 8484
8201  3 2 1 1 8450 8451 8486 8485
8202  3 2 1 1 8451 8452 8487 8486
8203  3 2 1 1 8452 8453 8488 8487
8204  3 2 1 1 8453 8454 8489 8488
8205  3 2 1 1 8454 8455 8490 8489
8206  3 2 1 1 8455 8456 8491 8490
8207  3 2 1 1 8456 8457 8492 8491
8208  3 2 1 1 8457 8458 8493 8492
8209  3 2 1 1 8458 8459 8494 8493
8210  3 2 1 1 8459 8460 8495 8494
8211  3 2 1 1 8460 8461 8496 8495
8212  3 2 1 1 8461 8462 8497 8496
8213  3 2 1 1 8462 8463 8498 8497
8214  3 2 1 1 8463 8464 8499 8498
8215  3 2 1 1 8464 8465 8500 8499
8216  3 2 1 1 8465 4276 4277 8500
8217  3 2 1 1   72 8466 8501   71
8218  3 2 1 1 8466 8467 8502 8501
8219  3 2 1 1 8467 8468 8503 8502
8220  3 2 1 1 8468 8469 8504 8503
8221  3 2 1 1 8469 8470 8505 8504
8222  3 2 1 1 8470 8471 8506 8505
8223  3 2 1 1 8471 8472 8507 8506
8224  3 2 1 1 8472 8473 8508 8507
8225  3 2 1 1 8473 8474 8509 8508
8226  3 2 1 1 8474 8475 8510 8509
8227  3 2 1 1 8475 8476 8511 8510
8228  3 2 1 1 8476 8477 8512 8511
8229  3 2 1 1 8477 8478 8513 8512
8230  3 2 1 1 8478 8479 8514 8513
8231  3 2 1 1 8479 8480 8515 8514
8232  3 2 1 1 8480 8481 8516 8515
8233  3 2 1 1 8481 8482 8517 8516
8234  3 2 1 1 8482 8483 8518 8517
8235  3 2 1 1 8483 8484 8519 8518
8236  3 2 1 1 8484 8485 8520 8519
8237  3 2 1 1 8485 8486 8521 8520
8238  3 2 1 1 8486 8487 8522 8521
8239  3 2 1 1 8487 8488 8523 8522
8240  3 2 1 1 8488 8489 8524 8523
8241  3 2 1 1 8489 8490 8525 8524
8242  3 2 1 1 8490 8491 8526 8525
8243  3 2 1 1 8491 8492 8527 8526
8244  3 2 1 1 8492 8493 8528 8527
8245  3 2 1 1 8493 8494 8529 8528
8246  3 2 1 1 8494 8495 8530 8529
8247  3 2 1 1 8495 8496 8531 8530
8248  3 2 1 1 8496 8497 8532 8531
8249  3 2 1 1 8497 8498 8533 8532
8250  3 2 1 1 8498 8499 8534 8533
8251  3 2 1 1 8499 8500 8535 8534
8252  3 2 1 1 8500 4277 4278 8535
8253  3 2 1 1   71 8501 8536   70
8254  3 2 1 1 8501 8502 8537 8536
8255  3 2 1 1 8502 8503 8538 8537
8256  3 2 1 1 8503 8504 8539 8538
8257  3 2 1 1 8504 8505 8540 8539
8258  3 2 1 1 8505 8506 8541 8540
8259  3 2 1 1 8506 8507 8542 8541
8260  3 2 1 1 8507 8508 8543 8542
8261  3 2 1 1 8508 8509 8544 8543
8262  3 2 1 1 8509 8510 8545 8544
8263  3 2 1 1 8510 8511 8546 8545
8264  3 2 1 1 8511 8512 8547 8546
8265  3 2 1 1 8512 8513 8548 8547
8266  3 2 1 1 8513 8514 8549 8548
8267  3 2 1 1 8514 8515 8550 8549
8268  3 2 1 1 8515 8516 8551 8550
8269  3 2 1 1 8516 8517 8552 8551
8270  3 2 1 1 8517 8518 8553 8552
8271  3 2 1 1 8518 8519 8554 8553
8272  3 2 1 1 8519 8520 8555 8554
8273  3 2 1 1 8520 8521 8556 8555
8274  3 2 1 1 8521 8522 8557 8556
8275  3 2 1 1 8522 8523 8558 8557
8276  3 2 1 1 8523 8524 8559 8558
8277  3 2 1 1 8524 8525 8560 8559
8278  3 2 1 1 8525 8526 8561 8560
8279  3 2 1 1 8526 8527 8562 8561
8280  3 2 1 1 8527 8528 8563 8562
8281  3 2 1 1 8528 8529 8564 8563
8282  3 2 1 1 8529 8530 8565 8564
8283  3 2 1 1 8530 8531 8566 8565
8284  3 2 1 1 8531 8532 8567 8566
8285  3 2 1 1 8532 8533 8568 8567
8286  3 2 1 1 8533 8534 8569 8568
8287  3 2 1 1 8534 8535 8570 8569
8288  3 2 1 1 8535 4278 4279 8570
8289  3 2 1 1   70 8536 8571   69
8290  3 2 1 1 8536 8537 8572 8571
8291  3 2 1 1 8537 8538 8573 8572
8292  3 2 1 1 8538 8539 8574 8573
8293  3 2 1 1 8539 8540 8575 8574
8294  3 2 1 1 8540 8541 8576 8575
8295  3 2 1 1 8541 8542 8577 8576
8296  3 2 1 1 8542 8543 8578 8577
8297  3 2 1 1 8543 8544 8579 8578
8298  3 2 1 1 8544 8545 8580 8579
8299  3 2 1 1 8545 8546 8581 8580
8300  3 2 1 1 8546 8547 8582 8581
8301  3 2 1 1 8547 8548 8583 8582
8302  3 2 1 1 8548 8549 8584 8583
8303  3 2 1 1 8549 8550 8585 8584
8304  3 2 1 1 8550 8551 8586 8585
8305  3 2 1 1 8551 8552 8587 8586
8306  3 2 1 1 8552 8553 8588 8587
8307  3 2 1 1 8553 8554 8589 8588
8308  3 2 1 1 8554 8555 8590 8589
8309  3 2 1 1 8555 8556 8591 8590
8310  3 2 1 1 8556 8557 8592 8591
8311  3 2 1 1 8557 8558 8593 8592
8312  3 2 1 1 8558 8559 8594 8593
8313  3 2 1 1 8559 8560 8595 8594
8314  3 2 1 1 8560 8561 8596 8595
8315  3 2 1 1 8561 8562 8597 8596
8316  3 2 1 1 8562 8563 8598 8597
8317  3 2 1 1 8563 8564 8599 8598
8318  3 2 1 1 8564 8565 8600 8599
8319  3 2 1 1 8565 8566 8601 8600
8320  3 2 1 1 8566 8567 8602 8601
8321  3 2 1 1 8567 8568 8603 8602
8322  3 2 1 1 8568 8569 8604 8603
8323  3 2 1 1 8569 8570 8605 8604
8324  3 2 1 1 8570 4279 4280 8605
8325  3 2 1 1   69 8571 8606   68
8326  3 2 1 1 8571 8572 8607 8606
8327  3 2 1 1 8572 8573 8608 8607
8328  3 2 1 1 8573 8574 8609 8608
8329  3 2 1 1 8574 8575 8610 8609
8330  3 2 1 1 8575 8576 8611 8610
8331  3 2 1 1 8576 8577 8612 8611
8332  3 2 1 1 8577 8578 8613 8612
8333  3 2 1 1 8578 8579 8614 8613
8334  3 2 1 1 8579 8580 8615 8614
8335  3 2 1 1 8580 8581 8616 8615
8336  3 2 1 1 8581 8582 8617 8616
8337  3 2 1 1 8582 8583 8618 8617
8338  3 2 1 1 8583 8584 8619 8618
8339  3 2 1 1 8584 8585 8620 8619
8340  3 2 1 1 8585 8586 8621 8620
8341  3 2 1 1 8586 8587 8622 8621
8342  3 2 1 1 8587 8588 8623 8622
8343  3 2 1 1 8588 8589 8624 8623
8344  3 2 1 1 8589 8590 8625 8624
8345  3 2 1 1 8590 8591 8626 8625
8346  3 2 1 1 8591 8592 8627 8626
8347  3 2 1 1 8592 8593 8628 8627
8348  3 2 1 1 8593 8594 8629 8628
8349  3 2 1 1 8594 8595 8630 8629
8350  3 2 1 1 8595 8596 8631 8630
8351  3 2 1 1 8596 8597 8632 8631
8352  3 2 1 1 8597 8598 8633 8632
8353  3 2 1 1 8598 8599 8634 8633
8354  3 2 1 1 8599 8600 8635 8634
8355  3 2 1 1 8600 8601 8636 8635
8356  3 2 1 1 8601 8602 8637 8636
8357  3 2 1 1 8602 8603 8638 8637
8358  3 2 1 1 8603 8604 8639 8638
8359  3 2 1 1 8604 8605 8640 8639
8360  3 2 1 1 8605 4280 4281 8640
8361  3 2 1 1   68 8606 8641   67
8362  3 2 1 1 8606 8607 8642 8641
8363  3 2 1 1 8607 8608 8643 8642
8364  3 2 1 1 8608 8609 8644 8643
8365  3 2 1 1 8609 8610 8645 8644
8366  3 2 1 1 8610 8611 8646 8645
8367  3 2 1 1 8611 8612 8647 8646
8368  3 2 1 1 8612 8613 8648 8647
8369  3 2 1 1 8613 8614 8649 8648
8370  3 2 1 1 8614 8615 8650 8649
8371  3 2 1 1 8615 8616 8651 8650
8372  3 2 1 1 8616 8617 8652 8651
8373  3 2 1 1 8617 8618 8653 8652
8374  3 2 1 1 8618 8619 8654 8653
8375  3 2 1 1 8619 8620 8655 8654
8376  3 2 1 1 8620 8621 8656 8655
8377  3 2 1 1 8621 8622 8657 8656
8378  3 2 1 1 8622 8623 8658 8657
8379  3 2 1 1 8623 8624 8659 8658
8380  3 2 1 1 8624 8625 8660 8659
8381  3 2 1 1 8625 8626 8661 8660
8382  3 2 1 1 8626 8627 8662 8661
8383  3 2 1 1 8627 8628 8663 8662
8384  3 2 1 1 8628 8629 8664 8663
8385  3 2 1 1 8629 8630 8665 8664
8386  3 2 1 1 8630 8631 8666 8665
8387  3 2 1 1 8631 8632 8667 8666
8388  3 2 1 1 8632 8633 8668 8667
8389  3 2 1 1 8633 8634 8669 8668
8390  3 2 1 1 8634 8635 8670 8669
8391  3 2 1 1 8635 8636 8671 8670
8392  3 2 1 1 8636 8637 8672 8671
8393  3 2 1 1 8637 8638 8673 8672
8394  3 2 1 1 8638 8639 8674 8673
8395  3 2 1 1 8639 8640 8675 8674
8396  3 2 1 1 8640 4281 4282 8675
8397  3 2 1 1   67 8641 8676   66
8398  3 2 1 1 8641 8642 8677 8676
8399  3 2 1 1 8642 8643 8678 8677
8400  3 2 1 1 8643 8644 8679 8678
8401  3 2 1 1 8644 8645 8680 8679
8402  3 2 1 1 8645 8646 8681 8680
8403  3 2 1 1 8646 8647 8682 8681
8404  3 2 1 1 8647 8648 8683 8682
8405  3 2 1 1 8648 8649 8684 8683
8406  3 2 1 1 8649 8650 8685 8684
8407  3 2 1 1 8650 8651 8686 8685
8408  3 2 1 1 8651 8652 8687 8686
8409  3 2 1 1 8652 8653 8688 8687
8410  3 2 1 1 8653 8654 8689 8688
8411  3 2 1 1 8654 8655 8690 8689
8412  3 2 1 1 8655 8656 8691 8690
8413  3 2 1 1 8656 8657 8692 8691
8414  3 2 1 1 8657 8658 8693 8692
8415  3 2 1 1 8658 8659 8694 8693
8416  3 2 1 1 8659 8660 8695 8694
8417  3 2 1 1 8660 8661 8696 8695
8418  3 2 1 1 8661 8662 8697 8696
8419  3 2 1 1 8662 8663 8698 8697
8420  3 2 1 1 8663 8664 8699 8698
8421  3 2 1 1 8664 8665 8700 8699
8422  3 2 1 1 8665 8666 8701 8700
8423  3 2 1 1 8666 8667 8702 8701
8424  3 2 1 1 8667 8668 8703 8702
8425  3 2 1 1 8668 8669 8704 8703
8426  3 2 1 1 8669 8670 8705 8704
8427  3 2 1 1 8670 8671 8706 8705
8428  3 2 1 1 8671 8672 8707 8706
8429  3 2 1 1 8672 8673 8708 8707
8430  3 2 1 1 8673 8674 8709 8708
8431  3 2 1 1 8674 8675 8710 8709
8432  3 2 1 1 8675 4282 4283 8710
8433  3 2 1 1   66 8676 8711   65
8434  3 2 1 1 8676 8677 8712 8711
8435  3 2 1 1 8677 8678 8713 8712
8436  3 2 1 1 8678 8679 8714 8713
8437  3 2 1 1 8679 8680 8715 8714
8438  3 2 1 1 8680 8681 8716 8715
8439  3 2 1 1 8681 8682 8717 8716
8440  3 2 1 1 8682 8683 8718 8717
8441  3 2 1 1 8683 8684 8719 8718
8442  3 2 1 1 8684 8685 8720 8719
8443  3 2 1 1 8685 8686 8721 8720
8444  3 2 1 1 8686 8687 8722 8721
8445  3 2 1 1 8687 8688 8723 8722
8446  3 2 1 1 8688 8689 8724 8723
8447  3 2 1 1 8689 8690 8725 8724
8448  3 2 1 1 8690 8691 8726 8725
8449  3 2 1 1 8691 8692 8727 8726
8450  3 2 1 1 8692 8693 8728 8727
8451  3 2 1 1 8693 8694 8729 8728
8452  3 2 1 1 8694 8695 8730 8729
8453  3 2 1 1 8695 8696 8731 8730
8454  3 2 1 1 8696 8697 8732 8731
8455  3 2 1 1 8697 8698 8733 8732
8456  3 2 1 1 8698 8699 8734 8733
8457  3 2 1 1 8699 8700 8735 8734
8458  3 2 1 1 8700 8701 8736 8735
8459  3 2 1 1 8701 8702 8737 8736
8460  3 2 1 1 8702 8703 8738 8737
8461  3 2 1 1 8703 8704 8739 8738
8462  3 2 1 1 8704 8705 8740 8739
8463  3 2 1 1 8705 8706 8741 8740
8464  3 2 1 1 8706 8707 8742 8741
8465  3 2 1 1 8707 8708 8743 8742
8466  3 2 1 1 8708 8709 8744 8743
8467  3 2 1 1 8709 8710 8745 8744
8468  3 2 1 1 8710 4283 4284 8745
8469  3 2 1 1   65 8711 8746   64
8470  3 2 1 1 8711 8712 8747 8746
8471  3 2 1 1 8712 8713 8748 8747
8472  3 2 1 1 8713 8714 8749 8748
8473  3 2 1 1 8714 8715 8750 8749
8474  3 2 1 1 8715 8716 8751 8750
8475  3 2 1 1 8716 8717 8752 8751
8476  3 2 1 1 8717 8718 8753 8752
8477  3 2 1 1 8718 8719 8754 8753
8478  3 2 1 1 8719 8720 8755 8754
8479  3 2 1 1 8720 8721 8756 8755
8480  3 2 1 1 8721 8722 8757 8756
8481  3 2 1 1 8722 8723 8758 8757
8482  3 2 1 1 8723 8724 8759 8758
8483  3 2 1 1 8724 8725 8760 8759
8484  3 2 1 1 8725 8726 8761 8760
8485  3 2 1 1 8726 8727 8762 8761
8486  3 2 1 1 8727 8728 8763 8762
8487  3 2 1 1 8728 8729 8764 8763
8488  3 2 1 1 8729 8730 8765 8764
8489  3 2 1 1 8730 8731 8766 8765
8490  3 2 1 1 8731 8732 8767 8766
8491  3 2 1 1 8732 8733 8768 8767
8492  3 2 1 1 8733 8734 8769 8768
8493  3 2 1 1 8734 8735 8770 8769
8494  3 2 1 1 8735 8736 8771 8770
8495  3 2 1 1 8736 8737 8772 8771
8496  3 2 1 1 8737 8738 8773 8772
8497  3 2 1 1 8738 8739 8774 8773
8498  3 2 1 1 8739 8740 8775 8774
8499  3 2 1 1 8740 8741 8776 8775
8500  3 2 1 1 8741 8742 8777 8776
8501  3 2 1 1 8742 8743 8778 8777
8502  3 2 1 1 8743 8744 8779 8778
8503  3 2 1 1 8744 8745 8780 8779
8504  3 2 1 1 8745 4284 4285 8780
8505  3 2 1 1   64 8746 8781   63
8506  3 2 1 1 8746 8747 8782 8781
8507  3 2 1 1 8747 8748 8783 8782
8508  3 2 1 1 8748 8749 8784 8783
8509  3 2 1 1 8749 8750 8785 8784
8510  3 2 1 1 8750 8751 8786 8785
8511  3 2 1 1 8751 8752 8787 8786
8512  3 2 1 1 8752 8753 8788 8787
8513  3 2 1 1 8753 8754 8789 8788
8514  3 2 1 1 8754 8755 8790 8789
8515  3 2 1 1 8755 8756 8791 8790
8516  3 2 1 1 8756 8757 8792 8791
8517  3 2 1 1 8757 8758 8793 8792
8518  3 2 1 1 8758 8759 8794 8793
8519  3 2 1 1 8759 8760 8795 8794
8520  3 2 1 1 8760 8761 8796 8795
8521  3 2 1 1 8761 8762 8797 8796
8522  3 2 1 1 8762 8763 8798 8797
8523  3 2 1 1 8763 8764 8799 8798
8524  3 2 1 1 8764 8765 8800 8799
8525  3 2 1 1 8765 8766 8801 8800
8526  3 2 1 1 8766 8767 8802 8801
8527  3 2 1 1 8767 8768 8803 8802
8528  3 2 1 1 8768 8769 8804 8803
8529  3 2 1 1 8769 8770 8805 8804
8530  3 2 1 1 8770 8771 8806 8805
8531  3 2 1 1 8771 8772 8807 8806
8532  3 2 1 1 8772 8773 8808 8807
8533  3 2 1 1 8773 8774 8809 8808
8534  3 2 1 1 8774 8775 8810 8809
8535  3 2 1 1 8775 8776 8811 8810
8536  3 2 1 1 8776 8777 8812 8811
8537  3 2 1 1 8777 8778 8813 8812
8538  3 2 1 1 8778 8779 8814 8813
8539  3 2 1 1 8779 8780 8815 8814
8540  3 2 1 1 8780 4285 4286 8815
8541  3 2 1 1   63 8781 8816   62
8542  3 2 1 1 8781 8782 8817 8816
8543  3 2 1 1 8782 8783 8818 8817
8544  3 2 1 1 8783 8784 8819 8818
8545  3 2 1 1 8784 8785 8820 8819
8546  3 2 1 1 8785 8786 8821 8820
8547  3 2 1 1 8786 8787 8822 8821
8548  3 2 1 1 8787 8788 8823 8822
8549  3 2 1 1 8788 8789 8824 8823
8550  3 2 1 1 8789 8790 8825 8824
8551  3 2 1 1 8790 8791 8826 8825
8552  3 2 1 1 8791 8792 8827 8826
8553  3 2 1 1 8792 8793 8828 8827
8554  3 2 1 1 8793 8794 8829 8828
8555  3 2 1 1 8794 8795 8830 8829
8556  3 2 1 1 8795 8796 8831 8830
8557  3 2 1 1 8796 8797 8832 8831
8558  3 2 1 1 8797 8798 8833 8832
8559  3 2 1 1 8798 8799 8834 8833
8560  3 2 1 1 8799 8800 8835 8834
8561  3 2 1 1 8800 8801 8836 8835
8562  3 2 1 1 8801 8802 8837 8836
8563  3 2 1 1 8802 8803 8838 8837
8564  3 2 1 1 8803 8804 8839 8838
8565  3 2 1 1 8804 8805 8840 8839
8566  3 2 1 1 8805 8806 8841 8840
8567  3 2 1 1 8806 8807 8842 8841
8568  3 2 1 1 8807 8808 8843 8842
8569  3 2 1 1 8808 8809 8844 8843
8570  3 2 1 1 8809 8810 8845 8844
8571  3 2 1 1 8810 8811 8846 8845
8572  3 2 1 1 8811 8812 8847 8846
8573  3 2 1 1 8812 8813 8848 8847
8574  3 2 1 1 8813 8814 8849 8848
8575  3 2 1 1 8814 8815 8850 8849
8576  3 2 1 1 8815 4286 4287 8850
8577  3 2 1 1   62 8816 8851   61
8578  3 2 1 1 8816 8817 8852 8851
8579  3 2 1 1 8817 8818 8853 8852
8580  3 2 1 1 8818 8819 8854 8853
8581  3 2 1 1 8819 8820 8855 8854
8582  3 2 1 1 8820 8821 8856 8855
8583  3 2 1 1 8821 8822 8857 8856
8584  3 2 1 1 8822 8823 8858 8857
8585  3 2 1 1 8823 8824 8859 8858
8586  3 2 1 1 8824 8825 8860 8859
8587  3 2 1 1 8825 8826 8861 8860
8588  3 2 1 1 8826 8827 8862 8861
8589  3 2 1 1 8827 8828 8863 8862
8590  3 2 1 1 8828 8829 8864 8863
8591  3 2 1 1 8829 8830 8865 8864
8592  3 2 1 1 8830 8831 8866 8865
8593  3 2 1 1 8831 8832 8867 8866
8594  3 2 1 1 8832 8833 8868 8867
8595  3 2 1 1 8833 8834 8869 8868
8596  3 2 1 1 8834 8835 8870 8869
8597  3 2 1 1 8835 8836 8871 8870
8598  3 2 1 1 8836 8837 8872 8871
8599  3 2 1 1 8837 8838 8873 8872
8600  3 2 1 1 8838 8839 8874 8873
8601  3 2 1 1 8839 8840 8875 8874
8602  3 2 1 1 8840 8841 8876 8875
8603  3 2 1 1 8841 8842 8877 8876
8604  3 2 1 1 8842 8843 8878 8877
8605  3 2 1 1 8843 8844 8879 8878
8606  3 2 1 1 8844 8845 8880 8879
8607  3 2 1 1 8845 8846 8881 8880
8608  3 2 1 1 8846 8847 8882 8881
8609  3 2 1 1 8847 8848 8883 8882
8610  3 2 1 1 8848 8849 8884 8883
8611  3 2 1 1 8849 8850 8885 8884
8612  3 2 1 1 8850 4287 4288 8885
8613  3 2 1 1   61 8851 8886   60
8614  3 2 1 1 8851 8852 8887 8886
8615  3 2 1 1 8852 8853 8888 8887
8616  3 2 1 1 8853 8854 8889 8888
8617  3 2 1 1 8854 8855 8890 8889
8618  3 2 1 1 8855 8856 8891 8890
8619  3 2 1 1 8856 8857 8892 8891
8620  3 2 1 1 8857 8858 8893 8892
8621  3 2 1 1 8858 8859 8894 8893
8622  3 2 1 1 8859 8860 8895 8894
8623  3 2 1 1 8860 8861 8896 8895
8624  3 2 1 1 8861 8862 8897 8896
8625  3 2 1 1 8862 8863 8898 8897
8626  3 2 1 1 8863 8864 8899 8898
8627  3 2 1 1 8864 8865 8900 8899
8628  3 2 1 1 8865 8866 8901 8900
8629  3 2 1 1 8866 8867 8902 8901
8630  3 2 1 1 8867 8868 8903 8902
8631  3 2 1 1 8868 8869 8904 8903
8632  3 2 1 1 8869 8870 8905 8904
8633  3 2 1 1 8870 8871 8906 8905
8634  3 2 1 1 8871 8872 8907 8906
8635  3 2 1 1 8872 8873 8908 8907
8636  3 2 1 1 8873 8874 8909 8908
8637  3 2 1 1 8874 8875 8910 8909
8638  3 2 1 1 8875 8876 8911 8910
8639  3 2 1 1 8876 8877 8912 8911
8640  3 2 1 1 8877 8878 8913 8912
8641  3 2 1 1 8878 8879 8914 8913
8642  3 2 1 1 8879 8880 8915 8914
8643  3 2 1 1 8880 8881 8916 8915
8644  3 2 1 1 8881 8882 8917 8916
8645  3 2 1 1 8882 8883 8918 8917
8646  3 2 1 1 8883 8884 8919 8918
8647  3 2 1 1 8884 8885 8920 8919
8648  3 2 1 1 8885 4288 4289 8920
8649  3 2 1 1   60 8886 8921   59
8650  3 2 1 1 8886 8887 8922 8921
8651  3 2 1 1 8887 8888 8923 8922
8652  3 2 1 1 8888 8889 8924 8923
8653  3 2 1 1 8889 8890 8925 8924
8654  3 2 1 1 8890 8891 8926 8925
8655  3 2 1 1 8891 8892 8927 8926
8656  3 2 1 1 8892 8893 8928 8927
8657  3 2 1 1 8893 8894 8929 8928
8658  3 2 1 1 8894 8895 8930 8929
8659  3 2 1 1 8895 8896 8931 8930
8660  3 2 1 1 8896 8897 8932 8931
8661  3 2 1 1 8897 8898 8933 8932
8662  3 2 1 1 8898 8899 8934 8933
8663  3 2 1 1 8899 8900 8935 8934
8664  3 2 1 1 8900 8901 8936 8935
8665  3 2 1 1 8901 8902 8937 8936
8666  3 2 1 1 8902 8903 8938 8937
8667  3 2 1 1 8903 8904 8939 8938
8668  3 2 1 1 8904 8905 8940 8939
8669  3 2 1 1 8905 8906 8941 8940
8670  3 2 1 1 8906 8907 8942 8941
8671  3 2 1 1 8907 8908 8943 8942
8672  3 2 1 1 8908 8909 8944 8943
8673  3 2 1 1 8909 8910 8945 8944
8674  3 2 1 1 8910 8911 8946 8945
8675  3 2 1 1 8911 8912 8947 8946
8676  3 2 1 1 8912 8913 8948 8947
8677  3 2 1 1 8913 8914 8949 8948
8678  3 2 1 1 8914 8915 8950 8949
8679  3 2 1 1 8915 8916 8951 8950
8680  3 2 1 1 8916 8917 8952 8951
8681  3 2 1 1 8917 8918 8953 8952
8682  3 2 1 1 8918 8919 8954 8953
8683  3 2 1 1 8919 8920 8955 8954
8684  3 2 1 1 8920 4289 4290 8955
8685  3 2 1 1   59 8921 8956   58
8686  3 2 1 1 8921 8922 8957 8956
8687  3 2 1 1 8922 8923 8958 8957
8688  3 2 1 1 8923 8924 8959 8958
8689  3 2 1 1 8924 8925 8960 8959
8690  3 2 1 1 8925 8926 8961 8960
8691  3 2 1 1 8926 8927 8962 8961
8692  3 2 1 1 8927 8928 8963 8962
8693  3 2 1 1 8928 8929 8964 8963
8694  3 2 1 1 8929 8930 8965 8964
8695  3 2 1 1 8930 8931 8966 8965
8696  3 2 1 1 8931 8932 8967 8966
8697  3 2 1 1 8932 8933 8968 8967
8698  3 2 1 1 8933 8934 8969 8968
8699  3 2 1 1 8934 8935 8970 8969
8700  3 2 1 1 8935 8936 8971 8970
8701  3 2 1 1 8936 8937 8972 8971
8702  3 2 1 1 8937 8938 8973 8972
8703  3 2 1 1 8938 8939 8974 8973
8704  3 2 1 1 8939 8940 8975 8974
8705  3 2 1 1 8940 8941 8976 8975
8706  3 2 1 1 8941 8942 8977 8976
8707  3 2 1 1 8942 8943 8978 8977
8708  3 2 1 1 8943 8944 8979 8978
8709  3 2 1 1 8944 8945 8980 8979
8710  3 2 1 1 8945 8946 8981 8980
8711  3 2 1 1 8946 8947 8982 8981
8712  3 2 1 1 8947 8948 8983 8982
8713  3 2 1 1 8948 8949 8984 8983
8714  3 2 1 1 8949 8950 8985 8984
8715  3 2 1 1 8950 8951 8986 8985
8716  3 2 1 1 8951 8952 8987 8986
8717  3 2 1 1 8952 8953 8988 8987
8718  3 2 1 1 8953 8954 8989 8988
8719  3 2 1 1 8954 8955 8990 8989
8720  3 2 1 1 8955 4290 4291 8990
8721  3 2 1 1   58 8956 8991   57
8722  3 2 1 1 8956 8957 8992 8991
8723  3 2 1 1 8957 8958 8993 8992
8724  3 2 1 1 8958 8959 8994 8993
8725  3 2 1 1 8959 8960 8995 8994
8726  3 2 1 1 8960 8961 8996 8995
8727  3 2 1 1 8961 8962 8997 8996
8728  3 2 1 1 8962 8963 8998 8997
8729  3 2 1 1 8963 8964 8999 8998
8730  3 2 1 1 8964 8965 9000 8999
8731  3 2 1 1 8965 8966 9001 9000
8732  3 2 1 1 8966 8967 9002 9001
8733  3 2 1 1 8967 8968 9003 9002
8734  3 2 1 1 8968 8969 9004 9003
8735  3 2 1 1 8969 8970 9005 9004
8736  3 2 1 1 8970 8971 9006 9005
8737  3 2 1 1 8971 8972 9007 9006
8738  3 2 1 1 8972 8973 9008 9007
8739  3 2 1 1 8973 8974 9009 9008
8740  3 2 1 1 8974 8975 9010 9009
8741  3 2 1 1 8975 8976 9011 9010
8742  3 2 1 1 8976 8977 9012 9011
8743  3 2 1 1 8977 8978 9013 9012
8744  3 2 1 1 8978 8979 9014 9013
8745  3 2 1 1 8979 8980 9015 9014
8746  3 2 1 1 8980 8981 9016 9015
8747  3 2 1 1 8981 8982 9017 9016
8748  3 2 1 1 8982 8983 9018 9017
8749  3 2 1 1 8983 8984 9019 9018
8750  3 2 1 1 8984 8985 9020 9019
8751  3 2 1 1 8985 8986 9021 9020
8752  3 2 1 1 8986 8987 9022 9021
8753  3 2 1 1 8987 8988 9023 9022
8754  3 2 1 1 8988 8989 9024 9023
8755  3 2 1 1 8989 8990 9025 9024
8756  3 2 1 1 8990 4291 4292 9025
8757  3 2 1 1   57 8991 9026   56
8758  3 2 1 1 8991 8992 9027 9026
8759  3 2 1 1 8992 8993 9028 9027
8760  3 2 1 1 8993 8994 9029 9028
8761  3 2 1 1 8994 8995 9030 9029
8762  3 2 1 1 8995 8996 9031 9030
8763  3 2 1 1 8996 8997 9032 9031
8764  3 2 1 1 8997 8998 9033 9032
8765  3 2 1 1 8998 8999 9034 9033
8766  3 2 1 1 8999 9000 9035 9034
8767  3 2 1 1 9000 9001 9036 9035
8768  3 2 1 1 9001 9002 9037 9036
8769  3 2 1 1 9002 9003 9038 9037
8770  3 2 1 1 9003 9004 9039 9038
8771  3 2 1 1 9004 9005 9040 9039
8772  3 2 1 1 9005 9006 9041 9040
8773  3 2 1 1 9006 9007 9042 9041
8774  3 2 1 1 9007 9008 9043 9042
8775  3 2 1 1 9008 9009 9044 9043
8776  3 2 1 1 9009 9010 9045 9044
8777  3 2 1 1 9010 9011 9046 9045
8778  3 2 1 1 9011 9012 9047 9046
8779  3 2 1 1 9012 9013 9048 9047
8780  3 2 1 1 9013 9014 9049 9048
8781  3 2 1 1 9014 9015 9050 9049
8782  3 2 1 1 9015 9016 9051 9050
8783  3 2 1 1 9016 9017 9052 9051
8784  3 2 1 1 9017 9018 9053 9052
8785  3 2 1 1 9018 9019 9054 9053
8786  3 2 1 1 9019 9020 9055 9054
8787  3 2 1 1 9020 9021 9056 9055
8788  3 2 1 1 9021 9022 9057 9056
8789  3 2 1 1 9022 9023 9058 9057
8790  3 2 1 1 9023 9024 9059 9058
8791  3 2 1 1 9024 9025 9060 9059
8792  3 2 1 1 9025 4292 4293 9060
8793  3 2 1 1   56 9026 9061   55
8794  3 2 1 1 9026 9027 9062 9061
8795  3 2 1 1 9027 9028 9063 9062
8796  3 2 1 1 9028 9029 9064 9063
8797  3 2 1 1 9029 9030 9065 9064
8798  3 2 1 1 9030 9031 9066 9065
8799  3 2 1 1 9031 9032 9067 9066
8800  3 2 1 1 9032 9033 9068 9067
8801  3 2 1 1 9033 9034 9069 9068
8802  3 2 1 1 9034 9035 9070 9069
8803  3 2 1 1 9035 9036 9071 9070
8804  3 2 1 1 9036 9037 9072 9071
8805  3 2 1 1 9037 9038 9073 9072
8806  3 2 1 1 9038 9039 9074 9073
8807  3 2 1 1 9039 9040 9075 9074
8808  3 2 1 1 9040 9041 9076 9075
8809  3 2 1 1 9041 9042 9077 9076
8810  3 2 1 1 9042 9043 9078 9077
8811  3 2 1 1 9043 9044 9079 9078
8812  3 2 1 1 9044 9045 9080 9079
8813  3 2 1 1 9045 9046 9081 9080
8814  3 2 1 1 9046 9047 9082 9081
8815  3 2 1 1 9047 9048 9083 9082
8816  3 2 1 1 9048 9049 9084 9083
8817  3 2 1 1 9049 9050 9085 9084
8818  3 2 1 1 9050 9051 9086 9085
8819  3 2 1 1 9051 9052 9087 9086
8820  3 2 1 1 9052 9053 9088 9087
8821  3 2 1 1 9053 9054 9089 9088
8822  3 2 1 1 9054 9055 9090 9089
8823  3 2 1 1 9055 9056 9091 9090
8824  3 2 1 1 9056 9057 9092 9091
8825  3 2 1 1 9057 9058 9093 9092
8826  3 2 1 1 9058 9059 9094 9093
8827  3 2 1 1 9059 9060 9095 9094
8828  3 2 1 1 9060 4293 4294 9095
8829  3 2 1 1   55 9061 9096   54
8830  3 2 1 1 9061 9062 9097 9096
8831  3 2 1 1 9062 9063 9098 9097
8832  3 2 1 1 9063 9064 9099 9098
8833  3 2 1 1 9064 9065 9100 9099
8834  3 2 1 1 9065 9066 9101 9100
8835  3 2 1 1 9066 9067 9102 9101
8836  3 2 1 1 9067 9068 9103 9102
8837  3 2 1 1 9068 9069 9104 9103
8838  3 2 1 1 9069 9070 9105 9104
8839  3 2 1 1 9070 9071 9106 9105
8840  3 2 1 1 9071 9072 9107 9106
8841  3 2 1 1 9072 9073 9108 9107
8842  3 2 1 1 9073 9074 9109 9108
8843  3 2 1 1 9074 9075 9110 9109
8844  3 2 1 1 9075 9076 9111 9110
8845  3 2 1 1 9076 9077 9112 9111
8846  3 2 1 1 9077 9078 9113 9112
8847  3 2 1 1 9078 9079 9114 9113
8848  3 2 1 1 9079 9080 9115 9114
8849  3 2 1 1 9080 9081 9116 9115
8850  3 2 1 1 9081 9082 9117 9116
8851  3 2 1 1 9082 9083 9118 9117
8852  3 2 1 1 9083 9084 9119 9118
8853  3 2 1 1 9084 9085 9120 9119
8854  3 2 1 1 9085 9086 9121 9120
8855  3 2 1 1 9086 9087 9122 9121
8856  3 2 1 1 9087 9088 9123 9122
8857  3 2 1 1 9088 9089 9124 9123
8858  3 2 1 1 9089 9090 9125 9124
8859  3 2 1 1 9090 9091 9126 9125
8860  3 2 1 1 9091 9092 9127 9126
8861  3 2 1 1 9092 9093 9128 9127
8862  3 2 1 1 9093 9094 9129 9128
8863  3 2 1 1 9094 9095 9130 9129
8864  3 2 1 1 9095 4294 4295 9130
8865  3 2 1 1   54 9096 9131   53
8866  3 2 1 1 9096 9097 9132 9131
8867  3 2 1 1 9097 9098 9133 9132
8868  3 2 1 1 9098 9099 9134 9133
8869  3 2 1 1 9099 9100 9135 9134
8870  3 2 1 1 9100 9101 9136 9135
8871  3 2 1 1 9101 9102 9137 9136
8872  3 2 1 1 9102 9103 9138 9137
8873  3 2 1 1 9103 9104 9139 9138
8874  3 2 1 1 9104 9105 9140 9139
8875  3 2 1 1 9105 9106 9141 9140
8876  3 2 1 1 9106 9107 9142 9141
8877  3 2 1 1 9107 9108 9143 9142
8878  3 2 1 1 9108 9109 9144 9143
8879  3 2 1 1 9109 9110 9145 9144
8880  3 2 1 1 9110 9111 9146 9145
8881  3 2 1 1 9111 9112 9147 9146
8882  3 2 1 1 9112 9113 9148 9147
8883  3 2 1 1 9113 9114 9149 9148
8884  3 2 1 1 9114 9115 9150 9149
8885  3 2 1 1 9115 9116 9151 9150
8886  3 2 1 1 9116 9117 9152 9151
8887  3 2 1 1 9117 9118 9153 9152
8888  3 2 1 1 9118 9119 9154 9153
8889  3 2 1 1 9119 9120 9155 9154
8890  3 2 1 1 9120 9121 9156 9155
8891  3 2 1 1 9121 9122 9157 9156
8892  3 2 1 1 9122 9123 9158 9157
8893  3 2 1 1 9123 9124 9159 9158
8894  3 2 1 1 9124 9125 9160 9159
8895  3 2 1 1 9125 9126 9161 9160
8896  3 2 1 1 9126 9127 9162 9161
8897  3 2 1 1 9127 9128 9163 9162
8898  3 2 1 1 9128 9129 9164 9163
8899  3 2 1 1 9129 9130 9165 9164
8900  3 2 1 1 9130 4295 4296 9165
8901  3 2 1 1   53 9131 9166   52
8902  3 2 1 1 9131 9132 9167 9166
8903  3 2 1 1 9132 9133 9168 9167
8904  3 2 1 1 9133 9134 9169 9168
8905  3 2 1 1 9134 9135 9170 9169
8906  3 2 1 1 9135 9136 9171 9170
8907  3 2 1 1 9136 9137 9172 9171
8908  3 2 1 1 9137 9138 9173 9172
8909  3 2 1 1 9138 9139 9174 9173
8910  3 2 1 1 9139 9140 9175 9174
8911  3 2 1 1 9140 9141 9176 9175
8912  3 2 1 1 9141 9142 9177 9176
8913  3 2 1 1 9142 9143 9178 9177
8914  3 2 1 1 9143 9144 9179 9178
8915  3 2 1 1 9144 9145 9180 9179
8916  3 2 1 1 9145 9146 9181 9180
8917  3 2 1 1 9146 9147 9182 9181
8918  3 2 1 1 9147 9148 9183 9182
8919  3 2 1 1 9148 9149 9184 9183
8920  3 2 1 1 9149 9150 9185 9184
8921  3 2 1 1 9150 9151 9186 9185
8922  3 2 1 1 9151 9152 9187 9186
8923  3 2 1 1 9152 9153 9188 9187
8924  3 2 1 1 9153 9154 9189 9188
8925  3 2 1 1 9154 9155 9190 9189
8926  3 2 1 1 9155 9156 9191 9190
8927  3 2 1 1 9156 9157 9192 9191
8928  3 2 1 1 9157 9158 9193 9192
8929  3 2 1 1 9158 9159 9194 9193
8930  3 2 1 1 9159 9160 9195 9194
8931  3 2 1 1 9160 9161 9196 9195
8932  3 2 1 1 9161 9162 9197 9196
8933  3 2 1 1 9162 9163 9198 9197
8934  3 2 1 1 9163 9164 9199 9198
8935  3 2 1 1 9164 9165 9200 9199
8936  3 2 1 1 9165 4296 4297 9200
8937  3 2 1 1   52 9166 9201   51
8938  3 2 1 1 9166 9167 9202 9201
8939  3 2 1 1 9167 9168 9203 9202
8940  3 2 1 1 9168 9169 9204 9203
8941  3 2 1 1 9169 9170 9205 9204
8942  3 2 1 1 9170 9171 9206 9205
8943  3 2 1 1 9171 9172 9207 9206
8944  3 2 1 1 9172 9173 9208 9207
8945  3 2 1 1 9173 9174 9209 9208
8946  3 2 1 1 9174 9175 9210 9209
8947  3 2 1 1 9175 9176 9211 9210
8948  3 2 1 1 9176 9177 9212 9211
8949  3 2 1 1 9177 9178 9213 9212
8950  3 2 1 1 9178 9179 9214 9213
8951  3 2 1 1 9179 9180 9215 9214
8952  3 2 1 1 9180 9181 9216 9215
8953  3 2 1 1 9181 9182 9217 9216
8954  3 2 1 1 9182 9183 9218 9217
8955  3 2 1 1 9183 9184 9219 9218
8956  3 2 1 1 9184 9185 9220 9219
8957  3 2 1 1 9185 9186 9221 9220
8958  3 2 1 1 9186 9187 9222 9221
8959  3 2 1 1 9187 9188 9223 9222
8960  3 2 1 1 9188 9189 9224 9223
8961  3 2 1 1 9189 9190 9225 9224
8962  3 2 1 1 9190 9191 9226 9225
8963  3 2 1 1 9191 9192 9227 9226
8964  3 2 1 1 9192 9193 9228 9227
8965  3 2 1 1 9193 9194 9229 9228
8966  3 2 1 1 9194 9195 9230 9229
8967  3 2 1 1 9195 9196 9231 9230
8968  3 2 1 1 9196 9197 9232 9231
8969  3 2 1 1 9197 9198 9233 9232
8970  3 2 1 1 9198 9199 9234 9233
8971  3 2 1 1 9199 9200 9235 9234
8972  3 2 1 1 9200 4297 4298 9235
8973  3 2 1 1   51 9201 9236   50
8974  3 2 1 1 9201 9202 9237 9236
8975  3 2 1 1 9202 9203 9238 9237
8976  3 2 1 1 9203 9204 9239 9238
8977  3 2 1 1 9204 9205 9240 9239
8978  3 2 1 1 9205 9206 9241 9240
8979  3 2 1 1 9206 9207 9242 9241
8980  3 2 1 1 9207 9208 9243 9242
8981  3 2 1 1 9208 9209 9244 9243
8982  3 2 1 1 9209 9210 9245 9244
8983  3 2 1 1 9210 9211 9246 9245
8984  3 2 1 1 9211 9212 9247 9246
8985  3 2 1 1 9212 9213 9248 9247
8986  3 2 1 1 9213 9214 9249 9248
8987  3 2 1 1 9214 9215 9250 9249
8988  3 2 1 1 9215 9216 9251 9250
8989  3 2 1 1 9216 9217 9252 9251
8990  3 2 1 1 9217 9218 9253 9252
8991  3 2 1 1 9218 9219 9254 9253
8992  3 2 1 1 9219 9220 9255 9254
8993  3 2 1 1 9220 9221 9256 9255
8994  3 2 1 1 9221 9222 9257 9256
8995  3 2 1 1 9222 9223 9258 9257
8996  3 2 1 1 9223 9224 9259 9258
8997  3 2 1 1 9224 9225 9260 9259
8998  3 2 1 1 9225 9226 9261 9260
8999  3 2 1 1 9226 9227 9262 9261
9000  3 2 1 1 9227 9228 9263 9262
9001  3 2 1 1 9228 9229 9264 9263
9002  3 2 1 1 9229 9230 9265 9264
9003  3 2 1 1 9230 9231 9266 9265
9004  3 2 1 1 9231 9232 9267 9266
9005  3 2 1 1 9232 9233 9268 9267
9006  3 2 1 1 9233 9234 9269 9268
9007  3 2 1 1 9234 9235 9270 9269
9008  3 2 1 1 9235 4298 4299 9270
9009  3 2 1 1   50 9236 9271   49
9010  3 2 1 1 9236 9237 9272 9271
9011  3 2 1 1 9237 9238 9273 9272
9012  3 2 1 1 9238 9239 9274 9273
9013  3 2 1 1 9239 9240 9275 9274
9014  3 2 1 1 9240 9241 9276 9275
9015  3 2 1 1 9241 9242 9277 9276
9016  3 2 1 1 9242 9243 9278 9277
9017  3 2 1 1 9243 9244 9279 9278
9018  3 2 1 1 9244 9245 9280 9279
9019  3 2 1 1 9245 9246 9281 9280
9020  3 2 1 1 9246 9247 9282 9281
9021  3 2 1 1 9247 9248 9283 9282
9022  3 2 1 1 9248 9249 9284 9283
9023  3 2 1 1 9249 9250 9285 9284
9024  3 2 1 1 9250 9251 9286 9285
9025  3 2 1 1 9251 9252 9287 9286
9026  3 2 1 1 9252 9253 9288 9287
9027  3 2 1 1 9253 9254 9289 9288
9028  3 2 1 1 9254 9255 9290 9289
9029  3 2 1 1 9255 9256 9291 9290
9030  3 2 1 1 9256 9257 9292 9291
9031  3 2 1 1 9257 9258 9293 9292
9032  3 2 1 1 9258 9259 9294 9293
9033  3 2 1 1 9259 9260 9295 9294
9034  3 2 1 1 9260 9261 9296 9295
9035  3 2 1 1 9261 9262 9297 9296
9036  3 2 1 1 9262 9263 9298 9297
9037  3 2 1 1 9263 9264 9299 9298
9038  3 2 1 1 9264 9265 9300 9299
9039  3 2 1 1 9265 9266 9301 9300
9040  3 2 1 1 9266 9267 9302 9301
9041  3 2 1 1 9267 9268 9303 9302
9042  3 2 1 1 9268 9269 9304 9303
9043  3 2 1 1 9269 9270 9305 9304
9044  3 2 1 1 9270 4299 4300 9305
9045  3 2 1 1   49 9271 9306   48
9046  3 2 1 1 9271 9272 9307 9306
9047  3 2 1 1 9272 9273 9308 9307
9048  3 2 1 1 9273 9274 9309 9308
9049  3 2 1 1 9274 9275 9310 9309
9050  3 2 1 1 9275 9276 9311 9310
9051  3 2 1 1 9276 9277 9312 9311
9052  3 2 1 1 9277 9278 9313 9312
9053  3 2 1 1 9278 9279 9314 9313
9054  3 2 1 1 9279 9280 9315 9314
9055  3 2 1 1 9280 9281 9316 9315
9056  3 2 1 1 9281 9282 9317 9316
9057  3 2 1 1 9282 9283 9318 9317
9058  3 2 1 1 9283 9284 9319 9318
9059  3 2 1 1 9284 9285 9320 9319
9060  3 2 1 1 9285 9286 9321 9320
9061  3 2 1 1 9286 9287 9322 9321
9062  3 2 1 1 9287 9288 9323 9322
9063  3 2 1 1 9288 9289 9324 9323
9064  3 2 1 1 9289 9290 9325 9324
9065  3 2 1 1 9290 9291 9326 9325
9066  3 2 1 1 9291 9292 9327 9326
9067  3 2 1 1 9292 9293 9328 9327
9068  3 2 1 1 9293 9294 9329 9328
9069  3 2 1 1 9294 9295 9330 9329
9070  3 2 1 1 9295 9296 9331 9330
9071  3 2 1 1 9296 9297 9332 9331
9072  3 2 1 1 9297 9298 9333 9332
9073  3 2 1 1 9298 9299 9334 9333
9074  3 2 1 1 9299 9300 9335 9334
9075  3 2 1 1 9300 9301 9336 9335
9076  3 2 1 1 9301 9302 9337 9336
9077  3 2 1 1 9302 9303 9338 9337
9078  3 2 1 1 9303 9304 9339 9338
9079  3 2 1 1 9304 9305 9340 9339
9080  3 2 1 1 9305 4300 4301 9340
9081  3 2 1 1   48 9306 9341   47
9082  3 2 1 1 9306 9307 9342 9341
9083  3 2 1 1 9307 9308 9343 9342
9084  3 2 1 1 9308 9309 9344 9343
9085  3 2 1 1 9309 9310 9345 9344
9086  3 2 1 1 9310 9311 9346 9345
9087  3 2 1 1 9311 9312 9347 9346
9088  3 2 1 1 9312 9313 9348 9347
9089  3 2 1 1 9313 9314 9349 9348
9090  3 2 1 1 9314 9315 9350 9349
9091  3 2 1 1 9315 9316 9351 9350
9092  3 2 1 1 9316 9317 9352 9351
9093  3 2 1 1 9317 9318 9353 9352
9094  3 2 1 1 9318 9319 9354 9353
9095  3 2 1 1 9319 9320 9355 9354
9096  3 2 1 1 9320 9321 9356 9355
9097  3 2 1 1 9321 9322 9357 9356
9098  3 2 1 1 9322 9323 9358 9357
9099  3 2 1 1 9323 9324 9359 9358
9100  3 2 1 1 9324 9325 9360 9359
9101  3 2 1 1 9325 9326 9361 9360
9102  3 2 1 1 9326 9327 9362 9361
9103  3 2 1 1 9327 9328 9363 9362
9104  3 2 1 1 9328 9329 9364 9363
9105  3 2 1 1 9329 9330 9365 9364
9106  3 2 1 1 9330 9331 9366 9365
9107  3 2 1 1 9331 9332 9367 9366
9108  3 2 1 1 9332 9333 9368 9367
9109  3 2 1 1 9333 9334 9369 9368
9110  3 2 1 1 9334 9335 9370 9369
9111  3 2 1 1 9335 9336 9371 9370
9112  3 2 1 1 9336 9337 9372 9371
9113  3 2 1 1 9337 9338 9373 9372
9114  3 2 1 1 9338 9339 9374 9373
9115  3 2 1 1 9339 9340 9375 9374
9116  3 2 1 1 9340 4301 4302 9375
9117  3 2 1 1   47 9341 9376   46
9118  3 2 1 1 9341 9342 9377 9376
9119  3 2 1 1 9342 9343 9378 9377
9120  3 2 1 1 9343 9344 9379 9378
9121  3 2 1 1 9344 9345 9380 9379
9122  3 2 1 1 9345 9346 9381 9380
9123  3 2 1 1 9346 9347 9382 9381
9124  3 2 1 1 9347 9348 9383 9382
9125  3 2 1 1 9348 9349 9384 9383
9126  3 2 1 1 9349 9350 9385 9384
9127  3 2 1 1 9350 9351 9386 9385
9128  3 2 1 1 9351 9352 9387 9386
9129  3 2 1 1 9352 9353 9388 9387
9130  3 2 1 1 9353 9354 9389 9388
9131  3 2 1 1 9354 9355 9390 9389
9132  3 2 1 1 9355 9356 9391 9390
9133  3 2 1 1 9356 9357 9392 9391
9134  3 2 1 1 9357 9358 9393 9392
9135  3 2 1 1 9358 9359 9394 9393
9136  3 2 1 1 9359 9360 9395 9394
9137  3 2 1 1 9360 9361 9396 9395
9138  3 2 1 1 9361 9362 9397 9396
9139  3 2 1 1 9362 9363 9398 9397
9140  3 2 1 1 9363 9364 9399 9398
9141  3 2 1 1 9364 9365 9400 9399
9142  3 2 1 1 9365 9366 9401 9400
9143  3 2 1 1 9366 9367 9402 9401
9144  3 2 1 1 9367 9368 9403 9402
9145  3 2 1 1 9368 9369 9404 9403
9146  3 2 1 1 9369 9370 9405 9404
9147  3 2 1 1 9370 9371 9406 9405
9148  3 2 1 1 9371 9372 9407 9406
9149  3 2 1 1 9372 9373 9408 9407
9150  3 2 1 1 9373 9374 9409 9408
9151  3 2 1 1 9374 9375 9410 9409
9152  3 2 1 1 9375 4302 4303 9410
9153  3 2 1 1   46 9376 9411   45
9154  3 2 1 1 9376 9377 9412 9411
9155  3 2 1 1 9377 9378 9413 9412
9156  3 2 1 1 9378 9379 9414 9413
9157  3 2 1 1 9379 9380 9415 9414
9158  3 2 1 1 9380 9381 9416 9415
9159  3 2 1 1 9381 9382 9417 9416
9160  3 2 1 1 9382 9383 9418 9417
9161  3 2 1 1 9383 9384 9419 9418
9162  3 2 1 1 9384 9385 9420 9419
9163  3 2 1 1 9385 9386 9421 9420
9164  3 2 1 1 9386 9387 9422 9421
9165  3 2 1 1 9387 9388 9423 9422
9166  3 2 1 1 9388 9389 9424 9423
9167  3 2 1 1 9389 9390 9425 9424
9168  3 2 1 1 9390 9391 9426 9425
9169  3 2 1 1 9391 9392 9427 9426
9170  3 2 1 1 9392 9393 9428 9427
9171  3 2 1 1 9393 9394 9429 9428
9172  3 2 1 1 9394 9395 9430 9429
9173  3 2 1 1 9395 9396 9431 9430
9174  3 2 1 1 9396 9397 9432 9431
9175  3 2 1 1 9397 9398 9433 9432
9176  3 2 1 1 9398 9399 9434 9433
9177  3 2 1 1 9399 9400 9435 9434
9178  3 2 1 1 9400 9401 9436 9435
9179  3 2 1 1 9401 9402 9437 9436
9180  3 2 1 1 9402 9403 9438 9437
9181  3 2 1 1 9403 9404 9439 9438
9182  3 2 1 1 9404 9405 9440 9439
9183  3 2 1 1 9405 9406 9441 9440
9184  3 2 1 1 9406 9407 9442 9441
9185  3 2 1 1 9407 9408 9443 9442
9186  3 2 1 1 9408 9409 9444 9443
9187  3 2 1 1 9409 9410 9445 9444
9188  3 2 1 1 9410 4303 4304 9445
9189  3 2 1 1   45 9411 9446   44
9190  3 2 1 1 9411 9412 9447 9446
9191  3 2 1 1 9412 9413 9448 9447
9192  3 2 1 1 9413 9414 9449 9448
9193  3 2 1 1 9414 9415 9450 9449
9194  3 2 1 1 9415 9416 9451 9450
9195  3 2 1 1 9416 9417 9452 9451
9196  3 2 1 1 9417 9418 9453 9452
9197  3 2 1 1 9418 9419 9454 9453
9198  3 2 1 1 9419 9420 9455 9454
9199  3 2 1 1 9420 9421 9456 9455
9200  3 2 1 1 9421 9422 9457 9456
9201  3 2 1 1 9422 9423 9458 9457
9202  3 2 1 1 9423 9424 9459 9458
9203  3 2 1 1 9424 9425 9460 9459
9204  3 2 1 1 9425 9426 9461 9460
9205  3 2 1 1 9426 9427 9462 9461
9206  3 2 1 1 9427 9428 9463 9462
9207  3 2 1 1 9428 9429 9464 9463
9208  3 2 1 1 9429 9430 9465 9464
9209  3 2 1 1 9430 9431 9466 9465
9210  3 2 1 1 9431 9432 9467 9466
9211  3 2 1 1 9432 9433 9468 9467
9212  3 2 1 1 9433 9434 9469 9468
9213  3 2 1 1 9434 9435 9470 9469
9214  3 2 1 1 9435 9436 9471 9470
9215  3 2 1 1 9436 9437 9472 9471
9216  3 2 1 1 9437 9438 9473 9472
9217  3 2 1 1 9438 9439 9474 9473
9218  3 2 1 1 9439 9440 9475 9474
9219  3 2 1 1 9440 9441 9476 9475
9220  3 2 1 1 9441 9442 9477 9476
9221  3 2 1 1 9442 9443 9478 9477
9222  3 2 1 1 9443 9444 9479 9478
9223  3 2 1 1 9444 9445 9480 9479
9224  3 2 1 1 9445 4304 4305 9480
9225  3 2 1 1   44 9446 9481   43
9226  3 2 1 1 9446 9447 9482 9481
9227  3 2 1 1 9447 9448 9483 9482
9228  3 2 1 1 9448 9449 9484 9483
9229  3 2 1 1 9449 9450 9485 9484
9230  3 2 1 1 9450 9451 9486 9485
9231  3 2 1 1 9451 9452 9487 9486
9232  3 2 1 1 9452 9453 9488 9487
9233  3 2 1 1 9453 9454 9489 9488
9234  3 2 1 1 9454 9455 9490 9489
9235  3 2 1 1 9455 9456 9491 9490
9236  3 2 1 1 9456 9457 9492 9491
9237  3 2 1 1 9457 9458 9493 9492
9238  3 2 1 1 9458 9459 9494 9493
9239  3 2 1 1 9459 9460 9495 9494
9240  3 2 1 1 9460 9461 9496 9495
9241  3 2 1 1 9461 9462 9497 9496
9242  3 2 1 1 9462 9463 9498 9497
9243  3 2 1 1 9463 9464 9499 9498
9244  3 2 1 1 9464 9465 9500 9499
9245  3 2 1 1 9465 9466 9501 9500
9246  3 2 1 1 9466 9467 9502 9501
9247  3 2 1 1 9467 9468 9503 9502
9248  3 2 1 1 9468 9469 9504 9503
9249  3 2 1 1 9469 9470 9505 9504
9250  3 2 1 1 9470 9471 9506 9505
9251  3 2 1 1 9471 9472 9507 9506
9252  3 2 1 1 9472 9473 9508 9507
9253  3 2 1 1 9473 9474 9509 9508
9254  3 2 1 1 9474 9475 9510 9509
9255  3 2 1 1 9475 9476 9511 9510
9256  3 2 1 1 9476 9477 9512 9511
9257  3 2 1 1 9477 9478 9513 9512
9258  3 2 1 1 9478 9479 9514 9513
9259  3 2 1 1 9479 9480 9515 9514
9260  3 2 1 1 9480 4305 4306 9515
9261  3 2 1 1   43 9481 9516   42
9262  3 2 1 1 9481 9482 9517 9516
9263  3 2 1 1 9482 9483 9518 9517
9264  3 2 1 1 9483 9484 9519 9518
9265  3 2 1 1 9484 9485 9520 9519
9266  3 2 1 1 9485 9486 9521 9520
9267  3 2 1 1 9486 9487 9522 9521
9268  3 2 1 1 9487 9488 9523 9522
9269  3 2 1 1 9488 9489 9524 9523
9270  3 2 1 1 9489 9490 9525 9524
9271  3 2 1 1 9490 9491 9526 9525
9272  3 2 1 1 9491 9492 9527 9526
9273  3 2 1 1 9492 9493 9528 9527
9274  3 2 1 1 9493 9494 9529 9528
9275  3 2 1 1 9494 9495 9530 9529
9276  3 2 1 1 9495 9496 9531 9530
9277  3 2 1 1 9496 9497 9532 9531
9278  3 2 1 1 9497 9498 9533 9532
9279  3 2 1 1 9498 9499 9534 9533
9280  3 2 1 1 9499 9500 9535 9534
9281  3 2 1 1 9500 9501 9536 9535
9282  3 2 1 1 9501 9502 9537 9536
9283  3 2 1 1 9502 9503 9538 9537
9284  3 2 1 1 9503 9504 9539 9538
9285  3 2 1 1 9504 9505 9540 9539
9286  3 2 1 1 9505 9506 9541 9540
9287  3 2 1 1 9506 9507 9542 9541
9288  3 2 1 1 9507 9508 9543 9542
9289  3 2 1 1 9508 9509 9544 9543
9290  3 2 1 1 9509 9510 9545 9544
9291  3 2 1 1 9510 9511 9546 9545
9292  3 2 1 1 9511 9512 9547 9546
9293  3 2 1 1 9512 9513 9548 9547
9294  3 2 1 1 9513 9514 9549 9548
9295  3 2 1 1 9514 9515 9550 9549
9296  3 2 1 1 9515 4306 4307 9550
9297  3 2 1 1   42 9516   41    3
9298  3 2 1 1 9516 9517   40   41
9299  3 2 1 1 9517 9518   39   40
9300  3 2 1 1 9518 9519   38   39
9301  3 2 1 1 9519 9520   37   38
9302  3 2 1 1 9520 9521   36   37
9303  3 2 1 1 9521 9522   35   36
9304  3 2 1 1 9522 9523   34   35
9305  3 2 1 1 9523 9524   33   34
9306  3 2 1 1 9524 9525   32   33
9307  3 2 1 1 9525 9526   31   32
9308  3 2 1 1 9526 9527   30   31
9309  3 2 1 1 9527 9528   29   30
9310  3 2 1 1 9528 9529   28   29
9311  3 2 1 1 9529 9530   27   28
9312  3 2 1 1 9530 9531   26   27
9313  3 2 1 1 9531 9532   25   26
9314  3 2 1 1 9532 9533   24   25
9315  3 2 1 1 9533 9534   23   24
9316  3 2 1 1 9534 9535   22   23
9317  3 2 1 1 9535 9536   21   22
9318  3 2 1 1 9536 9537   20   21
9319  3 2 1 1 9537 9538   19   20
9320  3 2 1 1 9538 9539   18   19
9321  3 2 1 1 9539 9540   17   18
9322  3 2 1 1 9540 9541   16   17
9323  3 2 1 1 9541 9542   15   16
9324  3 2 1 1 9542 9543   14   15
9325  3 2 1 1 9543 9544   13   14
9326  3 2 1 1 9544 9545   12   13
9327  3 2 1 1 9545 9546   11   12
9328  3 2 1 1 9546 9547   10   11
9329  3 2 1 1 9547 9548    9   10
9330  3 2 1 1 9548 9549    8    9
9331  3 2 1 1 9549 9550    7    8
9332  3 2 1 1 9550 4307    2    7
9333  1 2 2 2    1  325
9334  1 2 2 2  325  326
9335  1 2 2 2  326  327
9336  1 2 2 2  327  328
9337  1 2 2 2  328  329
9338  1 2 2 2  329  330
9339  1 2 2 2  330  331
9340  1 2 2 2  331  332
9341  1 2 2 2  332  333
9342  1 2 2 2  333  334
9343  1 2 2 2  334  335
9344  1 2 2 2  335  336
9345  1 2 2 2  336  337
9346  1 2 2 2  337  338
9347  1 2 2 2  338  339
9348  1 2 2 2  339  340
9349  1 2 2 2  340  341
9350  1 2 2 2  341  342
9351  1 2 2 2  342  343
9352  1 2 2 2  343  344
9353  1 2 2 2  344  345
9354  1 2 2 2  345  346
9355  1 2 2 2  346  347
9356  1 2 2 2  347  348
9357  1 2 2 2  348  349
9358  1 2 2 2  349  350
9359  1 2 2 2  350  351
9360  1 2 2 2  351  352
9361  1 2 2 2  352  353
9362  1 2 2 2  353  354
9363  1 2 2 2  354  355
9364  1 2 2 2  355  356
9365  1 2 2 2  356  357
9366  1 2 2 2  357  358
9367  1 2 2 2  358  359
9368  1 2 2 2  359  360
9369  1 2 2 2  360  361
9370  1 2 2 2  361  362
9371  1 2 2 2  362  363
9372  1 2 2 2  363  364
9373  1 2 2 2  364  365
9374  1 2 2 2  365  366
9375  1 2 2 2  366  367
9376  1 2 2 2  367  368
9377  1 2 2 2  368  369
9378  1 2 2 2  369  370
9379  1 2 2 2  370  371
9380  1 2 2 2  371  372
9381  1 2 2 2  372  373
9382  1 2 2 2  373  374
9383  1 2 2 2  374  375
9384  1 2 2 2  375  376
9385  1 2 2 2  376  377
9386  1 2 2 2  377  378
9387  1 2 2 2  378  379
9388  1 2 2 2  379  380
9389  1 2 2 2  380  381
9390  1 2 2 2  381  382
9391  1 2 2 2  382  383
9392  1 2 2 2  383  384
9393  1 2 2 2  384  385
9394  1 2 2 2  385  386
9395  1 2 2 2  386  387
9396  1 2 2 2  387  388
9397  1 2 2 2  388  389
9398  1 2 2 2  389  390
9399  1 2 2 2  390  391
9400  1 2 2 2  391  392
9401  1 2 2 2  392  393
9402  1 2 2 2  393  394
9403  1 2 2 2  394  395
9404  1 2 2 2  395  396
9405  1 2 2 2  396  397
9406  1 2 2 2  397  398
9407  1 2 2 2  398  399
9408  1 2 2 2  399  400
9409  1 2 2 2  400  401
9410  1 2 2 2  401  402
9411  1 2 2 2  402  403
9412  1 2 2 2  403  324
9413  1 2 2 2  324 4145
9414  1 2 2 2 4145 4146
9415  1 2 2 2 4146 4147
9416  1 2 2 2 4147 4148
9417  1 2 2 2 4148 4149
9418  1 2 2 2 4149 4150
9419  1 2 2 2 4150 4151
9420  1 2 2 2 4151 4152
9421  1 2 2 2 4152 4153
9422  1 2 2 2 4153 4154
9423  1 2 2 2 4154 4155
9424  1 2 2 2 4155 4156
9425  1 2 2 2 4156 4157
9426  1 2 2 2 4157 4158
9427  1 2 2 2 4158 4159
9428  1 2 2 2 4159 4160
9429  1 2 2 2 4160 4161
9430  1 2 2 2 4161 4162
9431  1 2 2 2 4162 4163
9432  1 2 2 2 4163 4164
9433  1 2 2 2 4164 4165
9434  1 2 2 2 4165 4166
9435  1 2 2 2 4166 4167
9436  1 2 2 2 4167 4168
9437  1 2 2 2 4168 4169
9438  1 2 2 2 4169 4170
9439  1 2 2 2 4170 4171
9440  1 2 2 2 4171 4172
9441  1 2 2 2 4172 4173
9442  1 2 2 2 4173 4174
9443  1 2 2 2 4174 4175
9444  1 2 2 2 4175 4176
9445  1 2 2 2 4176 4177
9446  1 2 2 2 4177 4178
9447  1 2 2 2 4178 4179
9448  1 2 2 2 4179 4180
9449  1 2 2 2 4180 4181
9450  1 2 2 2 4181 4182
9451  1 2 2 2 4182 4183
9452  1 2 2 2 4183 4184
9453  1 2 2 2 4184 4185
9454  1 2 2 2 4185 4186
9455  1 2 2 2 4186 4187
9456  1 2 2 2 4187 4188
9457  1 2 2 2 4188 4189
9458  1 2 2 2 4189 4190
9459  1 2 2 2 4190 4191
9460  1 2 2 2 4191 4192
9461  1 2 2 2 4192 4193
9462  1 2 2 2 4193 4194
9463  1 2 2 2 4194 4195
9464  1 2 2 2 4195 4196
9465  1 2 2 2 4196 4197
9466  1 2 2 2 4197 4198
9467  1 2 2 2 4198 4199
9468  1 2 2 2 4199 4200
9469  1 2 2 2 4200 4201
9470  1 2 2 2 4201 4202
9471  1 2 2 2 4202 4203
9472  1 2 2 2 4203 4204
9473  1 2 2 2 4204 4205
9474  1 2 2 2 4205 4206
9475  1 2 2 2 4206 4207
9476  1 2 2 2 4207 4208
9477  1 2 2 2 4208 4209
9478  1 2 2 2 4209 4210
9479  1 2 2 2 4210 4211
9480  1 2 2 2 4211 4212
9481  1 2 2 2 4212 4213
9482  1 2 2 2 4213 4214
9483  1 2 2 2 4214 4215
9484  1 2 2 2 4215 4216
9485  1 2 2 2 4216 4217
9486  1 2 2 2 4217 4218
9487  1 2 2 2 4218 4219
9488  1 2 2 2 4219 4220
9489  1 2 2 2 4220 4221
9490  1 2 2 2 4221 4222
9491  1 2 2 2 4222 4223
9492  1 2 2 2 4223 4224
9493  1 2 2 2 4224 4225
9494  1 2 2 2 4225 4226
9495  1 2 2 2 4226 4227
9496  1 2 2 2 4227 4228
9497  1 2 2 2 4228 4229
9498  1 2 2 2 4229 4230
9499  1 2 2 2 4230 4231
9500  1 2 2 2 4231 4232
9501  1 2 2 2 4232 4233
9502  1 2 2 2 4233 4234
9503  1 2 2 2 4234 4235
9504  1 2 2 2 4235 4236
9505  1 2 2 2 4236 4237
9506  1 2 2 2 4237 4238
9507  1 2 2 2 4238 4239
9508  1 2 2 2 4239 4240
9509  1 2 2 2 4240 4241
9510  1 2 2 2 4241 4242
9511  1 2 2 2 4242 4243
9512  1 2 2 2 4243 4130
9513  1 2 2 2 4130 4244
9514  1 2 2 2 4244 4245
9515  1 2 2 2 4245 4246
9516  1 2 2 2 4246 4247
9517  1 2 2 2 4247 4248
9518  1 2 2 2 4248 4249
9519  1 2 2 2 4249 4250
9520  1 2 2 2 4250 4251
9521  1 2 2 2 4251 4252
9522  1 2 2 2 4252 4253
9523  1 2 2 2 4253 4254
9524  1 2 2 2 4254 4255
9525  1 2 2 2 4255 4256
9526  1 2 2 2 4256 4257
9527  1 2 2 2 4257 4258
9528  1 2 2 2 4258 4259
9529  1 2 2 2 4259 4260
9530  1 2 2 2 4260 4261
9531  1 2 2 2 4261 4262
9532  1 2 2 2 4262 4263
9533  1 2 2 2 4263 4264
9534  1 2 2 2 4264 4144
9535  1 2 2 2 4144 4265
9536  1 2 2 2 4265 4266
9537  1 2 2 2 4266 4267
9538  1 2 2 2 4267 4268
9539  1 2 2 2 4268 4269
9540  1 2 2 2 4269 4270
9541  1 2 2 2 4270 4271
9542  1 2 2 2 4271 4272
9543  1 2 2 2 4272 4273
9544  1 2 2 2 4273 4274
9545  1 2 2 2 4274 4275
9546  1 2 2 2 4275 4276
9547  1 2 2 2 4276 4277
9548  1 2 2 2 4277 4278
9549  1 2 2 2 4278 4279
9550  1 2 2 2 4279 4280
9551  1 2 2 2 4280 4281
9552  1 2 2 2 4281 4282
9553  1 2 2 2 4282 4283
9554  1 2 2 2 4283 4284
9555  1 2 2 2 4284 4285
9556  1 2 2 2 4285 4286
9557  1 2 2 2 4286 4287
9558  1 2 2 2 4287 4288
9559  1 2 2 2 4288 4289
9560  1 2 2 2 4289 4290
9561  1 2 2 2 4290 4291
9562  1 2 2 2 4291 4292
9563  1 2 2 2 4292 4293
9564  1 2 2 2 4293 4294
9565  1 2 2 2 4294 4295
9566  1 2 2 2 4295 4296
9567  1 2 2 2 4296 4297
9568  1 2 2 2 4297 4298
9569  1 2 2 2 4298 4299
9570  1 2 2 2 4299 4300
9571  1 2 2 2 4300 4301
9572  1 2 2 2 4301 4302
9573  1 2 2 2 4302 4303
9574  1 2 2 2 4303 4304
9575  1 2 2 2 4304 4305
9576  1 2 2 2 4305 4306
9577  1 2 2 2 4306 4307
9578  1 2 2 2 4307    2
9579  1 2 3 3    6  106
9580  1 2 3 3  106  107
9581  1 2 3 3  107  108
9582  1 2 3 3  108  109
9583  1 2 3 3  109  110
9584  1 2 3 3  110  111
9585  1 2 3 3  111  112
9586  1 2 3 3  112  113
9587  1 2 3 3  113  114
9588  1 2 3 3  114  115
9589  1 2 3 3  115  116
9590  1 2 3 3  116  117
9591  1 2 3 3  117  118
9592  1 2 3 3  118  119
9593  1 2 3 3  119  120
9594  1 2 3 3  120  121
9595  1 2 3 3  121  122
9596  1 2 3 3  122  123
9597  1 2 3 3  123  124
9598  1 2 3 3  124  125
9599  1 2 3 3  125  126
9600  1 2 3 3  126  127
9601  1 2 3 3  127  128
9602  1 2 3 3  128  129
9603  1 2 3 3  129  130
9604  1 2 3 3  130  131
9605  1 2 3 3  131  132
9606  1 2 3 3  132  133
9607  1 2 3 3  133  134
9608  1 2 3 3  134  135
9609  1 2 3 3  135  136
9610  1 2 3 3  136  137
9611  1 2 3 3  137  138
9612  1 2 3 3  138  139
9613  1 2 3 3  139  140
9614  1 2 3 3  140  141
9615  1 2 3 3  141  142
9616  1 2 3 3  142  143
9617  1 2 3 3  143  144
9618  1 2 3 3  144  145
9619  1 2 3 3  145  146
9620  1 2 3 3  146  147
9621  1 2 3 3  147  148
9622  1 2 3 3  148  149
9623  1 2 3 3  149  150
9624  1 2 3 3  150  151
9625  1 2 3 3  151  152
9626  1 2 3 3  152    1
9627  1 2 4 4    3   42
9628  1 2 4 4   42   43
9629  1 2 4 4   43   44
9630  1 2 4 4   44   45
9631  1 2 4 4   45   46
9632  1 2 4 4   46   47
9633  1 2 4 4   47   48
9634  1 2 4 4   48   49
9635  1 2 4 4   49   50
9636  1 2 4 4   50   51
9637  1 2 4 4   51   52
9638  1 2 4 4   52   53
9639  1 2 4 4   53   54
9640  1 2 4 4   54   55
9641  1 2 4 4   55   56
9642  1 2 4 4   56   57
9643  1 2 4 4   57   58
9644  1 2 4 4   58   59
9645  1 2 4 4   59   60
9646  1 2 4 4   60   61
9647  1 2 4 4   61   62
9648  1 2 4 4   62   63
9649  1 2 4 4   63   64
9650  1 2 4 4   64   65
9651  1 2 4 4   65   66
9652  1 2 4 4   66   67
9653  1 2 4 4   67   68
9654  1 2 4 4   68   69
9655  1 2 4 4   69   70
9656  1 2 4 4   70   71
9657  1 2 4 4   71   72
9658  1 2 4 4   72   73
9659  1 2 4 4   73   74
9660  1 2 4 4   74   75
9661  1 2 4 4   75   76
9662  1 2 4 4   76   77
9663  1 2 4 4   77   78
9664  1 2 4 4   78   79
9665  1 2 4 4   79   80
9666  1 2 4 4   80   81
9667  1 2 4 4   81   82
9668  1 2 4 4   82   83
9669  1 2 4 4   83   84
9670  1 2 4 4   84    4
9671  1 2 5 5    2    7
9672  1 2 5 5    7    8
9673  1 2 5 5    8    9
9674  1 2 5 5    9   10
9675  1 2 5 5   10   11
9676  1 2 5 5   11   12
9677  1 2 5 5   12   13
9678  1 2 5 5   13   14
9679  1 2 5 5   14   15
9680  1 2 5 5   15   16
9681  1 2 5 5   16   17
9682  1 2 5 5   17   18
9683  1 2 5 5   18   19
9684  1 2 5 5   19   20
9685  1 2 5 5   20   21
9686  1 2 5 5   21   22
9687  1 2 5 5   22   23
9688  1 2 5 5   23   24
9689  1 2 5 5   24   25
9690  1 2 5 5   25   26
9691  1 2 5 5   26   27
9692  1 2 5 5   27   28
9693  1 2 5 5   28   29
9694  1 2 5 5   29   30
9695  1 2 5 5   30   31
9696  1 2 5 5   31   32
9697  1 2 5 5   32   33
9698  1 2 5 5   33   34
9699  1 2 5 5   34   35
9700  1 2 5 5   35   36
9701  1 2 5 5   36   37
9702  1 2 5 5   37   38
9703  1 2 5 5   38   39
9704  1 2 5 5   39   40
9705  1 2 5 5   40   41
9706  1 2 5 5   41    3
9707  1 2 6 6    4   85
9708  1 2 6 6   85   86
9709  1 2 6 6   86   87
9710  1 2 6 6   87   88
9711  1 2 6 6   88   89
9712  1 2 6 6   89   90
9713  1 2 6 6   90   91
9714  1 2 6 6   91   92
9715  1 2 6 6   92   93
9716  1 2 6 6   93   94
9717  1 2 6 6   94   95
9718  1 2 6 6   95   96
9719  1 2 6 6   96   97
9720  1 2 6 6   97   98
9721  1 2 6 6   98   99
9722  1 2 6 6   99  100
9723  1 2 6 6  100  101
9724  1 2 6 6  101  102
9725  1 2 6 6  102  103
9726  1 2 6 6  103  104
9727  1 2 6 6  104  105
9728  1 2 6 6  105    5
9729  1 2 7 7  197  198
9730  1 2 7 7  198  199
9731  1 2 7 7  199  200
9732  1 2 7 7  200  201
9733  1 2 7 7  201  202
9734  1 2 7 7  202  203
9735  1 2 7 7  203  204
9736  1 2 7 7  204  205
9737  1 2 7 7  205  206
9738  1 2 7 7  206  207
9739  1 2 7 7  207  208
9740  1 2 7 7  208  288
9741  1 2 7 7  288  209
9742  1 2 7 7  209  210
9743  1 2 7 7  210  211
9744  1 2 7 7  211  212
9745  1 2 7 7  212  213
9746  1 2 7 7  213  214
9747  1 2 7 7  214  215
9748  1 2 7 7  215  216
9749  1 2 7 7  216  217
9750  1 2 7 7  217  218
9751  1 2 7 7  218  219
9752  1 2 7 7  219  220
9753  1 2 7 7  220  221
9754  1 2 7 7  221  222
9755  1 2 7 7  222  223
9756  1 2 7 7  223  224
9757  1 2 7 7  224  225
9758  1 2 7 7  225  226
9759  1 2 7 7  226  227
9760  1 2 7 7  227  228
9761  1 2 7 7  228  229
9762  1 2 7 7  229  230
9763  1 2 7 7  230  231
9764  1 2 7 7  231  232
9765  1 2 7 7  232  233
9766  1 2 7 7  233  234
9767  1 2 7 7  234  235
9768  1 2 7 7  235  236
9769  1 2 7 7  236  237
9770  1 2 7 7  237  238
9771  1 2 7 7  238  239
9772  1 2 7 7  239  240
9773  1 2 7 7  240  241
9774  1 2 7 7  241  242
9775  1 2 7 7  242  243
9776  1 2 7 7  243  244
9777  1 2 7 7  244  245
9778  1 2 7 7  245  246
9779  1 2 7 7  246  247
9780  1 2 7 7  247  248
9781  1 2 7 7  248  249
9782  1 2 7 7  249  250
9783  1 2 7 7  250  251
9784  1 2 7 7  251  252
9785  1 2 7 7  252  253
9786  1 2 7 7  253  254
9787  1 2 7 7  254  255
9788  1 2 7 7  255  256
9789  1 2 7 7  256  257
9790  1 2 7 7  257  258
9791  1 2 7 7  258  259
9792  1 2 7 7  259  260
9793  1 2 7 7  260  261
9794  1 2 7 7  261  262
9795  1 2 7 7  262  263
9796  1 2 7 7  263  264
9797  1 2 7 7  264  265
9798  1 2 7 7  265  266
9799  1 2 7 7  266  267
9800  1 2 7 7  267  268
9801  1 2 7 7  268  269
9802  1 2 7 7  269  270
9803  1 2 7 7  270  271
9804  1 2 7 7  271  272
9805  1 2 7 7  272  273
9806  1 2 7 7  273  274
9807  1 2 7 7  274  275
9808  1 2 7 7  275  276
9809  1 2 7 7  276  277
9810  1 2 7 7  277  278
9811  1 2 7 7  278  279
9812  1 2 7 7  279  280
9813  1 2 7 7  280  281
9814  1 2 7 7  281  282
9815  1 2 7 7  282  283
9816  1 2 7 7  283  284
9817  1 2 7 7  284  285
9818  1 2 7 7  285  286
9819  1 2 7 7  286  287
9820  1 2 7 7  287    6
9821  1 2 7 7  174  175
9822  1 2 7 7  175  176
9823  1 2 7 7  176  177
9824  1 2 7 7  177  178
9825  1 2 7 7  178  179
9826  1 2 7 7  179  180
9827  1 2 7 7  180  181
9828  1 2 7 7  181  182
9829  1 2 7 7  182  183
9830  1 2 7 7  183  184
9831  1 2 7 7  184  185
9832  1 2 7 7  185  186
9833  1 2 7 7  186  187
9834  1 2 7 7  187  188
9835  1 2 7 7  188  189
9836  1 2 7 7  189  190
9837  1 2 7 7  190  191
9838  1 2 7 7  191  192
9839  1 2 7 7  192  193
9840  1 2 7 7  193  194
9841  1 2 7 7  194  195
9842  1 2 7 7  195  196
9843  1 2 7 7  196 9551
9844  1 2 7 7 9551 9552
9845  1 2 7 7 9552 9553
9846  1 2 7 7 9553 9554
9847  1 2 7 7 9554 9555
9848  1 2 7 7 9555 9556
9849  1 2 7 7 9556 9557
9850  1 2 7 7 9557 9558
9851  1 2 7 7 9558 9559
9852  1 2 7 7 9559 9560
9853  1 2 7 7 9560 9561
9854  1 2 7 7 9561 9562
9855  1 2 7 7 9562 9563
9856  1 2 7 7 9563 9564
9857  1 2 7 7 9564 9565
9858  1 2 7 7 9565 9566
9859  1 2 7 7 9566 9567
9860  1 2 7 7 9567 9568
9861  1 2 7 7 9568 9569
9862  1 2 7 7 9569 9570
9863  1 2 7 7 9570 9571
9864  1 2 7 7 9571 9572
9865  1 2 7 7 9572 9573
9866  1 2 7 7 9573 9574
9867  1 2 7 7 9574 9575
9868  1 2 7 7 9575 9576
9869  1 2 7 7 9576 9577
9870  1 2 7 7 9577 9578
9871  1 2 7 7 9578 9579
9872  1 2 7 7 9579 9580
9873  1 2 7 7 9580 9581
9874  1 2 7 7 9581 9582
9875  1 2 7 7 9582 9583
9876  1 2 7 7 9583 9584
9877  1 2 7 7 9584 9585
9878  1 2 7 7 9585 9586
9879  1 2 7 7 9586 9587
9880  1 2 7 7 9587 9588
9881  1 2 7 7 9588 9589
9882  1 2 7 7 9589 9590
9883  1 2 7 7 9590 9591
9884  1 2 7 7 9591 9592
9885  1 2 7 7 9592 9593
9886  1 2 7 7 9593 9594
9887  1 2 7 7 9594 9595
9888  1 2 7 7 9595 9596
9889  1 2 7 7 9596 9597
9890  1 2 7 7 9597 9598
9891  1 2 7 7 9598 9599
9892  1 2 7 7 9599 9600
9893  1 2 7 7 9600 9601
9894  1 2 7 7 9601 9602
9895  1 2 7 7 9602 9603
9896  1 2 7 7 9603 9604
9897  1 2 7 7 9604 9605
9898  1 2 7 7 9605 9606
9899  1 2 7 7 9606 9607
9900  1 2 7 7 9607 9608
9901  1 2 7 7 9608 9609
9902  1 2 7 7 9609 9610
9903  1 2 7 7 9610 9611
9904  1 2 7 7 9611 9612
9905  1 2 7 7 9612 9613
9906  1 2 7 7 9613 9614
9907  1 2 7 7 9614 9615
9908  1 2 7 7 9615 9616
9909  1 2 7 7 9616 9617
9910  1 2 7 7 9617 9618
9911  1 2 7 7 9618 9619
9912  1 2 7 7 9619 9620
9913  1 2 7 7 9620 9621
9914  1 2 7 7 9621 9622
9915  1 2 7 7 9622 9623
9916  1 2 7 7 9623 9624
9917  1 2 7 7 9624 9625
9918  1 2 7 7 9625 9626
9919  1 2 7 7 9626 9627
9920  1 2 7 7 9627 9628
9921  1 2 7 7 9628 9629
9922  1 2 7 7 9629 9630
9923  1 2 7 7 9630 9631
9924  1 2 7 7 9631 9632
9925  1 2 7 7 9632 9633
9926  1 2 7 7 9633 9634
9927  1 2 7 7 9634 9635
9928  1 2 7 7 9635 9636
9929  1 2 7 7 9636 9637
9930  1 2 7 7 9637 9638
9931  1 2 7 7 9638 9639
9932  1 2 7 7 9639 9640
9933  1 2 7 7 9640 9641
9934  1 2 7 7 9641 9642
9935  1 2 7 7 9642 9643
9936  1 2 7 7 9643 9644
9937  1 2 7 7 9644 9645
9938  1 2 7 7 9645 9646
9939  1 2 7 7 9646 9647
9940  1 2 7 7 9647 9648
9941  1 2 7 7 9648 9649
9942  1 2 7 7 9649  197
9943  1 2 7 7    5  153
9944  1 2 7 7  153  154
9945  1 2 7 7  154  155
9946  1 2 7 7  155  156
9947  1 2 7 7  156  157
9948  1 2 7 7  157  158
9949  1 2 7 7  158  159
9950  1 2 7 7  159  160
9951  1 2 7 7  160  161
9952  1 2 7 7  161  162
9953  1 2 7 7  162  163
9954  1 2 7 7  163  164
9955  1 2 7 7  164  165
9956  1 2 7 7  165  166
9957  1 2 7 7  166  167
9958  1 2 7 7  167  168
9959  1 2 7 7  168  169
9960  1 2 7 7  169  170
9961  1 2 7 7  170  171
9962  1 2 7 7  171  172
9963  1 2 7 7  172  173
9964  1 2 7 7  173  174
$EndElements
$Comments
-------------------------------------------------------
NumNames
Dim Id Name
-------------------------------------------------------
$EndComments
$PhysicalNames
7
2 1 "Unspecified"
1 2 "Axis"
1 3 "Inlet"
1 4 "JetWall"
1 5 "Outlet"
1 6 "TopWall"
1 7 "TorchWall"
$EndPhysicalNames
