$MeshFormat
2.2 0 8
$EndMeshFormat
$Comments
-------------------------------------------------------
NumNodes
Id x y z
-------------------------------------------------------
$EndComments
$Nodes
7905
   1 0 0.01 0
   2 0 0.5 0
   3 0.075 0.5 0
   4 0.075 0.3404108 0
   5 0.015 0.3404108 0
   6 0.0280669961853027 0.01 0
   7 0.022 0.01 0
   8 0.015 0.3150108 0
   9 0.0229375 0.3150108 0
  10 0.0242569961853029 0.1238504 0
  11 0.0280669961853027 0.1238504 0
  12 0 0.1238504 0
  13 0 0.3150108 0
  14 0 0.3404108 0
  15 0.075 0.45 0
  16 0 0.45 0
  17 0.002027027027027023 0.5 0
  18 0.004054054054054054 0.5 0
  19 0.006081081081081077 0.5 0
  20 0.008108108108108091 0.5 0
  21 0.01013513513513513 0.5 0
  22 0.01216216216216216 0.5 0
  23 0.01418918918918918 0.5 0
  24 0.01621621621621621 0.5 0
  25 0.01824324324324324 0.5 0
  26 0.02027027027027026 0.5 0
  27 0.0222972972972973 0.5 0
  28 0.02432432432432432 0.5 0
  29 0.02635135135135135 0.5 0
  30 0.02837837837837837 0.5 0
  31 0.0304054054054054 0.5 0
  32 0.03243243243243243 0.5 0
  33 0.03445945945945945 0.5 0
  34 0.03648648648648648 0.5 0
  35 0.03851351351351351 0.5 0
  36 0.04054054054054054 0.5 0
  37 0.04256756756756756 0.5 0
  38 0.04459459459459459 0.5 0
  39 0.04662162162162162 0.5 0
  40 0.04864864864864865 0.5 0
  41 0.05067567567567567 0.5 0
  42 0.0527027027027027 0.5 0
  43 0.05472972972972973 0.5 0
  44 0.05675675675675676 0.5 0
  45 0.05878378378378378 0.5 0
  46 0.0608108108108108 0.5 0
  47 0.06283783783783783 0.5 0
  48 0.06486486486486487 0.5 0
  49 0.06689189189189189 0.5 0
  50 0.06891891891891891 0.5 0
  51 0.07094594594594594 0.5 0
  52 0.07297297297297298 0.5 0
  53 0.07000000000000001 0.3404108 0
  54 0.06496610051821829 0.3404108 0
  55 0.05998057774945998 0.3404108 0
  56 0.05512258961273972 0.3404108 0
  57 0.05046328648225316 0.3404108 0
  58 0.04606196027669412 0.3404108 0
  59 0.04196362817663754 0.3404108 0
  60 0.03819816523310116 0.3404108 0
  61 0.03478083899922105 0.3404108 0
  62 0.03171391799148864 0.3404108 0
  63 0.02898894723902838 0.3404108 0
  64 0.02658929767535547 0.3404108 0
  65 0.02449267091215919 0.3404108 0
  66 0.02267334200653787 0.3404108 0
  67 0.0211040220805408 0.3404108 0
  68 0.01975730332427907 0.3404108 0
  69 0.01860670487820576 0.3404108 0
  70 0.01762737054520571 0.3404108 0
  71 0.01679648315107035 0.3404108 0
  72 0.016093461547557 0.3404108 0
  73 0.0155 0.3404108 0
  74 0.02772994084167477 0.01 0
  75 0.02739288549804684 0.01 0
  76 0.02705583015441892 0.01 0
  77 0.02671877481079099 0.01 0
  78 0.02638171946716306 0.01 0
  79 0.02604466412353514 0.01 0
  80 0.02570760877990721 0.01 0
  81 0.02537055343627928 0.01 0
  82 0.02503349809265135 0.01 0
  83 0.02469644274902342 0.01 0
  84 0.02435938740539549 0.01 0
  85 0.02402233206176756 0.01 0
  86 0.02368527671813964 0.01 0
  87 0.02334822137451171 0.01 0
  88 0.02301116603088378 0.01 0
  89 0.02267411068725585 0.01 0
  90 0.02233705534362793 0.01 0
  91 0.02165 0.01 0
  92 0.02129255462702732 0.01 0
  93 0.02092006012645585 0.01 0
  94 0.0205245926111798 0.01 0
  95 0.02009773950077114 0.01 0
  96 0.0196304205649112 0.01 0
  97 0.01911269476424375 0.01 0
  98 0.01853354877967296 0.01 0
  99 0.01788066273159665 0.01 0
 100 0.01714014810533886 0.01 0
 101 0.01629625230780185 0.01 0
 102 0.01533102357052065 0.01 0
 103 0.01422392907077237 0.01 0
 104 0.01295141814722381 0.01 0
 105 0.01148642131862459 0.01 0
 106 0.009797774448424132 0.01 0
 107 0.007849555805857306 0.01 0
 108 0.005600321921134864 0.01 0
 109 0.003002225979472413 0.01 0
 110 0.015 0.3396108 0
 111 0.015 0.3387312256575959 0
 112 0.015 0.3377709253064718 0
 113 0.015 0.3367304903904721 0
 114 0.015 0.33561254757873 0
 115 0.015 0.3344219805008777 0
 116 0.015 0.3331660444657269 0
 117 0.015 0.3318543417224903 0
 118 0.015 0.3304986353792964 0
 119 0.015 0.329112496586461 0
 120 0.015 0.3277108 0
 121 0.015 0.326309103413539 0
 122 0.015 0.3249229646207036 0
 123 0.015 0.3235672582775097 0
 124 0.015 0.3222555555342731 0
 125 0.015 0.3209996194991223 0
 126 0.015 0.31980905242127 0
 127 0.015 0.3186911096095278 0
 128 0.015 0.3176506746935282 0
 129 0.015 0.3166903743424041 0
 130 0.015 0.3158108 0
 131 0.0154 0.3150108 0
 132 0.01594206757465844 0.3150108 0
 133 0.01664312879432969 0.3150108 0
 134 0.01749699826274122 0.3150108 0
 135 0.01846411785310813 0.3150108 0
 136 0.01947338214689186 0.3150108 0
 137 0.02044050173725879 0.3150108 0
 138 0.02129437120567031 0.3150108 0
 139 0.02199543242534156 0.3150108 0
 140 0.0225375 0.3150108 0
 141 0.0229375 0.3142108 0
 142 0.0229375 0.3133636089681113 0
 143 0.0229375 0.312466918769099 0
 144 0.0229375 0.3115183698036572 0
 145 0.0229375 0.3105155584251626 0
 146 0.0229375 0.3094560457098603 0
 147 0.0229375 0.3083373676833357 0
 148 0.02331745866386378 0.3072221552437383 0
 149 0.02373177734479038 0.3060487109443262 0
 150 0.02416826337364879 0.3048124836972432 0
 151 0.02462772564929742 0.3035111825178008 0
 152 0.02511095611058374 0.3021425644559008 0
 153 0.02512915658201178 0.3006182174053826 0
 154 0.02514405424535678 0.2990172572946964 0
 155 0.0251596777534015 0.2973382951253057 0
 156 0.02517604526531918 0.2955793794427214 0
 157 0.02519317334877571 0.2937387298219463 0
 158 0.02530361144947104 0.2918432961921404 0
 159 0.02641925970882981 0.2901728844087172 0
 160 0.02758254043490797 0.2884311545973994 0
 161 0.0280669961853027 0.286397016358771 0
 162 0.0280669961853027 0.2841289290687801 0
 163 0.0280669961853027 0.2817736682044262 0
 164 0.0280669961853027 0.2793314844155133 0
 165 0.0280669961853027 0.2768030356903279 0
 166 0.0280669961853027 0.2741894122446721 0
 167 0.0280669961853027 0.2714921583951493 0
 168 0.0280669961853027 0.2687132907492638 0
 169 0.0280669961853027 0.2658553120553242 0
 170 0.0280669961853027 0.2629212200862981 0
 171 0.0280669961853027 0.2599145109852646 0
 172 0.0280669961853027 0.2568391765766961 0
 173 0.0280669961853027 0.2536996952472865 0
 174 0.0280669961853027 0.2505010161211315 0
 175 0.0280669961853027 0.2472485363942926 0
 176 0.0280669961853027 0.2439480718495031 0
 177 0.0280669961853027 0.2406058207382692 0
 178 0.0280669961853027 0.2372283213891995 0
 179 0.0280669961853027 0.2338224040716944 0
 180 0.0280669961853027 0.2303951378063656 0
 181 0.0280669961853027 0.2269537729609448 0
 182 0.0280669961853027 0.2235056805965367 0
 183 0.0280669961853027 0.2200582896281917 0
 184 0.0280669961853027 0.2166190229313383 0
 185 0.0280669961853027 0.2131952335584569 0
 186 0.0280669961853027 0.2097941422269321 0
 187 0.0280669961853027 0.2064227771994621 0
 188 0.0280669961853027 0.2030879176045974 0
 189 0.0280669961853027 0.1997960411403841 0
 190 0.0280669961853027 0.1965532769735097 0
 191 0.0280669961853027 0.1933653644956526 0
 192 0.0280669961853027 0.1902376184344524 0
 193 0.0280669961853027 0.1871749006454671 0
 194 0.0280669961853027 0.1841815987403896 0
 195 0.0280669961853027 0.1812616115419286 0
 196 0.0280669961853027 0.1784183412026197 0
 197 0.0280669961853027 0.1756546916879789 0
 198 0.0280669961853027 0.1729730732072394 0
 199 0.0280669961853027 0.1703754120796845 0
 200 0.0280669961853027 0.1678631654523755 0
 201 0.0280669961853027 0.1654373402358761 0
 202 0.0280669961853027 0.1630985155974648 0
 203 0.0280669961853027 0.1608468683445854 0
 204 0.0280669961853027 0.1586822005426331 0
 205 0.0280669961853027 0.1566039687379105 0
 206 0.0280669961853027 0.1546113141958444 0
 207 0.0280669961853027 0.1527030936133779 0
 208 0.0280669961853027 0.1508779098200107 0
 209 0.0280669961853027 0.1491341420416108 0
 210 0.02779560670562308 0.1475056926091957 0
 211 0.02738510993208795 0.1459731713213307 0
 212 0.02699414797146512 0.1445135800016716 0
 213 0.02662214312176666 0.1431247618961303 0
 214 0.02626849452085501 0.1418044737860596 0
 215 0.02593258384631329 0.1405504072677701 0
 216 0.0256137805459363 0.1393602082796956 0
 217 0.02531144659543815 0.1382314948645022 0
 218 0.02502494078784536 0.1371618731828221 0
 219 0.02475362256556727 0.1361489518196502 0
 220 0.02449685541139144 0.1351903544440601 0
 221 0.024256996185304 0.1342833378660189 0
 222 0.02425699618530391 0.133396163763658 0
 223 0.02425699618530382 0.1325580493045502 0
 224 0.02425699618530373 0.1317666967887414 0
 225 0.02425699618530366 0.1310198671818916 0
 226 0.02425699618530358 0.1303153849394667 0
 227 0.02425699618530351 0.1296511418140837 0
 228 0.02425699618530345 0.1290250997475564 0
 229 0.02425699618530338 0.1284352929450395 0
 230 0.02425699618530332 0.1278798292236996 0
 231 0.02425699618530327 0.1273568907228055 0
 232 0.02425699618530322 0.1268647340562345 0
 233 0.02425699618530317 0.1264016899823117 0
 234 0.02425699618530313 0.1259661626597842 0
 235 0.02425699618530308 0.1255566285526912 0
 236 0.02425699618530304 0.1251716350410148 0
 237 0.024256996185303 0.1248097987883596 0
 238 0.02425699618530297 0.1244698039125503 0
 239 0.02425699618530293 0.1241504 0
 240 0.0245069961853029 0.1238504 0
 241 0.02478941785715207 0.1238504 0
 242 0.02510188322273613 0.1238504 0
 243 0.02543971418783412 0.1238504 0
 244 0.02579599173218176 0.1238504 0
 245 0.0261619961853028 0.1238504 0
 246 0.02652800063842384 0.1238504 0
 247 0.02688427818277148 0.1238504 0
 248 0.02722210914786947 0.1238504 0
 249 0.02753457451345354 0.1238504 0
 250 0.0278169961853027 0.1238504 0
 251 0 0.1241504 0
 252 0 0.1244697116531163 0
 253 0 0.1248095098982743 0
 254 0 0.1251710319178145 0
 255 0 0.1255555791660358 0
 256 0 0.1259645192754675 0
 257 0 0.1263992878052168 0
 258 0 0.1268613897911694 0
 259 0 0.1273524010529217 0
 260 0 0.1278739692071309 0
 261 0 0.1284278143315138 0
 262 0 0.1290157292180458 0
 263 0 0.1296395791480965 0
 264 0 0.1303013011163567 0
 265 0 0.1310029024245899 0
 266 0 0.1317464585606168 0
 267 0 0.1325341102726834 0
 268 0 0.1333680597446853 0
 269 0 0.1342505657738536 0
 270 0 0.1351839378497481 0
 271 0 0.1361705290320459 0
 272 0 0.1372127275250443 0
 273 0 0.1383129468493763 0
 274 0 0.1394736145166118 0
 275 0 0.1406971591206114 0
 276 0 0.1419859957711778 0
 277 0 0.1433425098111492 0
 278 0 0.1447690387780284 0
 279 0 0.1462678525959088 0
 280 0 0.1478411320131356 0
 281 0 0.1494909453360128 0
 282 0 0.1512192235489577 0
 283 0 0.1530277339566699 0
 284 0 0.1549180525337197 0
 285 0 0.1568915352208352 0
 286 0 0.1589492884641175 0
 287 0 0.1610921393521597 0
 288 0 0.1633206057649792 0
 289 0 0.1656348670058324 0
 290 0 0.1680347354401082 0
 291 0 0.1705196297120632 0
 292 0 0.1730885501474508 0
 293 0 0.1757400569753148 0
 294 0 0.1784722520126087 0
 295 0 0.1812827644483242 0
 296 0 0.1841687413372876 0
 297 0 0.1871268433661051 0
 298 0 0.190153246384023 0
 299 0 0.1932436490997349 0
 300 0 0.1963932872324687 0
 301 0 0.1995969542741429 0
 302 0 0.2028490288722835 0
 303 0 0.2061435086850403 0
 304 0 0.2094740503953018 0
 305 0 0.2128340154065375 0
 306 0 0.2162165205850076 0
 307 0 0.21961449326786 0
 308 0 0.2230207296306437 0
 309 0 0.2264279554064859 0
 310 0 0.2298288878772436 0
 311 0 0.2332162980176785 0
 312 0 0.236583071668965 0
 313 0 0.2399222686478465 0
 314 0 0.243227178761092 0
 315 0 0.2464913737886272 0
 316 0 0.2497087546185207 0
 317 0 0.2528735928575216 0
 318 0 0.2559805663959891 0
 319 0 0.2590247885693256 0
 320 0 0.2620018307229969 0
 321 0 0.2649077381487463 0
 322 0 0.267739039510237 0
 323 0 0.2704927500124925 0
 324 0 0.2731663686875736 0
 325 0 0.2757578702665104 0
 326 0 0.2782656921832398 0
 327 0 0.2806887173099065 0
 328 0 0.2830262530550237 0
 329 0 0.2852780074680768 0
 330 0 0.2874440629882395 0
 331 0 0.2895248484534113 0
 332 0 0.2915211099514962 0
 333 0 0.2934338810515225 0
 334 0 0.2952644529005924 0
 335 0 0.2970143446163556 0
 336 0 0.2986852743460384 0
 337 0 0.300279131304088 0
 338 0 0.3017979490429172 0
 339 0 0.3032438801564142 0
 340 0 0.304619172564872 0
 341 0 0.3059261474835143 0
 342 0 0.3071671791352945 0
 343 0 0.3083446762323582 0
 344 0 0.3094610652194795 0
 345 0 0.3105187752467816 0
 346 0 0.3115202248178554 0
 347 0 0.3124678100426485 0
 348 0 0.3133638944118003 0
 349 0 0.3142108 0
 350 0 0.3158108 0
 351 0 0.3166903743424041 0
 352 0 0.3176506746935282 0
 353 0 0.3186911096095278 0
 354 0 0.31980905242127 0
 355 0 0.3209996194991223 0
 356 0 0.322255555534273 0
 357 0 0.3235672582775097 0
 358 0 0.3249229646207036 0
 359 0 0.326309103413539 0
 360 0 0.3277108 0
 361 0 0.329112496586461 0
 362 0 0.3304986353792964 0
 363 0 0.3318543417224903 0
 364 0 0.3331660444657269 0
 365 0 0.3344219805008777 0
 366 0 0.3356125475787299 0
 367 0 0.3367304903904721 0
 368 0 0.3377709253064718 0
 369 0 0.3387312256575959 0
 370 0 0.3396108 0
 371 0.0240069961853029 0.1238504 0
 372 0.02371680776783551 0.1238504 0
 373 0.02338095351414863 0.1238504 0
 374 0.02299355946916925 0.1238504 0
 375 0.0225484555776116 0.1238504 0
 376 0.02203933052247042 0.1238504 0
 377 0.02145995108040409 0.1238504 0
 378 0.02080445339581219 0.1238504 0
 379 0.0200677081411837 0.1238504 0
 380 0.01924575280154914 0.1238504 0
 381 0.01833627220090603 0.1238504 0
 382 0.01733909365459859 0.1238504 0
 383 0.0162566477880055 0.1238504 0
 384 0.01509433346077403 0.1238504 0
 385 0.01386071971306117 0.1238504 0
 386 0.0125675235032061 0.1238504 0
 387 0.01122932189574797 0.1238504 0
 388 0.009862990609257315 0.1238504 0
 389 0.008486902446474884 0.1238504 0
 390 0.007119960315408124 0.1238504 0
 391 0.005780570043140421 0.1238504 0
 392 0.004485669670816123 0.1238504 0
 393 0.003249921136645096 0.1238504 0
 394 0.002085140267458727 0.1238504 0
 395 0.0009999999999999998 0.1238504 0
 396 0.0146 0.3150108 0
 397 0.0141883165693183 0.3150107999999999 0
 398 0.01375292502089197 0.3150108 0
 399 0.01328110818728241 0.3150108 0
 400 0.01275908497031479 0.3150108 0
 401 0.0121716078148149 0.3150108 0
 402 0.01150151734922434 0.3150108 0
 403 0.01072924118478013 0.3150108 0
 404 0.009832222233896218 0.3150108 0
 405 0.00878425984974056 0.3150108 0
 406 0.007554744542632378 0.3150108 0
 407 0.006107763920414952 0.3150108 0
 408 0.004401053738594689 0.3150108 0
 409 0.002384763421913976 0.3150108 0
 410 0.0145 0.3404108 0
 411 0.01398938605400987 0.3404108 0
 412 0.01345731890434052 0.3404108 0
 413 0.01289250388701251 0.3404108 0
 414 0.0122829511698492 0.3404108 0
 415 0.01161572123361435 0.3404108 0
 416 0.01087665019329557 0.3404108 0
 417 0.01005004912868325 0.3404108 0
 418 0.009118371041667022 0.3404108 0
 419 0.008061838370455335 0.3404108 0
 420 0.006858023153630086 0.3404108 0
 421 0.005481370931804318 0.3404108 0
 422 0.003902658280318728 0.3404108 0
 423 0.002088372457539716 0.3404108 0
 424 0.075 0.4916666666666667 0
 425 0.075 0.4833333333333333 0
 426 0.075 0.475 0
 427 0.075 0.4666666666666667 0
 428 0.075 0.4583333333333333 0
 429 0.075 0.4413403192975384 0
 430 0.075 0.4333590819988847 0
 431 0.075 0.4260026386084584 0
 432 0.075 0.4192215394654619 0
 433 0.075 0.4129702023456248 0
 434 0.075 0.4072066060596712 0
 435 0.075 0.401892007988894 0
 436 0.075 0.3969906836591245 0
 437 0.075 0.3924696866025248 0
 438 0.075 0.3882986268930052 0
 439 0.075 0.384449466866595 0
 440 0.075 0.3808963326536047 0
 441 0.075 0.3776153402557113 0
 442 0.075 0.3745844349988631 0
 443 0.075 0.3717832432828154 0
 444 0.075 0.369192935630763 0
 445 0.075 0.3667961001184979 0
 446 0.075 0.3645766253322866 0
 447 0.075 0.362519592068718 0
 448 0.07500000000000001 0.3606111730485299 0
 449 0.075 0.3588385399703005 0
 450 0.075 0.3571897772792179 0
 451 0.075 0.3556538020712913 0
 452 0.075 0.3542202895946002 0
 453 0.075 0.3528796038468049 0
 454 0.075 0.3516227328023998 0
 455 0.075 0.3504412278343087 0
 456 0.075 0.3493271469226179 0
 457 0.075 0.3482730012686971 0
 458 0.07500000000000001 0.347271704955854 0
 459 0.075 0.3463165273181403 0
 460 0.075 0.3454010476971374 0
 461 0.075 0.3445191122825971 0
 462 0.075 0.3436647927468236 0
 463 0.075 0.3428323463947379 0
 464 0.07500000000000001 0.3420161775617562 0
 465 0.075 0.3412108 0
 466 0 0.3412108 0
 467 0 0.3420161775617562 0
 468 0 0.3428323463947379 0
 469 0 0.3436647927468235 0
 470 0 0.3445191122825971 0
 471 0 0.3454010476971374 0
 472 0 0.3463165273181403 0
 473 0 0.347271704955854 0
 474 0 0.3482730012686971 0
 475 0 0.3493271469226179 0
 476 0 0.3504412278343088 0
 477 0 0.3516227328023998 0
 478 0 0.3528796038468049 0
 479 0 0.3542202895946003 0
 480 0 0.3556538020712914 0
 481 0 0.3571897772792179 0
 482 0 0.3588385399703005 0
 483 0 0.36061117304853 0
 484 0 0.362519592068718 0
 485 0 0.3645766253322867 0
 486 0 0.3667961001184979 0
 487 0 0.369192935630763 0
 488 0 0.3717832432828154 0
 489 0 0.3745844349988632 0
 490 0 0.3776153402557114 0
 491 0 0.3808963326536048 0
 492 0 0.3844494668665951 0
 493 0 0.3882986268930053 0
 494 0 0.3924696866025248 0
 495 0 0.3969906836591246 0
 496 0 0.4018920079888941 0
 497 0 0.4072066060596712 0
 498 0 0.4129702023456249 0
 499 0 0.4192215394654619 0
 500 0 0.4260026386084584 0
 501 0 0.4333590819988847 0
 502 0 0.4413403192975384 0
 503 0 0.4583333333333333 0
 504 0 0.4666666666666667 0
 505 0 0.475 0
 506 0 0.4833333333333334 0
 507 0 0.4916666666666667 0
 508 0.07297297297297298 0.45 0
 509 0.07094594594594594 0.45 0
 510 0.06891891891891891 0.45 0
 511 0.06689189189189189 0.45 0
 512 0.06486486486486487 0.45 0
 513 0.06283783783783783 0.45 0
 514 0.0608108108108108 0.45 0
 515 0.05878378378378378 0.45 0
 516 0.05675675675675676 0.45 0
 517 0.05472972972972973 0.45 0
 518 0.0527027027027027 0.45 0
 519 0.05067567567567567 0.45 0
 520 0.04864864864864865 0.4500000000000001 0
 521 0.04662162162162162 0.45 0
 522 0.04459459459459459 0.45 0
 523 0.04256756756756756 0.45 0
 524 0.04054054054054054 0.4500000000000001 0
 525 0.03851351351351351 0.45 0
 526 0.03648648648648648 0.45 0
 527 0.03445945945945945 0.45 0
 528 0.03243243243243243 0.45 0
 529 0.0304054054054054 0.4500000000000001 0
 530 0.02837837837837837 0.45 0
 531 0.02635135135135135 0.45 0
 532 0.02432432432432432 0.45 0
 533 0.0222972972972973 0.4500000000000001 0
 534 0.02027027027027026 0.45 0
 535 0.01824324324324324 0.45 0
 536 0.01621621621621621 0.45 0
 537 0.01418918918918918 0.45 0
 538 0.01216216216216216 0.45 0
 539 0.01013513513513513 0.45 0
 540 0.008108108108108091 0.45 0
 541 0.006081081081081077 0.45 0
 542 0.004054054054054054 0.45 0
 543 0.002027027027027023 0.45 0
 544 0.02251471759789033 0.314208009932519 0
 545 0.02250586266903483 0.3133608825408264 0
 546 0.02250049400665591 0.3124643702215426 0
 547 0.02249755107039936 0.3115156814992538 0
 548 0.02249691065129665 0.3105119445174607 0
 549 0.02249953429970885 0.3094480434902592 0
 550 0.02251592024573957 0.3082801579691684 0
 551 0.02289129032949084 0.3071060989204777 0
 552 0.02329958076665232 0.3059227616814532 0
 553 0.02373016523032383 0.3046834002774326 0
 554 0.02418105655915152 0.3033828072897845 0
 555 0.02462901183997962 0.3020646898051292 0
 556 0.02466404346026149 0.300603732694585 0
 557 0.02468675003056148 0.2990085496981642 0
 558 0.02470795464263937 0.2973309054707752 0
 559 0.02473006293136891 0.2955715435031558 0
 560 0.02475704204298211 0.2937192076189523 0
 561 0.0249008769744587 0.29173529375004 0
 562 0.02602034063062907 0.2899628360028771 0
 563 0.02712519340071555 0.2882575645380858 0
 564 0.0275875768191992 0.2863367991064711 0
 565 0.02760676734571876 0.2841195433497947 0
 566 0.02761522857912226 0.2817683990821988 0
 567 0.02762078523625092 0.2793276163740011 0
 568 0.02762521673959855 0.27679986380543 0
 569 0.02762913050241354 0.2741866510522741 0
 570 0.02763278960402672 0.2714896683181526 0
 571 0.02763632626841616 0.268710995882981 0
 572 0.02763981351459427 0.2658531684998913 0
 573 0.02764329381729638 0.2629192016325752 0
 574 0.0276467921991634 0.2599126018321878 0
 575 0.02765032291010647 0.2568373672826571 0
 576 0.02765389316095366 0.2536979803189483 0
 577 0.02765750539154586 0.250499392513497 0
 578 0.02766115871570862 0.2472470025424389 0
 579 0.02766484990503049 0.2439466270371308 0
 580 0.02766857405945579 0.2406044646789782 0
 581 0.02767232509965705 0.2372270539533103 0
 582 0.02767609610984391 0.2338212251061694 0
 583 0.02767987960632568 0.2303940470208548 0
 584 0.02768366773264776 0.2269527698567821 0
 585 0.0276874524245897 0.2235047644272586 0
 586 0.02769122553375425 0.2200574593804784 0
 587 0.0276949789383141 0.2166182773216311 0
 588 0.02769870463088352 0.2131945710406046 0
 589 0.02770239479795275 0.2097935610090156 0
 590 0.02770604188101027 0.2064222752679269 0
 591 0.02770963862771957 0.2030874927554105 0
 592 0.02771317812604365 0.1997956910171917 0
 593 0.02771665382375993 0.1965529991137196 0
 594 0.02772005952722545 0.1933651563859155 0
 595 0.02772338937929685 0.1902374775779971 0
 596 0.02772663781106643 0.1871748246447358 0
 597 0.02772979946436907 0.1841815853998046 0
 598 0.02773286907844151 0.181261658997533 0
 599 0.0277358413333809 0.1784184480882035 0
 600 0.02773871063721314 0.175654857352038 0
 601 0.0277414708352543 0.172973298003219 0
 602 0.02774411480346661 0.1703756977667839 0
 603 0.0277466338564074 0.1678635157720453 0
 604 0.02774901683906624 0.165437761784448 0
 605 0.02775124864668386 0.1630990192312521 0
 606 0.02775330764154545 0.1608474716171368 0
 607 0.02775516077156269 0.1586829323381503 0
 608 0.02775675338451433 0.156604879203518 0
 609 0.02775798491614738 0.1546125000582138 0
 610 0.02775863811171216 0.1527047844663417 0
 611 0.02775809434036305 0.1508810433188051 0
 612 0.02775332637496556 0.1491593515299545 0
 613 0.02749124720114934 0.1475630669271877 0
 614 0.02709112759913142 0.1460409737149163 0
 615 0.02670468405472149 0.1445809450106721 0
 616 0.02633619671227777 0.1431913354874914 0
 617 0.02598561209513087 0.1418702085001348 0
 618 0.02565251145053386 0.1406152786686699 0
 619 0.0253363768901294 0.1394241735139285 0
 620 0.02503666135876489 0.1382944653152591 0
 621 0.02475283011449526 0.1372236601464827 0
 622 0.02448441952102077 0.1362090794875307 0
 623 0.02423113911759015 0.1352466493833705 0
 624 0.02399510112958091 0.1343112157823255 0
 625 0.02398809112751029 0.1333993623620155 0
 626 0.0239867963055321 0.1325593348345487 0
 627 0.02398646319908887 0.131767481998975 0
 628 0.02398649593539159 0.131020434208485 0
 629 0.0239867133809662 0.1303158391637086 0
 630 0.02398704037831994 0.1296515359621172 0
 631 0.02398744291902593 0.1290254661110682 0
 632 0.02398790761987176 0.1284356553466153 0
 633 0.0239884340782028 0.1278802087512277 0
 634 0.02398903216600719 0.1273573092622517 0
 635 0.02398972171433379 0.1268652170898028 0
 636 0.02399053364038182 0.1264022692597468 0
 637 0.02399151207303788 0.1259668789014609 0
 638 0.02399271706105498 0.1255575337705358 0
 639 0.02399422713818739 0.1251727926031559 0
 640 0.0239961410426822 0.1248112742327489 0
 641 0.02399858556900612 0.1244716162909016 0
 642 0.02400181007184929 0.1241522753278491 0
 643 0.02197167829117459 0.3142043669966884 0
 644 0.02195644119781634 0.3133558523271979 0
 645 0.02194660422568886 0.3124584891782467 0
 646 0.02194218997297801 0.3115083894194626 0
 647 0.02194411332472215 0.3105012634177116 0
 648 0.02195629468598317 0.3094278083066529 0
 649 0.02200004083427359 0.3082349653811062 0
 650 0.02234030248511363 0.3070191573097266 0
 651 0.02272607102289246 0.3058154910064229 0
 652 0.02313569098047567 0.3045679189196577 0
 653 0.02355800859231973 0.3032691829982581 0
 654 0.02394997718184243 0.3019769763258252 0
 655 0.02402872845666866 0.300565034381052 0
 656 0.02407375790395593 0.2989863637388417 0
 657 0.02411043438089267 0.2973136208957853 0
 658 0.02414823297123849 0.2955532717196787 0
 659 0.02420063054396387 0.2936871605626814 0
 660 0.02438906372724215 0.2916514543088504 0
 661 0.02543041847803977 0.289776136010805 0
 662 0.02642865025485468 0.288065587974729 0
 663 0.02688102189109828 0.2862404844621846 0
 664 0.02695539072459496 0.2840833528643441 0
 665 0.02698810403788136 0.2817476273188431 0
 666 0.02700802700126858 0.2793125199511132 0
 667 0.02702282538197479 0.2767875833455054 0
 668 0.02703517580787436 0.2741760271944391 0
 669 0.02704624330791183 0.2714801365558207 0
 670 0.02705661537101875 0.2687022501910386 0
 671 0.02706661840491557 0.2658450320761458 0
 672 0.02707644466017976 0.2629115687109165 0
 673 0.02708621024380382 0.2599054081989798 0
 674 0.02709598470740673 0.2568305739603438 0
 675 0.02710580755152559 0.2536915638881271 0
 676 0.0271156982377729 0.2504933391288072 0
 677 0.02712566251481994 0.2472413040872279 0
 678 0.02713569671381631 0.2439412786376979 0
 679 0.02714579062130434 0.2405994630682963 0
 680 0.02715592958048761 0.2372223964211062 0
 681 0.02716609589163475 0.2338169088166442 0
 682 0.02717626989984709 0.2303900685947478 0
 683 0.02718643073173171 0.2269491251212591 0
 684 0.02719655691263654 0.2235014482905353 0
 685 0.02720662677828958 0.2200544657840198 0
 686 0.0272166188420333 0.2166155992521575 0
 687 0.02722651205118562 0.2131922005820273 0
 688 0.02723628601837565 0.2097914894270787 0
 689 0.02724592116852715 0.2064204931189807 0
 690 0.02725539885595929 0.2030859900178063 0
 691 0.02726470141221896 0.1997944572442357 0
 692 0.0272738121458818 0.1965520236109522 0
 693 0.02728271526269331 0.1933644284172581 0
 694 0.0272913957134474 0.1902369866089133 0
 695 0.0272998389447089 0.1871745606340134 0
 696 0.0273080305436853 0.1841815391563152 0
 697 0.02731595574851729 0.1812618226250634 0
 698 0.02732359879575849 0.1784188155512473 0
 699 0.02733094205017309 0.1756554252120651 0
 700 0.02733796482950215 0.1729740664029812 0
 701 0.02734464176637467 0.1703766717922216 0
 702 0.02735094042160216 0.1678647074185357 0
 703 0.02735681761147034 0.1654391929480861 0
 704 0.02736221339654347 0.1631007265521935 0
 705 0.02736704054962669 0.1608495149271882 0
 706 0.02737116459082897 0.1586854107988697 0
 707 0.0273743620505498 0.1566079660203978 0
 708 0.02737622088332496 0.154616530930258 0
 709 0.02737585229929861 0.1527105529619099 0
 710 0.02737076598308961 0.1508913469821157 0
 711 0.02735016909022426 0.1491895535888147 0
 712 0.02710151212536628 0.147617590416843 0
 713 0.02672241720661612 0.1461028363384924 0
 714 0.02634754202281737 0.1446426818849577 0
 715 0.02598767869029719 0.1432518145768335 0
 716 0.02564438115110347 0.1419291602783946 0
 717 0.02531785122717333 0.1406725644461316 0
 718 0.02500791729370398 0.1394796347372607 0
 719 0.02471430459856137 0.1383478379979338 0
 720 0.02443678890416202 0.1372744289881887 0
 721 0.02417542115464008 0.136256027093789 0
 722 0.02393119492500581 0.1352859086485502 0
 723 0.0237114950591501 0.1343313349823952 0
 724 0.02369180205866867 0.1334068797135937 0
 725 0.0236860546839198 0.1325629743937416 0
 726 0.02368372783933011 0.1317697652312361 0
 727 0.02368281043007784 0.1310220930775706 0
 728 0.02368263264579687 0.1303171663402368 0
 729 0.02368290520246241 0.1296526790500956 0
 730 0.0236834883526334 0.1290265134382649 0
 731 0.02368431534213123 0.1284366682306948 0
 732 0.02368536204831921 0.1278812361209432 0
 733 0.02368663390498616 0.127358395224944 0
 734 0.02368816034549017 0.1268664050153256 0
 735 0.02368999264399804 0.1264036033443671 0
 736 0.02369220265310146 0.1259684026031901 0
 737 0.02369487975451831 0.1255592826418844 0
 738 0.02369812159748612 0.1251747756113558 0
 739 0.02370201025463719 0.1248134304565766 0
 740 0.02370655901508456 0.1244737209455644 0
 741 0.02371161607507896 0.1241537724445873 0
 742 0.0212767930203622 0.3142007506147853 0
 743 0.02126162467776236 0.3133495341256501 0
 744 0.02125195338126942 0.3124499406709944 0
 745 0.021250126424577 0.3114969876543072 0
 746 0.02125899077156147 0.3104848741000731 0
 747 0.02128556708959819 0.3094020055212587 0
 748 0.02135541750980021 0.3082019086640501 0
 749 0.02164722892279095 0.3069642256351023 0
 750 0.02199499547604145 0.3057388504316054 0
 751 0.02236934135532826 0.3044803563961028 0
 752 0.02274995248437315 0.3031818756390187 0
 753 0.02308977231480689 0.3018937260040791 0
 754 0.02321239752307985 0.3005068669074104 0
 755 0.02328943793768613 0.2989488989334027 0
 756 0.02335091912830342 0.2972844502687529 0
 757 0.02341399300467894 0.2955238404858541 0
 758 0.02350248515652643 0.2936468543431852 0
 759 0.0237335826016677 0.2915923505781758 0
 760 0.02463856999751101 0.289639223250134 0
 761 0.02550607504339191 0.2878937404920179 0
 762 0.02595202705331924 0.2861179252885942 0
 763 0.02609546061134327 0.284015500996317 0
 764 0.02616642297605405 0.2817056446344941 0
 765 0.02621001197262313 0.2792817046932374 0
 766 0.02624177801937879 0.2767625342595236 0
 767 0.02626769531365824 0.2741544154118057 0
 768 0.02629046059191485 0.2714608049325236 0
 769 0.02631145659131066 0.2686845659849478 0
 770 0.02633145895017155 0.2658286278448944 0
 771 0.02635092799633002 0.2628962235225599 0
 772 0.0263701442440661 0.2598909869036442 0
 773 0.02638927816032826 0.2568169934250824 0
 774 0.0264084293208164 0.2536787729537992 0
 775 0.02642765022586422 0.2504813062143013 0
 776 0.02644696138175247 0.2472300092571519 0
 777 0.02646636151379522 0.2439307084896709 0
 778 0.02648583439534326 0.2405896073981627 0
 779 0.02650535380012574 0.2372132460985181 0
 780 0.02652488679016798 0.2338084544303623 0
 781 0.02654439622854823 0.2303822996395355 0
 782 0.0265638424615352 0.2269420295330592 0
 783 0.02658318469573945 0.223495012233162 0
 784 0.02660238189153374 0.2200486735939068 0
 785 0.02662139353816126 0.2166104335000105 0
 786 0.02664018017106453 0.2131876422117028 0
 787 0.02665870382505139 0.2097875179544531 0
 788 0.02667692829469066 0.206417086873529 0
 789 0.0266948193256297 0.2030831264221843 0
 790 0.02671234465194296 0.1997921131291898 0
 791 0.02672947392779719 0.1965501755698478 0
 792 0.02674617848438542 0.1933630532083541 0
 793 0.02676243092951331 0.1902360616201592 0
 794 0.02677820453547073 0.1871740644317621 0
 795 0.0267934723959162 0.1841814521481791 0
 796 0.02680820628791422 0.1812621278796032 0
 797 0.02682237517531087 0.1784194998353893 0
 798 0.02683594322959486 0.1756564803378493 0
 799 0.02684886716981379 0.1729754910273592 0
 800 0.02686109256353641 0.1703784739098134 0
 801 0.02687254844077685 0.1678669079672889 0
 802 0.02688313900483175 0.1654418313056672 0
 803 0.02689273006478369 0.1631038694483153 0
 804 0.02690112528494607 0.1608532719864434 0
 805 0.02690802128370745 0.1586899641398651 0
 806 0.02691291434235272 0.1566136333150419 0
 807 0.02691488080652174 0.154623921837764 0
 808 0.02691196216466636 0.1527210484323025 0
 809 0.02689897507677868 0.1509089304703307 0
 810 0.02685744705399919 0.1492230552845831 0
 811 0.02662415872793868 0.1476662242667101 0
 812 0.02627327169592107 0.1461562831501927 0
 813 0.02591651496382625 0.1446966347332997 0
 814 0.02557036692369783 0.1433045749417142 0
 815 0.02523862253046427 0.1419801632957272 0
 816 0.024922463763865 0.140721505965786 0
 817 0.02462228612493918 0.1395262189618466 0
 818 0.02433826336900557 0.1383916342256794 0
 819 0.02407067782315227 0.1373146614917461 0
 820 0.02382040500054509 0.1362910539810137 0
 821 0.02359035285724755 0.1353119913849065 0
 822 0.02339301943637717 0.1343460599959928 0
 823 0.02335953292864442 0.1334165911320228 0
 824 0.02334730923903306 0.1325685205129738 0
 825 0.02334169490764357 0.1317734200384599 0
 826 0.02333901637713617 0.1310247954091015 0
 827 0.0233379257730708 0.1303193424659378 0
 828 0.02333781493110473 0.1296545543035013 0
 829 0.02333837812311575 0.1290282240936761 0
 830 0.02333945769422915 0.1284383071692409 0
 831 0.02334097970929844 0.1278828737908984 0
 832 0.02334292379511312 0.1273600897710829 0
 833 0.02334530733420835 0.1268682064371075 0
 834 0.02334817524268107 0.1264055529388224 0
 835 0.0233515899171234 0.1259705269120434 0
 836 0.02335561602458058 0.1255615793685905 0
 837 0.02336029256695588 0.1251771872255725 0
 838 0.02336557958389938 0.1248158008347245 0
 839 0.02337125823567306 0.1244757390469225 0
 840 0.02337675776725693 0.1241549571677119 0
 841 0.02042959116535905 0.3141976128818989 0
 842 0.02041970723558384 0.3133430177250268 0
 843 0.02041543901711684 0.3124402073211481 0
 844 0.02042063506465698 0.3114836429848543 0
 845 0.02043975931758485 0.3104667706464713 0
 846 0.02048139744173212 0.3093781854742675 0
 847 0.02056889572077126 0.3081826061839212 0
 848 0.02081319668400526 0.3069402239154052 0
 849 0.02111473411113736 0.3056988262992883 0
 850 0.0214451579182311 0.3044290790569765 0
 851 0.02178058671852877 0.3031261735442367 0
 852 0.02208014440641157 0.301825956743379 0
 853 0.02223388237863093 0.3004418686425676 0
 854 0.02234376507675533 0.2989000621561294 0
 855 0.02243516302611522 0.2972449523275257 0
 856 0.0225292746746554 0.2954860757989327 0
 857 0.02265642427886335 0.2936052791774028 0
 858 0.02291785090437172 0.2915585317414864 0
 859 0.02366920877584908 0.2895625219442065 0
 860 0.02440658755550706 0.28776600193332 0
 861 0.0248396855381213 0.2859908694948062 0
 862 0.02504255300351313 0.2839226080407094 0
 863 0.02515746698689451 0.2816417055679367 0
 864 0.02523140916912041 0.2792332468890163 0
 865 0.02528569526404113 0.2767227630006059 0
 866 0.02532974230908192 0.2741200085740387 0
 867 0.02536809964290282 0.2714300192685612 0
 868 0.02540318279244319 0.2686564225088481 0
 869 0.02543637358910608 0.2658025495739038 0
 870 0.02546850234462257 0.2628718601495983 0
 871 0.02550007986135168 0.2598681223486463 0
 872 0.02553141964258927 0.2567954934796616 0
 873 0.02556270752371281 0.2536585538497842 0
 874 0.02559404444529317 0.2504623150657752 0
 875 0.02562547370972682 0.2472122115050033 0
 876 0.02565699949743842 0.2439140798098025 0
 877 0.02568859926504992 0.2405741284315999 0
 878 0.02572023272195783 0.2371988991109066 0
 879 0.02575184777986052 0.2337952211978157 0
 880 0.02578338507168368 0.2303701601985733 0
 881 0.0258147809557727 0.2269309614835731 0
 882 0.02584596994935424 0.2234849904400407 0
 883 0.02587688628378095 0.2200396701371087 0
 884 0.02590746523396192 0.2166024178068462 0
 885 0.02593764398142226 0.2131805813069692 0
 886 0.02596736235658288 0.2097813768003989 0
 887 0.02599656323689917 0.2064118287714856 0
 888 0.02602519282048251 0.2030787134677373 0
 889 0.02605320062821486 0.1997885067159031 0
 890 0.02608053932040567 0.1965473369476254 0
 891 0.02610716420809831 0.1933609441084036 0
 892 0.02613303248991769 0.1902346449687964 0
 893 0.02615810211994534 0.187173305185317 0
 894 0.02618233027283094 0.1841813182946273 0
 895 0.02620567129430345 0.1812625916712356 0
 896 0.02622807402432695 0.178420539344042 0
 897 0.02624947827466829 0.1756580814700166 0
 898 0.02626981011061218 0.1729776502139694 0
 899 0.02628897530624115 0.1703812018279689 0
 900 0.02630684983453317 0.167870234916488 0
 901 0.02632326526503761 0.1654458153841372 0
 902 0.02633798494005681 0.1631086097540203 0
 903 0.02635066248350948 0.1608589314603584 0
 904 0.02636076403164495 0.1586968124488135 0
 905 0.02636740907188123 0.1566221356971196 0
 906 0.02636900633921757 0.1546349465127994 0
 907 0.02636229315616597 0.15273641250539 0
 908 0.02633934160645385 0.1509327442445667 0
 909 0.02627727939596739 0.1492578209670167 0
 910 0.02605987978826713 0.1477075802364816 0
 911 0.02574065815837691 0.1462000755301449 0
 912 0.02540723403235081 0.1447413948427423 0
 913 0.02507941859800171 0.1433484523257686 0
 914 0.0247632671973075 0.1420223341996025 0
 915 0.02446114190393758 0.1407614848665546 0
 916 0.02417417394154892 0.1395635623284069 0
 917 0.02390313556430466 0.1384257589240778 0
 918 0.02364897855421518 0.1373446199133246 0
 919 0.02341359696652987 0.1363151542701117 0
 920 0.02320179044529482 0.1353277159692979 0
 921 0.02302836231509059 0.1343565599890945 0
 922 0.02298280414024862 0.1334268946736064 0
 923 0.02296325891000904 0.1325753726377699 0
 924 0.02295348213030064 0.1317782273677854 0
 925 0.0229484015933356 0.1310284484965722 0
 926 0.02294595367295044 0.1303223208513349 0
 927 0.02294515585728845 0.1296571318116415 0
 928 0.02294549404521518 0.1290305713078052 0
 929 0.02294668821128071 0.1284405397191213 0
 930 0.02294858905494081 0.1278850757158292 0
 931 0.02295112645252571 0.1273623244536364 0
 932 0.02295427979410271 0.1268705200761409 0
 933 0.02295805664450933 0.1264079721521774 0
 934 0.02296247179416699 0.1259730504241043 0
 935 0.02296752021880524 0.1255641631559529 0
 936 0.02297313690703489 0.125179723422182 0
 937 0.02297913483141989 0.1248180950894326 0
 938 0.0229851109477645 0.1244775038021598 0
 939 0.0229903171283735 0.1241558725812265 0
 940 0.01946791801100518 0.314195141457039 0
 941 0.01946535557001691 0.3133373468634902 0
 942 0.01946936221434274 0.3124313278304225 0
 943 0.0194838603642669 0.3114716018657987 0
 944 0.01951376079126243 0.3104517620786343 0
 945 0.01956737419326479 0.3093620098844393 0
 946 0.01966295956354813 0.3081772450529115 0
 947 0.01986808460860878 0.3069409872264462 0
 948 0.02012464595663495 0.3056913620750902 0
 949 0.0204105445431528 0.3044119245404695 0
 950 0.02070394513822615 0.3031000558312166 0
 951 0.02097272831021907 0.3017789751617205 0
 952 0.02114382394192239 0.3003831449728141 0
 953 0.02128012390277896 0.2988485853827356 0
 954 0.02140002287231139 0.2972009296776535 0
 955 0.02152440563342536 0.2954459385726053 0
 956 0.02168441050221027 0.2935692606311964 0
 957 0.02195973921618143 0.2915467071298354 0
 958 0.02257468189962251 0.2895362873889374 0
 959 0.02319762494157102 0.2876858381065733 0
 960 0.02360880284901696 0.2858790270301077 0
 961 0.02385035120330879 0.2838200641828844 0
 962 0.02400465079803691 0.2815621389664991 0
 963 0.02411014718905138 0.2791698181975613 0
 964 0.02418935850246515 0.2766696043925636 0
 965 0.02425394702611654 0.274073595519862 0
 966 0.02431008912304453 0.2713883095814745 0
 967 0.02436124256445445 0.268618208449181 0
 968 0.02440944862786349 0.2657670985945856 0
 969 0.02445595832941506 0.2628387199552358 0
 970 0.02450155190692578 0.2598370110641613 0
 971 0.02454671376251144 0.2567662348547081 0
 972 0.02459173479991726 0.2536310373379037 0
 973 0.02463677642242919 0.250436470556426 0
 974 0.02468191180955949 0.2471879929295855 0
 975 0.02472715415940316 0.2438914544950397 0
 976 0.02477247569803919 0.2405530701394958 0
 977 0.02481782145309506 0.2371793836106878 0
 978 0.02486311840453221 0.2337772234650906 0
 979 0.02490828240616382 0.2303536527586462 0
 980 0.02495322278691004 0.2269159134946176 0
 981 0.02499784604555752 0.2234713673062962 0
 982 0.02504205820620238 0.2200274334566285 0
 983 0.02508576680547852 0.2165915255621383 0
 984 0.02512888217172585 0.2131709882144523 0
 985 0.02517131850621867 0.2097730347793939 0
 986 0.02521299444548319 0.2064046874960331 0
 987 0.02525383342542999 0.2030727209893224 0
 988 0.02529376363560203 0.1997836101507162 0
 989 0.02533271768573285 0.1965434832361001 0
 990 0.02537063180939828 0.1933580808632653 0
 991 0.02540744464480365 0.1902327214413432 0
 992 0.0254430954524074 0.1871722733932624 0
 993 0.02547752171356684 0.1841811343726371 0
 994 0.0255106559413317 0.1812632175299726 0
 995 0.02554242152856664 0.1784219447594146 0
 996 0.02557272730151653 0.1756602467838984 0
 997 0.02560146024512231 0.1729805699281783 0
 998 0.02562847544475071 0.1703848895559175 0
 999 0.02565358152747207 0.1678747304935454 0
1000 0.0256765184205767 0.1654511955895313 0
1001 0.02569692131957282 0.1631150054082779 0
1002 0.02571425857951393 0.1608665564562604 0
1003 0.02572771714310139 0.1587060165954716 0
1004 0.02573597412534142 0.1566335083427868 0
1005 0.02573669785082457 0.1546495332447472 0
1006 0.02572534076345642 0.1527561567240696 0
1007 0.025691960711279 0.1509608663776886 0
1008 0.02561333895021994 0.1492918856690203 0
1009 0.02541170772935627 0.1477415243066779 0
1010 0.02512458890167173 0.146234149466093 0
1011 0.02481786522311477 0.1447764205426799 0
1012 0.02451206288489896 0.1433828754872887 0
1013 0.02421498657595803 0.1420552099863779 0
1014 0.02393016769548681 0.1407921834380323 0
1015 0.02365955236983219 0.1395915136843148 0
1016 0.02340460395784768 0.1384502745893572 0
1017 0.02316702418835785 0.1373647218305584 0
1018 0.02294969348096277 0.1363294822937832 0
1019 0.02275861640026638 0.135335381568494 0
1020 0.02260778114168812 0.1343634624552361 0
1021 0.02255336380916094 0.133436544445661 0
1022 0.02252675490542811 0.132582796394356 0
1023 0.02251242186955733 0.1317838304882225 0
1024 0.02250449241442727 0.1310328686603612 0
1025 0.02250030812910725 0.1303259948210742 0
1026 0.02249852100314242 0.1296603388358701 0
1027 0.02249839289549772 0.1290334944711579 0
1028 0.02249950121785862 0.1284433039461758 0
1029 0.02250160027275544 0.127887768313925 0
1030 0.02250454809751143 0.1273650048242592 0
1031 0.02250826218756715 0.1268732222684857 0
1032 0.02251268714786813 0.1264107020616278 0
1033 0.0225177651254096 0.125975778763516 0
1034 0.0225234031956933 0.1255668158037354 0
1035 0.02252943351908295 0.1251821726647481 0
1036 0.02253556330367501 0.1248201591880892 0
1037 0.02254131338531493 0.1244789691877106 0
1038 0.02254595046092527 0.1241565672267174 0
1039 0.01846265970094832 0.3141933860983716 0
1040 0.0184668445851557 0.3133331946879648 0
1041 0.01847888823923545 0.3124248376760287 0
1042 0.01850195046931309 0.3114632255163789 0
1043 0.01854042294429348 0.3104425886709566 0
1044 0.01860131223720766 0.309355011983927 0
1045 0.01869793163553301 0.3081829651079189 0
1046 0.01887322007225762 0.3069572462402383 0
1047 0.01909195676315973 0.3057053220426275 0
1048 0.01933867327600455 0.3044186452006623 0
1049 0.01959604696200796 0.3030960176168622 0
1050 0.01983987724438643 0.3017519895858352 0
1051 0.02001761731749585 0.3003381919389772 0
1052 0.02017086648456563 0.2988031590798134 0
1053 0.02031242802198554 0.2971596939323588 0
1054 0.02046035729935906 0.2954096604814536 0
1055 0.02064243267278004 0.2935424157555175 0
1056 0.02091759476924374 0.2915498192839892 0
1057 0.02142720656988948 0.2895409804254677 0
1058 0.02195744021013538 0.2876429752820538 0
1059 0.02234107453978183 0.2857913536774452 0
1060 0.02260116125058443 0.2837231579228215 0
1061 0.02278375409811804 0.281477787340413 0
1062 0.02291613939042514 0.2790984277875893 0
1063 0.02301835835082825 0.2766079656574331 0
1064 0.02310256886324334 0.2740189460706131 0
1065 0.0231759078691672 0.2713387752131874 0
1066 0.02324263921492848 0.2685725851455503 0
1067 0.02330538545009285 0.2657246216387664 0
1068 0.02336579717365118 0.2627989048722241 0
1069 0.02342492304238333 0.2597995519713076 0
1070 0.02348342377114878 0.2567309398579746 0
1071 0.02354170209911231 0.2535977867787561 0
1072 0.02359998624435462 0.2504051897665233 0
1073 0.02365838463949306 0.2471586341527639 0
1074 0.02371692385832317 0.2438639849733828 0
1075 0.02377557430490393 0.2405274642180666 0
1076 0.02383426893746955 0.2371556176664331 0
1077 0.02389291571844563 0.2337552726579609 0
1078 0.02395140705369347 0.2303334890871544 0
1079 0.02400962605485988 0.2268975046967625 0
1080 0.02406745156785887 0.2234546763767099 0
1081 0.02412476136527248 0.2200124185547403 0
1082 0.02418143483464062 0.2165781402101606 0
1083 0.02423735469888159 0.213159181687833 0
1084 0.02429240846445322 0.2097627526459649 0
1085 0.02434648916267354 0.2063958722613194 0
1086 0.02439949581613816 0.2030653128350453 0
1087 0.02445133334375602 0.1997775477595789 0
1088 0.0245019120641173 0.1965387047129394 0
1089 0.02455114655840333 0.19335452477287 0
1090 0.02459895393907223 0.1902303279996576 0
1091 0.02464525133061107 0.187170985865294 0
1092 0.02468995247854089 0.1841809007520308 0
1093 0.02473296325252241 0.1812639926048806 0
1094 0.02477417579806649 0.1784236927118418 0
1095 0.02481346088011449 0.175662944539379 0
1096 0.02485065768706672 0.172984211588379 0
1097 0.02488555979689172 0.1703894924536113 0
1098 0.0249178949917938 0.1678803437819618 0
1099 0.02494729468578033 0.1654579129766578 0
1100 0.02497324497900808 0.1631229849838449 0
1101 0.02499500369287964 0.1608760531927953 0
1102 0.02501145110166551 0.1587174382967125 0
1103 0.02502080384083318 0.156647515126684 0
1104 0.02502002964994079 0.1546672081402999 0
1105 0.02500358428737108 0.1527791999349506 0
1106 0.02496069931726576 0.1509910069855752 0
1107 0.02487086372597588 0.1493236678588067 0
1108 0.02468461711372223 0.1477686470324157 0
1109 0.02442805089371125 0.1462593262576696 0
1110 0.02414943769735729 0.1448020163880205 0
1111 0.02386803567736553 0.1434079338548891 0
1112 0.02359262475670116 0.1420788459285534 0
1113 0.02332770374047375 0.1408137074069161 0
1114 0.02307600228601538 0.1396102899983505 0
1115 0.02283967699033907 0.1384655979701311 0
1116 0.02262112746240003 0.1373757590894776 0
1117 0.0224239270100808 0.1363354780883063 0
1118 0.02225426498600491 0.1353369226150565 0
1119 0.02212326003955761 0.134367160528703 0
1120 0.02206356726305886 0.133444619781912 0
1121 0.02203098727449201 0.1325900054070288 0
1122 0.02201218090754917 0.1317897409388684 0
1123 0.02200116580482371 0.1310377580408206 0
1124 0.02199492851042126 0.1303301702637316 0
1125 0.02199183075993084 0.1296640348644856 0
1126 0.02199092816329861 0.1290368778923009 0
1127 0.02199165247013609 0.1284464910382896 0
1128 0.02199365024656583 0.1278908373686431 0
1129 0.02199669297889127 0.1273680026690058 0
1130 0.0220006210207629 0.1268761659925121 0
1131 0.02200530346263063 0.126413577452913 0
1132 0.02201060482368548 0.1259785372360033 0
1133 0.02201635386570966 0.1255693723203563 0
1134 0.02202231231887793 0.1251844083451924 0
1135 0.02202814276020326 0.1248219337446447 0
1136 0.02203337550572091 0.124480150177517 0
1137 0.02203737581870812 0.1241570889289648 0
1138 0.01749818754274191 0.3141922649018041 0
1139 0.01750720977104977 0.3133306231762242 0
1140 0.0175250482396807 0.3124210230696592 0
1141 0.01755395585023152 0.3114588157514509 0
1142 0.01759748154962757 0.3104389347685272 0
1143 0.01766117972307497 0.3093550458863012 0
1144 0.01775466682181601 0.3081947938808825 0
1145 0.01790747937848415 0.3069797941062145 0
1146 0.01809659324643614 0.3057286559449732 0
1147 0.01831145791210733 0.3044371188655906 0
1148 0.0185391695736965 0.303104581980099 0
1149 0.01876172569456368 0.3017399831233883 0
1150 0.01893872999154636 0.3003079553422999 0
1151 0.01909983675264247 0.2987683020211271 0
1152 0.01925413025500029 0.2971262002996548 0
1153 0.01941626201872223 0.2953808495931838 0
1154 0.01960913633327751 0.2935245444247537 0
1155 0.01987522102201548 0.2915599501585835 0
1156 0.02030833298381424 0.289558679796789 0
1157 0.02076690935193935 0.2876232283722915 0
1158 0.02112175527609979 0.2857271684433977 0
1159 0.0213856997581936 0.2836408463617543 0
1160 0.02158416038680381 0.2813987798500552 0
1161 0.0217351246512236 0.2790274991542761 0
1162 0.02185475590129074 0.276544625771844 0
1163 0.02195440228917367 0.2739616805861774 0
1164 0.02204143746850068 0.2712862422056803 0
1165 0.0221205778467272 0.2685238094645507 0
1166 0.02219485888415515 0.2656789417222968 0
1167 0.02226625042065987 0.2627558865932865 0
1168 0.02233603159059244 0.2597589171397944 0
1169 0.02240502267429809 0.2566925144477092 0
1170 0.02247373251084791 0.2535614647323892 0
1171 0.02254245634918444 0.2503709082099184 0
1172 0.02261134131970617 0.2471263563448514 0
1173 0.02268043257847246 0.2438336887971118 0
1174 0.02274970476928837 0.2404991343734648 0
1175 0.02281908518905375 0.2371292405658872 0
1176 0.02288846916584925 0.2337308330721603 0
1177 0.02295773180567897 0.2303109680824363 0
1178 0.02302673574623185 0.2268768784133388 0
1179 0.02309533742371571 0.2234359154378949 0
1180 0.02316339101709956 0.2199954878809902 0
1181 0.02323075179162187 0.2165629991441383 0
1182 0.02329727822288714 0.2131457843330896 0
1183 0.02336283379470517 0.2097510483782686 0
1184 0.02342728790720781 0.2063858063704094 0
1185 0.02349051644290276 0.2030568272858584 0
1186 0.02355240162108597 0.199770582067832 0
1187 0.02361283133545176 0.1965331969481553 0
1188 0.02367169766644984 0.193350412713268 0
1189 0.02372889461546605 0.1902275504815495 0
1190 0.02378431480783482 0.1871694843883518 0
1191 0.02383784504662589 0.1841806214259849 0
1192 0.02388936041325056 0.1812648885558188 0
1193 0.02393871659535782 0.1784257271120895 0
1194 0.02398573986192892 0.1756660944978823 0
1195 0.02403021376602685 0.1729884732566407 0
1196 0.02407186096285094 0.1703948879066347 0
1197 0.02411031730776222 0.1678869305868906 0
1198 0.02414509313682985 0.1654657979840486 0
1199 0.02417551236780799 0.1631323449532855 0
1200 0.02420061177919277 0.1608871666322766 0
1201 0.02421896613797639 0.1587307351774945 0
1202 0.02422837075459273 0.1566636505050878 0
1203 0.02422524602421123 0.1546871402412802 0
1204 0.0242035249207046 0.1528040916767743 0
1205 0.02415280400309513 0.151021029269807 0
1206 0.024056746277987 0.1493521249273291 0
1207 0.02388521779685476 0.1477898451178936 0
1208 0.02365651554181308 0.1462769288340531 0
1209 0.0234056585598258 0.1448191598180931 0
1210 0.02314957614193606 0.1434243358978918 0
1211 0.0228972668511825 0.1420938343353894 0
1212 0.02265387736202172 0.1408266401975116 0
1213 0.02242278215661915 0.1396205573341771 0
1214 0.02220672424111309 0.1384725917890873 0
1215 0.02200860465242926 0.1373789448528988 0
1216 0.02183222590826782 0.1363347874611377 0
1217 0.02168305015211971 0.1353339389252753 0
1218 0.02156868846787129 0.1343679752699277 0
1219 0.02150684818668192 0.1334505289783671 0
1220 0.02146980321038548 0.1325962741592251 0
1221 0.02144696778642389 0.1317953959642209 0
1222 0.02143281499662369 0.1310427169501406 0
1223 0.02142425790204549 0.1303345586554233 0
1224 0.02141949138832211 0.1296679988170352 0
1225 0.0214174151657212 0.1290405381015609 0
1226 0.02141733289845164 0.1284499355609316 0
1227 0.02141878653818052 0.1278941230422239 0
1228 0.02142145882171195 0.127371157070822 0
1229 0.02142511117411013 0.1268791883365931 0
1230 0.02142954055150025 0.1264164389344472 0
1231 0.02143454683825175 0.1259811822000212 0
1232 0.02143990659351039 0.1255717221149114 0
1233 0.02144535103850391 0.1251863699536201 0
1234 0.02145054684078455 0.1248234152903421 0
1235 0.02145507773537617 0.124481085704376 0
1236 0.02145842459084973 0.1241574788645365 0
1237 0.0166458193220351 0.3141916101179087 0
1238 0.01665751415912963 0.3133292568135033 0
1239 0.01667838034853918 0.312419240543117 0
1240 0.01670998910259297 0.3114572592773996 0
1241 0.01675516466406927 0.3104388102417714 0
1242 0.01681829916199508 0.3093587024346633 0
1243 0.01690651936717135 0.3082080130606423 0
1244 0.01704192341343482 0.3070019626902589 0
1245 0.01720815968394766 0.3057526469359804 0
1246 0.01739784072173281 0.3044580775482671 0
1247 0.01760141328196059 0.3031177458658882 0
1248 0.01780537880674696 0.3017368794529164 0
1249 0.01797707663244258 0.3002894415684642 0
1250 0.01813906164587734 0.2987440820225651 0
1251 0.01829805805558177 0.2971016697411202 0
1252 0.01846577553638266 0.2953599481840065 0
1253 0.01866057903082011 0.2935133423272777 0
1254 0.01891325169633268 0.2915711576030313 0
1255 0.01929086507614737 0.2895780239388113 0
1256 0.01969460990070555 0.2876150819947568 0
1257 0.02002204198422048 0.2856814677036815 0
1258 0.02028068612667936 0.2835755557883882 0
1259 0.02048448083360858 0.2813311783518693 0
1260 0.02064497642228572 0.2789636129701857 0
1261 0.02077469359896679 0.2764856657675477 0
1262 0.02088363859452588 0.2739072412513984 0
1263 0.02097893692803954 0.2712355966502261 0
1264 0.02106544644418799 0.2684763141280259 0
1265 0.02114643438159563 0.2656341180119712 0
1266 0.02122408739976148 0.2627134061361194 0
1267 0.02129985824351373 0.2597185666200909 0
1268 0.02137469648467692 0.2566541626023133 0
1269 0.02144920270368551 0.2535250361146245 0
1270 0.02152373463833849 0.2503363639007197 0
1271 0.02159847970236593 0.2470936799661577 0
1272 0.02167350710343938 0.2438028767498936 0
1273 0.02174880358582981 0.2404701889845027 0
1274 0.0218243000892703 0.2371021654895323 0
1275 0.02189988936206612 0.2337056301489234 0
1276 0.02197543956280383 0.2302876353254609 0
1277 0.02205080315491739 0.2268554087288789 0
1278 0.02212582417418596 0.2234162959225904 0
1279 0.02220034272889363 0.2199776994918303 0
1280 0.02227419886194992 0.2165470166710989 0
1281 0.02234723496741099 0.2131315765880122 0
1282 0.02241929785917587 0.2097385785698035 0
1283 0.0224902397842874 0.2063750326286516 0
1284 0.02255991904753392 0.2030477033317055 0
1285 0.02262819978670895 0.1997630580261323 0
1286 0.02269495112641125 0.1965272203220357 0
1287 0.02276004532701257 0.1933459295483309 0
1288 0.02282335497255378 0.1902245067675308 0
1289 0.02288474888057029 0.1871678277653456 0
1290 0.0229440865777315 0.1841803032872601 0
1291 0.02300121096699279 0.1812658666720759 0
1292 0.02305593879738487 0.1784279689461361 0
1293 0.02310804824942526 0.1756695814461214 0
1294 0.02315726256673926 0.172993206157135 0
1295 0.02320322789075981 0.1704008943224421 0
1296 0.02324548211874519 0.1678942746403456 0
1297 0.02328340921364268 0.1654745939260517 0
1298 0.02331616910538187 0.1631427761778367 0
1299 0.02334258560415564 0.1608995121487659 0
1300 0.02336096089228496 0.1587454038558624 0
1301 0.02336876192637904 0.1566812122514791 0
1302 0.02336209416670481 0.1547082943735353 0
1303 0.02333488552329405 0.1528293356472469 0
1304 0.02327795964177999 0.1510493029526632 0
1305 0.02317931646073831 0.1493767587328687 0
1306 0.02302136169548001 0.1478060764315799 0
1307 0.02281718870685664 0.1462884399619786 0
1308 0.0225922999238973 0.1448292346935007 0
1309 0.02236100023023611 0.1434332596784015 0
1310 0.02213193705633278 0.1421012278421696 0
1311 0.02191055400711161 0.1408320069921865 0
1312 0.02170065140533391 0.1396234114943109 0
1313 0.02150535560984231 0.1384725267040745 0
1314 0.02132777643268383 0.1373758025651431 0
1315 0.02117148042336178 0.1363290848592731 0
1316 0.02104068687833152 0.135327711673082 0
1317 0.02093990421811341 0.1343662389969639 0
1318 0.02087812645421558 0.1334539969419643 0
1319 0.02083808123510435 0.1326010408799429 0
1320 0.0208118089145331 0.1318002483536711 0
1321 0.02079456659188686 0.1310472937576306 0
1322 0.0207834373536305 0.1303387993269235 0
1323 0.02077658720687786 0.1296719373121632 0
1324 0.0207728320596361 0.1290442268552941 0
1325 0.02077138411797315 0.1284534182602156 0
1326 0.02077169993921699 0.1278974252364111 0
1327 0.02077338593471841 0.1273742832492853 0
1328 0.02077613690226105 0.1268821216710412 0
1329 0.02077969420545174 0.1264191428266933 0
1330 0.02078381624218761 0.1259836039020525 0
1331 0.02078825702233708 0.1255737990157897 0
1332 0.02079275013358956 0.1251880390609278 0
1333 0.02079699567402468 0.124824626287859 0
1334 0.0208006472501007 0.1244818184220881 0
1335 0.02080329584612043 0.1241577695458085 0
1336 0.01594538538717401 0.3141912534470718 0
1337 0.01595793422586726 0.3133286358760864 0
1338 0.01597948875340534 0.312418653718026 0
1339 0.01601125072724662 0.3114572357697418 0
1340 0.01605557153402082 0.3104402679843832 0
1341 0.01611605255696156 0.3093633195155763 0
1342 0.0161982017141799 0.3082197178216397 0
1343 0.01631966377379719 0.3070203691638431 0
1344 0.01646801261334162 0.3057728814154497 0
1345 0.01663779417565605 0.3044765009278267 0
1346 0.01682169590773058 0.3031306030667942 0
1347 0.01700932765765748 0.3017378992749988 0
1348 0.01717337785508637 0.3002787551011715 0
1349 0.01733177822199026 0.2987282501421236 0
1350 0.01748975511299949 0.2970848361739381 0
1351 0.01765683228892738 0.2953455728053999 0
1352 0.01784787257273485 0.2935063530569207 0
1353 0.0180858330951347 0.2915804043578286 0
1354 0.01842194081869757 0.2895938845132457 0
1355 0.01878305123104074 0.2876116186667595 0
1356 0.01908547300000303 0.2856489935746115 0
1357 0.01933376936471719 0.2835258927392921 0
1358 0.01953532463615023 0.2812768621276858 0
1359 0.01969761805800757 0.2789101118929778 0
1360 0.01983037267639499 0.2764348240623168 0
1361 0.0199422670525287 0.2738593321564891 0
1362 0.02003997607198979 0.2711903727548599 0
1363 0.02012830544286169 0.2684334353486021 0
1364 0.02021061498152985 0.2655932932619448 0
1365 0.02028921718600962 0.2626744240764058 0
1366 0.02036568181063526 0.2596812890057321 0
1367 0.02044105428028634 0.2566185083859696 0
1368 0.02051600892517024 0.253490965426825 0
1369 0.02059095839030163 0.2503038649754635 0
1370 0.02066612982965435 0.2470627589359614 0
1371 0.0207416207894585 0.2437735502141378 0
1372 0.02081743767680807 0.2404424785464988 0
1373 0.02089352487274986 0.2370760939681168 0
1374 0.02096978380462619 0.2336812188527773 0
1375 0.02104608787119606 0.2302649022109591 0
1376 0.02112229205732591 0.2268343671250811 0
1377 0.02119824089719695 0.223396953731211 0
1378 0.02127377327532244 0.2199600586935815 0
1379 0.02134872661125187 0.2165310730991343 0
1380 0.02142293939893557 0.2131173198998385 0
1381 0.02149625340921846 0.2097259924026423 0
1382 0.02156851469156644 0.2063640949120388 0
1383 0.02163957416344076 0.2030383867609485 0
1384 0.02170928722975534 0.1997553307020278 0
1385 0.02177751269355896 0.1965210465796928 0
1386 0.02184411049707535 0.1933412710083919 0
1387 0.02190893833170655 0.1902213236614931 0
1388 0.02197184673416707 0.187166080605553 0
1389 0.02203267247481532 0.1841799549758061 0
1390 0.02209122979846038 0.1812668851726393 0
1391 0.02214729907318523 0.1784303306799347 0
1392 0.02220061208533656 0.1756732756252732 0
1393 0.02225083282791226 0.1729982403397123 0
1394 0.02229753184166926 0.1704073015736987 0
1395 0.02234015085013505 0.1679021228038697 0
1396 0.02237795217859731 0.1654839975900966 0
1397 0.02240994369922367 0.1631539117068996 0
1398 0.02243476406440928 0.1609126347522807 0
1399 0.02245050426708614 0.1587608601945988 0
1400 0.02245443259253451 0.1566994237734543 0
1401 0.02244259612749649 0.1547296319797609 0
1402 0.02240935132597795 0.1528536716112953 0
1403 0.02234717982940393 0.1510748231858744 0
1404 0.02224785691335462 0.1493975172724378 0
1405 0.02210167516150051 0.1478182461887622 0
1406 0.02191825841632069 0.1462952736473698 0
1407 0.0217164468702858 0.1448337631428859 0
1408 0.02150808126005784 0.1434361444958524 0
1409 0.02130111333741024 0.142102387852153 0
1410 0.02110096610445271 0.1408311551304614 0
1411 0.02091160933537879 0.139620260967895 0
1412 0.0207362990409569 0.138466932069545 0
1413 0.02057805187800507 0.1373679666095021 0
1414 0.02043987451193711 0.1363199035619076 0
1415 0.02032465542265452 0.1353192430897603 0
1416 0.02023464723713576 0.1343623259914207 0
1417 0.02017408766707058 0.1334550212983943 0
1418 0.02013210094749973 0.1326039679790187 0
1419 0.02010288190693302 0.1318038561853248 0
1420 0.02008256676668821 0.1310510581046642 0
1421 0.0200685651883533 0.1303425095688793 0
1422 0.02005913273893813 0.1296755178336871 0
1423 0.02005307812213776 0.1290476544718176 0
1424 0.02004957020269902 0.1284566846172609 0
1425 0.02004801210611122 0.1279005200014458 0
1426 0.02004795841994878 0.1273771871587975 0
1427 0.02004905989669043 0.1268848047012172 0
1428 0.02005102595774 0.1264215655391966 0
1429 0.02005359896208956 0.1259857211742151 0
1430 0.02005653628004701 0.1255755657649256 0
1431 0.0200595972463774 0.1251894176813203 0
1432 0.0200625324244681 0.1248255956840806 0
1433 0.02006507258038933 0.1244823852427845 0
1434 0.02006691491427868 0.1241579851174959 0
1435 0.01540332726576679 0.3141910726666082 0
1436 0.01541545997366964 0.3133284147266128 0
1437 0.01543614328606625 0.3124186428838399 0
1438 0.01546645212614649 0.3114578285791265 0
1439 0.0155084752616642 0.3104421067569649 0
1440 0.01556532675014409 0.3093675240285003 0
1441 0.01564150347722967 0.3082288532308095 0
1442 0.01575159077482354 0.3070341879664941 0
1443 0.01588579635684781 0.3057881740618591 0
1444 0.01603981389245241 0.3044907311316518 0
1445 0.01620771417555594 0.3031410740148333 0
1446 0.01638111937890599 0.3017402230745872 0
1447 0.01653683596665276 0.3002727631824573 0
1448 0.01668935756657888 0.2987182105289469 0
1449 0.01684298554333302 0.2970736733255269 0
1450 0.01700574730925875 0.2953359348771627 0
1451 0.01719005940143499 0.2935018565766354 0
1452 0.01741380790127746 0.2915869077387389 0
1453 0.01771783372489229 0.2896050952737623 0
1454 0.01804506951986605 0.2876096151068876 0
1455 0.01832523196215403 0.285625754454585 0
1456 0.01856093314033373 0.2834890739870976 0
1457 0.01875554063189561 0.2812350250834695 0
1458 0.01891409563605076 0.2788675557678182 0
1459 0.01904437550398238 0.2763933725963419 0
1460 0.01915397211750271 0.2738195439113442 0
1461 0.01924909132692878 0.2711522834939167 0
1462 0.01933439997230565 0.268396916728352 0
1463 0.01941326542182532 0.2655581989400088 0
1464 0.01948806027238395 0.2626406387936728 0
1465 0.01956042516467206 0.2596487381731664 0
1466 0.01963147104407241 0.2565871538543157 0
1467 0.01970192752304913 0.2534607973695027 0
1468 0.01977225236792745 0.2502748940262896 0
1469 0.01984270905932912 0.2470350094235657 0
1470 0.0199134247230404 0.2437470549518702 0
1471 0.01998443013781401 0.240417274796348 0
1472 0.02005569039505397 0.23705222051511 0
1473 0.02012712482452243 0.2336587137797528 0
1474 0.02019862274957085 0.2302438012933897 0
1475 0.02027005348050324 0.2268147026219231 0
1476 0.02034127466680585 0.2233787535242387 0
1477 0.02041213717938673 0.2199433456541091 0
1478 0.0204824894037023 0.2165158646647262 0
1479 0.0205521797299877 0.2131036278154912 0
1480 0.02062105871740568 0.2097138226239653 0
1481 0.02068897994229451 0.2063534476577889 0
1482 0.02075580041384455 0.2030292567265647 0
1483 0.02082137992097256 0.1997477074474708 0
1484 0.02088557959306306 0.1965149151198663 0
1485 0.0209482591485441 0.1933366126442263 0
1486 0.02100927285815431 0.1902181171063443 0
1487 0.02106846378217556 0.1871643034787351 0
1488 0.02112565605155892 0.1841795857555492 0
1489 0.02118064470160416 0.1812679057245101 0
1490 0.02123318257907118 0.1784327295020905 0
1491 0.02128296353282672 0.1756770519802095 0
1492 0.02132960073972572 0.1730034094662344 0
1493 0.0213725982954717 0.1704139011793776 0
1494 0.02141131304736097 0.167910220970395 0
1495 0.02144490180970065 0.1654937019270146 0
1496 0.02147224639514561 0.1631653786132684 0
1497 0.02149184548308005 0.160926074783141 0
1498 0.02150165972560131 0.1587765276619294 0
1499 0.02149890096896261 0.1567175586638049 0
1500 0.02147978720316462 0.1547502777323164 0
1501 0.02143938739038041 0.1528762219081226 0
1502 0.02137191463560122 0.1510971454501964 0
1503 0.02127211695838924 0.149414652804481 0
1504 0.02113517611766349 0.1478271649992645 0
1505 0.02096836959518362 0.1462986617653226 0
1506 0.02078591132778659 0.1448342039178735 0
1507 0.02059752789075027 0.1434344877210184 0
1508 0.02041031436123125 0.1420988039495162 0
1509 0.02022942251118754 0.1408255861508851 0
1510 0.02005874424478086 0.1396126512276025 0
1511 0.01990142062858219 0.1384573980356579 0
1512 0.01976014211874063 0.137356985867038 0
1513 0.01963722213993815 0.1363085347131513 0
1514 0.01953441225797173 0.1353093146926213 0
1515 0.0194525435075027 0.134356649590797 0
1516 0.01939337030923584 0.1334538055767165 0
1517 0.01934988443375991 0.1326049500040321 0
1518 0.01931789320730484 0.1318059435040319 0
1519 0.01929434762577497 0.1310536729159962 0
1520 0.01927704691887007 0.130345348639372 0
1521 0.0192644145293588 0.1296784205862331 0
1522 0.01925531664029046 0.129050531037105 0
1523 0.01924892754194081 0.1284594776923414 0
1524 0.01924463411646226 0.1279031852837639 0
1525 0.01924196937507694 0.1273796840270543 0
1526 0.01924056659014798 0.1268870927484486 0
1527 0.0192401277777513 0.126423604627665 0
1528 0.01924040206415378 0.1259874737021614 0
1529 0.01924117067270492 0.1255770003412002 0
1530 0.01924223601667991 0.1251905137256842 0
1531 0.01924341281082595 0.1248263488397966 0
1532 0.01924451935835426 0.1244828142082464 0
1533 0.01924536753308102 0.1241581426294471 0
1534 0.0150029299705867 0.3141909921196778 0
1535 0.01501391644718465 0.3133283844642219 0
1536 0.01503292675687319 0.3124188521592787 0
1537 0.01506103312450141 0.311458554288142 0
1538 0.0151001879211413 0.310443781616039 0
1539 0.0151532209022401 0.309370871333514 0
1540 0.01522407703221066 0.3082354837833177 0
1541 0.01532487769345679 0.3070439477564316 0
1542 0.01544791094577779 0.305799017461217 0
1543 0.01558950208576673 0.3045009506508087 0
1544 0.01574453142506562 0.303148818593296 0
1545 0.01590577894947191 0.3017425566523294 0
1546 0.01605355919431505 0.3002694294635374 0
1547 0.01619945991348293 0.2987119001982367 0
1548 0.01634727935331716 0.2970663668429394 0
1549 0.0165040606445158 0.2953295276290116 0
1550 0.01668059696347013 0.2934988615720167 0
1551 0.01689159836588927 0.2915910378987118 0
1552 0.01717033521806303 0.2896123137020831 0
1553 0.01747032716136129 0.2876079478911929 0
1554 0.01773112562851397 0.2856090353001991 0
1555 0.0179538260911834 0.2834622174140421 0
1556 0.01813910156282852 0.2812036795510415 0
1557 0.01829061067017962 0.2788348709898563 0
1558 0.01841483879188953 0.2763608814208238 0
1559 0.018518562500709 0.2737878479025342 0
1560 0.01860758044350896 0.2711215443908441 0
1561 0.0186863992218944 0.2683671256360918 0
1562 0.01875835024073173 0.2655293009226392 0
1563 0.01882582388333293 0.2626125829036862 0
1564 0.01889049738903779 0.2596214934033406 0
1565 0.01895352166213989 0.2565607111915735 0
1566 0.01901566367058053 0.2534351667193903 0
1567 0.01907741449018055 0.2502500999915061 0
1568 0.01913906700559385 0.2470110871618057 0
1569 0.01920077479723667 0.2437240467425916 0
1570 0.01926259297643098 0.2403952272321954 0
1571 0.0193245097505766 0.2370311823487604 0
1572 0.01938646685032196 0.2336387341973265 0
1573 0.01944837576304907 0.2302249285756164 0
1574 0.01951012790980622 0.2267969830560495 0
1575 0.01957160316067557 0.2233622305390713 0
1576 0.01963267467050241 0.2199280591050365 0
1577 0.01969321311583506 0.2165018502616955 0
1578 0.01975308901232578 0.2130909166707756 0
1579 0.01981217468899591 0.2097024409250761 0
1580 0.01987034485786267 0.2063434164662976 0
1581 0.0199274767148444 0.2030205919204429 0
1582 0.01998344888783223 0.1997404198277284 0
1583 0.02003813952014814 0.1965090107141467 0
1584 0.02009142291878416 0.1933320932493321 0
1585 0.02014316477611232 0.19021498112563 0
1586 0.02019321548076784 0.1871625471248477 0
1587 0.02024140125726709 0.1841792047048493 0
1588 0.0202875126118349 0.1812688973248091 0
1589 0.02033128959839126 0.1784350956454657 0
1590 0.02037240314263737 0.1756808027514541 0
1591 0.02041043137924362 0.1730085676465855 0
1592 0.02044482938073187 0.1704205075872572 0
1593 0.02047488980368662 0.1679183403595014 0
1594 0.02049969077602944 0.1655034285116161 0
1595 0.02051802599501672 0.1631768387099335 0
1596 0.02052831143305112 0.1609394203300356 0
1597 0.02052846602635909 0.1587919060073255 0
1598 0.02051577766963311 0.1567350270868327 0
1599 0.02048680642013817 0.1547696044329433 0
1600 0.02043746619818463 0.1528965003917807 0
1601 0.02036355533546264 0.1511162337496285 0
1602 0.02026202352437481 0.1494285857963101 0
1603 0.02013109330322229 0.1478335392826044 0
1604 0.01997641012212418 0.14629962170705 0
1605 0.01980895702437929 0.1448318367306047 0
1606 0.01963672603820026 0.1434296900160405 0
1607 0.0194659147859903 0.1420919291544906 0
1608 0.0193012296325635 0.1408167854837191 0
1609 0.0191462838636747 0.1396020860111182 0
1610 0.01900391593550409 0.1384453986462606 0
1611 0.01887636120483445 0.1373441917283435 0
1612 0.01876526067333482 0.1362960015273578 0
1613 0.01867152523772546 0.1352985445509057 0
1614 0.01859518685085681 0.1343496425642009 0
1615 0.01853673076121192 0.1334506865085335 0
1616 0.01849150977354008 0.1326040800917448 0
1617 0.01845647462762083 0.1318064193786206 0
1618 0.01842925288945388 0.1310549429119675 0
1619 0.01840802596046751 0.1303470751008217 0
1620 0.01839142059932652 0.1296803936147742 0
1621 0.01837840382887937 0.1290526146986831 0
1622 0.01836819527651835 0.1284615778874307 0
1623 0.01836019972622076 0.1279052313870531 0
1624 0.01835395746957129 0.1273816190398042 0
1625 0.01834910875257488 0.1268888686562891 0
1626 0.01834536884151168 0.1264251809112273 0
1627 0.01834251086586463 0.125988817714439 0
1628 0.01834035424702905 0.1255780887578772 0
1629 0.01833875709078091 0.1251913346507064 0
1630 0.01833761139515542 0.1248269045259464 0
1631 0.01833684037622032 0.1244831249177695 0
1632 0.01833639785772316 0.124158253627248 0
1633 0.01460249532799737 0.3141909621859429 0
1634 0.01461208334955706 0.3133284637669222 0
1635 0.01462905866276449 0.3124192284479336 0
1636 0.01465455195848047 0.3114594899245988 0
1637 0.01469042530461612 0.3104456714482954 0
1638 0.01473928278428641 0.3093743496991163 0
1639 0.01480466190721919 0.3082418636582985 0
1640 0.01489619555888925 0.3070530829679513 0
1641 0.01500824037465037 0.3058091795235257 0
1642 0.01513763142711099 0.3045105876904463 0
1643 0.01527990961658172 0.3031562308479989 0
1644 0.01542875264705029 0.3017451988091596 0
1645 0.01556810910987087 0.3002669836869694 0
1646 0.01570660540652098 0.2987065932128632 0
1647 0.01584762653912901 0.297059986514931 0
1648 0.01599734273383065 0.2953238475445572 0
1649 0.0161651165022367 0.2934961509167342 0
1650 0.01636302388821402 0.2915942398793347 0
1651 0.01661727799092721 0.2896179890952034 0
1652 0.01689059179378306 0.2876058104919592 0
1653 0.01713174925775207 0.2855931461035215 0
1654 0.0173404431404488 0.2834367362744233 0
1655 0.01751495731773515 0.2811734222834009 0
1656 0.01765787956435237 0.2788027869907767 0
1657 0.01777457505962346 0.2763285495751504 0
1658 0.01787104613003786 0.2737559794532092 0
1659 0.0179526650388818 0.2710904001719676 0
1660 0.01802374431352414 0.2683367688361259 0
1661 0.01808754887372426 0.265499725214275 0
1662 0.018146463869406 0.2625837695078741 0
1663 0.01820218696586896 0.2595934329349388 0
1664 0.01825589801026001 0.2565334096801273 0
1665 0.01830839404982222 0.2534086451427922 0
1666 0.01836019477689745 0.2502243916247183 0
1667 0.01841161973124632 0.2469862344818201 0
1668 0.01846284756514959 0.2437000986077265 0
1669 0.01851395746471481 0.2403722364953439 0
1670 0.0185649613041507 0.2370092039245247 0
1671 0.01861582450733869 0.2336178234880606 0
1672 0.01866648258875355 0.230205140192385 0
1673 0.01871685149076791 0.2267783697582461 0
1674 0.01876683614906147 0.2233448423490766 0
1675 0.01881633527577129 0.2199119425590901 0
1676 0.01886524546744644 0.216487047781277 0
1677 0.01891346333146442 0.2130774660457555 0
1678 0.01896088721027851 0.2096903749110805 0
1679 0.01900741745031491 0.2063327625046984 0
1680 0.01905295614214496 0.2030113719973593 0
1681 0.01909740564499618 0.1997326504952665 0
1682 0.01914066616126721 0.1965027033053001 0
1683 0.01918263177459678 0.1933272543274643 0
1684 0.01922318492935432 0.1902116132202576 0
1685 0.01926218884433925 0.1871606498168146 0
1686 0.01929947757578362 0.1841787761337607 0
1687 0.01933484320464831 0.1812699361958857 0
1688 0.01936801969027113 0.1784376038039117 0
1689 0.01939866272554853 0.1756847883552684 0
1690 0.01942632476576446 0.1730140488742628 0
1691 0.01945042405189218 0.1704275166045675 0
1692 0.01947020601439449 0.1679269268132049 0
1693 0.0194846950328246 0.1655136608523681 0
1694 0.0194926346513467 0.1631887996387367 0
1695 0.01949241640297813 0.1609531886381153 0
1696 0.01948200444189967 0.1588075096643021 0
1697 0.01945888128779425 0.1567523412233837 0
1698 0.01942007731870884 0.1547881592996301 0
1699 0.01936240372840386 0.1529151858450858 0
1700 0.01928304442270499 0.1511329908896945 0
1701 0.01918055349398192 0.1494402327751001 0
1702 0.01905503408383742 0.1478381149097463 0
1703 0.0189109220461899 0.1462989048134716 0
1704 0.01875681287504892 0.1448275293377156 0
1705 0.01859924284989051 0.1434226961425459 0
1706 0.01844351143062123 0.1420827452328052 0
1707 0.01829376634645537 0.1408057464500955 0
1708 0.01815320497988178 0.1395895404223533 0
1709 0.01802425349575695 0.1384318356423437 0
1710 0.01790866171527314 0.1373303271208445 0
1711 0.01780750765279651 0.1362828079539714 0
1712 0.01772114748612409 0.1352872127561507 0
1713 0.0176492205847038 0.1343415826384612 0
1714 0.01759159358531957 0.1334459780516548 0
1715 0.01754510928216633 0.1326015429732526 0
1716 0.01750752944561233 0.1318053325729879 0
1717 0.01747702147082932 0.1310548168951298 0
1718 0.01745211200520005 0.1303475770343727 0
1719 0.01743163960744843 0.1296812953432818 0
1720 0.01741469788343127 0.1290537563126813 0
1721 0.01740058188634575 0.1284628435636698 0
1722 0.01738874338946449 0.1279065341515349 0
1723 0.01737875602761571 0.1273828916170205 0
1724 0.01737028932316836 0.1268900582865306 0
1725 0.01736309003416762 0.1264262466556688 0
1726 0.01735696930165989 0.1259897292603505 0
1727 0.01735179435915016 0.1255788261128621 0
1728 0.01734748394730803 0.1251918884202659 0
1729 0.01734400698899326 0.1248272767530343 0
1730 0.01734138459520593 0.1244833308493042 0
1731 0.0173396962780316 0.1241583257523098 0
1732 0.01419024567674827 0.3141909808250737 0
1733 0.01419818298224287 0.3133286494884561 0
1734 0.01421277458958143 0.3124197692698821 0
1735 0.01423525227497092 0.3114606380435721 0
1736 0.01426742200309348 0.3104477922578136 0
1737 0.0143116969779504 0.3093780042902652 0
1738 0.01437125388011747 0.3082481076186498 0
1739 0.01445350599234992 0.3070617636010652 0
1740 0.01455458815434081 0.3058188325455911 0
1741 0.01467181140557333 0.3045197803472355 0
1742 0.01480129429914425 0.3031633786086572 0
1743 0.01493750039343963 0.3017480914190996 0
1744 0.01506772300658636 0.3002652586192959 0
1745 0.01519797613286923 0.2987020822940581 0
1746 0.01533121050297633 0.2970543200799374 0
1747 0.01547278602791331 0.2953186974336848 0
1748 0.01563075587615066 0.2934935729138387 0
1749 0.01581492316540674 0.2915964823836069 0
1750 0.01604528790516354 0.2896220906858116 0
1751 0.01629234176965579 0.2876029270742121 0
1752 0.01651334647285027 0.2855775236867424 0
1753 0.01670686347006264 0.2834119501747157 0
1754 0.01686923256499435 0.2811435857166499 0
1755 0.01700213269412479 0.278770676750721 0
1756 0.01710993559501931 0.2762957845708904 0
1757 0.0171979018455817 0.2737233717494829 0
1758 0.01727095948245232 0.2710583052717087 0
1759 0.01733319529770409 0.2683053210158941 0
1760 0.01738777849261858 0.2654689673657882 0
1761 0.01743706653345682 0.2625537161739593 0
1762 0.01748276154120626 0.2595640975520147 0
1763 0.01752606134550404 0.2565048143928346 0
1764 0.01756778577475565 0.2533808228681921 0
1765 0.01760847840224235 0.2501973849671075 0
1766 0.01764848258230013 0.2469600936715381 0
1767 0.01768800054048597 0.2436748793062978 0
1768 0.01772713509873789 0.2403479978284569 0
1769 0.01776592212456086 0.2369860067833182 0
1770 0.01780435172243098 0.2335957291103751 0
1771 0.0178423849294415 0.2301842089555889 0
1772 0.01787996416465049 0.2267586601535601 0
1773 0.01791702174898491 0.2233264100891508 0
1774 0.01795348461452752 0.2198948398058229 0
1775 0.01798927822660241 0.21647132247541 0
1776 0.01802432849756826 0.2130631613396885 0
1777 0.01805856321858294 0.2096775287065754 0
1778 0.01809191201137901 0.2063214071086678 0
1779 0.01812430568296229 0.2030015339109124 0
1780 0.01815567431916134 0.1997243503591248 0
1781 0.01818594434860734 0.1964959560298131 0
1782 0.0182150339932507 0.1933220694434753 0
1783 0.01824284705158001 0.1902079954940424 0
1784 0.01826926450152099 0.1871586001787805 0
1785 0.01829413362818243 0.1841782929723291 0
1786 0.01831725417883401 0.1812710170587565 0
1787 0.01833836115785756 0.1784402475172623 0
1788 0.01835710376599872 0.1756889974952855 0
1789 0.01837301998639104 0.1730198323659198 0
1790 0.01838550625421766 0.1704348919049036 0
1791 0.01839378169980295 0.1679359205242776 0
1792 0.01839684686871943 0.1655243054547613 0
1793 0.01839343826978034 0.1632011219401083 0
1794 0.01838198401494495 0.1609671819972935 0
1795 0.01836057462155646 0.1588230770306035 0
1796 0.01832697999782692 0.156769191856705 0
1797 0.01827876935651613 0.1548056479515815 0
1798 0.01821361340622057 0.1529321197422157 0
1799 0.01812982588806411 0.1511475115551142 0
1800 0.01802707036421433 0.1494498569854488 0
1801 0.01790653397927508 0.1478412277818822 0
1802 0.01777174181731008 0.1462969997892379 0
1803 0.01762949896589332 0.1448219692928152 0
1804 0.01748512246829446 0.1434143454479687 0
1805 0.01734305164579435 0.1420721903956959 0
1806 0.01720682034486164 0.1407934576843878 0
1807 0.01707913689698531 0.1395759977842865 0
1808 0.01696197669229281 0.1384176148356518 0
1809 0.0168566416118635 0.1373161406192597 0
1810 0.01676378561472437 0.1362694945480445 0
1811 0.01668343556407867 0.1352756844701881 0
1812 0.01661507696277299 0.134332821200767 0
1813 0.01655830587136595 0.1334400442391254 0
1814 0.01651091977132624 0.1325976016891338 0
1815 0.01647125371257289 0.1318028310017827 0
1816 0.01643789248766961 0.131053347775429 0
1817 0.01640965673915686 0.1303468409599316 0
1818 0.0163855856198802 0.1296810723289737 0
1819 0.0163649080308688 0.1290538834882727 0
1820 0.0163470114859934 0.12846319877881 0
1821 0.01633141384966938 0.127907024556931 0
1822 0.01631773999652709 0.1273834460068256 0
1823 0.01630570372206168 0.1268906220834683 0
1824 0.01629509451016216 0.1264267786576316 0
1825 0.01628576858361371 0.1259901995194462 0
1826 0.01627764377308109 0.1255792145415649 0
1827 0.01627069801885746 0.1251921839084281 0
1828 0.01626497171624979 0.1248274767511733 0
1829 0.01626057473145982 0.1244834416075829 0
1830 0.01625769994840606 0.1241583640371804 0
1831 0.01375411901945898 0.3141910476787418 0
1832 0.0137601290575902 0.3133289453222088 0
1833 0.01377196888042377 0.3124204846182762 0
1834 0.0137910041353892 0.311462017444975 0
1835 0.01381901090596736 0.3104501756869266 0
1836 0.01385823172298405 0.3093818871653434 0
1837 0.01391149345004783 0.3082543258163649 0
1838 0.01398435737217792 0.3070701462819351 0
1839 0.01407436465594976 0.3058281310158424 0
1840 0.01417928948545987 0.3045286585002766 0
1841 0.01429578466347945 0.3031703452879044 0
1842 0.01441905509097799 0.3017512176210321 0
1843 0.01453928838252483 0.3002641486306811 0
1844 0.01466037348404618 0.2986982329209644 0
1845 0.01478478275621254 0.2970492224431149 0
1846 0.01491709662144333 0.2953139306668964 0
1847 0.01506413658938732 0.2934909962702941 0
1848 0.01523369722612225 0.2915977213836257 0
1849 0.0154405191828847 0.2896245790368886 0
1850 0.01566155764991165 0.2875990535577862 0
1851 0.01586173226153953 0.2855616713852916 0
1852 0.01603878779879777 0.2833872616430496 0
1853 0.01618762823165021 0.2811135705492036 0
1854 0.01630912398006449 0.2787379554979453 0
1855 0.01640675017968054 0.2762620129905476 0
1856 0.01648505205380999 0.2736894595753444 0
1857 0.01654849607999743 0.2710247033844611 0
1858 0.01660091241709338 0.2682722378032227 0
1859 0.01664534528020024 0.2654364985587587 0
1860 0.01668410152698695 0.2625219129835243 0
1861 0.01671887121180296 0.2595329990237488 0
1862 0.01675085873257523 0.2564744609899377 0
1863 0.01678089908504181 0.2533512611300848 0
1864 0.01680955479020662 0.2501686680642025 0
1865 0.01683719005752714 0.2469322804441231 0
1866 0.01686402910220585 0.2436480327435861 0
1867 0.01689019785712081 0.2403221835591687 0
1868 0.01691575638924612 0.236961291637197 0
1869 0.01694072029305621 0.2335721798758029 0
1870 0.01696507736590712 0.2301618912598011 0
1871 0.01698879810961885 0.2267376374864397 0
1872 0.01701184409827156 0.22330674291711 0
1873 0.01703417258919917 0.2198765847910832 0
1874 0.0170557401998941 0.2164545317786963 0
1875 0.01707650459270968 0.2130478820189541 0
1876 0.01709642557837323 0.2096638022116067 0
1877 0.01711546474769821 0.2063092688891777 0
1878 0.01713358443264529 0.2029910131503727 0
1879 0.01715074538596372 0.199715469855591 0
1880 0.01716690336347278 0.1964887322459152 0
1881 0.01718200405041319 0.1933165127535892 0
1882 0.01719597624557182 0.1902041106585111 0
1883 0.0172087228059012 0.1871563870753095 0
1884 0.017220109062762 0.1841777476068786 0
1885 0.01722994827263618 0.1812721328540289 0
1886 0.01723798382735833 0.178443016822263 0
1887 0.01724386796357937 0.1756934131464455 0
1888 0.01724713689642501 0.1730258889162777 0
1889 0.01724718255003569 0.1704425857449033 0
1890 0.01724322159541397 0.1679452474284394 0
1891 0.01723426363104793 0.1655352529274847 0
1892 0.01721908269570234 0.1632136519284291 0
1893 0.01719620096847881 0.1609811971421861 0
1894 0.01716390172029237 0.1588383616515931 0
1895 0.01712030065524678 0.1567853208130625 0
1896 0.01706351650154245 0.1548218701981937 0
1897 0.01699197861252585 0.1529472581583877 0
1898 0.01690486412816355 0.1511599666545443 0
1899 0.01680255346285436 0.1494577337846901 0
1900 0.01668678564077249 0.1478431753015765 0
1901 0.01656038149323987 0.1462943085475419 0
1902 0.01642877147212257 0.1448157246172027 0
1903 0.01629624944800471 0.1434053462136837 0
1904 0.01616645890709112 0.1420610634630716 0
1905 0.01604231693007728 0.1407807519225085 0
1906 0.01592602955147358 0.1395622623585355 0
1907 0.01581913900078318 0.1384034473297352 0
1908 0.0157225718018748 0.1373021986790248 0
1909 0.01563668621211464 0.1362564716671419 0
1910 0.0155613337472723 0.1352642668846762 0
1911 0.01549597254309024 0.1343236904330485 0
1912 0.01544010632957318 0.1334332566536451 0
1913 0.015392158736127 0.1325925749126143 0
1914 0.01535087347149284 0.1317991546759137 0
1915 0.01531515409749548 0.1310506997530931 0
1916 0.01528406335087411 0.1303449698652893 0
1917 0.01525681951201329 0.129679783596316 0
1918 0.01523278298738615 0.1290530269399869 0
1919 0.01521143894023406 0.1284626584097332 0
1920 0.01519238002054526 0.1279067106346107 0
1921 0.0151752912765449 0.1273832891756029 0
1922 0.01515993810019859 0.1268905690216575 0
1923 0.01514615745854897 0.1264267888612756 0
1924 0.01513385245773552 0.1259902428706393 0
1925 0.01512299033728563 0.1255792694139133 0
1926 0.01511360423309507 0.1251922356459831 0
1927 0.01510579945769925 0.124827516431322 0
1928 0.01509976577294747 0.1244834651140613 0
1929 0.0150957984055758 0.1241583718479615 0
1930 0.0132813780734551 0.3141911656816187 0
1931 0.01328514781930825 0.3133293622434055 0
1932 0.01329382864150465 0.312421395385877 0
1933 0.01330895078574555 0.3114636593903287 0
1934 0.01333228255236413 0.3104528634066613 0
1935 0.01336590878791017 0.3093860519528029 0
1936 0.01341231084386599 0.3082606133731131 0
1937 0.01347557782788573 0.3070783580902374 0
1938 0.01355428871714688 0.3058371948447749 0
1939 0.01364666221190768 0.3045373232963324 0
1940 0.01374986128914655 0.3031772035649929 0
1941 0.01385981177239235 0.3017545786266007 0
1942 0.01396910158444732 0.3002635912203858 0
1943 0.01407999974999384 0.2986949650652302 0
1944 0.01419446966154672 0.2970446003990809 0
1945 0.01431632729501593 0.2953094373655811 0
1946 0.01445121806483254 0.2934882972545242 0
1947 0.01460514817126694 0.2915978776753533 0
1948 0.01478855638079584 0.2896253692430227 0
1949 0.01498368139457 0.287593940126364 0
1950 0.01516225298541124 0.2855451310621306 0
1951 0.01532150212236009 0.2833621391195865 0
1952 0.01545542476184104 0.2810828428218283 0
1953 0.01556417000796207 0.2787040905230487 0
1954 0.01565039786484007 0.2762266977244261 0
1955 0.01571796251253205 0.2736537000195682 0
1956 0.01577085284191699 0.2709890495338165 0
1957 0.01581261181786817 0.2682369782953889 0
1958 0.01584612852747581 0.2654017882931493 0
1959 0.01587363489847923 0.26248784534581 0
1960 0.0158967910235976 0.2594996430667508 0
1961 0.01591679535312284 0.2564418788601481 0
1962 0.01593448962955715 0.2533195154655035 0
1963 0.0159504498604119 0.2501378243684181 0
1964 0.01596505779648865 0.2469024073485731 0
1965 0.01597855783797992 0.2436192012745394 0
1966 0.01599109831673266 0.240294466152117 0
1967 0.0160027635332206 0.2369347610206292 0
1968 0.01601359515058603 0.2335469080384826 0
1969 0.0160236086692124 0.230137948451374 0
1970 0.016032803874683 0.2267150913106218 0
1971 0.01604117295217063 0.223285657474456 0
1972 0.01604870494843078 0.2198570199070309 0
1973 0.01605538915427596 0.216436542299356 0
1974 0.01606121653575276 0.2130315171944416 0
1975 0.01606618049053187 0.2096491051678853 0
1976 0.01607027616293516 0.2062962762073902 0
1977 0.01607349902777053 0.2029797545630702 0
1978 0.01607584219568657 0.1997059680763308 0
1979 0.01607729258019135 0.1964810029460356 0
1980 0.01607782540482323 0.1933105647018854 0
1981 0.01607739694229607 0.1901999460358176 0
1982 0.01607593502043529 0.1871540019689287 0
1983 0.01607332703330994 0.1841771326718906 0
1984 0.01606940510863255 0.1812732740900725 0
1985 0.01606392830548428 0.1784458963397969 0
1986 0.01605656186323783 0.1756980096566021 0
1987 0.01604685389986752 0.1730321774323659 0
1988 0.01603421050088811 0.1704505355666905 0
1989 0.01601787107968142 0.167954816817468 0
1990 0.015996887484695 0.1655463779097406 0
1991 0.01597011301938053 0.1632262254521869 0
1992 0.01593621183614223 0.1609950338641122 0
1993 0.01589370505415705 0.1588531444127839 0
1994 0.0158410757502634 0.1568005305479111 0
1995 0.01577695499603307 0.1548367158642404 0
1996 0.01570039450948415 0.1529606474541969 0
1997 0.01561118690640281 0.1511705737246047 0
1998 0.01551013010153358 0.1494641401695697 0
1999 0.0153991669342031 0.1478442278598828 0
2000 0.01528055704417136 0.1462911640093546 0
2001 0.01515864579171272 0.1448092507422714 0
2002 0.01503686675888514 0.143396264008482 0
2003 0.01491814932313471 0.1420499979010773 0
2004 0.01480483175802386 0.1407682770102405 0
2005 0.01469864947332491 0.1395489408746908 0
2006 0.01460076296065196 0.138389851170745 0
2007 0.01451180409195043 0.1372889052580458 0
2008 0.01443193599592114 0.1362440404728734 0
2009 0.01436092937028798 0.1352532121305731 0
2010 0.01429827426501498 0.1343144876813206 0
2011 0.01424346937189042 0.1334259652956131 0
2012 0.01419535991050072 0.1325867950655107 0
2013 0.01415298548922774 0.1317945904311582 0
2014 0.01411549296067211 0.1310471068748039 0
2015 0.01408214080269969 0.1303421487395477 0
2016 0.01405230120026956 0.1296775733640117 0
2017 0.01402545455054485 0.1290512992563636 0
2018 0.01400118008539547 0.1284613115424131 0
2019 0.01397914555203161 0.1279056643391939 0
2020 0.0139590977490715 0.1273824804490656 0
2021 0.01394085491372198 0.1268899486504893 0
2022 0.01392430153125612 0.1264263186138017 0
2023 0.01390938598229391 0.1259898931725855 0
2024 0.01389612149689508 0.1255790173541619 0
2025 0.01388459113169717 0.1251920631659648 0
2026 0.01387495794174448 0.1248274085513598 0
2027 0.01386748237509148 0.1244834080710949 0
2028 0.01386255046256079 0.1241583512068572 0
2029 0.01275822491112382 0.3141913416653893 0
2030 0.0127593978705338 0.3133299184854411 0
2031 0.0127644625219365 0.3124225319655687 0
2032 0.01277514802005352 0.3114656044612136 0
2033 0.01279323643449588 0.3104559024680941 0
2034 0.01282066654365334 0.3093905491780022 0
2035 0.0128595858691801 0.3082670465213935 0
2036 0.01291296146279446 0.3070864930653731 0
2037 0.01298008405729482 0.3058461056204468 0
2038 0.01305958201530064 0.30454584094826 0
2039 0.01314910802218607 0.3031840048439897 0
2040 0.01324528669250094 0.3017581792921805 0
2041 0.01334262718965946 0.3002635503833971 0
2042 0.0134422419494991 0.2986922364558749 0
2043 0.01354558340838857 0.2970403981293728 0
2044 0.01365571685946138 0.2953051319582905 0
2045 0.01377716322437325 0.2934853510663589 0
2046 0.01391435002101637 0.2915968343120514 0
2047 0.01407431792206173 0.2896243275236732 0
2048 0.01424355295212794 0.2875873192249349 0
2049 0.01439973709757631 0.285527465226696 0
2050 0.01453984975598972 0.2833361015530457 0
2051 0.01465749453437308 0.281050929373271 0
2052 0.01475220070968414 0.2786686084037954 0
2053 0.01482589216172404 0.2761893534614699 0
2054 0.01488175925930469 0.2736155927560103 0
2055 0.01492330059363004 0.2709508328481627 0
2056 0.01495374226763397 0.2681990290844235 0
2057 0.01497578692595102 0.2653643290884985 0
2058 0.01499156516003458 0.2624510191270078 0
2059 0.01500268703698147 0.25946355481105 0
2060 0.01501033068969469 0.2564066168517795 0
2061 0.01501533475161425 0.2532851616459459 0
2062 0.01501828220578505 0.2501044587680055 0
2063 0.0150195682740004 0.2468701097790234 0
2064 0.01501945517470549 0.2435880515443833 0
2065 0.01501811247023429 0.24026454372556 0
2066 0.0150156483047359 0.2369061443105578 0
2067 0.01501213054013991 0.2335196736471869 0
2068 0.01500760280446044 0.2301121703373045 0
2069 0.01500209475226899 0.2266908399875072 0
2070 0.01499562980340864 0.2232629992126554 0
2071 0.01498822939602147 0.2198360159976734 0
2072 0.01497991601960886 0.2164172483685403 0
2073 0.01497071437372656 0.2130139825966413 0
2074 0.01496065176640924 0.2096333724597906 0
2075 0.01494975713306002 0.2062823807225247 0
2076 0.01493805927983317 0.2029677240918983 0
2077 0.01492558388439438 0.1996958226619394 0
2078 0.01491234934949463 0.1964727547979249 0
2079 0.01489836104169593 0.1933042182281129 0
2080 0.01488360379298385 0.1901954979836775 0
2081 0.01486803225138979 0.1871514416499563 0
2082 0.01485155886301275 0.1841764422198952 0
2083 0.01483403924748223 0.181274428651264 0
2084 0.01481525500981906 0.1784488640074933 0
2085 0.01479489430577711 0.1757027508125989 0
2086 0.01477253102245385 0.173038642912665 0
2087 0.01474760421096008 0.1704586626899663 0
2088 0.01471940059988756 0.1679645217841957 0
2089 0.01468704477168186 0.1655575424478262 0
2090 0.01464950404779428 0.1632386751124796 0
2091 0.01460561822809956 0.16100850573982 0
2092 0.01455416718052137 0.1588672446449703 0
2093 0.01449398946681931 0.1568146886901207 0
2094 0.014424158045744 0.1548501548689424 0
2095 0.01434419919687299 0.1529724002256403 0
2096 0.01425430758647488 0.1511795739172232 0
2097 0.01415547880252507 0.1494693444723144 0
2098 0.01404963702238501 0.1478446294444775 0
2099 0.0139385831840324 0.146287836320117 0
2100 0.0138257833487495 0.1448028941950548 0
2101 0.01371394843598499 0.1433875173377869 0
2102 0.01360538496501792 0.1420394523074618 0
2103 0.01350191648526878 0.1407564892302123 0
2104 0.01340486574654236 0.1395364464678951 0
2105 0.01331507648052692 0.1383771678221581 0
2106 0.01323295907707644 0.1372765235849291 0
2107 0.01315855278991237 0.1362324066547938 0
2108 0.01309160067866798 0.1352427138698719 0
2109 0.01303164731350411 0.1343054607163741 0
2110 0.01297822607830622 0.1334184751987155 0
2111 0.01293047337088509 0.1325805725583425 0
2112 0.01288764674121739 0.1317894283175441 0
2113 0.01284907945733874 0.1310428270340855 0
2114 0.01281418651514431 0.1303386001272265 0
2115 0.01278246872171543 0.1296746303135479 0
2116 0.01275351109225864 0.1290488587806435 0
2117 0.01272697796612554 0.1284592901771763 0
2118 0.01270260696660399 0.1279039949929181 0
2119 0.01268020328410297 0.1273811095008021 0
2120 0.0126596352624507 0.1268888333759698 0
2121 0.01264083199820213 0.1264254249266765 0
2122 0.01262378357523185 0.1259891936111092 0
2123 0.01260854464417653 0.1255784892003558 0
2124 0.01259524234000291 0.1251916865376834 0
2125 0.01258409005515782 0.1248271642485596 0
2126 0.0125754095887926 0.1244832749002242 0
2127 0.01256966602074898 0.1241583025390884 0
2128 0.01216939367258611 0.3141915870200506 0
2129 0.01216756759705758 0.3133306398958324 0
2130 0.01216850728156563 0.3124239334572732 0
2131 0.01217418269818003 0.3114679002399346 0
2132 0.01218641391040126 0.3104593417839463 0
2133 0.01220700842733971 0.3093954231416221 0
2134 0.01223780452731826 0.3082736823425243 0
2135 0.01228094574411639 0.3070946147655221 0
2136 0.01233616876374478 0.305854909932495 0
2137 0.01240245853008552 0.3045542442738137 0
2138 0.01247792832488942 0.3031907763492371 0
2139 0.01255986201842319 0.3017620182848579 0
2140 0.01264425726495842 0.300264000942759 0
2141 0.01273145991264397 0.2986900250576868 0
2142 0.01282244174358138 0.2970365811447524 0
2143 0.01291954273410142 0.2953009404716762 0
2144 0.01302622274917263 0.2934820266410832 0
2145 0.01314554938669248 0.2915944445866168 0
2146 0.01328197840176911 0.2896212853365128 0
2147 0.01342535335311606 0.2875789105722931 0
2148 0.01355845635120151 0.2855082494863297 0
2149 0.01367822174382677 0.2833087076040328 0
2150 0.0137783346512757 0.2810174142612631 0
2151 0.01385783326452948 0.2786311021392918 0
2152 0.01391799251297696 0.2761495630443884 0
2153 0.0139613743563751 0.2735747027953523 0
2154 0.01399098059827424 0.2709096032919134 0
2155 0.01400969310781539 0.2681579333483469 0
2156 0.01401999593846056 0.2653236669639928 0
2157 0.0140238895045694 0.2624109919754404 0
2158 0.01402291094442022 0.2594243106316152 0
2159 0.01401820109636245 0.2563682753868933 0
2160 0.01401058346255299 0.253247827870789 0
2161 0.01400063980190687 0.2500682296791593 0
2162 0.01398877340749274 0.2468350777704324 0
2163 0.01397526089904417 0.2435543057995408 0
2164 0.01396029098967737 0.2402321706780876 0
2165 0.0139439944503301 0.236875227478543 0
2166 0.01392646462716602 0.2334902932319075 0
2167 0.01390777281255784 0.2300844026273684 0
2168 0.01388797812787154 0.2266647567127532 0
2169 0.01386713476380241 0.2232386668496563 0
2170 0.01384529593676169 0.2198134951057287 0
2171 0.01382251652841105 0.2163965929579365 0
2172 0.01379885394923814 0.2129952395644268 0
2173 0.01377436818941871 0.2096165810980889 0
2174 0.01374912057354172 0.2062675723181903 0
2175 0.01372317172906265 0.2029549216179852 0
2176 0.01369657837839172 0.1996850405621146 0
2177 0.01366938901929745 0.1964639988535271 0
2178 0.01364163808471516 0.193297485489871 0
2179 0.01361333846182736 0.1901907767343645 0
2180 0.01358447201837143 0.1871487113432479 0
2181 0.01355497797807889 0.1841756733069823 0
2182 0.0135247390259925 0.1812755821519046 0
2183 0.0134935653552912 0.1784518905948085 0
2184 0.01346117724234263 0.1757075890419506 0
2185 0.01342718739945405 0.1730452160188865 0
2186 0.01339108526242015 0.1704668730945827 0
2187 0.01335222663425515 0.1679742421322463 0
2188 0.01330983372187259 0.165568601764637 0
2189 0.01326301243337832 0.1632508388703869 0
2190 0.0132107953596965 0.1610214498824892 0
2191 0.01315221891241598 0.1588805268144761 0
2192 0.01308643951664134 0.1568277256075528 0
2193 0.01301288390781355 0.1548622217969443 0
2194 0.01293141145586974 0.1529826714799528 0
2195 0.01284244629220026 0.1511872123994548 0
2196 0.01274702665656217 0.1494735951966598 0
2197 0.01264692108902576 0.1478445919922323 0
2198 0.01254354979135982 0.1462845334565609 0
2199 0.01243965157922388 0.1447968975878857 0
2200 0.01233733299271942 0.1433793840208133 0
2201 0.01223837100969688 0.1420297192320303 0
2202 0.01214415038206846 0.1407456678903931 0
2203 0.01205564914532401 0.1395250207148733 0
2204 0.01197345905104178 0.1383655885780757 0
2205 0.01189782868060162 0.1372651991838427 0
2206 0.01182872098716298 0.1362216918737809 0
2207 0.01176587905968625 0.1352329047308013 0
2208 0.01170890634170003 0.1342967980073951 0
2209 0.01165738623939415 0.1334110309851518 0
2210 0.01161066076543149 0.1325741701225744 0
2211 0.0115681502307181 0.1317839272339254 0
2212 0.01152933112094819 0.1310381023046179 0
2213 0.01149374232363987 0.1303345425184796 0
2214 0.01146098963166581 0.1296711466393447 0
2215 0.01143074600179579 0.1290458710935694 0
2216 0.01140274920788254 0.128456734242949 0
2217 0.01137679845428308 0.1279018184428603 0
2218 0.0113527511589177 0.1273792699198327 0
2219 0.01133052081857662 0.1268872964598922 0
2220 0.0113100767190112 0.1264241627479377 0
2221 0.01129144623474792 0.1259881829562867 0
2222 0.01127472059925143 0.1255777098676532 0
2223 0.0112600653624725 0.1251911193947084 0
2224 0.01124773736145431 0.1248267887401638 0
2225 0.01123811118456479 0.1244830655616692 0
2226 0.01123172023451009 0.1241582239657283 0
2227 0.01149770464577713 0.3141919188883184 0
2228 0.01149243615628312 0.3133315612983931 0
2229 0.01148870139087645 0.3124256482542385 0
2230 0.01148876314092997 0.3114706007453603 0
2231 0.01149450888453492 0.310463231020894 0
2232 0.01150763553295509 0.3094007119904979 0
2233 0.01152970868855529 0.3082805622882718 0
2234 0.01156228494697883 0.3071027634017305 0
2235 0.01160534570606427 0.305863628299149 0
2236 0.01165816430780473 0.3045625403002046 0
2237 0.01171926854685949 0.3031975236670916 0
2238 0.01178653697473037 0.3017660824682769 0
2239 0.0118570853671959 0.300264915259675 0
2240 0.01193079505907692 0.2986883119679069 0
2241 0.01200821557580735 0.2970331200716312 0
2242 0.01209100868372402 0.2952967898351215 0
2243 0.01218166101343938 0.2934781876748391 0
2244 0.01228211516644234 0.2915905492885217 0
2245 0.0123949402739935 0.2896160662883838 0
2246 0.01251259456968938 0.2875684423133779 0
2247 0.01262213502236104 0.2854870798767002 0
2248 0.01272059790214511 0.2832795566249703 0
2249 0.01280215230499121 0.2809819433758753 0
2250 0.01286550201357727 0.2785912451190368 0
2251 0.01291137531068575 0.276107001454826 0
2252 0.01294175398845831 0.2735306926045545 0
2253 0.01295914602322384 0.2708650095060037 0
2254 0.01296606608484427 0.2681133323658343 0
2255 0.01296474764677055 0.2652794451578015 0
2256 0.01295702982221358 0.2623674182317938 0
2257 0.01294435070785746 0.2593815835657529 0
2258 0.01292779364083177 0.2563265518757558 0
2259 0.01290815211853723 0.2532072397962592 0
2260 0.01288599609447388 0.2500288933542797 0
2261 0.01286172956902084 0.2467970993039781 0
2262 0.01283563848639863 0.2435177839252496 0
2263 0.01280792716696657 0.2401971982268764 0
2264 0.01277874642072259 0.2368418919099613 0
2265 0.01274821301559982 0.2334586767102942 0
2266 0.01271642405982866 0.2300545817507221 0
2267 0.01268346628776389 0.2266368020917914 0
2268 0.01264942265462238 0.2232126425735518 0
2269 0.01261437590648009 0.2197894582001562 0
2270 0.01257841077982788 0.216374592851786 0
2271 0.01254161456118503 0.2129753176103674 0
2272 0.01250407681327012 0.2095987701548077 0
2273 0.01246588792114402 0.2062518964125627 0
2274 0.01242713687324366 0.2029413956817935 0
2275 0.0123879079703936 0.1996736702350364 0
2276 0.01234827650175639 0.1964547803277719 0
2277 0.01230830304774226 0.1932904053596558 0
2278 0.01226802630026865 0.1901858117925215 0
2279 0.01222745412036621 0.1871458282418539 0
2280 0.0121865527384354 0.184174827962594 0
2281 0.01214523409160232 0.1812767187233053 0
2282 0.01210334165083917 0.1784549397864644 0
2283 0.01206063552812128 0.1757124653800886 0
2284 0.01201677836543068 0.1730518136115816 0
2285 0.01197132443612099 0.1704750592392458 0
2286 0.01192371555932775 0.1679838480473461 0
2287 0.01187328869727701 0.1655794098556278 0
2288 0.01181930113905327 0.1632625665945893 0
2289 0.01176097930178457 0.1610337318637458 0
2290 0.01169759526505035 0.1588928996970586 0
2291 0.01162856986884111 0.1568396238777305 0
2292 0.01155359177024351 0.1548729955556584 0
2293 0.01147272973143402 0.1529916350402817 0
2294 0.01138650564943395 0.1511937208415806 0
2295 0.0112958965919224 0.1494771100756278 0
2296 0.01120243714346104 0.1478442884755957 0
2297 0.01110722999796889 0.1462814020952327 0
2298 0.01101240465005245 0.1447914097910125 0
2299 0.01091956567797036 0.1433720191592278 0
2300 0.01083004964366737 0.142020950045209 0
2301 0.01074487920332144 0.1407359462836765 0
2302 0.0106647544910074 0.139514768172021 0
2303 0.01059007283744479 0.1383551876983014 0
2304 0.01052096713440154 0.1372549855929395 0
2305 0.01045735511792732 0.1362119481506439 0
2306 0.01039899336358885 0.1352238601945553 0
2307 0.01034554065215877 0.1342886280762747 0
2308 0.01029663371732581 0.1334038125868178 0
2309 0.0102517624507203 0.1325677910274441 0
2310 0.01021046976071238 0.1317782956863547 0
2311 0.01017234192344115 0.1310331339960569 0
2312 0.01013701452053969 0.1303301619656827 0
2313 0.01010417683550817 0.1296672883396608 0
2314 0.01007357308328602 0.1290424796735523 0
2315 0.01004500162922129 0.1284537638570673 0
2316 0.0100183133677734 0.1278992317353103 0
2317 0.009993410251331067 0.1273770367810005 0
2318 0.009970244803463093 0.1268853927158575 0
2319 0.009948821399178629 0.1264225688341703 0
2320 0.009929200147244091 0.1259868825395892 0
2321 0.009911504403874062 0.1255766882799685 0
2322 0.009895933348279989 0.1251903616145258 0
2323 0.009882781753183042 0.1248262764892114 0
2324 0.009872470397905574 0.1244827728670399 0
2325 0.009865593005811569 0.1241581102934625 0
2326 0.01072356590953421 0.3141923622680463 0
2327 0.01071438717147925 0.313332729641967 0
2328 0.01070541898019735 0.3124277371269343 0
2329 0.0106992796140125 0.3114737690847886 0
2330 0.01069795926115535 0.3104676234960365 0
2331 0.01070307042189605 0.3094064523360355 0
2332 0.01071594831876454 0.3082877198413559 0
2333 0.01073773519915336 0.3071109665864464 0
2334 0.01076851400379382 0.3058722678919817 0
2335 0.01080776878903042 0.3045707216553111 0
2336 0.01085437562128334 0.3032042364409091 0
2337 0.01090671811610493 0.3017703441414299 0
2338 0.01096272692991078 0.3002662521818336 0
2339 0.01102203234416801 0.298687065069843 0
2340 0.01108483877096976 0.2970299749845735 0
2341 0.01115220412282413 0.2952926003123908 0
2342 0.01122576127247559 0.2934737007212777 0
2343 0.01130657480802157 0.2915850018880711 0
2344 0.01139590007079661 0.2896085230495928 0
2345 0.01148821005160839 0.2875556882536714 0
2346 0.0115740628378206 0.2854635997526014 0
2347 0.01165069212065498 0.2832483096182897 0
2348 0.01171305572803824 0.2809442467624685 0
2349 0.01175969737690753 0.278548821500185 0
2350 0.01179091782765552 0.276061476949443 0
2351 0.0118081825270473 0.2734833733407384 0
2352 0.01181352085001478 0.2708168579318017 0
2353 0.01180906413192971 0.2680650300694015 0
2354 0.01179676509000816 0.2652314719669704 0
2355 0.01177826892820729 0.2623201183934641 0
2356 0.011754885532648 0.2593352131366229 0
2357 0.01172761705796741 0.2562813099601803 0
2358 0.01169720880663067 0.2531632884638189 0
2359 0.01166420541714916 0.2499863699347226 0
2360 0.0116290016749443 0.2467561240250464 0
2361 0.01159188552718122 0.2434784644660216 0
2362 0.01155307130111125 0.240159632424637 0
2363 0.01151272532413174 0.2368061691756902 0
2364 0.0114709838168849 0.2334248787144805 0
2365 0.01142796594640463 0.2300227825858448 0
2366 0.01138378225010326 0.2266070681574979 0
2367 0.01133854044058271 0.2231850322743821 0
2368 0.01129234848503041 0.2197640215844113 0
2369 0.0112453163359942 0.2163513712319951 0
2370 0.0111975561847551 0.2129543432182049 0
2371 0.01114918191091584 0.2095800658447183 0
2372 0.01110030749101008 0.2062354754298157 0
2373 0.01105104470543083 0.2029272614849987 0
2374 0.01100149990854416 0.1996618163544678 0
2375 0.01095176989037088 0.1964451902213706 0
2376 0.01090193655686373 0.1932830522119186 0
2377 0.01085206034162323 0.190180658177607 0
2378 0.01080217213971117 0.1871428255450677 0
2379 0.01075226373006853 0.1841739154203262 0
2380 0.01070227677140292 0.1812778218988736 0
2381 0.01065209081670528 0.1784579682487136 0
2382 0.01060151124171789 0.1757173092943775 0
2383 0.01055025867177596 0.1730583389048636 0
2384 0.01049796234051288 0.1704831009966301 0
2385 0.0104441607751769 0.1679932019183192 0
2386 0.01038831404445144 0.1655898216295232 0
2387 0.01032983210797357 0.1632737209402657 0
2388 0.01026812292587151 0.1610452426739147 0
2389 0.01020266111314691 0.1589043064359675 0
2390 0.01013307253124374 0.1568504000767313 0
2391 0.01005922271872576 0.1548825755239798 0
2392 0.009981289738909365 0.1529994608424733 0
2393 0.009899798871968324 0.1511993022278219 0
2394 0.009815601711535225 0.1494800673657656 0
2395 0.009729961222923607 0.1478438487721928 0
2396 0.009643716058423629 0.1462785326827408 0
2397 0.009558482272707331 0.1447865027640534 0
2398 0.009475450925931914 0.1433654826192416 0
2399 0.009395598889687941 0.1420131906754033 0
2400 0.009319657385821474 0.1407273524055931 0
2401 0.009248108509868333 0.1395056977893528 0
2402 0.009181203359387607 0.1383459597439443 0
2403 0.009118994232816138 0.1372458738037622 0
2404 0.009061374451221477 0.1362031781670373 0
2405 0.009008120620493021 0.1352156117272396 0
2406 0.008958941134438656 0.1342810301177255 0
2407 0.008913524182478854 0.1333969440239526 0
2408 0.008871467942226095 0.1325615830818946 0
2409 0.008832408186565293 0.1317726904542603 0
2410 0.008796014757063113 0.1310280766269533 0
2411 0.008761997103908728 0.1303256025385908 0
2412 0.008730108546672118 0.1296631834123843 0
2413 0.008700148221532734 0.1290387929351566 0
2414 0.008671961522495971 0.1284504660612181 0
2415 0.008645439897433455 0.1278963001580589 0
2416 0.008620520792637441 0.1273744543997571 0
2417 0.008597188492958274 0.1268831472386294 0
2418 0.008575476642816842 0.1264206516274193 0
2419 0.008555473365434812 0.1259852874060403 0
2420 0.008537330167147431 0.1255754099086882 0
2421 0.008521276297325272 0.1251893933483505 0
2422 0.008507641049570748 0.1248256068143582 0
2423 0.008496887980105675 0.1244823797058338 0
2424 0.00848966779999576 0.1241579517770616 0
2425 0.009824409166811175 0.314192953530083 0
2426 0.009810866982508978 0.3133342100444267 0
2427 0.009796163387373866 0.3124302805681767 0
2428 0.009783342574449837 0.3114774854790536 0
2429 0.009774535372013721 0.3104725852271425 0
2430 0.009771296321211494 0.3094126899350398 0
2431 0.009774767820373273 0.3082951930395454 0
2432 0.009785789618452966 0.3071192533878868 0
2433 0.009804446664199204 0.3058808376328794 0
2434 0.009830351954039562 0.3045787800584506 0
2435 0.009862646108899215 0.3032108964049911 0
2436 0.009900110105000946 0.3017747617509773 0
2437 0.009941249797726806 0.3002679506417881 0
2438 0.009985580564034568 0.2986862278239373 0
2439 0.01003304666712607 0.2970270859174964 0
2440 0.01008420319840184 0.2952882870908435 0
2441 0.01013998012564974 0.2934684554234163 0
2442 0.01020081066240985 0.2915777059562111 0
2443 0.0102670883940447 0.289598588741322 0
2444 0.01033483301874632 0.2875405279848247 0
2445 0.01039740402025952 0.2854375577899231 0
2446 0.01045229584308026 0.2832147467210946 0
2447 0.01049544415365738 0.2809041981465447 0
2448 0.01052540637929732 0.2785037932669007 0
2449 0.01054218677348848 0.2760130094657029 0
2450 0.01054681327527384 0.2734327951028774 0
2451 0.01054086552016033 0.2707652130227521 0
2452 0.01052608447213396 0.268013100315904 0
2453 0.01050411592201974 0.2651798321319556 0
2454 0.01047637871717484 0.2622691920434104 0
2455 0.01044402330650039 0.2592853177782398 0
2456 0.01040794396810354 0.2562326898422485 0
2457 0.01036881640290469 0.2531161373453634 0
2458 0.01032714333405674 0.2499408463097098 0
2459 0.01028329755347235 0.2467123612561976 0
2460 0.01023755903544173 0.2434365772977892 0
2461 0.01019014401497494 0.240119721142799 0
2462 0.01014122739645632 0.2367683220771258 0
2463 0.01009095851082618 0.2333891735432798 0
2464 0.010039472456815 0.229989287236063 0
2465 0.00998689739497749 0.2265758409550725 0
2466 0.009933359408179626 0.2231561219806515 0
2467 0.00987898500335556 0.2197374672829535 0
2468 0.009823902352514714 0.2163272021616822 0
2469 0.009768241261358741 0.2129325786176071 0
2470 0.009712132405017851 0.209560714827202 0
2471 0.009655705692556138 0.2062185369045426 0
2472 0.009599088025350408 0.2029127241087151 0
2473 0.009542400284971929 0.1996496584868122 0
2474 0.009485753571121986 0.1964353798335628 0
2475 0.009429244485897548 0.1932755466797415 0
2476 0.009372949400628142 0.1901754038644453 0
2477 0.009316917563242107 0.1871397570552137 0
2478 0.009261163059218196 0.1841729543752536 0
2479 0.009205655768739497 0.1812788750624095 0
2480 0.009150311793233367 0.178460924807659 0
2481 0.009094984241552095 0.1757220370985971 0
2482 0.009039455870125701 0.1730646795097595 0
2483 0.008983435772493961 0.1704908634684165 0
2484 0.008926563018272491 0.1680021556258865 0
2485 0.008868420589657767 0.1655996887356884 0
2486 0.008808562754537161 0.163284170090591 0
2487 0.008746557643347908 0.161055886419404 0
2488 0.008682043813082931 0.1589147059187963 0
2489 0.008614795016186366 0.1568600807525675 0
2490 0.00854478217286179 0.154891056184667 0
2491 0.008472217772140815 0.1530062941741956 0
2492 0.008397568188415314 0.1512041187587938 0
2493 0.008321525215790241 0.1494826009634307 0
2494 0.008245071024432678 0.1478433604405081 0
2495 0.008168825921952748 0.1462759699820848 0
2496 0.008093973732070112 0.1447821939792259 0
2497 0.00802136787138197 0.1433597720280986 0
2498 0.007951695948711255 0.1420064220833537 0
2499 0.007885459367862169 0.1407198528934507 0
2500 0.007822973194105153 0.1394977660623615 0
2501 0.007764381646020054 0.1383378583181592 0
2502 0.007709683566733452 0.137237824551511 0
2503 0.007658762924224584 0.1361953612255885 0
2504 0.007611420430996372 0.1352081685053043 0
2505 0.007567409354005331 0.1342740549685019 0
2506 0.007526466343516884 0.1333905141986846 0
2507 0.007488271173896107 0.1325556571837046 0
2508 0.007452530888402753 0.1317672321852638 0
2509 0.007418978662964288 0.1310230505555937 0
2510 0.007387378912484033 0.1303209763228829 0
2511 0.007357531524671774 0.1296589296342495 0
2512 0.007329274556039909 0.1290348901321211 0
2513 0.007302485922042229 0.1284468990701941 0
2514 0.007277084670643065 0.1278930599494171 0
2515 0.007253032428843021 0.127371537559612 0
2516 0.007230335648633476 0.1268805552120111 0
2517 0.007209049405202714 0.126418389763299 0
2518 0.007189283729616568 0.1259833637376927 0
2519 0.007171213834375961 0.1255738334387286 0
2520 0.00715509619512074 0.125188171365708 0
2521 0.007141293420609586 0.1248247404297857 0
2522 0.007130312557161704 0.1244818563254128 0
2523 0.007122864681270952 0.1241577326198443 0
2524 0.008774046604680846 0.3141937460102582 0
2525 0.008755784805830483 0.3133360960436002 0
2526 0.008735032176453248 0.3124333920196714 0
2527 0.008715326810114473 0.3114818620698918 0
2528 0.008698969470142898 0.3104782104932103 0
2529 0.008687470616250624 0.3094194952188472 0
2530 0.008681798185713609 0.3083030392720194 0
2531 0.008682544884937526 0.3071276678118026 0
2532 0.008689723729238347 0.3058893604407323 0
2533 0.008702994618878978 0.3045867164467319 0
2534 0.008721669769699307 0.3032174837021716 0
2535 0.008744814243684989 0.3017792819722153 0
2536 0.008771325770342031 0.3002699283971709 0
2537 0.008800683644622498 0.298685716845759 0
2538 0.008832656238738143 0.2970243754252874 0
2539 0.008867417040565267 0.295283777157569 0
2540 0.008905366845745635 0.2934624019793976 0
2541 0.008946537381963035 0.2915686707092556 0
2542 0.008990809354261142 0.2895863508936766 0
2543 0.009035394644320021 0.2875230410123132 0
2544 0.009075842182267355 0.2854089141444031 0
2545 0.009109963937283855 0.2831788851250761 0
2546 0.009134741299028363 0.2808619408194651 0
2547 0.009148897167443168 0.2784564354717142 0
2548 0.009152270868319705 0.2759619782145501 0
2549 0.00914554169938075 0.273379407764141 0
2550 0.009129881100740861 0.2707105695196294 0
2551 0.009106643278973975 0.2679580671374083 0
2552 0.00907714759682546 0.2651250710747418 0
2553 0.009042556976332737 0.262215202365753 0
2554 0.009003831402919786 0.2592324765138589 0
2555 0.008961729226535374 0.2561812847063982 0
2556 0.008916833005223756 0.253066391689122 0
2557 0.008869584494964979 0.2498929370922166 0
2558 0.008820319145352779 0.2466664316966981 0
2559 0.008769296387516673 0.2433927454633191 0
2560 0.008716723655865271 0.2400780856809676 0
2561 0.008662774887153652 0.2367289658608017 0
2562 0.008607603568472084 0.2333521659533245 0
2563 0.008551352003862889 0.2299546854920214 0
2564 0.00849415721579728 0.2265436908664049 0
2565 0.008436154737249291 0.2231264583241778 0
2566 0.008377480462564148 0.2197103139966571 0
2567 0.008318271406875523 0.2163025724458507 0
2568 0.008258665428147204 0.2129104750183258 0
2569 0.008198800334115325 0.2095411293291264 0
2570 0.008138812304528575 0.2062014510466612 0
2571 0.008078833833494234 0.2028981091052068 0
2572 0.008018991084127937 0.1996374753187177 0
2573 0.007959400675673221 0.1964255792531777 0
2574 0.00790016576047254 0.1932680690495155 0
2575 0.007841371351808879 0.1901701787284908 0
2576 0.007783078815261986 0.1871367023200715 0
2577 0.007725319565232903 0.1841719749585901 0
2578 0.00766808812741863 0.1812798608598084 0
2579 0.00761133500452588 0.1784637478395184 0
2580 0.007554960128411821 0.1757265477457778 0
2581 0.007498808161068734 0.1730707018538268 0
2582 0.007442667429271449 0.1704981899504658 0
2583 0.007386274738617197 0.1680105415661853 0
2584 0.007329328475304572 0.1656088477351488 0
2585 0.007271511946973606 0.1632937719368212 0
2586 0.007212527500803995 0.1610655596945175 0
2587 0.007152139409780369 0.1589240477260481 0
2588 0.007090220129633932 0.1568686753437978 0
2589 0.007026791255779506 0.154898502317823 0
2590 0.006962048915331165 0.1530122377379076 0
2591 0.006896364852246513 0.1512082831852084 0
2592 0.00683025930196223 0.1494847996621247 0
2593 0.00676444482429397 0.1478428744696756 0
2594 0.006699362060491466 0.146273728141116 0
2595 0.006635833988316247 0.1447784717610922 0
2596 0.006574441359139566 0.1433548567794456 0
2597 0.006515642733276215 0.1420005998892874 0
2598 0.006459761922471281 0.1407133946790582 0
2599 0.006406989446521278 0.1394909173729987 0
2600 0.006357394693489797 0.1383308327463791 0
2601 0.006310944758584061 0.1372308004684283 0
2602 0.006267526420650536 0.136188481559647 0
2603 0.006226968521285431 0.135201543743333 0
2604 0.006189067064688512 0.1342677520603999 0
2605 0.006153605493805481 0.1333846050913441 0
2606 0.006120328737195667 0.1325501154825639 0
2607 0.006089000964205988 0.1317620329992672 0
2608 0.006059404570493442 0.13101816882033 0
2609 0.006031344613575024 0.1303163893906009 0
2610 0.006004652919067374 0.1296546194863755 0
2611 0.005979191455793103 0.1290308449069048 0
2612 0.005954855326581402 0.1284431139519944 0
2613 0.005931575749622945 0.127889537515888 0
2614 0.005909323418456846 0.1273682876788187 0
2615 0.005888112703703487 0.1268775945582421 0
2616 0.005868007349555004 0.1264157409637743 0
2617 0.005849128648413699 0.1259810540507428 0
2618 0.005831667594869343 0.1255718926644501 0
2619 0.0058159033072361 0.1251866283672023 0
2620 0.005802231211419625 0.1248236171678364 0
2621 0.0057912065266019 0.1244811576407324 0
2622 0.005783612400509017 0.1241574290950552 0
2623 0.007541938407652471 0.3141948184208549 0
2624 0.007518868265261078 0.3133385249458984 0
2625 0.007492199469722219 0.312437236996527 0
2626 0.007466001648322345 0.3114870623347404 0
2627 0.007442738014349726 0.3104846386827085 0
2628 0.007423850412024874 0.3094269753925123 0
2629 0.007410111521434094 0.3083113419722773 0
2630 0.007401867989278774 0.3071362702527358 0
2631 0.007398996696469652 0.3058978708836285 0
2632 0.007401126452185345 0.3045945370451719 0
2633 0.007407652488912814 0.3032239734536032 0
2634 0.007417822149020805 0.3017838386947133 0
2635 0.007430793145960155 0.300272085666113 0
2636 0.00744605479801077 0.2986854329256713 0
2637 0.00746327979966011 0.2970217716224888 0
2638 0.007482391310398334 0.2952790513466084 0
2639 0.007503442677920063 0.2934556163017941 0
2640 0.007526261573606644 0.2915580985658934 0
2641 0.007550484888586666 0.289572166508445 0
2642 0.007574252104138115 0.2875036584671646 0
2643 0.00759477879871569 0.2853780272161482 0
2644 0.007610266793665258 0.2831411986081191 0
2645 0.007618697058353641 0.2808181276371037 0
2646 0.007619068318218134 0.2784075908757277 0
2647 0.007611171463753237 0.2759093903393864 0
2648 0.007595426839154472 0.2733243431656591 0
2649 0.007572648346267224 0.2706541455589201 0
2650 0.00754381843177988 0.2679012042251735 0
2651 0.007509920464233353 0.2650684954513711 0
2652 0.007471838962881837 0.2621594726678464 0
2653 0.007430316715378929 0.2591780171452979 0
2654 0.007385950173528732 0.2561284172260084 0
2655 0.007339205728507905 0.2530153609296245 0
2656 0.00729044456007022 0.2498439312837855 0
2657 0.00723994815322688 0.2466195973235492 0
2658 0.007187941058416806 0.2433481977581979 0
2659 0.007134609114439568 0.2400359158575532 0
2660 0.007080113448596445 0.2366892459019753 0
2661 0.007024600344258603 0.2333149517422921 0
2662 0.006968208136457502 0.2299200187856673 0
2663 0.006911071528258331 0.2265116005436729 0
2664 0.006853324236047326 0.2230969611683319 0
2665 0.006795100163216383 0.219683415229955 0
2666 0.006736533714782683 0.2162782661304972 0
2667 0.0066777593381615 0.2128887444089325 0
2668 0.006618910597617393 0.2095219472092641 0
2669 0.006560118760715632 0.2061847800630832 0
2670 0.00650151104560474 0.2028839020803457 0
2671 0.006443208467793662 0.1996256755039268 0
2672 0.00638532330568579 0.1964161204615072 0
2673 0.006327956095297966 0.1932608755878451 0
2674 0.006271192135012375 0.1901651650283813 0
2675 0.006215097453942903 0.1871337721511394 0
2676 0.006159714293541388 0.1841710201003348 0
2677 0.006105056246489952 0.1812807591157678 0
2678 0.006051103402415891 0.1784663603140563 0
2679 0.005997798103820054 0.1757307153842127 0
2680 0.005945042254173376 0.1730762413930798 0
2681 0.005892697467958394 0.1705048896582213 0
2682 0.005840589618967285 0.1680181574729042 0
2683 0.005788519347673964 0.1656171014602731 0
2684 0.005736279609035054 0.1633023515960406 0
2685 0.005683680185911855 0.1610741255716522 0
2686 0.005630577232244797 0.1589322441378775 0
2687 0.005576903676814256 0.1568761491374594 0
2688 0.005522694457479903 0.1549049265989792 0
2689 0.005468100068903427 0.15301733695787 0
2690 0.005413383487816012 0.1512118530546939 0
2691 0.005358898875487817 0.1494867094909978 0
2692 0.005305115613395537 0.1478424147286671 0
2693 0.005252327169827871 0.1462718082114569 0
2694 0.005201060993387845 0.1447753204477575 0
2695 0.005151681519177533 0.1433507091163195 0
2696 0.005104469735676478 0.1419956889023889 0
2697 0.005059615847170656 0.1407079402982016 0
2698 0.005017221039758387 0.1394851178309447 0
2699 0.004977306090701286 0.1383248591014679 0
2700 0.004939824136122875 0.1372247940637649 0
2701 0.004904675250140971 0.1361825540727957 0
2702 0.00487172106152743 0.1351957797283557 0
2703 0.004840800977505219 0.1342621957690538 0
2704 0.004811745873386423 0.1333793201919703 0
2705 0.004784357957877983 0.1325450814215402 0
2706 0.004758451810579665 0.1317572281551197 0
2707 0.004733852086421394 0.1310135705889793 0
2708 0.004710396710057877 0.1303119771061913 0
2709 0.004687940255345968 0.1296503771107563 0
2710 0.004666357366248476 0.1290267632789242 0
2711 0.004645546542819897 0.1284391925822738 0
2712 0.004625434616363533 0.1278857859170859 0
2713 0.004605982227460183 0.1273647261997701 0
2714 0.004587190673689808 0.1268742546657681 0
2715 0.004569110676668545 0.1264126648668781 0
2716 0.004551853989077908 0.1259782934543189 0
2717 0.00453560939401079 0.1255695062187044 0
2718 0.004520665642970338 0.1251846769825687 0
2719 0.004507445412770699 0.1248221557356246 0
2720 0.00449655691007442 0.1244802207702522 0
2721 0.004488874486386681 0.1241570071731376 0
2722 0.006092374378148959 0.3141962870909921 0
2723 0.00606504261999743 0.3133416984234666 0
2724 0.006033565434168232 0.3124420535910583 0
2725 0.006002474521834484 0.3114933127912199 0
2726 0.005974284062997911 0.3104920514790056 0
2727 0.00595025542657542 0.309435255405043 0
2728 0.005930879817834064 0.3083201779241839 0
2729 0.005916207405411633 0.3071450954132492 0
2730 0.005905921086020013 0.3059063691868949 0
2731 0.005899558283308782 0.3046022104234974 0
2732 0.0058965355194429 0.3032303028419482 0
2733 0.005896214872357079 0.301788335147009 0
2734 0.005897936178513788 0.3002743063694377 0
2735 0.005901237786819814 0.2986852845682121 0
2736 0.005905775055934238 0.2970192560272907 0
2737 0.005911351476737502 0.295274219111376 0
2738 0.005917845224769222 0.293448404112222 0
2739 0.005925033038557845 0.2915465229603852 0
2740 0.005932516184428263 0.2895568429478268 0
2741 0.005939160316342652 0.2874834053590746 0
2742 0.005943403944285644 0.2853459724158765 0
2743 0.005943930752330353 0.283102999727651 0
2744 0.005939578174253389 0.2807743409139682 0
2745 0.005929675773154434 0.2783591121612778 0
2746 0.005914051178504185 0.2758573386931179 0
2747 0.005892944969283833 0.2732698842152155 0
2748 0.005866868407029713 0.2705983579606399 0
2749 0.005836459415110302 0.2678450099214741 0
2750 0.005802370445546823 0.265012640862727 0
2751 0.005765198720209664 0.2621045403502242 0
2752 0.005725454050064041 0.2591244511489066 0
2753 0.005683553014122293 0.2560765514055578 0
2754 0.005639828117183625 0.2529654447566425 0
2755 0.005594543455134381 0.2497961509324562 0
2756 0.005547911335604189 0.2465740918396423 0
2757 0.005500107263253582 0.2433050708228472 0
2758 0.005451281997690885 0.2399952440776033 0
2759 0.005401570762682741 0.2366510844469856 0
2760 0.005351099694156572 0.2332793381333955 0
2761 0.005299990243865745 0.2298869753935865 0
2762 0.005248361848804843 0.2264811362626966 0
2763 0.005196333446409404 0.2230690725612223 0
2764 0.005144024012767385 0.2196580873773847 0
2765 0.005091552513971389 0.2162554733135779 0
2766 0.0050390373560542 0.212868450714607 0
2767 0.004986595531115639 0.2095041070947724 0
2768 0.004934341466122459 0.2061693388928275 0
2769 0.004882385670470092 0.2028707966165034 0
2770 0.004830833156016662 0.1996148343141031 0
2771 0.004779781645376762 0.1964074641852808 0
2772 0.004729319521581738 0.1932543169879103 0
2773 0.004679523512518192 0.1901606087361442 0
2774 0.004630456090795942 0.187131114007252 0
2775 0.00458216262988421 0.1841701459912326 0
2776 0.004534668420239274 0.1812815432261835 0
2777 0.004487975778750151 0.1784686627649778 0
2778 0.004442061643611702 0.1757343793191989 0
2779 0.004396876251667037 0.1730810897295127 0
2780 0.004352343695254583 0.1705107219404181 0
2781 0.004308365288447762 0.1680247475432039 0
2782 0.004264826623627755 0.1656241969541618 0
2783 0.004221608839276251 0.1633096764723379 0
2784 0.004178603853564905 0.1610813868532744 0
2785 0.004135732171854365 0.1589391435903058 0
2786 0.00409296059787311 0.1568823996339836 0
2787 0.004050316237130228 0.1549102714634435 0
2788 0.004007893127665612 0.1530215688349422 0
2789 0.003965848950400131 0.1512148267401588 0
2790 0.003924391143165127 0.1494883369773353 0
2791 0.003883784846104989 0.1478419897110894 0
2792 0.003844204386920036 0.1462702159977608 0
2793 0.003805944418187139 0.1447727425799186 0
2794 0.003769203677689199 0.1433473293080784 0
2795 0.003734130636515447 0.1419916897363319 0
2796 0.003700819461187254 0.1407034942991787 0
2797 0.003669311367235014 0.139480380126911 0
2798 0.003639599904662426 0.1383199627640853 0
2799 0.003611638555616321 0.137219847976389 0
2800 0.003585349250653105 0.1361776429210644 0
2801 0.003560630768042047 0.1351909658593641 0
2802 0.003537367929791414 0.1342575044363194 0
2803 0.003515441039305122 0.1333748053529688 0
2804 0.003494707862276198 0.132540722669496 0
2805 0.003475033112339898 0.1317530018942623 0
2806 0.003456284307710328 0.1310094510257362 0
2807 0.003438333113538928 0.1303079391279643 0
2808 0.003421057032390026 0.1296463992242435 0
2809 0.003404341521000714 0.1290228305707849 0
2810 0.003388082972387771 0.1284352997191762 0
2811 0.003372193067762694 0.1278819401284698 0
2812 0.003356605052151606 0.1273609500825973 0
2813 0.003341282570566054 0.126870588533124 0
2814 0.003326231877277511 0.1264091682254981 0
2815 0.003311518574441217 0.1259750450173127 0
2816 0.003297290656075231 0.12556660158781 0
2817 0.003283810684337314 0.1251822226865914 0
2818 0.003271501672396619 0.1248202575847439 0
2819 0.00326101432160157 0.1244789633440465 0
2820 0.003253329259206487 0.1241564195289777 0
2821 0.004383641368249834 0.3141983295556278 0
2822 0.004354126648258938 0.3133459166807721 0
2823 0.004321100940220297 0.3124481653155994 0
2824 0.004289151181614289 0.3115008699681467 0
2825 0.004260472614137988 0.3105005875060921 0
2826 0.004235873391065856 0.3094443491641891 0
2827 0.004215402848925526 0.3083294624848148 0
2828 0.004198749312603511 0.3071539894848044 0
2829 0.004185387776764651 0.3059146654618324 0
2830 0.004174766530701905 0.3046095321999847 0
2831 0.004166329874503876 0.3032362677038135 0
2832 0.004159553065598366 0.3017925798979784 0
2833 0.004153945258940632 0.3002764386164244 0
2834 0.004149147614376196 0.2986852146839795 0
2835 0.004144878263126966 0.2970169334721964 0
2836 0.004140940524167852 0.2952696278550457 0
2837 0.004137182828408603 0.2934414517656603 0
2838 0.004133432456046139 0.2915350175389654 0
2839 0.004129405535050556 0.2895419076257506 0
2840 0.004124526345472141 0.2874642627012292 0
2841 0.004118075168373002 0.2853150723828852 0
2842 0.004109296091260548 0.2830670669939103 0
2843 0.004097666672883898 0.2807337666760493 0
2844 0.004082839026694051 0.2783145608579775 0
2845 0.004064718863998627 0.2758097131506766 0
2846 0.004043426693660852 0.2732201788274183 0
2847 0.004019227827753097 0.2705475293706125 0
2848 0.003992458951346124 0.2677938983283943 0
2849 0.003963469457696656 0.2649619384954637 0
2850 0.003932584037901924 0.2620547920544601 0
2851 0.003900084798588268 0.2590760720458149 0
2852 0.003866207410199842 0.2560298506220492 0
2853 0.003831145398664284 0.2529206488097334 0
2854 0.003795058070104795 0.2497534237021232 0
2855 0.003758079059951565 0.2465335502978546 0
2856 0.003720324066756126 0.2432667967121498 0
2857 0.00368189704798825 0.2399592922632351 0
2858 0.003642894896879717 0.2366174887004922 0
2859 0.003603410645315844 0.2332481150925854 0
2860 0.00356353556766528 0.229858127253388 0
2861 0.003523360355525803 0.2264546526432322 0
2862 0.003482975673422351 0.2230449318495598 0
2863 0.003442472197563808 0.2196362577636476 0
2864 0.003401940346707807 0.2162359136493831 0
2865 0.003361469756177763 0.2128511112768588 0
2866 0.00332114860432879 0.2094889302907615 0
2867 0.003281062800772235 0.2061562599181846 0
2868 0.003241295091679902 0.2028597440507131 0
2869 0.003201924073280597 0.1996057306219428 0
2870 0.003163023127339491 0.1964002260758203 0
2871 0.003124659258935041 0.1932488555704326 0
2872 0.003086891838072754 0.190156829401851 0
2873 0.003049771238935555 0.1871289159614247 0
2874 0.00301333740139275 0.1841694213660868 0
2875 0.002977618369343886 0.1812821757270589 0
2876 0.00294262892425408 0.1784705258513575 0
2877 0.002908369507864818 0.1757373340075244 0
2878 0.002874825724790133 0.173084982236402 0
2879 0.002841968805689658 0.1705153815625759 0
2880 0.002809757464469251 0.1680299853774936 0
2881 0.002778141542727744 0.1656298062496024 0
2882 0.002747067642546604 0.1633154354923379 0
2883 0.00271648656758706 0.1610870650005768 0
2884 0.002686361846612467 0.1589445111140764 0
2885 0.00265667803394997 0.1568872404847848 0
2886 0.002627447091330201 0.1549143979157162 0
2887 0.00259871119974435 0.1530248355349958 0
2888 0.002570540920425701 0.1512171403612287 0
2889 0.002543028400098635 0.1494896500070408 0
2890 0.002516285055598712 0.1478416066589788 0
2891 0.002490392685534703 0.146268978562358 0
2892 0.002465476921353342 0.1447707756539154 0
2893 0.002441619091110121 0.1433447627577704 0
2894 0.002418876550163947 0.1419886559510852 0
2895 0.002397280680944281 0.1407001196690374 0
2896 0.002376837611055538 0.1394767784969225 0
2897 0.002357530770900082 0.1383162314603517 0
2898 0.00233932448550214 0.1372160659897798 0
2899 0.002322167926420533 0.1361738707596511 0
2900 0.002305998925073691 0.1351872467050456 0
2901 0.002290748075186722 0.1342538481576968 0
2902 0.002276345313812469 0.1333712567063361 0
2903 0.00226270387916125 0.1325372596517283 0
2904 0.002249740837559799 0.1317495980480537 0
2905 0.002237371711958831 0.1310060762234775 0
2906 0.002225510124025886 0.1303045615187018 0
2907 0.002214067443198288 0.1296429875228026 0
2908 0.002202952527132459 0.1290193568937502 0
2909 0.002192071949317664 0.1284317432036278 0
2910 0.00218133131170742 0.1278782915127608 0
2911 0.002170638512310384 0.127357217277134 0
2912 0.002159910221551217 0.126866802934247 0
2913 0.002149083345641371 0.1264053910937002 0
2914 0.002138133949179674 0.1259713726384501 0
2915 0.002127107009675039 0.1255631671648732 0
2916 0.002116161571973087 0.1251791919842296 0
2917 0.00210563764045399 0.1248178142746343 0
2918 0.002096154352322103 0.1244772787063839 0
2919 0.002088756045818014 0.1241555994753824 0
2920 0.002367765288267106 0.3142013676090777 0
2921 0.002342424787650684 0.3133517973248331 0
2922 0.002316179685885477 0.312456041290529 0
2923 0.002292267065115363 0.3115098575324135 0
2924 0.002271727559052849 0.310509995177795 0
2925 0.002254543393717583 0.3094537062968031 0
2926 0.002240262537354661 0.3083384663802852 0
2927 0.002228325088881971 0.3071621535206692 0
2928 0.002218175230084116 0.3059219785838939 0
2929 0.002209342628163276 0.3046157955248348 0
2930 0.00220143641215713 0.3032412740818221 0
2931 0.002194138917419338 0.3017961238271673 0
2932 0.002187184116041092 0.3002782205083575 0
2933 0.002180386438085406 0.29868520877024 0
2934 0.002173599986045929 0.2970151075671485 0
2935 0.002166718621334498 0.295265987536744 0
2936 0.002159659181153819 0.293435999737115 0
2937 0.00215234438699542 0.2915254897063985 0
2938 0.002144672793641529 0.2895299447333825 0
2939 0.002136460735204007 0.2874495869427613 0
2940 0.002127496902273015 0.2852897549508651 0
2941 0.002117555369825005 0.2830385809050557 0
2942 0.002106497724198898 0.2807021397181138 0
2943 0.002094223286377838 0.2782801562803269 0
2944 0.002080708672852818 0.2757731441543591 0
2945 0.002065994635433544 0.2731821638178881 0
2946 0.002050165482408495 0.2705087788512407 0
2947 0.002033327707118012 0.2677550459008 0
2948 0.002015592904366192 0.2649235102480066 0
2949 0.001997066867547671 0.2620172026537693 0
2950 0.001977844372728004 0.2590396358448241 0
2951 0.001958008051595174 0.2559947988360286 0
2952 0.001937629634421381 0.2528871472714421 0
2953 0.001916772231386114 0.249721588398555 0
2954 0.001895492777685281 0.2465034597896829 0
2955 0.001873844206571293 0.2432385014506868 0
2956 0.001851877151992089 0.2399328213182682 0
2957 0.001829641175807047 0.2365928544700973 0
2958 0.001807185550245203 0.2332253165763648 0
2959 0.001784559695992049 0.2298371523225644 0
2960 0.001761813340482972 0.2264354796601376 0
2961 0.001738996481558739 0.2230275308673527 0
2962 0.001716159199558259 0.2196205914785423 0
2963 0.00169335137517718 0.2162219382030638 0
2964 0.001670622337758391 0.2128387769729649 0
2965 0.001648020475143277 0.2094781822519979 0
2966 0.001625592815690032 0.2061470386932157 0
2967 0.00160338459876331 0.2028519861599382 0
2968 0.00158143883670001 0.1995993690206356 0
2969 0.001559795873438824 0.1963951905018804 0
2970 0.001538492938128323 0.1932450727369849 0
2971 0.00151756369509043 0.1901542229892182 0
2972 0.001497037790562077 0.1871274063622962 0
2973 0.001476940403478954 0.1841689251439729 0
2974 0.001457291816031384 0.1812826047660534 0
2975 0.001438107035893528 0.1784717862110055 0
2976 0.001419395522140945 0.1757393245558244 0
2977 0.001401161091759924 0.1730875932218559 0
2978 0.001383402106500598 0.1705184933995376 0
2979 0.001366112051996882 0.1680334680445079 0
2980 0.001349280607874954 0.1656335198028548 0
2981 0.001332895254018977 0.163319232223397 0
2982 0.001316943355183383 0.1610907936546883 0
2983 0.001301414522040708 0.1589480232925117 0
2984 0.001286302896920336 0.156890398910337 0
2985 0.001271608916903259 0.154917085804875 0
2986 0.00125734013098012 0.1530269662170728 0
2987 0.001243510828210771 0.1512186667539143 0
2988 0.001230140515071865 0.149490570328122 0
2989 0.001217248957874756 0.1478412921785474 0
2990 0.001204855578979754 0.1462681573861615 0
2991 0.001192985491676715 0.1447695006678001 0
2992 0.001181652173853568 0.1433431073512446 0
2993 0.001170862624181052 0.1419867011068087 0
2994 0.001160616659520526 0.1406979444162976 0
2995 0.001150907131455573 0.139474454421548 0
2996 0.001141720644571766 0.1383138197121642 0
2997 0.001133038535849609 0.1372136159467213 0
2998 0.001124837920387555 0.1361714198870343 0
2999 0.001117092641252753 0.1351848213181263 0
3000 0.001109774220620525 0.1342514468130849 0
3001 0.00110285611242029 0.1333689159845945 0
3002 0.001096302301530081 0.1325349579710325 0
3003 0.001090079483078027 0.1317473107247215 0
3004 0.001084152436573461 0.1310037744888053 0
3005 0.001078483347310118 0.1303022125132104 0
3006 0.001073030750152858 0.1296405546971529 0
3007 0.001067748044670165 0.1290168009475595 0
3008 0.001062581600080409 0.128429023948303 0
3009 0.001057468566401056 0.1278753712732766 0
3010 0.001052334760779934 0.1273540666413485 0
3011 0.001047093519478047 0.1268634097303686 0
3012 0.001041647349342871 0.1264017732479555 0
3013 0.00103589574535909 0.1259675947525338 0
3014 0.00102975479002052 0.1255593588869519 0
3015 0.001023197161628618 0.1251755631270986 0
3016 0.00101632503255919 0.1248146567654967 0
3017 0.001009493826729579 0.1244749382437736 0
3018 0.001003515624715314 0.1241543883445915 0
3019 0.01450314960629921 0.3396108 0
3020 0.01450661249741104 0.3387312256575959 0
3021 0.01451039320745483 0.3377709253064717 0
3022 0.01451448940791153 0.3367304903904721 0
3023 0.01451889075756405 0.33561254757873 0
3024 0.01452357802952411 0.3344219805008777 0
3025 0.01452852265958375 0.3331660444657269 0
3026 0.01453368684361224 0.3318543417224903 0
3027 0.01453902427016025 0.3304986353792964 0
3028 0.01454448150950212 0.3291124965864609 0
3029 0.01455 0.3277108000000001 0
3030 0.01455551849049788 0.326309103413539 0
3031 0.01456097572983975 0.3249229646207036 0
3032 0.01456631315638776 0.3235672582775097 0
3033 0.01457147734041625 0.322255555534273 0
3034 0.01457642197047589 0.3209996194991223 0
3035 0.01458110924243594 0.3198090524212699 0
3036 0.01458551059208848 0.3186911096095278 0
3037 0.01458960679254516 0.3176506746935282 0
3038 0.01459338750258896 0.3166903743424041 0
3039 0.01459685039370079 0.3158108000000001 0
3040 0.01399565158205108 0.3396108 0
3041 0.01400254032918441 0.3387312256575959 0
3042 0.01401006131515685 0.3377709253064717 0
3043 0.01401820990783341 0.336730490390472 0
3044 0.01402696553537771 0.3356125475787301 0
3045 0.01403628994964175 0.3344219805008777 0
3046 0.0140461263276995 0.3331660444657268 0
3047 0.01405639946559885 0.3318543417224903 0
3048 0.01406701723573501 0.3304986353792964 0
3049 0.01407787335007941 0.3291124965864609 0
3050 0.01408885131166408 0.3277108 0
3051 0.01409982927324876 0.326309103413539 0
3052 0.01411068538759316 0.3249229646207035 0
3053 0.01412130315772932 0.3235672582775096 0
3054 0.01413157629562867 0.322255555534273 0
3055 0.01414141267368643 0.3209996194991222 0
3056 0.01415073708795046 0.3198090524212699 0
3057 0.01415949271549476 0.3186911096095277 0
3058 0.01416764130817132 0.3176506746935281 0
3059 0.01417516229414376 0.3166903743424041 0
3060 0.01418205104127709 0.3158107999999999 0
3061 0.01346662933320828 0.3396108 0
3062 0.01347686585114436 0.3387312256575958 0
3063 0.01348804186128289 0.3377709253064718 0
3064 0.01350015048037908 0.3367304903904721 0
3065 0.01351316113916277 0.33561254757873 0
3066 0.01352701700177607 0.3344219805008776 0
3067 0.01354163363067324 0.3331660444657268 0
3068 0.01355689927453143 0.3318543417224903 0
3069 0.01357267703387378 0.3304986353792964 0
3070 0.0135888089671632 0.3291124965864609 0
3071 0.01360512196261624 0.3277108000000001 0
3072 0.01362143495806928 0.3263091034135389 0
3073 0.01363756689135871 0.3249229646207035 0
3074 0.01365334465070106 0.3235672582775097 0
3075 0.01366861029455925 0.3222555555342731 0
3076 0.01368322692345641 0.3209996194991223 0
3077 0.01369708278606972 0.31980905242127 0
3078 0.0137100934448534 0.3186911096095279 0
3079 0.01372220206394959 0.3176506746935282 0
3080 0.01373337807408813 0.3166903743424041 0
3081 0.01374361459202421 0.3158107999999999 0
3082 0.01290474339253283 0.3396108 0
3083 0.01291820033630705 0.3387312256575958 0
3084 0.01293289233811798 0.3377709253064718 0
3085 0.01294881034924035 0.3367304903904721 0
3086 0.01296591418325999 0.33561254757873 0
3087 0.01298412912366209 0.3344219805008777 0
3088 0.01300334416870632 0.3331660444657269 0
3089 0.01302341240991488 0.3318543417224903 0
3090 0.01304415387900419 0.3304986353792964 0
3091 0.01306536094576272 0.3291124965864609 0
3092 0.01308680603714746 0.3277108 0
3093 0.0131082511285322 0.326309103413539 0
3094 0.01312945819529074 0.3249229646207037 0
3095 0.01315019966438004 0.3235672582775098 0
3096 0.01317026790558861 0.3222555555342731 0
3097 0.01318948295063284 0.3209996194991223 0
3098 0.01320769789103493 0.31980905242127 0
3099 0.01322480172505457 0.3186911096095278 0
3100 0.01324071973617695 0.3176506746935282 0
3101 0.01325541173798787 0.3166903743424041 0
3102 0.0132688686817621 0.3158108 0
3103 0.01229794751002134 0.3396108 0
3104 0.01231443550507807 0.3387312256575959 0
3105 0.01233243674349418 0.3377709253064718 0
3106 0.01235194013840332 0.3367304903904721 0
3107 0.01237289645177567 0.3356125475787299 0
3108 0.01239521413789721 0.3344219805008776 0
3109 0.01241875719291918 0.333166044465727 0
3110 0.01244334561859707 0.3318543417224903 0
3111 0.01246875891046715 0.3304986353792965 0
3112 0.01249474267154611 0.3291124965864609 0
3113 0.01252101807008199 0.3277107999999999 0
3114 0.01254729346861787 0.3263091034135389 0
3115 0.01257327722969683 0.3249229646207036 0
3116 0.01259869052156692 0.3235672582775096 0
3117 0.01262327894724481 0.3222555555342731 0
3118 0.01264682200226677 0.3209996194991223 0
3119 0.01266913968838831 0.3198090524212699 0
3120 0.01269009600176067 0.3186911096095278 0
3121 0.01270959939666981 0.3176506746935282 0
3122 0.01272760063508591 0.3166903743424041 0
3123 0.01274408863014264 0.3158108000000001 0
3124 0.01163322947239232 0.3396108000000001 0
3125 0.01165247921940455 0.3387312256575959 0
3126 0.01167349567921211 0.3377709253064717 0
3127 0.01169626590788994 0.3367304903904721 0
3128 0.01172073242000006 0.33561254757873 0
3129 0.01174678833585035 0.3344219805008777 0
3130 0.01177427487084194 0.3331660444657269 0
3131 0.01180298187688482 0.3318543417224903 0
3132 0.01183265191484663 0.3304986353792965 0
3133 0.01186298797605209 0.329112496586461 0
3134 0.01189366452421462 0.3277107999999999 0
3135 0.01192434107237715 0.3263091034135389 0
3136 0.01195467713358262 0.3249229646207036 0
3137 0.01198434717154443 0.3235672582775096 0
3138 0.01201305417758731 0.3222555555342731 0
3139 0.01204054071257891 0.3209996194991223 0
3140 0.01206659662842919 0.3198090524212699 0
3141 0.01209106314053932 0.3186911096095278 0
3142 0.01211383336921714 0.3176506746935281 0
3143 0.0121348498290247 0.3166903743424042 0
3144 0.01215409957603693 0.3158108 0
3145 0.01089633104860042 0.3396108 0
3146 0.0109179695178038 0.3387312256575959 0
3147 0.01094159393312838 0.3377709253064718 0
3148 0.01096718974442325 0.3367304903904721 0
3149 0.01099469233281948 0.33561254757873 0
3150 0.01102398155580689 0.3344219805008777 0
3151 0.01105487892503181 0.3331660444657269 0
3152 0.01108714821489757 0.3318543417224903 0
3153 0.01112050004036789 0.3304986353792964 0
3154 0.01115460053663567 0.329112496586461 0
3155 0.01118908377125996 0.3277108 0
3156 0.01122356700588425 0.326309103413539 0
3157 0.01125766750215203 0.3249229646207036 0
3158 0.01129101932762235 0.3235672582775097 0
3159 0.01132328861748811 0.322255555534273 0
3160 0.01135418598671304 0.3209996194991223 0
3161 0.01138347520970043 0.31980905242127 0
3162 0.01141097779809667 0.3186911096095278 0
3163 0.01143657360939154 0.3176506746935282 0
3164 0.01146019802471611 0.3166903743424041 0
3165 0.0114818364939195 0.3158108 0
3166 0.01007144100446583 0.3396108 0
3167 0.01009496068580864 0.3387312256575959 0
3168 0.01012063896809016 0.3377709253064717 0
3169 0.01014846003619382 0.3367304903904721 0
3170 0.01017835365339483 0.3356125475787299 0
3171 0.01021018923219514 0.3344219805008777 0
3172 0.01024377276676365 0.3331660444657269 0
3173 0.01027884749444738 0.3318543417224903 0
3174 0.01031509887156145 0.3304986353792964 0
3175 0.01035216400765364 0.329112496586461 0
3176 0.01038964515673169 0.3277108 0
3177 0.01042712630580974 0.326309103413539 0
3178 0.01046419144190192 0.3249229646207036 0
3179 0.01050044281901599 0.3235672582775097 0
3180 0.01053551754669973 0.322255555534273 0
3181 0.01056910108126824 0.3209996194991223 0
3182 0.01060093666006855 0.31980905242127 0
3183 0.01063083027726957 0.3186911096095279 0
3184 0.01065865134537322 0.3176506746935282 0
3185 0.01068432962765473 0.3166903743424041 0
3186 0.01070784930899755 0.3158108 0
3187 0.00914085454378448 0.3396108 0
3188 0.009165574433271855 0.3387312256575959 0
3189 0.009192563076994221 0.3377709253064717 0
3190 0.009221803852790412 0.3367304903904721 0
3191 0.009253222939759156 0.33561254757873 0
3192 0.009286683086528989 0.3344219805008777 0
3193 0.009321980387161113 0.3331660444657269 0
3194 0.009358844976417403 0.3318543417224903 0
3195 0.009396946259464712 0.3304986353792964 0
3196 0.009435902827569464 0.329112496586461 0
3197 0.00947529663778162 0.3277108 0
3198 0.009514690447993777 0.326309103413539 0
3199 0.009553647016098529 0.3249229646207036 0
3200 0.009591748299145837 0.3235672582775097 0
3201 0.009628612888402128 0.3222555555342731 0
3202 0.009663910189034253 0.3209996194991223 0
3203 0.009697370335804084 0.31980905242127 0
3204 0.00972878942277283 0.3186911096095279 0
3205 0.009758030198569023 0.3176506746935281 0
3206 0.009785018842291384 0.3166903743424041 0
3207 0.009809738731778764 0.3158108 0
3208 0.008084591802873768 0.3396108 0
3209 0.008109608472069867 0.3387312256575959 0
3210 0.008136921133495739 0.3377709253064718 0
3211 0.008166512965429458 0.3367304903904721 0
3212 0.00819830926069777 0.3356125475787299 0
3213 0.008232171120129672 0.3344219805008777 0
3214 0.008267892189751769 0.3331660444657269 0
3215 0.008305199364403403 0.3318543417224903 0
3216 0.008343758080227279 0.3304986353792964 0
3217 0.008383182349408963 0.329112496586461 0
3218 0.008423049110097945 0.3277108 0
3219 0.008462915870786932 0.326309103413539 0
3220 0.008502340139968617 0.3249229646207036 0
3221 0.008540898855792492 0.3235672582775097 0
3222 0.008578206030444126 0.3222555555342729 0
3223 0.008613927100066221 0.3209996194991223 0
3224 0.008647788959498125 0.31980905242127 0
3225 0.008679585254766435 0.3186911096095278 0
3226 0.008709177086700154 0.3176506746935282 0
3227 0.00873648974812603 0.3166903743424041 0
3228 0.008761506417322127 0.3158108000000001 0
3229 0.006879967134386065 0.3396108 0
3230 0.006904093837440024 0.3387312256575959 0
3231 0.006930434852971306 0.3377709253064718 0
3232 0.006958973957689486 0.3367304903904721 0
3233 0.006989639102123428 0.3356125475787299 0
3234 0.007022296328429791 0.3344219805008777 0
3235 0.007056746623662401 0.3331660444657269 0
3236 0.007092726598356335 0.3318543417224903 0
3237 0.007129913590738589 0.3304986353792964 0
3238 0.007167935344482455 0.329112496586461 0
3239 0.007206383848131232 0.3277108 0
3240 0.007244832351780005 0.326309103413539 0
3241 0.007282854105523874 0.3249229646207036 0
3242 0.007320041097906128 0.3235672582775097 0
3243 0.007356021072600064 0.322255555534273 0
3244 0.007390471367832673 0.3209996194991223 0
3245 0.007423128594139037 0.31980905242127 0
3246 0.00745379373857298 0.3186911096095278 0
3247 0.007482332843291159 0.3176506746935282 0
3248 0.007508673858822441 0.3166903743424041 0
3249 0.007532800561876401 0.3158108 0
3250 0.005501099844831426 0.3396108 0
3251 0.005522791151959131 0.3387312256575959 0
3252 0.005546473254593166 0.3377709253064718 0
3253 0.005572131567053319 0.3367304903904721 0
3254 0.005599701312680994 0.3356125475787299 0
3255 0.00562906205559585 0.3344219805008777 0
3256 0.005660034871602221 0.3331660444657269 0
3257 0.005692382958275637 0.3318543417224903 0
3258 0.005725816223944599 0.3304986353792964 0
3259 0.005759999988553782 0.329112496586461 0
3260 0.005794567426109633 0.3277108 0
3261 0.005829134863665486 0.326309103413539 0
3262 0.005863318628274673 0.3249229646207036 0
3263 0.005896751893943633 0.3235672582775097 0
3264 0.005929099980617049 0.322255555534273 0
3265 0.005960072796623422 0.3209996194991223 0
3266 0.005989433539538278 0.31980905242127 0
3267 0.006017003285165952 0.3186911096095278 0
3268 0.006042661597626104 0.3176506746935282 0
3269 0.006066343700260139 0.3166903743424041 0
3270 0.006088035007387846 0.3158108 0
3271 0.003918355775067578 0.3396108 0
3272 0.003935614667093966 0.3387312256575959 0
3273 0.003954457554242827 0.3377709253064718 0
3274 0.003974872831280857 0.3367304903904721 0
3275 0.003996808958051904 0.3356125475787299 0
3276 0.004020170108617826 0.3344219805008777 0
3277 0.004044813920263664 0.3331660444657269 0
3278 0.004070551978918672 0.3318543417224903 0
3279 0.004097153470422758 0.3304986353792964 0
3280 0.004124352103449895 0.329112496586461 0
3281 0.004151856009456709 0.3277108 0
3282 0.004179359915463522 0.326309103413539 0
3283 0.00420655854849066 0.3249229646207036 0
3284 0.004233160039994745 0.3235672582775097 0
3285 0.004258898098649756 0.322255555534273 0
3286 0.004283541910295592 0.3209996194991223 0
3287 0.004306903060861515 0.31980905242127 0
3288 0.004328839187632561 0.3186911096095278 0
3289 0.004349254464670591 0.3176506746935282 0
3290 0.004368097351819451 0.3166903743424041 0
3291 0.004385356243845839 0.3158108 0
3292 0.002097707606023946 0.3396108 0
3293 0.00210797130238552 0.3387312256575959 0
3294 0.00211917698534452 0.3377709253064718 0
3295 0.002131317753380812 0.3367304903904721 0
3296 0.002144362956061424 0.3356125475787299 0
3297 0.002158255606626654 0.3344219805008777 0
3298 0.002172911043345188 0.3331660444657269 0
3299 0.002188217218189292 0.3318543417224903 0
3300 0.002204036868207699 0.3304986353792964 0
3301 0.002220211632521284 0.329112496586461 0
3302 0.002236567939726845 0.3277108 0
3303 0.002252924246932408 0.326309103413539 0
3304 0.002269099011245993 0.3249229646207036 0
3305 0.0022849186612644 0.3235672582775097 0
3306 0.002300224836108507 0.322255555534273 0
3307 0.002314880272827037 0.3209996194991224 0
3308 0.002328772923392269 0.31980905242127 0
3309 0.002341818126072881 0.3186911096095278 0
3310 0.002353958894109171 0.3176506746935282 0
3311 0.002365164577068172 0.3166903743424041 0
3312 0.002375428273429746 0.3158108 0
3313 0.07000521957849126 0.3412120803948027 0
3314 0.06497602317979731 0.3412124096085139 0
3315 0.05999506622539957 0.341212648879942 0
3316 0.05514128280028447 0.3412128279354686 0
3317 0.05048559809944311 0.3412129593255643 0
3318 0.04608716002984286 0.3412130526294426 0
3319 0.04199093115843376 0.3412131158581748 0
3320 0.03822680585906665 0.341213155860265 0
3321 0.0348101218312823 0.3412131784380492 0
3322 0.03174324599877593 0.3412131883833547 0
3323 0.02901783194681271 0.341213189524704 0
3324 0.02661735671615805 0.3412131848138371 0
3325 0.02451961796403213 0.3412131764457114 0
3326 0.02269897292813853 0.3412131659940379 0
3327 0.02112819980326547 0.3412131545446106 0
3328 0.01977994299928394 0.3412131428141189 0
3329 0.01862775995385172 0.3412131312483982 0
3330 0.01764681977668007 0.3412131200991728 0
3331 0.01681431776205852 0.3412131094820692 0
3332 0.01610967045590959 0.3412130994221623 0
3333 0.01551454913229987 0.3412130898977003 0
3334 0.01501280093862414 0.341213080895646 0
3335 0.01451112992331168 0.341213070838401 0
3336 0.0139988573169775 0.341213059257711 0
3337 0.01346511017992955 0.341213045511556 0
3338 0.01289857006301174 0.3412130287104273 0
3339 0.01228722621391882 0.3412130076099427 0
3340 0.01161811871427612 0.3412129804559744 0
3341 0.01087706357115338 0.3412129447627253 0
3342 0.010048353582142 0.3412128969970964 0
3343 0.009114429486857133 0.3412128321348719 0
3344 0.00805551700890827 0.3412127430476793 0
3345 0.00684922889189195 0.3412126196756123 0
3346 0.005470143850587235 0.3412124478925577 0
3347 0.003889433810738982 0.3412122070740547 0
3348 0.002075060558862599 0.3412118482743709 0
3349 0.07001828197472025 0.3420180628066458 0
3350 0.06500108852034137 0.3420187456475489 0
3351 0.06003177804988838 0.3420192739235795 0
3352 0.05518871090320981 0.3420196908725843 0
3353 0.05054224257689532 0.3420200084087902 0
3354 0.04615115823037824 0.3420202383679467 0
3355 0.04206028470074225 0.3420203940406101 0
3356 0.03829956744077413 0.3420204893864219 0
3357 0.03488452277084554 0.3420205379338513 0
3358 0.03181776658867136 0.3420205518721696 0
3359 0.02909122640187289 0.3420205415101299 0
3360 0.02668864681909809 0.3420205150971041 0
3361 0.02458806790272061 0.3420204789162596 0
3362 0.02276405477907015 0.3420204375385441 0
3363 0.02118955604973787 0.3420203941419876 0
3364 0.01983734998004903 0.3420203508304406 0
3365 0.01868109437166003 0.3420203089153016 0
3366 0.01769602935614997 0.3420202691466748 0
3367 0.01685939691776946 0.3420202318953477 0
3368 0.01615064271403251 0.3420201972949918 0
3369 0.01555146014179027 0.3420201653561903 0
3370 0.01504572775459104 0.3420201360606823 0
3371 0.01454013272354342 0.3420201043193444 0
3372 0.0140239522073935 0.3420200689819236 0
3373 0.01348627195027472 0.3420200285411327 0
3374 0.01291573798097249 0.3420199809865753 0
3375 0.01230030972818948 0.3420199235961762 0
3376 0.01162700348178331 0.3420198526404681 0
3377 0.01088161960716066 0.3420197629677132 0
3378 0.01004844904665585 0.3420196474312281 0
3379 0.009109956918412595 0.3420194961197547 0
3380 0.008046445945737729 0.3420192953701477 0
3381 0.006835716075280759 0.3420190266008263 0
3382 0.005452780591207119 0.3420186650646097 0
3383 0.003869875492292924 0.3420181775947143 0
3384 0.002057989082111325 0.3420175006007249 0
3385 0.0700364728863949 0.342834448102466 0
3386 0.0650365622414783 0.3428354703247946 0
3387 0.06008403376503967 0.3428363095255896 0
3388 0.05525641779076052 0.3428369975825261 0
3389 0.05062326075503908 0.3428375347683259 0
3390 0.04624282424994762 0.3428379290499686 0
3391 0.04215973002374311 0.3428381963382557 0
3392 0.03840398560331736 0.3428383573343502 0
3393 0.03499135556032192 0.3428384342505175 0
3394 0.03192480935663885 0.3428384482433263 0
3395 0.02919666753778216 0.3428384178075112 0
3396 0.02679106094766344 0.3428383580557156 0
3397 0.02468638089860415 0.3428382806570914 0
3398 0.02285749472030296 0.3428381941789648 0
3399 0.02127759994408721 0.3428381046162473 0
3400 0.01991967255309745 0.3428380159591597 0
3401 0.01875752274651845 0.3428379307134648 0
3402 0.01776650605368735 0.3428378503359603 0
3403 0.01692395298404364 0.3428377755784414 0
3404 0.01620938229896829 0.3428377067482016 0
3405 0.01560455645410367 0.3428376438976282 0
3406 0.01509342720945126 0.3428375869555138 0
3407 0.01458247728849055 0.3428375261142922 0
3408 0.01406094585301827 0.3428374594511988 0
3409 0.01351787810871352 0.3428373845190238 0
3410 0.01294188409125639 0.3428372981429181 0
3411 0.01232089540922708 0.3428371961341375 0
3412 0.01164191187969214 0.3428370728910234 0
3413 0.01089073352447578 0.3428369208523076 0
3414 0.01005167616832826 0.3428367297691164 0
3415 0.009107273249661745 0.3428364857835794 0
3416 0.008037976258341059 0.3428361703767454 0
3417 0.006821891946966249 0.3428357594495208 0
3418 0.005434671695468881 0.3428352232415475 0
3419 0.003849944794683987 0.3428345281666009 0
3420 0.002041944745996897 0.3428336347028585 0
3421 0.07005812603500169 0.3436668989313218 0
3422 0.06507944880436169 0.3436682293673628 0
3423 0.06014757641052907 0.3436693853871136 0
3424 0.05533899829480234 0.3436703626269459 0
3425 0.05072227863347573 0.3436711403128103 0
3426 0.04635503357187888 0.3436717173250926 0
3427 0.04228161947720097 0.3436721096498649 0
3428 0.03853210375720308 0.3436723439762151 0
3429 0.03512254267066337 0.3436724515397922 0
3430 0.03205633223660633 0.3436724633681058 0
3431 0.02932627326892235 0.3436724072431585 0
3432 0.02691697230966057 0.343672306214194 0
3433 0.02480725575923174 0.3436721782648638 0
3434 0.02297236734380356 0.3436720367005489 0
3435 0.02138581707604105 0.3436718908910497 0
3436 0.02002083270338505 0.3436717471130081 0
3437 0.01885142378428674 0.3436716093412449 0
3438 0.01785310385240172 0.3436714799180209 0
3439 0.01700333183359625 0.3436713600798057 0
3440 0.01628173558128088 0.3436712503478744 0
3441 0.01567017378875277 0.3436711508014076 0
3442 0.01515268304411451 0.3436710612577254 0
3443 0.01463540819186779 0.3436709664196708 0
3444 0.01410754748366891 0.3436708635609526 0
3445 0.01355810477990852 0.34367074928859 0
3446 0.01297565545391623 0.3436706193003283 0
3447 0.0123481082079121 0.3436704680476348 0
3448 0.01166245673931929 0.3436702882752607 0
3449 0.0109045186339555 0.3436700704087571 0
3450 0.01005866266426011 0.3436698017767308 0
3451 0.009107532424085758 0.3436694657099105 0
3452 0.008031789067923029 0.3436690407141066 0
3453 0.006809932808825785 0.3436685003135358 0
3454 0.005418365769588788 0.3436678151537628 0
3455 0.003832188594132349 0.3436669613202348 0
3456 0.00202847934228144 0.3436659428783508 0
3457 0.07008223596675603 0.3445211183268509 0
3458 0.06512787462305494 0.3445227213168281 0
3459 0.06021972133513052 0.3445241914776409 0
3460 0.05543303347424973 0.3445254674186896 0
3461 0.05083526006183413 0.3445264992130397 0
3462 0.04648327583711347 0.3445272721245728 0
3463 0.04242111845399117 0.3445277997972319 0
3464 0.03867890476268413 0.3445281139307953 0
3465 0.03527300848767066 0.3445282547357381 0
3466 0.03220730342126296 0.3445282635918815 0
3467 0.02947513583376688 0.3445281782892096 0
3468 0.02706165749306536 0.3445280305816434 0
3469 0.02494619713099942 0.3445278454719148 0
3470 0.02310443628402894 0.3445276415933441 0
3471 0.02151025199153727 0.3445274321533144 0
3472 0.02013717203684758 0.3445272260590245 0
3473 0.01895944851496234 0.3445270289966301 0
3474 0.01795279162385971 0.3445268443507932 0
3475 0.01709482177382616 0.3445266739273403 0
3476 0.01636530049085937 0.3445265184850207 0
3477 0.01574619549456393 0.3445263781049238 0
3478 0.01522162793158426 0.3445262524362717 0
3479 0.0146973150538861 0.3445261201840398 0
3480 0.01416240910480649 0.3445259778147323 0
3481 0.01360587062584099 0.3445258210127051 0
3482 0.0130162413382088 0.344525644414707 0
3483 0.01238141187432117 0.3445254412470983 0
3484 0.01168837978893636 0.3445252028423677 0
3485 0.01092299693947175 0.3445249180202477 0
3486 0.01006971025658858 0.3445245723525659 0
3487 0.009111308991789841 0.3445241474269874 0
3488 0.008028710798959379 0.3445236204710649 0
3489 0.006800864322017715 0.3445229653106635 0
3490 0.005404963265222577 0.3445221571758738 0
3491 0.003817504124955037 0.3445211878886056 0
3492 0.002017812319955675 0.3445201084691124 0
3493 0.07010821883298464 0.3454029132807717 0
3494 0.06518069959136212 0.3454047555043622 0
3495 0.06029881870270097 0.3454065333263359 0
3496 0.05553641746672816 0.3454081131068241 0
3497 0.05095971985266225 0.3454094088240761 0
3498 0.04662477956669547 0.3454103881272714 0
3499 0.04257526683312247 0.3454110600251891 0
3500 0.03884133192859494 0.345411460126659 0
3501 0.03543967964933845 0.3454116373284192 0
3502 0.03237469769140515 0.345411643580237 0
3503 0.02964032783136404 0.3454115271658478 0
3504 0.02722232321393969 0.345411329128084 0
3505 0.02510057143080579 0.3454110820633214 0
3506 0.02325124539478784 0.345410810438714 0
3507 0.0216486383846007 0.3454105317119132 0
3508 0.02026662278018891 0.345410257736291 0
3509 0.01907973289042357 0.3454099961339668 0
3510 0.01806390934906285 0.3454097514752021 0
3511 0.0171969599346891 0.3454095262078951 0
3512 0.0164587957908768 0.3454093213436177 0
3513 0.01583149904197686 0.3454091369393812 0
3514 0.01529927183866422 0.3454089724265141 0
3515 0.01476734395339258 0.3454088001578249 0
3516 0.01422481668012237 0.3454086157995239 0
3517 0.01366060501044681 0.3454084141449459 0
3518 0.01306321753827459 0.3454081888403546 0
3519 0.01242053078473903 0.3454079320175024 0
3520 0.01171955457167012 0.3454076338190509 0
3521 0.01094618906131016 0.3454072818216261 0
3522 0.01008498006181832 0.3454068604157359 0
3523 0.00911889023869061 0.3454063503403992 0
3524 0.008029126521964846 0.3454057289054123 0
3525 0.006795114367139244 0.3454049722354133 0
3526 0.005394830323172274 0.3454040628197737 0
3527 0.003806016310753019 0.3454030105836494 0
3528 0.002009665694428829 0.3454019081603073 0
3529 0.07013576321447357 0.3463182495617209 0
3530 0.06523726987260943 0.3463203035840816 0
3531 0.0603839092186997 0.3463223818914862 0
3532 0.05564792464260961 0.3463242689686334 0
3533 0.05109421669494505 0.3463258368679538 0
3534 0.04677794764436881 0.3463270320545505 0
3535 0.04274237384834222 0.3463278567237383 0
3536 0.03901765864441416 0.3463283492268298 0
3537 0.0356208427597005 0.3463285667117547 0
3538 0.03255685334753497 0.346328571753707 0
3539 0.02982026742029471 0.3463284234749616 0
3540 0.02739748690041026 0.3463281726863037 0
3541 0.02526900814946346 0.3463278600833053 0
3542 0.02341154447242787 0.3463275164329812 0
3543 0.02179985153791213 0.3463271638355822 0
3544 0.02040818832516331 0.3463268173962836 0
3545 0.01921140785587568 0.3463264868915265 0
3546 0.01818571045667202 0.3463261782148168 0
3547 0.01730911163604712 0.3463258945245752 0
3548 0.0165616830459303 0.3463256370999339 0
3549 0.01592562379310108 0.3463254059524942 0
3550 0.01538521382075115 0.3463252002552352 0
3551 0.01484515506709796 0.3463249857372622 0
3552 0.01429449363078314 0.3463247572726904 0
3553 0.0137220968402129 0.346324508793045 0
3554 0.01311644032612037 0.3463242330158095 0
3555 0.01246538950308341 0.3463239210891303 0
3556 0.01175597308423568 0.3463235621509332 0
3557 0.01097415058790662 0.3463231428301486 0
3558 0.01010458265288537 0.34632264679302 0
3559 0.009130425518080828 0.3463220546161307 0
3560 0.008033195837864038 0.346321344678997 0
3561 0.006792804228941098 0.3463204967097964 0
3562 0.005387971986846882 0.3463195017936432 0
3563 0.003797514893157277 0.3463183877741014 0
3564 0.002003621887458875 0.3463172805550082 0
3565 0.07016473632915635 0.3472733017493506 0
3566 0.06529725939045335 0.3472755476790624 0
3567 0.06047450182342182 0.3472779206800511 0
3568 0.05576692868033034 0.3472801186330766 0
3569 0.05123802286783956 0.3472819669185755 0
3570 0.04694198882078972 0.347283387616207 0
3571 0.04292162276583124 0.3472843740349875 0
3572 0.03920707679198113 0.3472849660722801 0
3573 0.03581572574221656 0.3472852286035812 0
3574 0.03275305418102828 0.3472852347869316 0
3575 0.03001430706284695 0.3472850548469065 0
3576 0.02758657693623635 0.3472847497868046 0
3577 0.0254510150181951 0.3472843688777065 0
3578 0.0235849216360719 0.3472839496418371 0
3579 0.02196355935681825 0.3472835192142198 0
3580 0.0205616139865849 0.3472830962610707 0
3581 0.01935429117902188 0.3472826929349638 0
3582 0.01831807681472054 0.3472823165929104 0
3583 0.01743121109953804 0.3472819711756399 0
3584 0.01667393490482376 0.347281658250496 0
3585 0.01602856674332665 0.3472813777713808 0
3586 0.01547946295619753 0.3472811286235882 0
3587 0.0149307698602414 0.3472808696752362 0
3588 0.01437147477127908 0.3472805950122526 0
3589 0.01379039541461893 0.3472802977248214 0
3590 0.01317597434435827 0.3472799696475889 0
3591 0.0125160680277827 0.3472796010291351 0
3592 0.0117977290582254 0.3472791801426924 0
3593 0.01100698460887978 0.3472786928902972 0
3594 0.01012862176254339 0.3472781225473267 0
3595 0.009146003879437647 0.3472774500075766 0
3596 0.008040967998464122 0.3472766553582796 0
3597 0.00679390480443467 0.3472757226387915 0
3598 0.005384228946974151 0.3472746518687557 0
3599 0.003791669718491509 0.3472734872456657 0
3600 0.001999268810905566 0.3472723798651137 0
3601 0.07019512463131287 0.3482745010392974 0
3602 0.06536056763925259 0.3482769271276188 0
3603 0.06057042944444449 0.3482795918683553 0
3604 0.05589321934082617 0.3482821056729246 0
3605 0.05139090800951489 0.348284243554689 0
3606 0.04711667590576149 0.3482859003443924 0
3607 0.04311281124372451 0.3482870584924445 0
3608 0.03940942656320497 0.3482877582371099 0
3609 0.03602422351621042 0.3482880716047441 0
3610 0.03296325632933959 0.348288082235277 0
3611 0.0302224657642219 0.3482878716759338 0
3612 0.02778967342725034 0.3482875115249689 0
3613 0.02564672949185684 0.3482870601020184 0
3614 0.02377156693805774 0.3482865621489408 0
3615 0.02213999901671546 0.3482860502421165 0
3616 0.02072717747899984 0.3482855469326389 0
3617 0.01950869278106333 0.3482850669835849 0
3618 0.01846134020930121 0.34828461936664 0
3619 0.01756360018849716 0.3482842088874728 0
3620 0.01679589136569908 0.348283837434227 0
3621 0.01614065539234123 0.3482835049037536 0
3622 0.01558232599774929 0.3482832098771768 0
3623 0.01502447407914156 0.3482829041237714 0
3624 0.01445602506046455 0.3482825809372273 0
3625 0.01386574523396337 0.3482822325741311 0
3626 0.01324204371675554 0.3482818500124248 0
3627 0.01257276947919827 0.3482814226544996 0
3628 0.01184500261806244 0.3482809380013094 0
3629 0.011044843961472 0.3482803813742605 0
3630 0.01015721507025492 0.3482797358736369 0
3631 0.009165694747410434 0.348278983003279 0
3632 0.00805244407535183 0.3482781048997836 0
3633 0.006798321130400188 0.3482770901632487 0
3634 0.005383380815054396 0.3482759474540399 0
3635 0.00378813345385977 0.3482747352821229 0
3636 0.001996251136941846 0.3482736235877208 0
3637 0.07022699596953305 0.3493285825093783 0
3638 0.06542725360613508 0.3493311851808865 0
3639 0.06067175526673699 0.3493341426276915 0
3640 0.05602688284363162 0.3493369796375432 0
3641 0.05155299744548681 0.3493394181486468 0
3642 0.04730218701954499 0.3493413232067263 0
3643 0.04331618079280921 0.3493426645329628 0
3644 0.03962501916934776 0.349343481506895 0
3645 0.03624671839899631 0.3493438526977442 0
3646 0.03318791004570632 0.3493438720920284 0
3647 0.03044525506386834 0.3493436327595251 0
3648 0.02800734047891947 0.3493432172940285 0
3649 0.02585675868400416 0.3493426935505013 0
3650 0.0239721208026517 0.3493421139777894 0
3651 0.02232983447201845 0.3493415170260162 0
3652 0.02090555605081214 0.3493409294794812 0
3653 0.01967529218080695 0.3493403689678845 0
3654 0.01861617078243541 0.3493398462483377 0
3655 0.01770692816861081 0.3493393670925948 0
3656 0.01692817053558714 0.3493389337600907 0
3657 0.01626246853001676 0.3493385461081159 0
3658 0.0156943368451274 0.3493382024119974 0
3659 0.01512675620581999 0.3493378470770278 0
3660 0.01454858733293106 0.3493374725899797 0
3661 0.01394854328239431 0.3493370703660613 0
3662 0.01331499914093576 0.3493366305302257 0
3663 0.01263579725992644 0.3493361416595451 0
3664 0.01189804779886606 0.3493355905274299 0
3665 0.01108792947675555 0.3493349619501323 0
3666 0.01019050368116418 0.3493342389626433 0
3667 0.00918956927238212 0.3493334038132358 0
3668 0.008067610726749299 0.3493324407979389 0
3669 0.00680593805645433 0.3493313430143975 0
3670 0.005385199217621076 0.3493301271530213 0
3671 0.003786587243179062 0.3493288641065599 0
3672 0.001994281450469059 0.349327738453245 0
3673 0.07026047540153683 0.3504426330098598 0
3674 0.06549749307483153 0.3504454166188612 0
3675 0.06077871205502064 0.3504486725309801 0
3676 0.05616822412483018 0.3504518433212361 0
3677 0.05172467982573738 0.3504545960225059 0
3678 0.04749900193778841 0.3504567636848715 0
3679 0.04353230544581109 0.3504583015387238 0
3680 0.03985452131794223 0.3504592469226529 0
3681 0.03648396346745911 0.3504596843235625 0
3682 0.03342784446609629 0.3504597179191851 0
3683 0.03068356711854472 0.3504594524947353 0
3684 0.02824051891791298 0.3504589820505553 0
3685 0.02608207755001155 0.3504583844886033 0
3686 0.02418757815081006 0.3504577204853066 0
3687 0.02253406686055028 0.3504570348325839 0
3688 0.02109774352999694 0.3504563589305619 0
3689 0.01985506258584424 0.3504557135632427 0
3690 0.01878350845257307 0.3504551114728505 0
3691 0.01786209039970422 0.3504545595250126 0
3692 0.01707161409834496 0.3504540604251243 0
3693 0.0163947876475515 0.3504536140294878 0
3694 0.01581621293597503 0.3504532183233274 0
3695 0.01523826899122663 0.3504528100334171 0
3696 0.01464974918014584 0.3504523808121548 0
3697 0.01403931148452559 0.3504519212078527 0
3698 0.01339529615853105 0.3504514204718875 0
3699 0.01270553938181441 0.3504508663434471 0
3700 0.0119571831816834 0.350450244866663 0
3701 0.01113648719350873 0.3504495403628777 0
3702 0.01022865621448879 0.3504487358198193 0
3703 0.009217711563226056 0.3504478142375067 0
3704 0.008086458556481064 0.3504467620153233 0
3705 0.006816644586022901 0.3504455765034137 0
3706 0.005389473797287828 0.3504442817350589 0
3707 0.003786757769851355 0.3504429594964143 0
3708 0.001993135450478031 0.3504418068190756 0
3709 0.07029572977386965 0.3516241405216581 0
3710 0.06557155123065579 0.3516271170205494 0
3711 0.06089166336113059 0.3516306827216675 0
3712 0.05631771703187748 0.3516342018985805 0
3713 0.05190654779908502 0.3516372855647336 0
3714 0.04770783545528227 0.3516397328855729 0
3715 0.04376202028101796 0.3516414829604814 0
3716 0.04009888130057261 0.3516425699346336 0
3717 0.03673700833090757 0.3516430835806963 0
3718 0.03368419477787919 0.3516431381007137 0
3719 0.03093860451783681 0.3516428501885703 0
3720 0.02849045956526068 0.3516423256796695 0
3721 0.02632396607402103 0.351641653067036 0
3722 0.02441922974341642 0.3516409018168959 0
3723 0.02275398018545764 0.3516401235761427 0
3724 0.02130500055336576 0.3516393547880779 0
3725 0.02004922586127635 0.351638619721074 0
3726 0.01896452265854213 0.3516379333414037 0
3727 0.01803019261688417 0.3516373037718738 0
3728 0.0172272556211911 0.3516367342695692 0
3729 0.01653856859208331 0.3516362247542894 0
3730 0.01594882954557002 0.3516357729572496 0
3731 0.01535980649753428 0.3516353075430155 0
3732 0.01476022288646859 0.3516348192874683 0
3733 0.01413867972401783 0.3516342978268341 0
3734 0.01348348147110779 0.3516337314924486 0
3735 0.01278245830913224 0.3516331071391043 0
3736 0.01202278549870528 0.3516324100352078 0
3737 0.01119080595342039 0.3516316239584473 0
3738 0.01027187058303874 0.3516307317903362 0
3739 0.009250224724511502 0.3516297171936141 0
3740 0.008108992096775193 0.3516285685082978 0
3741 0.006830346435551567 0.3516272870171206 0
3742 0.005396023620136047 0.3516259034977259 0
3743 0.003788420393126776 0.3516245097266172 0
3744 0.001992641914024856 0.3516233147050339 0
3745 0.07033295802647968 0.352881045637049 0
3746 0.06564976540539186 0.3528842342863253 0
3747 0.06101107942373885 0.3528881274129008 0
3748 0.05647597344782972 0.3528920144649905 0
3749 0.05209936119128101 0.3528954498232439 0
3750 0.04792959604410332 0.3528981971854002 0
3751 0.04400637723068088 0.3529001780156424 0
3752 0.04035928360060011 0.352901422157334 0
3753 0.03700715398709732 0.3529020240398335 0
3754 0.03395835846481841 0.3529021077167059 0
3755 0.03121183870750055 0.3529018019878116 0
3756 0.02875868429793409 0.3529012249734474 0
3757 0.02658397318223542 0.3529004763395081 0
3758 0.02466862903556628 0.3528996349534271 0
3759 0.02299111118340749 0.3528987598852401 0
3760 0.02152882753490916 0.3528978931050564 0
3761 0.02025922863177178 0.3528970627502571 0
3762 0.01916059147512634 0.3528962863008969 0
3763 0.01821253273721853 0.3528955733456981 0
3764 0.01739630456672408 0.3528949278380101 0
3765 0.01669492722710044 0.3528943498571944 0
3766 0.0160932065593405 0.3528938369408153 0
3767 0.01549229204891217 0.3528933092195479 0
3768 0.01488083467804093 0.3528927565341033 0
3769 0.01424737655319898 0.3528921675418671 0
3770 0.01358018530657363 0.3528915295802733 0
3771 0.01286708519993958 0.3528908285387993 0
3772 0.01209528597411347 0.3528900488207535 0
3773 0.01125121604734369 0.3528891735585269 0
3774 0.01032037508446444 0.3528881854054212 0
3775 0.009287234359141897 0.3528870685291737 0
3776 0.008135235270982371 0.3528858129910282 0
3777 0.006846972090300369 0.3528844236922514 0
3778 0.005404700825382736 0.3528829377473465 0
3779 0.003791395910738371 0.3528814566411707 0
3780 0.001992671993071217 0.3528802022153474 0
3781 0.07037238532653038 0.3542217957099761 0
3782 0.06573253465013222 0.3542252229323058 0
3783 0.06113752309371365 0.3542294682234565 0
3784 0.05664372549173085 0.3542337484722677 0
3785 0.0523040258434791 0.3542375610518259 0
3786 0.04816536218961903 0.3542406328791617 0
3787 0.04426662001094479 0.3542428664286976 0
3788 0.04063712352805147 0.354244286194327 0
3789 0.03729592813350936 0.354244990646426 0
3790 0.03425197203192557 0.3542451135161631 0
3791 0.0315049885950396 0.3542447959125889 0
3792 0.02904696675767459 0.3542441687139672 0
3793 0.02686389961157617 0.3542433433827945 0
3794 0.02493757719510463 0.3542424088558288 0
3795 0.02324723648286244 0.3542414322601605 0
3796 0.02177095394610312 0.3542404616456395 0
3797 0.02048673359215505 0.3542395294716359 0
3798 0.01937329472535333 0.3542386560855538 0
3799 0.01841059540218154 0.3542378528074461 0
3800 0.0175801418022469 0.3542371244793516 0
3801 0.01686513542628458 0.3542364714746305 0
3802 0.01625050451003852 0.3542358912267155 0
3803 0.01563677436234188 0.3542352947538733 0
3804 0.01501252104904227 0.3542346708845943 0
3805 0.01436622586046828 0.3542340072070853 0
3806 0.01368611861002363 0.3542332899618961 0
3807 0.01296001782836832 0.35423250395711 0
3808 0.01217516919313238 0.3542316325999568 0
3809 0.01131808922167081 0.3542306582281735 0
3810 0.01037442965193974 0.3542295630937464 0
3811 0.009328890974887847 0.3542283316659309 0
3812 0.008165234462784754 0.3542269554900686 0
3813 0.006866475301210701 0.354225442834204 0
3814 0.00541539027979659 0.3542238369894427 0
3815 0.003795544805731557 0.3542222494669426 0
3816 0.00199312962309101 0.3542209168873322 0
3817 0.0704142598420668 0.3556554021677654 0
3818 0.06582031400513398 0.3556591016364378 0
3819 0.06127164273461266 0.3556637318283083 0
3820 0.05682181696476074 0.35566843752938 0
3821 0.05252158364898404 0.3556726586737941 0
3822 0.04841637145641327 0.3556760842933858 0
3823 0.04454417288814774 0.355678596676393 0
3824 0.0409339964037464 0.3556802139987781 0
3825 0.03760507539545379 0.3556810381822278 0
3826 0.03456690272740762 0.3556812124657963 0
3827 0.03182001400968004 0.3556808904780703 0
3828 0.02935732761501755 0.3556802163525897 0
3829 0.02716579493513686 0.3556793140178431 0
3830 0.02522812181131042 0.3556782832126224 0
3831 0.02352437291296511 0.355677199832627 0
3832 0.02203334010935644 0.3556761186442963 0
3833 0.02073362258269397 0.3556750769658393 0
3834 0.01960441801800903 0.3556740984441887 0
3835 0.01862605655982974 0.3556731964657479 0
3836 0.01778032426366503 0.3556723770121272 0
3837 0.01705062536708674 0.3556716409317994 0
3838 0.01642202810022615 0.3556709856790192 0
3839 0.01579443033940899 0.3556703124548988 0
3840 0.01515633091316176 0.3556696089781892 0
3841 0.01449614851604616 0.3556688616516471 0
3842 0.01380207435623739 0.3556680554846397 0
3843 0.0130619217634474 0.355667174051204 0
3844 0.01226297435422957 0.3556661995902372 0
3845 0.01139184018311974 0.3556651134513362 0
3846 0.01043432770098606 0.3556638972699908 0
3847 0.009375372067544463 0.3556625355850772 0
3848 0.008199060369324706 0.3556610211992461 0
3849 0.006888835680962414 0.3556593655944527 0
3850 0.005428007316784477 0.3556576183522424 0
3851 0.003800760908062269 0.3556559018901084 0
3852 0.001993943576616927 0.3556544704206411 0
3853 0.07045885139849579 0.35719150145448 0
3854 0.06591361209489459 0.3571955145011018 0
3855 0.0614141700897352 0.3572005713944184 0
3856 0.05701120151245846 0.3572057430381357 0
3857 0.05275321086341882 0.3572104111303566 0
3858 0.04868401907171324 0.3572142258328716 0
3859 0.04484063988216826 0.3572170482089886 0
3860 0.04125169780359713 0.3572188892464016 0
3861 0.03793655898320251 0.3572198537693477 0
3862 0.03490525185771221 0.357220094366073 0
3863 0.0321591207683985 0.3572197774036522 0
3864 0.02969204135251607 0.3572190607931002 0
3865 0.02749196595616207 0.3572180816474967 0
3866 0.02554256676493846 0.3572169513132643 0
3867 0.02382478868978394 0.3572157552568695 0
3868 0.02231818948080539 0.3572145556982658 0
3869 0.02100200965325703 0.3572133954525794 0
3870 0.01985596617959123 0.3572123019938348 0
3871 0.01886079678654942 0.3572112911944156 0
3872 0.01799859767475635 0.3572103704975478 0
3873 0.01725300118530731 0.3572095414649404 0
3874 0.01660923638817767 0.3572088017402155 0
3875 0.01596657381465007 0.3572080418561585 0
3876 0.01531343299605611 0.3572072483014069 0
3877 0.01463816853562709 0.3572064061481777 0
3878 0.01392893265074156 0.3572054990060628 0
3879 0.01317353460193307 0.3572045090233329 0
3880 0.01235929883605058 0.3572034170558418 0
3881 0.01147292967458202 0.3572022032287422 0
3882 0.01050039880239774 0.3572008483092136 0
3883 0.009426884301493054 0.3571993366568497 0
3884 0.008236809302757442 0.3571976621335182 0
3885 0.006914058350384758 0.3571958394032932 0
3886 0.005442494714768264 0.3571939247382483 0
3887 0.003806965394669919 0.3571920528754104 0
3888 0.001995061163129111 0.3571904992127496 0
3889 0.07050645152201095 0.3588404200762017 0
3890 0.06601299116620656 0.3588447964990795 0
3891 0.06156592178523095 0.3588503322785764 0
3892 0.05721294581177851 0.358856020144794 0
3893 0.05300022275368056 0.3588611820956151 0
3894 0.04896986394056772 0.3588654284445754 0
3895 0.04515781224579278 0.35886859813678 0
3896 0.04159223269611303 0.3588706942170677 0
3897 0.03829257167086505 0.3588718239215665 0
3898 0.03526936770883047 0.3588721490487916 0
3899 0.03252477553380873 0.3588718489340219 0
3900 0.03005365296274971 0.3588710958132824 0
3901 0.02784499509164331 0.3588700407552135 0
3902 0.0258834921010427 0.3588688076006408 0
3903 0.0241510245248233 0.3588674922931159 0
3904 0.02262797065346548 0.3588661653604896 0
3905 0.02129426351866336 0.3588648758732532 0
3906 0.02013018563718314 0.3588636557744787 0
3907 0.0191169230339095 0.3588625239443382 0
3908 0.01823691710295042 0.3588614896963074 0
3909 0.01747405782953953 0.3588605556135214 0
3910 0.01681375949649055 0.3588597197518397 0
3911 0.01615467013820403 0.3588588609572099 0
3912 0.01548512836596217 0.3588579643420982 0
3913 0.01479342368158106 0.3588570134706055 0
3914 0.01406766956614436 0.3588559903455604 0
3915 0.01329567323482034 0.3588548754546479 0
3916 0.01246480409967957 0.3588536480102428 0
3917 0.01156186919569743 0.3588522866323806 0
3918 0.01057301232840874 0.3588507709328654 0
3919 0.009483666041034502 0.3588490848317208 0
3920 0.008278604341523485 0.358847223091097 0
3921 0.006942173204093627 0.3588452036598726 0
3922 0.005458819559974466 0.3588430901963841 0
3923 0.003814101528063738 0.3588410316995233 0
3924 0.001996443373503539 0.3588393291280359 0
3925 0.07055737453051772 0.3606132442321219 0
3926 0.06611906900201264 0.3606180435831139 0
3927 0.06172780358528467 0.3606241224784415 0
3928 0.05742823663450075 0.360630388506526 0
3929 0.05326408328487344 0.360636101560194 0
3930 0.04927564073217657 0.3606408310042022 0
3931 0.04549768286868881 0.3606443928930642 0
3932 0.04195783218859857 0.3606467817045845 0
3933 0.03867555493206486 0.360648106672816 0
3934 0.03566186707608855 0.3606485386979388 0
3935 0.03291972967082815 0.3606482703266324 0
3936 0.03044500399271093 0.3606474886925706 0
3937 0.02822776839983667 0.3606463596452258 0
3938 0.0262537837612087 0.3606450204949838 0
3939 0.02450592468629728 0.360643578686114 0
3940 0.0229654492570993 0.3606421140441188 0
3941 0.02161303970117422 0.3606406827943359 0
3942 0.02042959613942734 0.3606393221266639 0
3943 0.01939679924592735 0.3606380545737218 0
3944 0.01849747581798006 0.3606368918333874 0
3945 0.01771580756500317 0.3606358379051489 0
3946 0.0170374222404776 0.3606348915485366 0
3947 0.01636035693377939 0.3606339187157536 0
3948 0.01567286838776112 0.3606329029679595 0
3949 0.01496318073499371 0.3606318261463911 0
3950 0.01421936990170411 0.3606306683961215 0
3951 0.01342924429979689 0.3606294082602747 0
3952 0.01258022405587712 0.3606280229956713 0
3953 0.011659227493149 0.3606264893872166 0
3954 0.01065258221722194 0.3606247855660386 0
3955 0.009545990429890024 0.3606228947411565 0
3956 0.008324596612926449 0.3606208124598866 0
3957 0.006973234163494314 0.3606185602028886 0
3958 0.005476970358530286 0.3606162100221055 0
3959 0.00382213026555561 0.3606139276805159 0
3960 0.001998061213108001 0.360612044945905 0
3961 0.07061195942801213 0.3625218945369128 0
3962 0.06623252234422143 0.3625271879598135 0
3963 0.06190081681207336 0.3625338883459374 0
3964 0.05765839099105203 0.3625408083908526 0
3965 0.05354641894419434 0.3625471423057572 0
3966 0.04960327713267804 0.3625524171512206 0
3967 0.04586246677434623 0.36255642540514 0
3968 0.04235097718314974 0.362559152495335 0
3969 0.03908822571654099 0.3625607093355669 0
3970 0.03608566511049881 0.3625612758610517 0
3971 0.03334705206028625 0.3625610580889901 0
3972 0.03086926814775175 0.3625602586462621 0
3973 0.02864351370227852 0.3625590590417056 0
3974 0.02665667382979615 0.362557611123023 0
3975 0.02489267883279107 0.3625560349871434 0
3976 0.02333373070131331 0.3625544208995173 0
3977 0.0219613233962199 0.3625528333024025 0
3978 0.02075703290238109 0.3625513155699851 0
3979 0.01970308694262826 0.3625498946791249 0
3980 0.01878274351559082 0.3625485853550817 0
3981 0.01798051511362909 0.3625473935167465 0
3982 0.01728227554962915 0.3625463190062475 0
3983 0.01658547178691576 0.3625452134668771 0
3984 0.01587827873764491 0.3625440587002461 0
3985 0.01514885596303058 0.362542834566852 0
3986 0.01438524428751126 0.3625415190515211 0
3987 0.01357525815176612 0.3625400884110808 0
3988 0.01270637615853181 0.36253851757394 0
3989 0.01176563903430731 0.3625367811015929 0
3990 0.01073957305018462 0.3625348552733598 0
3991 0.009614169224587034 0.3625327223000727 0
3992 0.008374966947505976 0.3625303784438356 0
3993 0.007007318683251164 0.3625278491191545 0
3994 0.005496954608697837 0.362525216120394 0
3995 0.003831026739869318 0.3625226651092763 0
3996 0.00199989297815879 0.3625205649614182 0
3997 0.07067057242103836 0.3645792063657302 0
3998 0.06635409158226918 0.3645850790525378 0
3999 0.06208606653864508 0.3645924960895025 0
4000 0.05790486878596553 0.3646001626408877 0
4001 0.05384903604269713 0.3646072023061016 0
4002 0.04995491562746521 0.3646130981098422 0
4003 0.04625462718973188 0.3646176183153447 0
4004 0.04277442861257858 0.3646207389664598 0
4005 0.03953361078546916 0.364622572452912 0
4006 0.03654401368781024 0.3646233077318602 0
4007 0.03381017138300042 0.364623164566598 0
4008 0.03132999726953381 0.3646223616892374 0
4009 0.02909584988637345 0.3646210971928742 0
4010 0.02709579260857953 0.3646195386209804 0
4011 0.02531487611407168 0.3646178200093878 0
4012 0.0237363153886444 0.3646160433725814 0
4013 0.02234248477112414 0.3646142826155426 0
4014 0.02111570092197904 0.3646125884197179 0
4015 0.02003879749089553 0.3646109931733487 0
4016 0.01909551555389782 0.3646095154294351 0
4017 0.01827074295414151 0.3646081636647839 0
4018 0.01755063703544871 0.3646069392956255 0
4019 0.01683208803953591 0.3646056780168476 0
4020 0.01610319047726614 0.3646043596244855 0
4021 0.01535204161007227 0.3646029616898663 0
4022 0.01456665130397322 0.3646014596737883 0
4023 0.01373484688269078 0.3645998271355971 0
4024 0.01284417563972583 0.3645980362286376 0
4025 0.0118818147920263 0.3645960588309938 0
4026 0.01083450771305848 0.3645938689407524 0
4027 0.009688557626546798 0.3645914474586474 0
4028 0.008429928140999538 0.3645887913349956 0
4029 0.007044527724127692 0.364585930491085 0
4030 0.005518796957700221 0.3645829582039873 0
4031 0.003840777552573866 0.3645800839222924 0
4032 0.002001922264943836 0.3645777212466839 0
4033 0.07073360992197442 0.3667990163810094 0
4034 0.06648458653388874 0.3668055707011346 0
4035 0.06228477128099028 0.3668138196029785 0
4036 0.05816928754979013 0.3668223450415674 0
4037 0.05417394095919315 0.3668301935869023 0
4038 0.05033293929585513 0.3668368020248055 0
4039 0.0466769068069476 0.3668419137810957 0
4040 0.04323126410926265 0.3668454953384112 0
4041 0.04001508876623147 0.3668476604914778 0
4042 0.037040548816913 0.3668486072698542 0
4043 0.03431292876577233 0.3668485694710649 0
4044 0.03183117894348617 0.3668477825466996 0
4045 0.02958884897363069 0.3668464621282181 0
4046 0.02757523438584512 0.3668447926912672 0
4047 0.02577657363071289 0.3668429236276521 0
4048 0.02417716865566807 0.3668409701844323 0
4049 0.02276034905788671 0.3668390171770031 0
4050 0.02150924385007932 0.3668371239289861 0
4051 0.02040735842614266 0.3668353294143186 0
4052 0.01943897546353496 0.3668336570058548 0
4053 0.01858940887474862 0.3668321185468204 0
4054 0.01784514256837476 0.366830717664529 0
4055 0.01710256031330819 0.3668292722340113 0
4056 0.01634967956904487 0.3668277597566963 0
4057 0.01557453956153665 0.366826155146704 0
4058 0.01476512554881504 0.3668244309032667 0
4059 0.0139092871294069 0.3668225573922366 0
4060 0.01299465346068884 0.3668205034538674 0
4061 0.01200855578405866 0.3668182377324506 0
4062 0.01093797698902412 0.3668157314393864 0
4063 0.009769560395399508 0.3668129638156439 0
4064 0.008489728057867647 0.3668099325158255 0
4065 0.007084986366548109 0.366806672736239 0
4066 0.00554253801243775 0.3668032914447142 0
4067 0.003851378797536952 0.3668000266962139 0
4068 0.002004136541244616 0.3667973461213104 0
4069 0.07080150193996132 0.3691962558283216 0
4070 0.06662489317133626 0.3692036151637647 0
4071 0.0624982739606415 0.3692128351562294 0
4072 0.05845343885474816 0.369222355600351 0
4073 0.05452336279793824 0.3692311380398397 0
4074 0.05074000107100581 0.3692385702924297 0
4075 0.04713236381169945 0.3692443703244194 0
4076 0.04372492093165675 0.3692484950504187 0
4077 0.04053644010210104 0.3692510597512396 0
4078 0.03757934768128175 0.3692522716500397 0
4079 0.03485964183252131 0.3692523788678451 0
4080 0.03237730722615143 0.3692516341653452 0
4081 0.03012711286242347 0.3692502716621442 0
4082 0.02809963918043708 0.369248494049951 0
4083 0.02628238184477021 0.3692464676046886 0
4084 0.02466080827481402 0.3692443224590463 0
4085 0.02321928443166969 0.3692421559988799 0
4086 0.0219418304951173 0.369240037760715 0
4087 0.02081269686129596 0.3692380147194994 0
4088 0.01981677364910519 0.369236116291766 0
4089 0.01893985848559208 0.3692343587082267 0
4090 0.01816881127480137 0.3692327486321267 0
4091 0.01739958185979521 0.3692310840238809 0
4092 0.01662011661424041 0.3692293397528045 0
4093 0.01581840365456097 0.3692274876374489 0
4094 0.01498241283808521 0.3692254966886825 0
4095 0.01410002859727042 0.3692233334783327 0
4096 0.01315897868427811 0.3692209628811753 0
4097 0.01214676989163011 0.3692183496422033 0
4098 0.01105065146866852 0.3692154615810297 0
4099 0.009857639525828849 0.3692122758744303 0
4100 0.008554653777997001 0.3692087909400975 0
4101 0.007128845185302888 0.3692050482497167 0
4102 0.005568233821313023 0.3692011712473159 0
4103 0.003862834717275964 0.3691974325915469 0
4104 0.00200652614344199 0.3691943654247341 0
4105 0.07087471578442098 0.3717870512153636 0
4106 0.06677598112775807 0.3717953644903191 0
4107 0.06272805386278923 0.3718057234534722 0
4108 0.05875930593801327 0.3718164031920131 0
4109 0.05489977777668244 0.3718262705932246 0
4110 0.05117905567757709 0.371834661248849 0
4111 0.0476244119449911 0.3718412670616507 0
4112 0.04425924463144247 0.3718460355701427 0
4113 0.04110190473629331 0.3718490837979808 0
4114 0.03816499561330319 0.3718506283579083 0
4115 0.03545518098489393 0.371850931962656 0
4116 0.032973467867718 0.3718502652017545 0
4117 0.03071586666566013 0.3718488815704023 0
4118 0.0286742928925172 0.3718470032499236 0
4119 0.02683756982510183 0.3718448149933675 0
4120 0.02519241276862306 0.3718424636144152 0
4121 0.02372431118988378 0.3718400609362953 0
4122 0.02241826260471689 0.3718376885299553 0
4123 0.02125934365285763 0.3718354030593229 0
4124 0.02023312583151594 0.3718332414835795 0
4125 0.01932595599057757 0.3718312257048919 0
4126 0.01852512688148133 0.3718293664882162 0
4127 0.01772625626518213 0.3718274395989596 0
4128 0.01691722893447276 0.3718254168831261 0
4129 0.01608599235884751 0.3718232665427624 0
4130 0.01522051389201619 0.3718209534654843 0
4131 0.01430872931559798 0.3718184396993555 0
4132 0.01333848599737477 0.3718156853575523 0
4133 0.01229749245128766 0.3718126504732159 0
4134 0.01117329609120398 0.3718092987389939 0
4135 0.00995332367135795 0.3718056047871117 0
4136 0.008625036875247922 0.3718015679025928 0
4137 0.007176282396751056 0.3717972371183831 0
4138 0.005595955963984421 0.3717927558692738 0
4139 0.003875156868581491 0.371788438923618 0
4140 0.00200908358460525 0.371784899231676 0
4141 0.07095376000940519 0.3745888330109529 0
4142 0.06693891173408112 0.3745982798171371 0
4143 0.06297573912762788 0.3746099794900591 0
4144 0.05908908176015459 0.3746220158822866 0
4145 0.05530593422246893 0.3746331499517365 0
4146 0.05165339285336348 0.3746426613400752 0
4147 0.04815686309911136 0.3746502153651103 0
4148 0.04483854205694278 0.3746557506341197 0
4149 0.0417162464141967 0.3746593863801506 0
4150 0.03880266233946719 0.3746613488789092 0
4151 0.03610505783273649 0.3746619156468073 0
4152 0.03362543861973716 0.3746613754823915 0
4153 0.03136106994732191 0.3746600019894001 0
4154 0.02930524787815934 0.3746580380040347 0
4155 0.02744819301009327 0.3746556883269984 0
4156 0.02577795379190534 0.3746531183261128 0
4157 0.02428123592800175 0.3746504563003312 0
4158 0.02294410790532616 0.3746477979216661 0
4159 0.02175256239800955 0.3746452115242482 0
4160 0.02069293521606971 0.3746427434251204 0
4161 0.01975219692775433 0.3746404227999581 0
4162 0.01891813866256389 0.3746382658854582 0
4163 0.01808618626677231 0.3746360238725823 0
4164 0.01724417724048072 0.3746336651350022 0
4165 0.01638003356850093 0.374631153641315 0
4166 0.01548173777624469 0.3746284493905755 0
4167 0.01453729847617947 0.3746255090177387 0
4168 0.01353470888033545 0.3746222868976005 0
4169 0.01246191083705809 0.3746187373513056 0
4170 0.0113067873306114 0.3746148190407487 0
4171 0.01005721919769301 0.3746105034714846 0
4172 0.008701259639535476 0.3746057909522789 0
4173 0.007227506561965666 0.374600739723734 0
4174 0.005625792031999819 0.3745955176600516 0
4175 0.003888363608418903 0.3745904910901682 0
4176 0.002011803061671306 0.3745863707035866 0
4177 0.07103918849221791 0.3776204530149195 0
4178 0.06711484613596247 0.3776312490723454 0
4179 0.06324311887981067 0.3776445304864188 0
4180 0.05944518604071321 0.3776581589944502 0
4181 0.05574487607945185 0.3776707767724274 0
4182 0.0521666691675748 0.3776816034667364 0
4183 0.04873396933402138 0.3776902774991362 0
4184 0.04546763539122149 0.3776967293369903 0
4185 0.0423848203821354 0.377701081153153 0
4186 0.039498184618249 0.3777035692435089 0
4187 0.0368155234780359 0.3777044860366213 0
4188 0.03433980310965154 0.3777041386822257 0
4189 0.03206954525636649 0.3777028213345905 0
4190 0.02999946433098668 0.3777007983879856 0
4191 0.02812124484456601 0.3776982960902596 0
4192 0.02642435482293409 0.3776955001899817 0
4193 0.02489681367941597 0.3776925575837265 0
4194 0.02352586188085975 0.3776895803094619 0
4195 0.02229850701204451 0.377686650638444 0
4196 0.02120194213729893 0.3776838264029398 0
4197 0.02022384636200311 0.3776811460238342 0
4198 0.01935258494640303 0.3776786329530586 0
4199 0.01848358204315251 0.3776760114940411 0
4200 0.01760464862948125 0.3776732460392518 0
4201 0.01670370263875573 0.3776702955968605 0
4202 0.01576876567120569 0.3776671143557667 0
4203 0.01478794694028176 0.3776636524520159 0
4204 0.01374941811617102 0.3776598573186886 0
4205 0.01264139244101119 0.3776556763261852 0
4206 0.01145213226371471 0.3776510619847665 0
4207 0.010170022041049 0.3776459819579718 0
4208 0.008783761452269497 0.3776404377989585 0
4209 0.007282759164642699 0.3776344990652601 0
4210 0.005657845978231912 0.3776283637248217 0
4211 0.003902479566251789 0.377622461629784 0
4212 0.002014680023434581 0.3776176238221838 0
4213 0.07113160443643782 0.3809023110467347 0
4214 0.06730505262046023 0.3809147134548436 0
4215 0.06353215321968482 0.3809298619024152 0
4216 0.05983027840670339 0.3809453605476112 0
4217 0.05621996085400215 0.380959718550645 0
4218 0.0527229331553374 0.3809720914533403 0
4219 0.04936045798475322 0.3809820908908653 0
4220 0.04615191013064485 0.3809896404772584 0
4221 0.04311363699202676 0.3809948664072306 0
4222 0.04025814779485939 0.3809980154593211 0
4223 0.03759366960623969 0.3809993949269955 0
4224 0.03512407204624381 0.3809993300892596 0
4225 0.0328491188401955 0.3809981356140901 0
4226 0.03076496867442813 0.3809960978688643 0
4227 0.02886482989464828 0.3809934655420937 0
4228 0.02713967511814799 0.3809904463275234 0
4229 0.02557893815816776 0.3809872077498074 0
4230 0.02417113935195786 0.3809838805537458 0
4231 0.02290440954092651 0.3809805634337642 0
4232 0.02176690305802736 0.380977328221986 0
4233 0.02074710424413936 0.3809742249544583 0
4234 0.019834040352514 0.380971286477461 0
4235 0.01892338949896528 0.3809682082470208 0
4236 0.01800296574259592 0.3809649501066334 0
4237 0.01706071282851413 0.3809614652530233 0
4238 0.01608472352968658 0.3809577009576121 0
4239 0.01506324348471034 0.3809535995310572 0
4240 0.01398466336375832 0.380949099978123 0
4241 0.01283751359411523 0.3809441411770371 0
4242 0.01161048705168801 0.3809386680872293 0
4243 0.01029252805921384 0.3809326436425871 0
4244 0.008873043305857843 0.3809260709435229 0
4245 0.007342315469761372 0.3809190335720865 0
4246 0.005692237221731134 0.3809117668026992 0
4247 0.003917534476456446 0.3809047792102639 0
4248 0.002017710587859859 0.3808990508028082 0
4249 0.07123166386159967 0.3844564915673905 0
4250 0.06751091144724647 0.3844708028195949 0
4251 0.06384497758698061 0.384488151067206 0
4252 0.06024726205032936 0.3845058429729707 0
4253 0.05673486406931178 0.3845222395104939 0
4254 0.05332663346299719 0.3845364283626579 0
4255 0.05004154731904251 0.3845479952266008 0
4256 0.04689734256668931 0.3845568588684493 0
4257 0.04390940538456106 0.3845631510792592 0
4258 0.04108994968173398 0.3845671297445088 0
4259 0.03844751571840652 0.384569116781276 0
4260 0.0359867956957102 0.3845694548714247 0
4261 0.03370875868754707 0.3845684784447873 0
4262 0.03161101578717693 0.3845664954593687 0
4263 0.02968834721353306 0.3845637772843101 0
4264 0.0279333097285888 0.3845605545139609 0
4265 0.02633685280791458 0.3845570169286939 0
4266 0.02488889017659934 0.3845533161457749 0
4267 0.02357879373027694 0.3845495698097255 0
4268 0.02239579514194039 0.3845458664612215 0
4269 0.02132929430672908 0.3845422704856259 0
4270 0.02036908272679239 0.3845388267629531 0
4271 0.01941143395417169 0.3845352007598654 0
4272 0.01844420687827003 0.3845313471475345 0
4273 0.01745541236472276 0.3845272123219552 0
4274 0.01643325737047945 0.3845227353103446 0
4275 0.0153661702417048 0.3845178489775641 0
4276 0.0142428111789396 0.3845124820597392 0
4277 0.01305208299180494 0.3845065630175242 0
4278 0.01178316884109928 0.3845000275031761 0
4279 0.01042563657190742 0.3844928326098456 0
4280 0.008969666066603099 0.3844849833918909 0
4281 0.007406480314962827 0.3844765809329427 0
4282 0.005729096272000836 0.3844679070298753 0
4283 0.003933560184453195 0.3844595683234663 0
4284 0.002020890445165491 0.3844527300285902 0
4285 0.07134007768407893 0.3883069107647221 0
4286 0.06773391386493791 0.3883234797102293 0
4287 0.06418389475234136 0.3883434071978112 0
4288 0.06069926709867151 0.3883636588562057 0
4289 0.05729355499627158 0.3883824322303853 0
4290 0.05398259018014925 0.3883987444054703 0
4291 0.05078291844063642 0.38841215719209 0
4292 0.04771047838818594 0.3884225875557646 0
4293 0.04477952547709597 0.3884301751713608 0
4294 0.04200181253144348 0.3884351899422135 0
4295 0.03938604691222709 0.3884379679872612 0
4296 0.03693763184597229 0.3884388680424541 0
4297 0.03465867504503293 0.3884382425751104 0
4298 0.03254822208448638 0.3884364195700824 0
4299 0.03060265355510296 0.3884336920882506 0
4300 0.02881617813690054 0.3884303134527585 0
4301 0.02718135824622398 0.3884264964146847 0
4302 0.02568961746628559 0.3884224149968872 0
4303 0.02433169508301098 0.3884182079879477 0
4304 0.0230980288252418 0.3884139832953488 0
4305 0.02197905986205874 0.3884098225797296 0
4306 0.02096546328328193 0.3884057857774618 0
4307 0.01995456266632508 0.3884015087485798 0
4308 0.01893432033952777 0.3883969403133615 0
4309 0.01789287132218663 0.3883920189215054 0
4310 0.01681859450171383 0.3883866737686944 0
4311 0.01570016100544527 0.3883808262932114 0
4312 0.01452656388284437 0.3883743926784122 0
4313 0.01328714513615953 0.3883672885515375 0
4314 0.01197164810039845 0.3883594380378804 0
4315 0.01057033597054614 0.3883507909811031 0
4316 0.009074233513317393 0.3883413549146674 0
4317 0.007475572189402917 0.3883312528689388 0
4318 0.005768552551471115 0.3883208249155033 0
4319 0.00395058360342681 0.3883108003373321 0
4320 0.002024212595969275 0.3883025753674483 0
4321 0.0714576106064693 0.3924794744643265 0
4322 0.06797564892424506 0.3924986911411203 0
4323 0.06455134158458732 0.3925216153786168 0
4324 0.06118959320123999 0.3925448266502103 0
4325 0.05790021480138965 0.3925663453046362 0
4326 0.05469589177786137 0.3925851171259797 0
4327 0.05159059716079181 0.3926006839541578 0
4328 0.04859830787966329 0.3926129654972271 0
4329 0.04573196638917467 0.3926221126493286 0
4330 0.04300267523353767 0.392628408771606 0
4331 0.04041913004790763 0.3926322037138288 0
4332 0.03798729473805282 0.3926338702756521 0
4333 0.03571030852372376 0.3926337760603913 0
4334 0.03358859606583312 0.3926322659331943 0
4335 0.03162013608155434 0.3926296518509986 0
4336 0.02980083529348145 0.3926262078614528 0
4337 0.0281249546032649 0.3926221687225599 0
4338 0.02658554161877303 0.3926177310055676 0
4339 0.0251748351395057 0.3926130558141678 0
4340 0.02388461982719606 0.3926082724509805 0
4341 0.02270652067247417 0.3926034825244407 0
4342 0.02163223574349006 0.392598764129328 0
4343 0.02056074330597833 0.3925937264244773 0
4344 0.01948019139720723 0.3925883116250747 0
4345 0.01837891809973788 0.3925824488976976 0
4346 0.01724555216452888 0.392576055698694 0
4347 0.01606908605255383 0.3925690396074331 0
4348 0.01483892562021443 0.3925613014029739 0
4349 0.01354493341274522 0.3925527408235777 0
4350 0.01217749485046171 0.3925432676282494 0
4351 0.01072764918541343 0.392532822580071 0
4352 0.009187342612955566 0.3925214163101509 0
4353 0.007549882857861723 0.3925091993960822 0
4354 0.005810706288015259 0.392496585046983 0
4355 0.003968611523052681 0.3924844562110117 0
4356 0.002027662754430786 0.3924744977039358 0
4357 0.07158507333551864 0.3970022469220225 0
4358 0.06823776591669582 0.3970245262115436 0
4359 0.06494980635734628 0.3970508802194099 0
4360 0.06172157287181716 0.3970774595529725 0
4361 0.05855904306039867 0.3971020976538008 0
4362 0.05547164725162951 0.3971236718768861 0
4363 0.05247065888441722 0.3971417107993204 0
4364 0.04956793462331076 0.3971561435321933 0
4365 0.04677491317890652 0.3971671370609725 0
4366 0.04410183441446631 0.3971749905960895 0
4367 0.04155716632817009 0.3971800675431486 0
4368 0.03914723546165498 0.3971827523428868 0
4369 0.03687605221890895 0.3971834236554283 0
4370 0.034745312170924 0.3971824382277152 0
4371 0.03275454302677817 0.3971801217513731 0
4372 0.03090135875742652 0.3971767643381905 0
4373 0.02918177955674502 0.397172619087696 0
4374 0.02759057906468022 0.3971679027401554 0
4375 0.02612162714705389 0.3971627977177171 0
4376 0.02476820549690256 0.3971574550444166 0
4377 0.02352328243648169 0.397151997761249 0
4378 0.0223797412258043 0.3971465245479544 0
4379 0.02123902002837008 0.3971406245512749 0
4380 0.02008956839658356 0.3971342324645067 0
4381 0.0189200371848269 0.3971272665546369 0
4382 0.01771941097507489 0.397119630200451 0
4383 0.01647710724090962 0.3971112140918252 0
4384 0.01518304656317146 0.3971018999931268 0
4385 0.01382771177306161 0.3970915678243767 0
4386 0.01240222652593155 0.3970801092605492 0
4387 0.01089849608699798 0.3970674534874847 0
4388 0.009309467737916039 0.3970536147927528 0
4389 0.007629588744592642 0.3970387781166246 0
4390 0.0058555695475724 0.3970234482387718 0
4391 0.003987599859484755 0.3970087003693986 0
4392 0.002031210335947803 0.3969965793754263 0
4393 0.07172330140492073 0.4019056300094724 0
4394 0.0685218893742237 0.4019313760022027 0
4395 0.06538165112350701 0.4019615620440271 0
4396 0.06229828381758541 0.4019918765680462 0
4397 0.05927385206773822 0.40201996453641 0
4398 0.05631446255550825 0.4020446435849517 0
4399 0.05342859453560134 0.402065439808326 0
4400 0.05062584481345048 0.4020823013246607 0
4401 0.04791595923522828 0.4020954182912809 0
4402 0.04530808434034261 0.4021051097687297 0
4403 0.04281020632925438 0.4021117535064822 0
4404 0.04042876078984675 0.402115743346003 0
4405 0.03816840154066756 0.402117464196201 0
4406 0.03603191470768487 0.4021172779924063 0
4407 0.03402025849534092 0.4021155163979957 0
4408 0.03213270332079647 0.402112477596336 0
4409 0.03036704337133656 0.402108425563745 0
4410 0.02871985033318973 0.4021035908673777 0
4411 0.02718674291585214 0.4020981724196487 0
4412 0.02576265098754282 0.4020923398390198 0
4413 0.02444205940655238 0.4020862361872006 0
4414 0.02321922289826897 0.4020799809218941 0
4415 0.02199911449983338 0.4020731549339484 0
4416 0.02077064892922215 0.4020656840631085 0
4417 0.01952294325580721 0.4020574735543196 0
4418 0.01824548318620739 0.4020484097039065 0
4419 0.01692824940797666 0.4020383624058356 0
4420 0.01556180837080268 0.4020271896981692 0
4421 0.01413738623470916 0.4020147464612814 0
4422 0.01264695756665491 0.4020009012013571 0
4423 0.0110833922080179 0.4019855678361619 0
4424 0.009440717348906611 0.4019687643036592 0
4425 0.007714570868936343 0.4019507175636159 0
4426 0.005902949700091123 0.4019320458948455 0
4427 0.00400739427960202 0.4019140634138328 0
4428 0.002034791410421235 0.4018992618089702 0
4429 0.07187310761482554 0.4072225513087122 0
4430 0.06882944281724383 0.4072520894553806 0
4431 0.06584875361757496 0.4072863937959351 0
4432 0.06292197609014523 0.407320678092731 0
4433 0.06004726167993705 0.4073524115510637 0
4434 0.05722739807849113 0.4073803698783256 0
4435 0.05446803659429023 0.4074040932890129 0
4436 0.05177641803250175 0.4074235625235173 0
4437 0.04916042775553996 0.4074390010487249 0
4438 0.04662788413369356 0.4074507542698496 0
4439 0.04418600565068191 0.4074592170598453 0
4440 0.04184102517071261 0.4074647917629245 0
4441 0.03959793218979624 0.4074678651781306 0
4442 0.03746032901387752 0.4074687970539591 0
4443 0.03543038733794319 0.4074679153009055 0
4444 0.03350888989212821 0.4074655149330789 0
4445 0.03169533954791718 0.4074618589528257 0
4446 0.02998811692708859 0.4074571801693436 0
4447 0.02838466780796954 0.4074516834225342 0
4448 0.02688170358461305 0.4074455479630173 0
4449 0.02547540130409719 0.4074389298920256 0
4450 0.02416159383914539 0.407431964642739 0
4451 0.022850228253329 0.4074242422956343 0
4452 0.02153091624213611 0.4074156775072631 0
4453 0.02019345668048858 0.4074061593513735 0
4454 0.01882803694776003 0.4073955528551804 0
4455 0.01742538660815136 0.4073837017663638 0
4456 0.01597688787095092 0.4073704339081459 0
4457 0.01447466227949573 0.4073555717791419 0
4458 0.01291166602717569 0.4073389532517828 0
4459 0.01128183757199264 0.4073204708782858 0
4460 0.009580353715386937 0.4073001442699857 0
4461 0.007804067792643287 0.4072782493355227 0
4462 0.005952229401326846 0.4072555416164433 0
4463 0.004027620065205725 0.4072336272378317 0
4464 0.002038277566002792 0.4072155456788517 0
4465 0.07203518268575347 0.4129886576292026 0
4466 0.06916129677154297 0.4130221136213406 0
4467 0.06635180524621528 0.4130605579304024 0
4468 0.06359295951628373 0.4130987557638202 0
4469 0.06087914148443933 0.413134036599103 0
4470 0.05820995052599987 0.4131651657263827 0
4471 0.05558828222778154 0.4131917223619833 0
4472 0.05301900854739919 0.4132137388847761 0
4473 0.05050804340691528 0.4132314862193541 0
4474 0.04806166746528151 0.4132453460285724 0
4475 0.04568603535102633 0.4132557362465901 0
4476 0.04338681783409967 0.4132630697158485 0
4477 0.0411689493062211 0.4132677331540317 0
4478 0.03903646176402005 0.4132700782488564 0
4479 0.03699239248721758 0.4132704196373458 0
4480 0.03503875530727859 0.4132690364895223 0
4481 0.03317656602536923 0.4132661757215377 0
4482 0.03140591228140441 0.4132620557176569 0
4483 0.0297260578478553 0.4132568699859731 0
4484 0.02813557152480155 0.4132507905090861 0
4485 0.02663247179439418 0.4132439707516896 0
4486 0.02521438020956343 0.4132365484035821 0
4487 0.02379814665567762 0.4132281444951948 0
4488 0.02237440691125641 0.4132186581438805 0
4489 0.02093394409915656 0.413207957110214 0
4490 0.01946792415627101 0.4131958788038499 0
4491 0.01796807511432809 0.4131822329384745 0
4492 0.01642681464551339 0.413166807535728 0
4493 0.01483734578022349 0.4131493815756181 0
4494 0.01319375355222509 0.4131297502900644 0
4495 0.01149114589512859 0.4131077735627309 0
4496 0.009725893428605888 0.4130834651208893 0
4497 0.007896038763299669 0.4130571514033804 0
4498 0.006001970045555547 0.4130297449829014 0
4499 0.004047486638294757 0.4130031964603022 0
4500 0.002041421339328773 0.4129812004610807 0
4501 0.0722098927797441 0.4192425056644715 0
4502 0.06951707181363129 0.4192795934513137 0
4503 0.06688894022565577 0.4193216798274046 0
4504 0.0643074494387719 0.4193631738638136 0
4505 0.06176360992653362 0.4194013382169979 0
4506 0.05925417497643941 0.4194349801777869 0
4507 0.05677953316265347 0.419463755043453 0
4508 0.05434231993287356 0.4194877732655098 0
4509 0.05194648033397908 0.4195073722808897 0
4510 0.04959662575911559 0.4195229837230912 0
4511 0.0472975873280564 0.4195350580920496 0
4512 0.04505410341200845 0.4195440245171658 0
4513 0.04287060079579689 0.4195502717743607 0
4514 0.04075104351052173 0.4195541418116305 0
4515 0.03869883308272253 0.4195559302609707 0
4516 0.03671675024792514 0.41955589051125 0
4517 0.03480693199327591 0.4195542392869334 0
4518 0.03297087989913414 0.419551162563989 0
4519 0.03120949678779954 0.4195468212185759 0
4520 0.02952314925268558 0.4195413561575214 0
4521 0.02791175416695686 0.4195348929023441 0
4522 0.02637488812570862 0.4195275457464381 0
4523 0.02483887709460947 0.4195189878490702 0
4524 0.02329583345115094 0.4195090955586428 0
4525 0.02173794150484438 0.4194977072463575 0
4526 0.02015772183264381 0.4194846230722598 0
4527 0.01854823067244146 0.4194696068267616 0
4528 0.01690319890876788 0.4194523919996079 0
4529 0.01521713056862 0.4194326961727749 0
4530 0.01348539315644461 0.4194102511193681 0
4531 0.0117043418506833 0.4193848614115783 0
4532 0.009871529687537232 0.4193565130627736 0
4533 0.007986070453278255 0.4193255671814599 0
4534 0.006049243691146494 0.4192930927552776 0
4535 0.004065463235041739 0.4192614154590502 0
4536 0.002043766645412389 0.419234973655951 0
4537 0.0723968619698349 0.4260257266371616 0
4538 0.06989372715175432 0.426065361784533 0
4539 0.0674529903737303 0.4261096146282929 0
4540 0.06505329287092712 0.4261527450879685 0
4541 0.06268313017665733 0.4261920833989423 0
4542 0.06033710993629819 0.426226566161358 0
4543 0.05801365047483852 0.4262559817887052 0
4544 0.05571351998874056 0.4262805560144043 0
4545 0.05343889338104729 0.4263007168969541 0
4546 0.0511927393920845 0.4263169615900365 0
4547 0.04897842238779945 0.4263297832402736 0
4548 0.04679944433370718 0.4263396338651388 0
4549 0.04465927804131911 0.4263469085100333 0
4550 0.04256125964996054 0.4263519415650384 0
4551 0.04050851987256532 0.426355009611587 0
4552 0.03850394157996944 0.4263563374048778 0
4553 0.03655013688974278 0.4263561050321514 0
4554 0.03464944081810119 0.4263544551965583 0
4555 0.03280392132458008 0.4263515001444866 0
4556 0.03101540774735844 0.4263473281067671 0
4557 0.02928554161496518 0.4263420093507084 0
4558 0.0276158560126278 0.4263356021057737 0
4559 0.02594552316502225 0.4263278449335213 0
4560 0.02426872121810088 0.426318584223405 0
4561 0.02257957759150842 0.4263076205231329 0
4562 0.02087244872697621 0.4262947059454137 0
4563 0.01914212738436961 0.4262795438203104 0
4564 0.01738398252757031 0.4262617932680584 0
4565 0.01559405110380292 0.4262410836936808 0
4566 0.01376911229645655 0.4262170481429157 0
4567 0.01190678328357642 0.4261893909727924 0
4568 0.01000568425927152 0.4261580157936029 0
4569 0.008065733619324163 0.4261232559082853 0
4570 0.006088655578143342 0.4260862728787561 0
4571 0.00407881381504371 0.4260497175734282 0
4572 0.002044521618995039 0.4260187692144788 0
4573 0.07259404787523951 0.4333830765918427 0
4574 0.07028246013026945 0.4334225455677258 0
4575 0.06802552652271397 0.4334655400381056 0
4576 0.06580083124421725 0.4335066119203694 0
4577 0.06359609861056834 0.4335434195225897 0
4578 0.06140512716196798 0.4335751859813828 0
4579 0.05922536979736464 0.4336019253634587 0
4580 0.05705645554274152 0.4336240285595203 0
4581 0.05489927834287556 0.433642036080455 0
4582 0.05275543823630296 0.4336565150149492 0
4583 0.05062690473789082 0.4336679960275798 0
4584 0.04851582057395248 0.4336769449987815 0
4585 0.04642439345357954 0.4336837541046814 0
4586 0.04435484249830786 0.4336887431709454 0
4587 0.0423093784833369 0.4336921658634637 0
4588 0.04029020551897752 0.433694217607703 0
4589 0.0382995376638406 0.4336950435726838 0
4590 0.03633962817248452 0.4336947459401772 0
4591 0.03441281232772499 0.4336933902211004 0
4592 0.03252156764339104 0.4336910107282574 0
4593 0.03066859812187111 0.4336876155728765 0
4594 0.02885695267785629 0.4336831918024817 0
4595 0.02704283761992603 0.4336775483462804 0
4596 0.02522312993770104 0.4336705108294429 0
4597 0.02339447977120217 0.4336618509013211 0
4598 0.02155358136758878 0.4336512796321205 0
4599 0.01969736723599842 0.433638442410259 0
4600 0.01782313313021973 0.4336229182744651 0
4601 0.01592861213327735 0.4336042292537635 0
4602 0.01401202446070324 0.4335818698238175 0
4603 0.01207213564944297 0.4335553742406475 0
4604 0.01010836232092468 0.4335244521406849 0
4605 0.008120975630979006 0.4334892429467429 0
4606 0.006111471841865455 0.4334507699536934 0
4607 0.004083209913026658 0.4334117156225286 0
4608 0.002042455369244376 0.4333776799789001 0
4609 0.07279513088635203 0.4413617909357789 0
4610 0.07066011828563495 0.4413941404844409 0
4611 0.06856094831287622 0.4414276489908038 0
4612 0.06647951960850559 0.4414582916741649 0
4613 0.06440645355595646 0.4414846417236954 0
4614 0.06233722604534121 0.4415064954658274 0
4615 0.06027000056582679 0.4415242014641194 0
4616 0.05820439377707171 0.4415383188253537 0
4617 0.05614077339508892 0.4415494445441897 0
4618 0.05407986594054617 0.4415581317103262 0
4619 0.05202254576648615 0.4415648566972117 0
4620 0.04996972975622761 0.4415700118467575 0
4621 0.04792233325623136 0.4415739103897325 0
4622 0.04588126165070591 0.4415767962704192 0
4623 0.04384742367009838 0.441578854997639 0
4624 0.04182176010923739 0.4415802236173778 0
4625 0.03980528704567101 0.4415809989897982 0
4626 0.03779915723205107 0.4415812441245638 0
4627 0.0358047481334508 0.44158099261579 0
4628 0.03382379103591747 0.4415802513751704 0
4629 0.03185856365728864 0.4415790020049573 0
4630 0.02991217942485733 0.4415772013964638 0
4631 0.0279623159968961 0.4415747440431216 0
4632 0.02600871318121854 0.4415714955451575 0
4633 0.02405068419660654 0.4415672721493135 0
4634 0.02208735781390442 0.4415618300978632 0
4635 0.02011783736765394 0.4415548539468446 0
4636 0.01814129592652976 0.4415459457051503 0
4637 0.01615702710918709 0.441534618872677 0
4638 0.01416447162630111 0.4415203055653739 0
4639 0.01216324014730596 0.441502392381176 0
4640 0.01015315502431841 0.4414803140133465 0
4641 0.008134339371704975 0.4414537570720228 0
4642 0.006107395385546117 0.4414230666949742 0
4643 0.00407373852783501 0.4413900139811107 0
4644 0.002036192986552284 0.4413591792350268 0
4645 0.002027027027027023 0.4916666666666667 0
4646 0.004054054054054054 0.4916666666666667 0
4647 0.006081081081081079 0.4916666666666667 0
4648 0.008108108108108091 0.4916666666666667 0
4649 0.01013513513513513 0.4916666666666667 0
4650 0.01216216216216216 0.4916666666666667 0
4651 0.01418918918918918 0.4916666666666667 0
4652 0.01621621621621621 0.4916666666666667 0
4653 0.01824324324324324 0.4916666666666667 0
4654 0.02027027027027026 0.4916666666666667 0
4655 0.0222972972972973 0.4916666666666667 0
4656 0.02432432432432432 0.4916666666666667 0
4657 0.02635135135135135 0.4916666666666667 0
4658 0.02837837837837836 0.4916666666666667 0
4659 0.0304054054054054 0.4916666666666667 0
4660 0.03243243243243243 0.4916666666666667 0
4661 0.03445945945945945 0.4916666666666667 0
4662 0.03648648648648648 0.4916666666666667 0
4663 0.03851351351351351 0.4916666666666667 0
4664 0.04054054054054053 0.4916666666666667 0
4665 0.04256756756756755 0.4916666666666667 0
4666 0.0445945945945946 0.4916666666666667 0
4667 0.04662162162162162 0.4916666666666667 0
4668 0.04864864864864865 0.4916666666666667 0
4669 0.05067567567567567 0.4916666666666667 0
4670 0.05270270270270269 0.4916666666666667 0
4671 0.05472972972972972 0.4916666666666667 0
4672 0.05675675675675677 0.4916666666666667 0
4673 0.05878378378378379 0.4916666666666667 0
4674 0.06081081081081081 0.4916666666666667 0
4675 0.06283783783783783 0.4916666666666667 0
4676 0.06486486486486487 0.4916666666666667 0
4677 0.06689189189189189 0.4916666666666667 0
4678 0.06891891891891891 0.4916666666666667 0
4679 0.07094594594594594 0.4916666666666667 0
4680 0.07297297297297298 0.4916666666666667 0
4681 0.002027027027027023 0.4833333333333334 0
4682 0.004054054054054054 0.4833333333333334 0
4683 0.006081081081081078 0.4833333333333334 0
4684 0.008108108108108091 0.4833333333333334 0
4685 0.01013513513513513 0.4833333333333334 0
4686 0.01216216216216216 0.4833333333333334 0
4687 0.01418918918918918 0.4833333333333334 0
4688 0.01621621621621621 0.4833333333333333 0
4689 0.01824324324324324 0.4833333333333332 0
4690 0.02027027027027026 0.4833333333333334 0
4691 0.0222972972972973 0.4833333333333334 0
4692 0.02432432432432432 0.4833333333333333 0
4693 0.02635135135135136 0.4833333333333334 0
4694 0.02837837837837837 0.4833333333333334 0
4695 0.0304054054054054 0.4833333333333334 0
4696 0.03243243243243243 0.4833333333333333 0
4697 0.03445945945945945 0.4833333333333333 0
4698 0.03648648648648648 0.4833333333333334 0
4699 0.03851351351351349 0.4833333333333333 0
4700 0.04054054054054054 0.4833333333333335 0
4701 0.04256756756756756 0.4833333333333334 0
4702 0.0445945945945946 0.4833333333333334 0
4703 0.04662162162162162 0.4833333333333334 0
4704 0.04864864864864864 0.4833333333333333 0
4705 0.05067567567567567 0.4833333333333333 0
4706 0.05270270270270271 0.4833333333333332 0
4707 0.05472972972972973 0.4833333333333333 0
4708 0.05675675675675676 0.4833333333333333 0
4709 0.05878378378378378 0.4833333333333333 0
4710 0.0608108108108108 0.4833333333333332 0
4711 0.06283783783783783 0.4833333333333333 0
4712 0.06486486486486487 0.4833333333333333 0
4713 0.06689189189189189 0.4833333333333333 0
4714 0.06891891891891891 0.4833333333333333 0
4715 0.07094594594594594 0.4833333333333333 0
4716 0.07297297297297298 0.4833333333333333 0
4717 0.002027027027027023 0.475 0
4718 0.004054054054054054 0.4749999999999999 0
4719 0.006081081081081077 0.475 0
4720 0.008108108108108091 0.475 0
4721 0.01013513513513513 0.475 0
4722 0.01216216216216216 0.4749999999999999 0
4723 0.01418918918918918 0.475 0
4724 0.01621621621621621 0.475 0
4725 0.01824324324324324 0.475 0
4726 0.02027027027027026 0.475 0
4727 0.0222972972972973 0.475 0
4728 0.02432432432432432 0.475 0
4729 0.02635135135135135 0.475 0
4730 0.02837837837837836 0.4749999999999999 0
4731 0.0304054054054054 0.475 0
4732 0.03243243243243243 0.475 0
4733 0.03445945945945945 0.475 0
4734 0.03648648648648648 0.475 0
4735 0.03851351351351351 0.475 0
4736 0.04054054054054054 0.475 0
4737 0.04256756756756756 0.475 0
4738 0.04459459459459459 0.475 0
4739 0.04662162162162162 0.4749999999999999 0
4740 0.04864864864864865 0.475 0
4741 0.05067567567567567 0.475 0
4742 0.0527027027027027 0.475 0
4743 0.05472972972972973 0.4749999999999999 0
4744 0.05675675675675676 0.475 0
4745 0.05878378378378378 0.475 0
4746 0.0608108108108108 0.475 0
4747 0.06283783783783783 0.4749999999999999 0
4748 0.06486486486486487 0.475 0
4749 0.06689189189189189 0.475 0
4750 0.06891891891891891 0.475 0
4751 0.07094594594594594 0.4749999999999999 0
4752 0.07297297297297298 0.475 0
4753 0.002027027027027023 0.4666666666666667 0
4754 0.004054054054054054 0.4666666666666666 0
4755 0.006081081081081078 0.4666666666666667 0
4756 0.008108108108108091 0.4666666666666667 0
4757 0.01013513513513513 0.4666666666666667 0
4758 0.01216216216216216 0.4666666666666666 0
4759 0.01418918918918918 0.4666666666666667 0
4760 0.01621621621621621 0.4666666666666667 0
4761 0.01824324324324324 0.4666666666666667 0
4762 0.02027027027027026 0.4666666666666667 0
4763 0.0222972972972973 0.4666666666666666 0
4764 0.02432432432432431 0.4666666666666667 0
4765 0.02635135135135136 0.4666666666666667 0
4766 0.02837837837837837 0.4666666666666666 0
4767 0.0304054054054054 0.4666666666666666 0
4768 0.03243243243243243 0.4666666666666667 0
4769 0.03445945945945945 0.4666666666666667 0
4770 0.03648648648648648 0.4666666666666666 0
4771 0.03851351351351351 0.4666666666666667 0
4772 0.04054054054054054 0.4666666666666667 0
4773 0.04256756756756756 0.4666666666666667 0
4774 0.04459459459459459 0.4666666666666666 0
4775 0.04662162162162162 0.4666666666666666 0
4776 0.04864864864864865 0.4666666666666667 0
4777 0.05067567567567567 0.4666666666666667 0
4778 0.05270270270270271 0.4666666666666666 0
4779 0.05472972972972973 0.4666666666666666 0
4780 0.05675675675675676 0.4666666666666667 0
4781 0.05878378378378378 0.4666666666666667 0
4782 0.0608108108108108 0.4666666666666667 0
4783 0.06283783783783783 0.4666666666666666 0
4784 0.06486486486486487 0.4666666666666667 0
4785 0.06689189189189189 0.4666666666666667 0
4786 0.06891891891891891 0.4666666666666667 0
4787 0.07094594594594594 0.4666666666666666 0
4788 0.07297297297297298 0.4666666666666667 0
4789 0.002027027027027023 0.4583333333333333 0
4790 0.004054054054054054 0.4583333333333333 0
4791 0.006081081081081077 0.4583333333333333 0
4792 0.008108108108108091 0.4583333333333333 0
4793 0.01013513513513513 0.4583333333333333 0
4794 0.01216216216216216 0.4583333333333333 0
4795 0.01418918918918918 0.4583333333333332 0
4796 0.01621621621621621 0.4583333333333333 0
4797 0.01824324324324324 0.4583333333333333 0
4798 0.02027027027027026 0.4583333333333333 0
4799 0.0222972972972973 0.4583333333333331 0
4800 0.02432432432432432 0.4583333333333334 0
4801 0.02635135135135135 0.4583333333333333 0
4802 0.02837837837837837 0.4583333333333333 0
4803 0.0304054054054054 0.4583333333333334 0
4804 0.03243243243243243 0.4583333333333333 0
4805 0.03445945945945945 0.4583333333333333 0
4806 0.03648648648648648 0.4583333333333334 0
4807 0.03851351351351351 0.4583333333333333 0
4808 0.04054054054054054 0.4583333333333334 0
4809 0.04256756756756756 0.4583333333333332 0
4810 0.04459459459459459 0.4583333333333331 0
4811 0.04662162162162162 0.4583333333333333 0
4812 0.04864864864864865 0.4583333333333334 0
4813 0.05067567567567567 0.4583333333333334 0
4814 0.0527027027027027 0.4583333333333331 0
4815 0.05472972972972973 0.4583333333333333 0
4816 0.05675675675675676 0.4583333333333333 0
4817 0.05878378378378378 0.4583333333333333 0
4818 0.0608108108108108 0.4583333333333334 0
4819 0.06283783783783783 0.4583333333333333 0
4820 0.06486486486486487 0.4583333333333333 0
4821 0.06689189189189189 0.4583333333333333 0
4822 0.06891891891891891 0.4583333333333333 0
4823 0.07094594594594594 0.4583333333333333 0
4824 0.07297297297297298 0.4583333333333333 0
4825 0 0.0106 0
4826 0 0.01129681892105711 0
4827 0 0.01209260180632092 0
4828 0 0.01298924186810445 0
4829 0 0.01398834104953942 0
4830 0 0.01509116894453182 0
4831 0 0.01629862049317518 0
4832 0 0.01761117297635649 0
4833 0 0.01902884294739271 0
4834 0 0.02055114385710443 0
4835 0 0.0221829097136531 0
4836 0 0.02391608617451822 0
4837 0 0.02574831445006983 0
4838 0 0.02767659286261594 0
4839 0 0.02969725641377491 0
4840 0 0.03180596369562653 0
4841 0 0.03399769222607688 0
4842 0 0.0362667431930766 0
4843 0 0.03860675644368953 0
4844 0 0.04101073635097967 0
4845 0 0.04347296299761086 0
4846 0 0.04598224015150026 0
4847 0 0.04852989636020886 0
4848 0 0.05110686279606498 0
4849 0 0.05370375332380252 0
4850 0 0.05631095191730238 0
4851 0 0.05891870573738393 0
4852 0 0.06151722194364299 0
4853 0 0.06409676614272246 0
4854 0 0.0666477602847972 0
4855 0 0.06915748950695988 0
4856 0 0.07161936388811055 0
4857 0 0.07402492795132265 0
4858 0 0.07636623887969056 0
4859 0 0.07863592835254676 0
4860 0 0.0808272533967174 0
4861 0 0.08293413570483067 0
4862 0 0.08495118923495551 0
4863 0 0.08687373624936311 0
4864 0 0.08869781226049721 0
4865 0 0.09046549524830419 0
4866 0 0.09218012170449999 0
4867 0 0.09384091481255263 0
4868 0 0.09544733493101096 0
4869 0 0.09699906951146252 0
4870 0 0.0984960218372375 0
4871 0 0.09993829878938026 0
4872 0 0.1013261978407725 0
4873 0 0.1026601934721569 0
4874 0 0.1039409231951711 0
4875 0 0.105162804279768 0
4876 0 0.1063334030270976 0
4877 0 0.1074538089340435 0
4878 0 0.1085252076858441 0
4879 0 0.1095488682942238 0
4880 0 0.1105261307995089 0
4881 0 0.1114583945886264 0
4882 0 0.1123471073699239 0
4883 0 0.1131937548354023 0
4884 0 0.1139998510312039 0
4885 0 0.1147621839488935 0
4886 0 0.1154874498533035 0
4887 0 0.1161771934805947 0
4888 0 0.1168329523137684 0
4889 0 0.1174562512703127 0
4890 0 0.118048597995675 0
4891 0 0.1186114787316668 0
4892 0 0.1191463547278049 0
4893 0 0.1196546591628018 0
4894 0 0.1201377945429337 0
4895 0 0.1205940942263032 0
4896 0 0.1210282584355231 0
4897 0 0.1214415672379532 0
4898 0 0.1218352633504471 0
4899 0 0.1222105517190787 0
4900 0 0.1225685993333743 0
4901 0 0.1229105352507566 0
4902 0 0.1232374508082683 0
4903 0 0.1235504 0
4904 0.0280669961853027 0.1235504 0
4905 0.0280669961853027 0.1232374508082683 0
4906 0.0280669961853027 0.1229105352507567 0
4907 0.0280669961853027 0.1225685993333743 0
4908 0.0280669961853027 0.1222105517190787 0
4909 0.0280669961853027 0.1218352633504471 0
4910 0.0280669961853027 0.1214415672379532 0
4911 0.0280669961853027 0.1210282584355231 0
4912 0.0280669961853027 0.1205940942263032 0
4913 0.0280669961853027 0.1201377945429337 0
4914 0.0280669961853027 0.1196546591628018 0
4915 0.0280669961853027 0.1191463547278049 0
4916 0.0280669961853027 0.1186114787316668 0
4917 0.0280669961853027 0.1180485979956751 0
4918 0.0280669961853027 0.1174562512703126 0
4919 0.0280669961853027 0.1168329523137684 0
4920 0.0280669961853027 0.1161771934805948 0
4921 0.0280669961853027 0.1154874498533036 0
4922 0.0280669961853027 0.1147621839488936 0
4923 0.0280669961853027 0.113999851031204 0
4924 0.0280669961853027 0.1131937548354024 0
4925 0.0280669961853027 0.1123471073699241 0
4926 0.0280669961853027 0.1114583945886265 0
4927 0.0280669961853027 0.1105261307995092 0
4928 0.0280669961853027 0.109548868294224 0
4929 0.0280669961853027 0.1085252076858443 0
4930 0.0280669961853027 0.1074538089340437 0
4931 0.0280669961853027 0.106333403027098 0
4932 0.0280669961853027 0.1051628042797683 0
4933 0.0280669961853027 0.1039409231951715 0
4934 0.0280669961853027 0.1026601934721573 0
4935 0.0280669961853027 0.1013261978407729 0
4936 0.0280669961853027 0.09993829878938065 0
4937 0.0280669961853027 0.09849602183723788 0
4938 0.0280669961853027 0.09699906951146296 0
4939 0.0280669961853027 0.09544733493101148 0
4940 0.0280669961853027 0.09384091481255318 0
4941 0.0280669961853027 0.09218012170450064 0
4942 0.0280669961853027 0.09046549524830484 0
4943 0.0280669961853027 0.08869781226049775 0
4944 0.0280669961853027 0.0868737362493638 0
4945 0.0280669961853027 0.08495118923495615 0
4946 0.0280669961853027 0.08293413570483132 0
4947 0.0280669961853027 0.08082725339671802 0
4948 0.0280669961853027 0.07863592835254746 0
4949 0.0280669961853027 0.07636623887969123 0
4950 0.0280669961853027 0.07402492795132323 0
4951 0.0280669961853027 0.07161936388811123 0
4952 0.0280669961853027 0.06915748950696038 0
4953 0.0280669961853027 0.06664776028479774 0
4954 0.0280669961853027 0.06409676614272314 0
4955 0.0280669961853027 0.06151722194364365 0
4956 0.0280669961853027 0.05891870573738451 0
4957 0.0280669961853027 0.05631095191730284 0
4958 0.0280669961853027 0.05370375332380303 0
4959 0.0280669961853027 0.05110686279606548 0
4960 0.0280669961853027 0.04852989636020942 0
4961 0.0280669961853027 0.0459822401515008 0
4962 0.0280669961853027 0.04347296299761129 0
4963 0.0280669961853027 0.04101073635098019 0
4964 0.0280669961853027 0.03860675644369006 0
4965 0.0280669961853027 0.03626674319307707 0
4966 0.0280669961853027 0.03399769222607731 0
4967 0.0280669961853027 0.03180596369562691 0
4968 0.0280669961853027 0.02969725641377528 0
4969 0.0280669961853027 0.02767659286261632 0
4970 0.0280669961853027 0.02574831445007022 0
4971 0.0280669961853027 0.02391608617451872 0
4972 0.0280669961853027 0.02218290971365344 0
4973 0.0280669961853027 0.0205511438571048 0
4974 0.0280669961853027 0.01902884294739304 0
4975 0.0280669961853027 0.0176111729763567 0
4976 0.0280669961853027 0.01629862049317545 0
4977 0.0280669961853027 0.01509116894453201 0
4978 0.0280669961853027 0.0139883410495396 0
4979 0.0280669961853027 0.01298924186810454 0
4980 0.0280669961853027 0.01209260180632094 0
4981 0.0280669961853027 0.01129681892105719 0
4982 0.0280669961853027 0.01060000000000003 0
4983 0.0277303996297526 0.01060000000000003 0
4984 0.02739363220960204 0.01060000000000003 0
4985 0.02705670645697095 0.01060000000000003 0
4986 0.02671964702576071 0.01060000000000003 0
4987 0.0263824903797181 0.01060000000000003 0
4988 0.02604528247214929 0.01060000000000003 0
4989 0.02570807456458047 0.01060000000000003 0
4990 0.02537091791853787 0.01060000000000003 0
4991 0.02503385848732761 0.01060000000000003 0
4992 0.02469693273469652 0.01060000000000003 0
4993 0.02436016531454597 0.01060000000000002 0
4994 0.02402356875899587 0.01060000000000003 0
4995 0.02368697220344577 0.01060000000000003 0
4996 0.02335016385197331 0.01060000000000003 0
4997 0.02301311483817791 0.01060000000000002 0
4998 0.02267579420588335 0.01060000000000003 0
4999 0.0223381694384435 0.01060000000000003 0
5000 0.0220002072747525 0.01060000000000002 0
5001 0.02164899842818508 0.01060000000000003 0
5002 0.0212899822975605 0.01060000000000002 0
5003 0.02091556816866596 0.01060000000000002 0
5004 0.02051785303111879 0.01060000000000002 0
5005 0.02008845643826175 0.01060000000000003 0
5006 0.0196183451031984 0.01060000000000002 0
5007 0.01909764318615757 0.01060000000000002 0
5008 0.01851542386143517 0.01060000000000002 0
5009 0.0178594773355759 0.01060000000000002 0
5010 0.01711605003663397 0.01060000000000002 0
5011 0.01626954921104301 0.01060000000000002 0
5012 0.0153022066337619 0.01060000000000002 0
5013 0.01419369451758171 0.01060000000000002 0
5014 0.01292068593460893 0.01060000000000002 0
5015 0.01145635106182013 0.01060000000000001 0
5016 0.009769779264686836 0.01060000000000001 0
5017 0.00782531539210797 0.01060000000000001 0
5018 0.005581796654713264 0.0106 0
5019 0.002991674100974986 0.0106 0
5020 0.02773093245010826 0.01129681892105719 0
5021 0.0273944994141691 0.01129681892105718 0
5022 0.027057724163969 0.01129681892105719 0
5023 0.02672065998558425 0.01129681892105718 0
5024 0.02638338569047616 0.01129681892105718 0
5025 0.02604600060050621 0.01129681892105718 0
5026 0.02570861551053626 0.01129681892105718 0
5027 0.02537134121542815 0.01129681892105718 0
5028 0.0250342770370434 0.01129681892105718 0
5029 0.0246975017868433 0.01129681892105718 0
5030 0.02436106875090414 0.01129681892105718 0
5031 0.0240250050157097 0.01129681892105718 0
5032 0.02368894128051526 0.01129681892105717 0
5033 0.02335241977705493 0.01129681892105717 0
5034 0.02301537811450464 0.01129681892105717 0
5035 0.02267774938527267 0.01129681892105717 0
5036 0.02233946330902239 0.01129681892105717 0
5037 0.02200044799636817 0.01129681892105717 0
5038 0.02164783523786602 0.01129681892105717 0
5039 0.02128699488448772 0.01129681892105717 0
5040 0.02091035136669829 0.01129681892105716 0
5041 0.02051002591960797 0.01129681892105716 0
5042 0.02007767541559192 0.01129681892105716 0
5043 0.01960432108619508 0.01129681892105716 0
5044 0.01908016281215387 0.01129681892105716 0
5045 0.01849437421815067 0.01129681892105716 0
5046 0.01783487336091364 0.01129681892105716 0
5047 0.01708806338624312 0.01129681892105715 0
5048 0.01623853717258905 0.01129681892105715 0
5049 0.01526873965579457 0.01129681892105715 0
5050 0.01415858116969343 0.01129681892105715 0
5051 0.01288499462254893 0.01129681892105714 0
5052 0.01142142852198281 0.01129681892105714 0
5053 0.009737266641809135 0.01129681892105713 0
5054 0.00779716342718332 0.01129681892105713 0
5055 0.005560282061112939 0.01129681892105712 0
5056 0.002979419519992148 0.01129681892105712 0
5057 0.0277315409429421 0.01209260180632094 0
5058 0.02739548978129552 0.01209260180632095 0
5059 0.02705888640825771 0.01209260180632094 0
5060 0.02672181680849287 0.01209260180632094 0
5061 0.02638440815550505 0.01209260180632094 0
5062 0.02604682071924665 0.01209260180632094 0
5063 0.02570923328298825 0.01209260180632094 0
5064 0.02537182463000043 0.01209260180632094 0
5065 0.02503475503023559 0.01209260180632094 0
5066 0.02469815165719777 0.01209260180632094 0
5067 0.02436210049555119 0.01209260180632094 0
5068 0.02402664525319059 0.01209260180632094 0
5069 0.02369119001083 0.01209260180632094 0
5070 0.02335499609425319 0.01209260180632093 0
5071 0.02301796282699021 0.01209260180632094 0
5072 0.02267998224412398 0.01209260180632094 0
5073 0.0223409409383337 0.01209260180632094 0
5074 0.02200072290586915 0.01209260180632094 0
5075 0.02164650684835156 0.01209260180632094 0
5076 0.02128358319154612 0.01209260180632094 0
5077 0.02090439366148074 0.01209260180632094 0
5078 0.02050108718216393 0.01209260180632094 0
5079 0.02006536324514557 0.01209260180632094 0
5080 0.01958830534325724 0.01209260180632093 0
5081 0.01906019983175855 0.01209260180632094 0
5082 0.01847033505193327 0.01209260180632094 0
5083 0.01780677506829556 0.01209260180632094 0
5084 0.01705610200183768 0.01209260180632093 0
5085 0.01620312072694867 0.01209260180632094 0
5086 0.01523051961399733 0.01209260180632093 0
5087 0.01411848093640555 0.01209260180632093 0
5088 0.01284423434117358 0.01209260180632093 0
5089 0.01138154619578201 0.01209260180632093 0
5090 0.009700136494995876 0.01209260180632093 0
5091 0.007765013249860931 0.01209260180632093 0
5092 0.005535711911174172 0.01209260180632092 0
5093 0.002965424512799421 0.01209260180632092 0
5094 0.02773222655589285 0.01298924186810454 0
5095 0.02739660566712051 0.01298924186810454 0
5096 0.02706019595488171 0.01298924186810454 0
5097 0.02672312024663343 0.01298924186810454 0
5098 0.02638556020730669 0.01298924186810454 0
5099 0.02604774477947932 0.01298924186810453 0
5100 0.02570992935165194 0.01298924186810453 0
5101 0.02537236931232519 0.01298924186810453 0
5102 0.02503529360407692 0.01298924186810453 0
5103 0.02469888389183812 0.01298924186810453 0
5104 0.02436326300306577 0.01298924186810453 0
5105 0.02402849337365591 0.01298924186810453 0
5106 0.02369372374424608 0.01298924186810453 0
5107 0.02335789893277182 0.01298924186810452 0
5108 0.02302087512481122 0.01298924186810453 0
5109 0.02268249809453426 0.01298924186810453 0
5110 0.02234260584174081 0.01298924186810452 0
5111 0.02200103265728063 0.01298924186810452 0
5112 0.02164501009932821 0.01298924186810452 0
5113 0.02127973910212603 0.01298924186810452 0
5114 0.02089768087929697 0.01298924186810452 0
5115 0.02049101555302676 0.01298924186810452 0
5116 0.02005149063557564 0.01298924186810451 0
5117 0.01957025977203018 0.01298924186810451 0
5118 0.01903770675191666 0.01298924186810451 0
5119 0.01844324917225235 0.01298924186810451 0
5120 0.01777511561030063 0.01298924186810451 0
5121 0.01702008984548365 0.0129892418681045 0
5122 0.01616321561640258 0.01298924186810451 0
5123 0.01518745558073771 0.0129892418681045 0
5124 0.01407329841700409 0.01298924186810449 0
5125 0.01279830811947732 0.01298924186810449 0
5126 0.01133660920091701 0.01298924186810449 0
5127 0.00965830048953612 0.01298924186810448 0
5128 0.007728788373057825 0.01298924186810447 0
5129 0.005508027751126139 0.01298924186810447 0
5130 0.002949655784486314 0.01298924186810445 0
5131 0.02773299051388122 0.01398834104953961 0
5132 0.02739784906529311 0.0139883410495396 0
5133 0.02706165514348576 0.0139883410495396 0
5134 0.02672457262873723 0.0139883410495396 0
5135 0.02638684390414452 0.01398834104953959 0
5136 0.02604877443213638 0.01398834104953959 0
5137 0.02571070496012825 0.01398834104953959 0
5138 0.02537297623553552 0.01398834104953959 0
5139 0.025035893720787 0.01398834104953958 0
5140 0.02469969979897963 0.01398834104953958 0
5141 0.02436455835039153 0.01398834104953958 0
5142 0.02403055267897005 0.01398834104953958 0
5143 0.02369654700754857 0.01398834104953958 0
5144 0.02336113347884156 0.01398834104953957 0
5145 0.02302412021109844 0.01398834104953957 0
5146 0.0226853014313387 0.01398834104953956 0
5147 0.02234446099377127 0.01398834104953957 0
5148 0.02200137780400657 0.01398834104953956 0
5149 0.02164334231669414 0.01398834104953956 0
5150 0.02127545574835157 0.01398834104953956 0
5151 0.02089020102704542 0.01398834104953956 0
5152 0.02047979303815647 0.01398834104953955 0
5153 0.02003603280198507 0.01398834104953955 0
5154 0.01955015213217565 0.01398834104953955 0
5155 0.01901264338634131 0.01398834104953954 0
5156 0.0184130681872941 0.01398834104953954 0
5157 0.01773983842392943 0.01398834104953954 0
5158 0.01697996257762161 0.01398834104953953 0
5159 0.01611875054621336 0.01398834104953952 0
5160 0.01513947061752583 0.01398834104953952 0
5161 0.01402295288809768 0.01398834104953951 0
5162 0.01274713390536529 0.0139883410495395 0
5163 0.01128653725265222 0.01398834104953949 0
5164 0.009611683880942695 0.01398834104953948 0
5165 0.007688424077166814 0.01398834104953947 0
5166 0.005477180120263328 0.01398834104953945 0
5167 0.002932085162537347 0.01398834104953944 0
5168 0.02773383378769809 0.01509116894453201 0
5169 0.02739922155584742 0.01509116894453201 0
5170 0.02706326582831716 0.01509116894453201 0
5171 0.02672617580040229 0.01509116894453201 0
5172 0.02638826087726169 0.015091168944532 0
5173 0.02604991098563725 0.015091168944532 0
5174 0.0257115610940128 0.015091168944532 0
5175 0.02537364617087219 0.01509116894453199 0
5176 0.02503655614295732 0.01509116894453199 0
5177 0.02470060041542704 0.01509116894453199 0
5178 0.02436598818357637 0.01509116894453198 0
5179 0.02403282578597177 0.01509116894453198 0
5180 0.02369966338836717 0.01509116894453198 0
5181 0.02336470384272497 0.01509116894453198 0
5182 0.02302770220950831 0.01509116894453198 0
5183 0.02268839581684562 0.01509116894453198 0
5184 0.02234650875183839 0.01509116894453197 0
5185 0.02200175878463821 0.01509116894453197 0
5186 0.02164150138113359 0.01509116894453197 0
5187 0.0212707276871997 0.01509116894453197 0
5188 0.02088194459978903 0.01509116894453196 0
5189 0.02046740537667011 0.01509116894453196 0
5190 0.02001897010150789 0.01509116894453196 0
5191 0.01952795687213933 0.01509116894453195 0
5192 0.01898497788604614 0.01509116894453195 0
5193 0.01837975374491562 0.01509116894453194 0
5194 0.01770089868109919 0.01509116894453194 0
5195 0.01693566920698294 0.01509116894453193 0
5196 0.01606966901289949 0.01509116894453193 0
5197 0.0150865037480162 0.01509116894453192 0
5198 0.01396738037367885 0.01509116894453191 0
5199 0.01269064666978774 0.01509116894453191 0
5200 0.01123126672262965 0.0150911689445319 0
5201 0.009560227431691142 0.01509116894453188 0
5202 0.007643869069718607 0.01509116894453187 0
5203 0.005443129819310154 0.01509116894453185 0
5204 0.002912690319284792 0.01509116894453184 0
5205 0.02773475706165656 0.01629862049317545 0
5206 0.02740072425255362 0.01629862049317544 0
5207 0.02706502931643971 0.01629862049317544 0
5208 0.02672793106259552 0.01629862049317544 0
5209 0.02638981227652577 0.01629862049317543 0
5210 0.02605115536229017 0.01629862049317543 0
5211 0.02571249844805457 0.01629862049317543 0
5212 0.02537437966198482 0.01629862049317543 0
5213 0.02503728140814062 0.01629862049317542 0
5214 0.02470158647202671 0.01629862049317541 0
5215 0.02436755366292378 0.01629862049317542 0
5216 0.02403531453927763 0.01629862049317541 0
5217 0.02370307541563151 0.01629862049317541 0
5218 0.023368612921757 0.01629862049317541 0
5219 0.02303162402681715 0.0162986204931754 0
5220 0.02269178376213551 0.0162986204931754 0
5221 0.02234875077768905 0.0162986204931754 0
5222 0.02200217590833971 0.0162986204931754 0
5223 0.02163948579873524 0.01629862049317539 0
5224 0.02126555108186914 0.01629862049317539 0
5225 0.0208729048974726 0.01629862049317538 0
5226 0.02045384251603364 0.01629862049317538 0
5227 0.02000028868783602 0.01629862049317538 0
5228 0.01950365598056315 0.01629862049317538 0
5229 0.01895468780059667 0.01629862049317536 0
5230 0.0183432788105902 0.01629862049317535 0
5231 0.01765826478237605 0.01629862049317535 0
5232 0.01688717378968787 0.01629862049317534 0
5233 0.01601593118700776 0.01629862049317534 0
5234 0.01502851198982202 0.01629862049317533 0
5235 0.01390653577689117 0.01629862049317532 0
5236 0.01262880057359594 0.0162986204931753 0
5237 0.0111707527590519 0.0162986204931753 0
5238 0.009503889385094215 0.01629862049317527 0
5239 0.007595087194516287 0.01629862049317526 0
5240 0.005405849216593834 0.01629862049317524 0
5241 0.002891455515896767 0.01629862049317521 0
5242 0.02773576070070793 0.0176111729763567 0
5243 0.02740235774939694 0.0176111729763567 0
5244 0.02706694630492421 0.01761117297635669 0
5245 0.02672983910913613 0.01761117297635669 0
5246 0.02639149871517317 0.01761117297635668 0
5247 0.02605250805397181 0.01761117297635669 0
5248 0.02571351739277044 0.01761117297635668 0
5249 0.02537517699880746 0.01761117297635668 0
5250 0.02503806980301939 0.01761117297635668 0
5251 0.02470265835854664 0.01761117297635668 0
5252 0.02436925540723567 0.01761117297635667 0
5253 0.02403801992264089 0.01761117297635667 0
5254 0.02370678443804611 0.01761117297635667 0
5255 0.02337286226111658 0.01761117297635666 0
5256 0.02303588721323905 0.01761117297635666 0
5257 0.02269546660639386 0.01761117297635666 0
5258 0.02235118795755016 0.01761117297635666 0
5259 0.02200262933999154 0.01761117297635666 0
5260 0.02163729477278064 0.01761117297635665 0
5261 0.02125992388615376 0.01761117297635665 0
5262 0.02086307834688681 0.01761117297635665 0
5263 0.02043909909512584 0.01761117297635665 0
5264 0.01997998117658898 0.01761117297635664 0
5265 0.01947723985180198 0.01761117297635664 0
5266 0.01892176115694197 0.01761117297635663 0
5267 0.01830362896652276 0.01761117297635663 0
5268 0.01761191987545236 0.01761117297635662 0
5269 0.0168344571564904 0.01761117297635661 0
5270 0.01595751582707535 0.01761117297635661 0
5271 0.01496547241998807 0.0176111729763566 0
5272 0.01384039504711069 0.01761117297635659 0
5273 0.01256157117029375 0.01761117297635658 0
5274 0.01110497144198758 0.01761117297635657 0
5275 0.009442647471875039 0.01761117297635656 0
5276 0.007542059169082902 0.01761117297635655 0
5277 0.005365323575855058 0.01761117297635653 0
5278 0.002868372358690059 0.0176111729763565 0
5279 0.02773684471750962 0.01902884294739304 0
5280 0.02740412206697833 0.01902884294739303 0
5281 0.02706901681794681 0.01902884294739302 0
5282 0.02673189996408756 0.01902884294739302 0
5283 0.02639332021447246 0.01902884294739302 0
5284 0.02605396907774166 0.01902884294739302 0
5285 0.02571461794101085 0.01902884294739301 0
5286 0.02537603819139576 0.01902884294739301 0
5287 0.0250389213375365 0.019028842947393 0
5288 0.02470381608850497 0.019028842947393 0
5289 0.02437109343797369 0.01902884294739299 0
5290 0.0240409419701806 0.01902884294739299 0
5291 0.02371079050238753 0.01902884294739299 0
5292 0.02337745191439446 0.01902884294739298 0
5293 0.02304049182253941 0.01902884294739298 0
5294 0.02269944439606699 0.01902884294739297 0
5295 0.02235382032215836 0.01902884294739297 0
5296 0.02200311908531217 0.01902884294739297 0
5297 0.02163492827563756 0.01902884294739296 0
5298 0.02125384602908589 0.01902884294739296 0
5299 0.02085246482410363 0.01902884294739296 0
5300 0.02042317492800935 0.01902884294739295 0
5301 0.01995804731165762 0.01902884294739294 0
5302 0.01944870815270757 0.01902884294739294 0
5303 0.01888619753982617 0.01902884294739293 0
5304 0.01826080371266743 0.01902884294739292 0
5305 0.01756186337584713 0.01902884294739291 0
5306 0.01677751864255225 0.0190288429473929 0
5307 0.01589442219639423 0.01902884294739289 0
5308 0.01489738424348786 0.01902884294739288 0
5309 0.01376895735020052 0.01902884294739287 0
5310 0.01248895761201438 0.01902884294739286 0
5311 0.01103392194183252 0.01902884294739284 0
5312 0.009376500919678359 0.01902884294739282 0
5313 0.007484784324653023 0.01902884294739279 0
5314 0.005321552386002812 0.01902884294739277 0
5315 0.00284344055655035 0.01902884294739273 0
5316 0.02773800874002337 0.0205511438571048 0
5317 0.02740601659977795 0.02055114385710479 0
5318 0.02707124014490039 0.02055114385710479 0
5319 0.02673411292015733 0.02055114385710479 0
5320 0.02639527614927888 0.02055114385710478 0
5321 0.0260555379321714 0.02055114385710478 0
5322 0.02571579971506391 0.02055114385710478 0
5323 0.02537696294418545 0.02055114385710477 0
5324 0.02503983571944239 0.02055114385710476 0
5325 0.02470505926456483 0.02055114385710476 0
5326 0.02437306712431941 0.02055114385710476 0
5327 0.02404407967904007 0.02055114385710475 0
5328 0.02371509223376076 0.02055114385710475 0
5329 0.02338238030640594 0.02055114385710475 0
5330 0.02304543627440057 0.02055114385710473 0
5331 0.02270371576596392 0.02055114385710474 0
5332 0.0223566469680771 0.02055114385710473 0
5333 0.02200364497621932 0.02055114385710472 0
5334 0.0216323871194959 0.02055114385710472 0
5335 0.02124731959660687 0.02055114385710471 0
5336 0.02084106797172038 0.02055114385710471 0
5337 0.02040607547991276 0.02055114385710471 0
5338 0.01993449462081935 0.02055114385710469 0
5339 0.01941807067545659 0.02055114385710469 0
5340 0.01884800915480418 0.02055114385710468 0
5341 0.0182148177467977 0.02055114385710467 0
5342 0.01750811246312213 0.02055114385710467 0
5343 0.01671637778936597 0.02055114385710465 0
5344 0.01582667194891406 0.02055114385710464 0
5345 0.01482427082841628 0.02055114385710463 0
5346 0.01369224720382239 0.02055114385710461 0
5347 0.01241098481997923 0.0205511438571046 0
5348 0.01095762864301803 0.02055114385710458 0
5349 0.009305472430226964 0.02055114385710455 0
5350 0.007423282318149019 0.02055114385710452 0
5351 0.005274550669459054 0.0205511438571045 0
5352 0.00281666866615735 0.02055114385710446 0
5353 0.02773925646455805 0.02218290971365344 0
5354 0.02740804736381205 0.02218290971365344 0
5355 0.02707362334587441 0.02218290971365343 0
5356 0.02673648500450259 0.02218290971365343 0
5357 0.02639737273058838 0.02218290971365343 0
5358 0.0260572195990981 0.02218290971365342 0
5359 0.0257170664676078 0.02218290971365341 0
5360 0.02537795419369358 0.02218290971365341 0
5361 0.02504081585232175 0.0221829097136534 0
5362 0.0247063918343841 0.0221829097136534 0
5363 0.02437518273363811 0.0221829097136534 0
5364 0.02404744301289347 0.02218290971365339 0
5365 0.02371970329214882 0.02218290971365339 0
5366 0.02338766308707086 0.02218290971365339 0
5367 0.02305073626973982 0.02218290971365338 0
5368 0.02270829427965594 0.02218290971365338 0
5369 0.02235967687121209 0.02218290971365337 0
5370 0.02200420868265942 0.02218290971365337 0
5371 0.02162966323501179 0.02218290971365337 0
5372 0.02124032386428062 0.02218290971365336 0
5373 0.02082885159946934 0.02218290971365335 0
5374 0.02038774645219435 0.02218290971365335 0
5375 0.01990924831340764 0.02218290971365335 0
5376 0.01938523013191489 0.02218290971365334 0
5377 0.01880707473612385 0.02218290971365333 0
5378 0.01816552504224244 0.02218290971365332 0
5379 0.01745049645331525 0.02218290971365331 0
5380 0.01665084044649696 0.0221829097136533 0
5381 0.01575404994632208 0.02218290971365329 0
5382 0.01474590000592754 0.02218290971365329 0
5383 0.01361002101784817 0.02218290971365327 0
5384 0.0123274051945773 0.02218290971365326 0
5385 0.01087584927909942 0.02218290971365323 0
5386 0.009229336455276418 0.02218290971365321 0
5387 0.007357357852307721 0.02218290971365319 0
5388 0.005224169174075335 0.02218290971365316 0
5389 0.002787971674399764 0.02218290971365313 0
5390 0.02774058173238643 0.02391608617451872 0
5391 0.02741020433529626 0.02391608617451872 0
5392 0.0270761546574674 0.0239160861745187 0
5393 0.02673900450859314 0.0239160861745187 0
5394 0.02639959960974467 0.02391608617451869 0
5395 0.02605900577786918 0.02391608617451868 0
5396 0.02571841194599368 0.02391608617451868 0
5397 0.02537900704714521 0.02391608617451867 0
5398 0.02504185689827097 0.02391608617451867 0
5399 0.02470780722044208 0.02391608617451866 0
5400 0.02437742982335192 0.02391608617451865 0
5401 0.02405101537043565 0.02391608617451865 0
5402 0.02372460091751939 0.02391608617451865 0
5403 0.02339327418075788 0.02391608617451864 0
5404 0.02305636564795471 0.02391608617451864 0
5405 0.02271315733775029 0.02391608617451862 0
5406 0.02236289507606129 0.02391608617451862 0
5407 0.02200480742219603 0.02391608617451861 0
5408 0.0216267700671893 0.0239160861745186 0
5409 0.02123289336281148 0.02391608617451859 0
5410 0.02081587600696159 0.02391608617451859 0
5411 0.02036827831633125 0.02391608617451858 0
5412 0.01988243300436428 0.02391608617451858 0
5413 0.0193503486219237 0.02391608617451856 0
5414 0.01876359633472743 0.02391608617451855 0
5415 0.01811316890616771 0.02391608617451855 0
5416 0.01738929973715311 0.02391608617451853 0
5417 0.01658123010411091 0.02391608617451851 0
5418 0.01567691464843105 0.02391608617451849 0
5419 0.01466265861182004 0.02391608617451849 0
5420 0.01352268465802344 0.02391608617451846 0
5421 0.0122386312820866 0.02391608617451844 0
5422 0.01078898751032331 0.02391608617451841 0
5423 0.009148468799491287 0.02391608617451839 0
5424 0.007287336328121088 0.02391608617451835 0
5425 0.005170656581253381 0.02391608617451831 0
5426 0.002757491228683682 0.02391608617451826 0
5427 0.02774198273986759 0.02574831445007021 0
5428 0.02741248457867146 0.02574831445007021 0
5429 0.02707883063465703 0.0257483144500702 0
5430 0.02674166800347626 0.0257483144500702 0
5431 0.02640195375604689 0.02574831445007019 0
5432 0.02606089403756084 0.02574831445007019 0
5433 0.0257198343190748 0.02574831445007018 0
5434 0.02538012007164542 0.02574831445007019 0
5435 0.02504295744046466 0.02574831445007017 0
5436 0.02470930349645021 0.02574831445007017 0
5437 0.02437980533525409 0.02574831445007017 0
5438 0.02405479188981897 0.02574831445007017 0
5439 0.02372977844438387 0.02574831445007016 0
5440 0.02339920595097416 0.02574831445007016 0
5441 0.02306231674766787 0.02574831445007015 0
5442 0.02271829832180315 0.02574831445007015 0
5443 0.02236629720276583 0.02574831445007014 0
5444 0.0220054403799666 0.02574831445007014 0
5445 0.02162371155352381 0.02574831445007012 0
5446 0.02122503820483958 0.02574831445007012 0
5447 0.02080215885350286 0.02574831445007012 0
5448 0.0203476975677427 0.02574831445007012 0
5449 0.01985408518834192 0.02574831445007011 0
5450 0.01931347361793947 0.0257483144500701 0
5451 0.01871763312312547 0.0257483144500701 0
5452 0.01805782059335549 0.02574831445007008 0
5453 0.01732460560112314 0.02574831445007007 0
5454 0.01650764149933209 0.02574831445007007 0
5455 0.01559537103355382 0.02574831445007005 0
5456 0.01457465993457978 0.02574831445007003 0
5457 0.01343035698593244 0.02574831445007002 0
5458 0.01214478390054785 0.02574831445007001 0
5459 0.01069716155237293 0.02574831445006998 0
5460 0.009062979520786725 0.02574831445006995 0
5461 0.007213313042316753 0.02574831445006993 0
5462 0.00511408571967041 0.02574831445006991 0
5463 0.002725268811778398 0.02574831445006987 0
5464 0.02774345719177829 0.02767659286261631 0
5465 0.02741488435829195 0.0276765928626163 0
5466 0.02708164689348028 0.0276765928626163 0
5467 0.02674447112563828 0.0276765928626163 0
5468 0.02640443131277663 0.02767659286261629 0
5469 0.026062881284701 0.02767659286261628 0
5470 0.02572133125662537 0.02767659286261628 0
5471 0.02538129144376372 0.02767659286261627 0
5472 0.02504411567592173 0.02767659286261628 0
5473 0.02471087821111004 0.02767659286261627 0
5474 0.0243823053776237 0.02767659286261627 0
5475 0.0240587663840993 0.02767659286261626 0
5476 0.02373522739057489 0.02767659286261626 0
5477 0.02340544867990093 0.02767659286261626 0
5478 0.02306857981939366 0.02767659286261625 0
5479 0.02272370880951403 0.02767659286261624 0
5480 0.02236987767773647 0.02767659286261624 0
5481 0.02200610651901779 0.02767659286261624 0
5482 0.02162049270467493 0.02767659286261623 0
5483 0.02121677125920488 0.02767659286261622 0
5484 0.0207877226114423 0.02767659286261621 0
5485 0.0203260379231739 0.02767659286261622 0
5486 0.01982425130660996 0.0276765928626162 0
5487 0.01927466553103558 0.02767659286261619 0
5488 0.01866926040129491 0.02767659286261619 0
5489 0.01799957077907702 0.02767659286261618 0
5490 0.01725652003144305 0.02767659286261617 0
5491 0.01643019518988592 0.02767659286261616 0
5492 0.01550955269184017 0.02767659286261615 0
5493 0.01448204813946712 0.02767659286261613 0
5494 0.01333318925888154 0.02767659286261612 0
5495 0.01204601679695609 0.0276765928626161 0
5496 0.01060052184061334 0.02767659286261608 0
5497 0.008973008673360238 0.02767659286261607 0
5498 0.007135409264743374 0.02767659286261603 0
5499 0.005054549267458019 0.027676592862616 0
5500 0.002691357212581069 0.02767659286261597 0
5501 0.02774500228568927 0.02969725641377527 0
5502 0.02741739911299664 0.02969725641377527 0
5503 0.02708459808119142 0.02969725641377527 0
5504 0.02674740854730175 0.02969725641377526 0
5505 0.02640702757094513 0.02969725641377527 0
5506 0.02606496374221188 0.02969725641377526 0
5507 0.02572289991347862 0.02969725641377525 0
5508 0.02538251893712201 0.02969725641377525 0
5509 0.02504532940323233 0.02969725641377524 0
5510 0.02471252837142711 0.02969725641377523 0
5511 0.02438492519873448 0.02969725641377523 0
5512 0.02406293129912105 0.02969725641377523 0
5513 0.02374093739950763 0.02969725641377522 0
5514 0.0234119905022436 0.02969725641377521 0
5515 0.02307514295917277 0.02969725641377521 0
5516 0.0227293785173945 0.02969725641377521 0
5517 0.02237362969571373 0.02969725641377521 0
5518 0.02200680457324689 0.0296972564137752 0
5519 0.02161711963857446 0.0296972564137752 0
5520 0.02120810823854627 0.02969725641377519 0
5521 0.0207725947191433 0.02969725641377519 0
5522 0.02030334055020822 0.02969725641377518 0
5523 0.01979298806318354 0.02969725641377517 0
5524 0.01923399812212478 0.02969725641377517 0
5525 0.0186185701092513 0.02969725641377516 0
5526 0.01793853017632562 0.02969725641377514 0
5527 0.01718517243551637 0.02969725641377514 0
5528 0.01634903837474375 0.02969725641377512 0
5529 0.01541962273463408 0.02969725641377512 0
5530 0.0143849992498597 0.02969725641377509 0
5531 0.01323136615951829 0.02969725641377509 0
5532 0.01194251769382716 0.02969725641377506 0
5533 0.0104992520541154 0.02969725641377505 0
5534 0.008878727261050314 0.02969725641377503 0
5535 0.00705377306386288 0.02969725641377501 0
5536 0.004992160383068626 0.02969725641377498 0
5537 0.002655820885454388 0.02969725641377494 0
5538 0.02774661470195687 0.0318059636956269 0
5539 0.02742002343981979 0.0318059636956269 0
5540 0.02708767785714572 0.0318059636956269 0
5541 0.02675047395739839 0.0318059636956269 0
5542 0.02640973695247595 0.03180596369562688 0
5543 0.02606713693592085 0.03180596369562688 0
5544 0.02572453691936576 0.03180596369562687 0
5545 0.02538379991444332 0.03180596369562688 0
5546 0.02504659601469597 0.03180596369562687 0
5547 0.0247142504320219 0.03180596369562686 0
5548 0.02438765916988483 0.03180596369562686 0
5549 0.024067277686539 0.03180596369562685 0
5550 0.02374689620319317 0.03180596369562685 0
5551 0.02341881736285712 0.03180596369562685 0
5552 0.02308199206605951 0.03180596369562684 0
5553 0.02273529526404272 0.03180596369562684 0
5554 0.02237754519546415 0.03180596369562683 0
5555 0.02200753304288013 0.03180596369562683 0
5556 0.02161359960227543 0.03180596369562683 0
5557 0.02119906775541626 0.03180596369562682 0
5558 0.02075680767897441 0.0318059636956268 0
5559 0.02027965421428942 0.03180596369562681 0
5560 0.01976036262733115 0.0318059636956268 0
5561 0.01919155876538226 0.03180596369562679 0
5562 0.01856567115539516 0.03180596369562679 0
5563 0.01787482993120731 0.03180596369562677 0
5564 0.01711071610408658 0.03180596369562675 0
5565 0.01626434541981613 0.03180596369562674 0
5566 0.01532577437699517 0.03180596369562674 0
5567 0.01428372177588665 0.03180596369562672 0
5568 0.01312510645539047 0.0318059636956267 0
5569 0.01183450895961313 0.03180596369562669 0
5570 0.01039356977163088 0.03180596369562667 0
5571 0.008780337848044288 0.03180596369562665 0
5572 0.006968579835549014 0.03180596369562661 0
5573 0.004927053109399513 0.03180596369562659 0
5574 0.002618736180413158 0.03180596369562656 0
5575 0.02774829060015624 0.0339976922260773 0
5576 0.0274227510881857 0.03399769222607731 0
5577 0.02709087888598673 0.03399769222607729 0
5578 0.02675366005478808 0.03399769222607728 0
5579 0.02641255300421155 0.03399769222607728 0
5580 0.02606939568975319 0.03399769222607728 0
5581 0.02572623837529481 0.03399769222607726 0
5582 0.0253851313247183 0.03399769222607726 0
5583 0.02504791249351964 0.03399769222607726 0
5584 0.02471604029132066 0.03399769222607726 0
5585 0.02439050077935013 0.03399769222607725 0
5586 0.02407179519420367 0.03399769222607725 0
5587 0.0237530896090572 0.03399769222607724 0
5588 0.02342591300164437 0.03399769222607724 0
5589 0.02308911082697098 0.03399769222607723 0
5590 0.02274144495705511 0.03399769222607722 0
5591 0.02238161485111899 0.03399769222607722 0
5592 0.0220082901928613 0.03399769222607721 0
5593 0.02160994097973866 0.03399769222607721 0
5594 0.02118967134227934 0.03399769222607719 0
5595 0.02074039909223158 0.03399769222607719 0
5596 0.02025503533111779 0.03399769222607719 0
5597 0.01972645270574484 0.03399769222607718 0
5598 0.01914744854212506 0.03399769222607716 0
5599 0.01851068953352884 0.03399769222607716 0
5600 0.01780862176385091 0.03399769222607715 0
5601 0.01703332837594062 0.03399769222607714 0
5602 0.01617631804530069 0.03399769222607713 0
5603 0.01522823114529896 0.03399769222607711 0
5604 0.01417845693846277 0.0339976922260771 0
5605 0.01301466323400148 0.03399769222607707 0
5606 0.01172224784762663 0.03399769222607706 0
5607 0.01028372670537037 0.03399769222607704 0
5608 0.0086780747765239 0.03399769222607701 0
5609 0.006880032491541784 0.03399769222607699 0
5610 0.004859382517815489 0.03399769222607696 0
5611 0.002580191425158731 0.03399769222607692 0
5612 0.027750025622709 0.03626674319307707 0
5613 0.02742557496581302 0.03626674319307706 0
5614 0.02709419284457521 0.03626674319307706 0
5615 0.02675695855515552 0.03626674319307705 0
5616 0.02641546840400904 0.03626674319307704 0
5617 0.02607173413062133 0.03626674319307704 0
5618 0.0257279998572336 0.03626674319307703 0
5619 0.02538650970608713 0.03626674319307703 0
5620 0.02504927541666744 0.03626674319307702 0
5621 0.02471789329542962 0.03626674319307702 0
5622 0.02439344263853363 0.036266743193077 0
5623 0.02407647207593995 0.036266743193077 0
5624 0.02375950151334625 0.036266743193077 0
5625 0.02343325896891541 0.036266743193077 0
5626 0.02309648073209636 0.03626674319307699 0
5627 0.02274781160633791 0.03626674319307698 0
5628 0.02238582808098331 0.03626674319307698 0
5629 0.02200907405449063 0.03626674319307696 0
5630 0.02160615328391338 0.03626674319307697 0
5631 0.02117994343117248 0.03626674319307695 0
5632 0.02072341162362008 0.03626674319307695 0
5633 0.0202295479133601 0.03626674319307695 0
5634 0.01969134646913875 0.03626674319307694 0
5635 0.01910178214533105 0.03626674319307692 0
5636 0.01845376820384331 0.03626674319307691 0
5637 0.01774007782509385 0.03626674319307688 0
5638 0.01695321047039534 0.03626674319307689 0
5639 0.01608518513513791 0.03626674319307687 0
5640 0.01512724666609475 0.03626674319307684 0
5641 0.0140694784414321 0.03626674319307684 0
5642 0.01290032366374467 0.03626674319307682 0
5643 0.01160602625304022 0.03626674319307679 0
5644 0.01017000846323689 0.03626674319307677 0
5645 0.008572203945306485 0.03626674319307675 0
5646 0.006788361267777777 0.03626674319307671 0
5647 0.004789324561669058 0.03626674319307668 0
5648 0.002540286841644982 0.03626674319307664 0
5649 0.0277518149063446 0.03860675644369005 0
5650 0.02742848715736894 0.03860675644369004 0
5651 0.02709761044388071 0.03860675644369004 0
5652 0.02676036021279973 0.03860675644369004 0
5653 0.02641847497999881 0.03860675644369001 0
5654 0.02607414570387234 0.03860675644369002 0
5655 0.02572981642774589 0.03860675644369001 0
5656 0.02538793119494497 0.03860675644369001 0
5657 0.02505068096386397 0.03860675644369 0
5658 0.02471980425037574 0.03860675644369001 0
5659 0.02439647650140009 0.03860675644368998 0
5660 0.02408129522244198 0.03860675644368999 0
5661 0.02376611394348389 0.03860675644368997 0
5662 0.02344083467391401 0.03860675644368997 0
5663 0.02310408112358159 0.03860675644368996 0
5664 0.02275437736616458 0.03860675644368996 0
5665 0.02239017307536809 0.03860675644368995 0
5666 0.02200988243060292 0.03860675644368994 0
5667 0.02160224713171612 0.03860675644368994 0
5668 0.02116991128944365 0.03860675644368992 0
5669 0.02070589288903749 0.03860675644368991 0
5670 0.02020326340228287 0.03860675644368991 0
5671 0.01965514232034169 0.03860675644368989 0
5672 0.01905468757797233 0.03860675644368988 0
5673 0.01839506671690282 0.03860675644368988 0
5674 0.01766939024368934 0.03860675644368985 0
5675 0.01687058695804859 0.03860675644368985 0
5676 0.01599120213499852 0.03860675644368982 0
5677 0.01502310399901462 0.03860675644368981 0
5678 0.01395709175166953 0.03860675644368979 0
5679 0.01278240823859047 0.03860675644368977 0
5680 0.01148616994514109 0.03860675644368974 0
5681 0.01005273379761727 0.03860675644368972 0
5682 0.008463022110475449 0.03860675644368969 0
5683 0.00669382311882147 0.03860675644368965 0
5684 0.004717075613506263 0.03860675644368962 0
5685 0.002499134282473587 0.03860675644368958 0
5686 0.0277536531018793 0.04101073635098018 0
5687 0.02743147895666101 0.04101073635098017 0
5688 0.02710112146676039 0.04101073635098017 0
5689 0.02676385485823645 0.04101073635098017 0
5690 0.0264215637438198 0.04101073635098017 0
5691 0.02607662319994589 0.04101073635098015 0
5692 0.02573168265607196 0.04101073635098015 0
5693 0.02538939154165531 0.04101073635098014 0
5694 0.02505212493313137 0.04101073635098013 0
5695 0.02472176744323074 0.04101073635098013 0
5696 0.02439959329801245 0.04101073635098013 0
5697 0.02408625021458904 0.04101073635098011 0
5698 0.02377290713116565 0.04101073635098011 0
5699 0.02344861746856077 0.04101073635098011 0
5700 0.02311188927954535 0.04101073635098009 0
5701 0.02276112260775466 0.04101073635098009 0
5702 0.02239463684462049 0.04101073635098008 0
5703 0.02201071290450342 0.04101073635098008 0
5704 0.0215982342008515 0.04101073635098007 0
5705 0.02115960490885504 0.04101073635098007 0
5706 0.02068789526191862 0.04101073635098006 0
5707 0.02017626037719912 0.04101073635098004 0
5708 0.01961794849409054 0.04101073635098004 0
5709 0.01900630563242427 0.04101073635098002 0
5710 0.01833476056474917 0.04101073635098001 0
5711 0.01759677034491448 0.04101073635098 0
5712 0.01678570484744546 0.04101073635097999 0
5713 0.01589465001338008 0.04101073635097996 0
5714 0.0149161144855635 0.04101073635097995 0
5715 0.01384163285674007 0.04101073635097993 0
5716 0.01266126947463005 0.0410107363509799 0
5717 0.01136303724241984 0.04101073635097989 0
5718 0.009932253309008975 0.04101073635097986 0
5719 0.008350855678466515 0.04101073635097983 0
5720 0.006596700672825133 0.04101073635097979 0
5721 0.004642851666415058 0.04101073635097976 0
5722 0.002456856775986952 0.04101073635097972 0
5723 0.02775553583559663 0.04347296299761128 0
5724 0.02743454324514194 0.04347296299761128 0
5725 0.02710471755925062 0.04347296299761128 0
5726 0.02676743417646983 0.04347296299761127 0
5727 0.02642472734621188 0.04347296299761126 0
5728 0.02607916072400366 0.04347296299761127 0
5729 0.02573359410179546 0.04347296299761125 0
5730 0.0253908872715375 0.04347296299761125 0
5731 0.02505360388875672 0.04347296299761125 0
5732 0.02472377820286538 0.04347296299761124 0
5733 0.02440278561241069 0.04347296299761123 0
5734 0.02409132526270463 0.04347296299761123 0
5735 0.02377986491299858 0.04347296299761121 0
5736 0.02345658883483816 0.04347296299761121 0
5737 0.02311988662162659 0.04347296299761122 0
5738 0.02276803128179587 0.0434729629976112 0
5739 0.02239920876785675 0.04347296299761121 0
5740 0.0220115635002014 0.0434729629976112 0
5741 0.02159412403949947 0.04347296299761119 0
5742 0.02114904881192652 0.04347296299761119 0
5743 0.02066946156497557 0.04347296299761118 0
5744 0.02014860308784357 0.04347296299761117 0
5745 0.01957985348763559 0.04347296299761116 0
5746 0.01895675142642486 0.04347296299761114 0
5747 0.01827299323701976 0.04347296299761114 0
5748 0.01752239091715933 0.04347296299761114 0
5749 0.01669876610310924 0.04347296299761112 0
5750 0.01579575850188419 0.04347296299761109 0
5751 0.01480653269158487 0.04347296299761108 0
5752 0.01372337647413728 0.04347296299761107 0
5753 0.01253719560377165 0.04347296299761105 0
5754 0.01123692112106935 0.04347296299761103 0
5755 0.009808853663050669 0.04347296299761101 0
5756 0.008235971532841002 0.04347296299761098 0
5757 0.006497225018393503 0.04347296299761096 0
5758 0.004566829325383052 0.04347296299761092 0
5759 0.00241355491530632 0.0434729629976109 0
5760 0.02775745454633362 0.04598224015150078 0
5761 0.02743766608888529 0.04598224015150079 0
5762 0.02710838236920682 0.04598224015150077 0
5763 0.02677108189163116 0.04598224015150078 0
5764 0.02642795140164856 0.04598224015150076 0
5765 0.02608174673742138 0.04598224015150076 0
5766 0.0257355420731942 0.04598224015150074 0
5767 0.02539241158321161 0.04598224015150075 0
5768 0.02505511110563595 0.04598224015150073 0
5769 0.02472582738595747 0.04598224015150073 0
5770 0.02440603892850914 0.04598224015150072 0
5771 0.02409649728954006 0.04598224015150072 0
5772 0.02378695565057098 0.04598224015150072 0
5773 0.0234647125253654 0.04598224015150071 0
5774 0.02312803678432738 0.0459822401515007 0
5775 0.02277507197317942 0.04598224015150069 0
5776 0.0224038680556367 0.0459822401515007 0
5777 0.02201243034986978 0.04598224015150068 0
5778 0.02158993533737753 0.04598224015150069 0
5779 0.02113829099932091 0.04598224015150067 0
5780 0.02065067561987818 0.04598224015150065 0
5781 0.02012041729738705 0.04598224015150065 0
5782 0.01954103052651403 0.04598224015150064 0
5783 0.01890625029276051 0.04598224015150063 0
5784 0.0182100456019837 0.04598224015150061 0
5785 0.01744659017840901 0.04598224015150059 0
5786 0.01661016605272427 0.04598224015150059 0
5787 0.0156949772797941 0.04598224015150055 0
5788 0.01469485690719312 0.04598224015150054 0
5789 0.01360286033904761 0.04598224015150052 0
5790 0.01241075081447266 0.0459822401515005 0
5791 0.01110839505606436 0.04598224015150047 0
5792 0.009683095982365631 0.04598224015150044 0
5793 0.008118892074556109 0.04598224015150042 0
5794 0.006395848491023445 0.04598224015150038 0
5795 0.004489354279047327 0.04598224015150033 0
5796 0.00236942560256597 0.04598224015150031 0
5797 0.02775940260349192 0.04852989636020943 0
5798 0.02744083669610148 0.04852989636020941 0
5799 0.02711210323193581 0.04852989636020939 0
5800 0.02677478539810271 0.04852989636020939 0
5801 0.02643122476857726 0.04852989636020941 0
5802 0.0260843723035647 0.04852989636020938 0
5803 0.02573751983855213 0.04852989636020938 0
5804 0.02539395920902669 0.04852989636020937 0
5805 0.02505664137519359 0.04852989636020936 0
5806 0.02472790791102792 0.04852989636020935 0
5807 0.02440934200363748 0.04852989636020934 0
5808 0.02410174842182669 0.04852989636020934 0
5809 0.02379415484001591 0.04852989636020934 0
5810 0.02347296046664094 0.04852989636020933 0
5811 0.0231363116026648 0.04852989636020932 0
5812 0.02278222035098578 0.04852989636020932 0
5813 0.02240859860659331 0.04852989636020931 0
5814 0.02201331045788665 0.04852989636020929 0
5815 0.02158568256962294 0.0485298963602093 0
5816 0.02112736864742593 0.04852989636020928 0
5817 0.02063160234629035 0.04852989636020927 0
5818 0.02009180040907617 0.04852989636020928 0
5819 0.0195016137734509 0.04852989636020925 0
5820 0.01885497675108443 0.04852989636020925 0
5821 0.01814613519138016 0.04852989636020923 0
5822 0.01736963007760762 0.04852989636020921 0
5823 0.01652021087654723 0.04852989636020919 0
5824 0.01559265462253759 0.04852989636020917 0
5825 0.01458147305677746 0.04852989636020916 0
5826 0.01348050092596531 0.04852989636020912 0
5827 0.01228237206921645 0.04852989636020911 0
5828 0.01097790320227159 0.04852989636020907 0
5829 0.009555414854956727 0.04852989636020905 0
5830 0.00800002190178567 0.04852989636020902 0
5831 0.00629292142337318 0.04852989636020898 0
5832 0.00441069426235238 0.04852989636020895 0
5833 0.002324621337953456 0.04852989636020891 0
5834 0.0277613730726215 0.05110686279606548 0
5835 0.02744404378045984 0.05110686279606547 0
5836 0.02711586690237624 0.05110686279606547 0
5837 0.02677853151260572 0.05110686279606546 0
5838 0.02643453579487614 0.05110686279606545 0
5839 0.02608702807627192 0.05110686279606545 0
5840 0.02573952035766769 0.05110686279606544 0
5841 0.02539552463993809 0.05110686279606544 0
5842 0.02505818925016758 0.05110686279606542 0
5843 0.02473001237208397 0.05110686279606542 0
5844 0.02441268307992232 0.0511068627960654 0
5845 0.02410705996724111 0.05110686279606541 0
5846 0.02380143685455992 0.0511068627960654 0
5847 0.02348130329867586 0.05110686279606539 0
5848 0.02314468162097631 0.0511068627960654 0
5849 0.02278945096931445 0.05110686279606538 0
5850 0.02241338358150344 0.05110686279606537 0
5851 0.02201420069135365 0.05110686279606536 0
5852 0.02158138087470602 0.05110686279606538 0
5853 0.02111632063626268 0.05110686279606535 0
5854 0.02061230963886392 0.05110686279606533 0
5855 0.02006285428972784 0.05110686279606534 0
5856 0.01946174353926981 0.05110686279606532 0
5857 0.01880311331853216 0.05110686279606531 0
5858 0.01808148950548891 0.0511068627960653 0
5859 0.0172917845676886 0.05110686279606531 0
5860 0.01642922078575423 0.05110686279606527 0
5861 0.01548915476550181 0.05110686279606526 0
5862 0.01446678474997588 0.05110686279606524 0
5863 0.01335673379461285 0.05110686279606522 0
5864 0.0121525163545907 0.0511068627960652 0
5865 0.01084591006825802 0.05110686279606518 0
5866 0.009426264784118952 0.05110686279606515 0
5867 0.007879784153691269 0.05110686279606512 0
5868 0.006188810202334345 0.05110686279606509 0
5869 0.004331129279379455 0.05110686279606506 0
5870 0.002279301610081621 0.05110686279606502 0
5871 0.02776335877664411 0.05370375332380303 0
5872 0.02744727566073425 0.05370375332380303 0
5873 0.0271196596720376 0.05370375332380302 0
5874 0.02678230659059408 0.05370375332380301 0
5875 0.0264378724207293 0.05370375332380301 0
5876 0.02608970438237012 0.05370375332380299 0
5877 0.02574153634401095 0.05370375332380299 0
5878 0.02539710217414618 0.05370375332380298 0
5879 0.02505974909270266 0.05370375332380298 0
5880 0.02473213310400599 0.05370375332380297 0
5881 0.02441604998809613 0.05370375332380296 0
5882 0.02411241257943755 0.05370375332380296 0
5883 0.02380877517077896 0.05370375332380296 0
5884 0.02348971063420982 0.05370375332380295 0
5885 0.02315311635298047 0.05370375332380295 0
5886 0.02279673749194282 0.05370375332380294 0
5887 0.02241820555195936 0.05370375332380294 0
5888 0.02201509780775599 0.05370375332380292 0
5889 0.02157704592077432 0.05370375332380293 0
5890 0.02110518720621834 0.05370375332380291 0
5891 0.02059286776780461 0.05370375332380289 0
5892 0.02003368437035888 0.0537037533238029 0
5893 0.01942156504410476 0.05370375332380288 0
5894 0.01875084889829876 0.05370375332380287 0
5895 0.01801634400455639 0.05370375332380285 0
5896 0.01721333718687572 0.05370375332380284 0
5897 0.01633752719533312 0.05370375332380283 0
5898 0.01538485468824096 0.0537037533238028 0
5899 0.01435120971825208 0.05370375332380278 0
5900 0.01323200974443418 0.05370375332380277 0
5901 0.01202165664660534 0.05370375332380273 0
5902 0.01071289641519801 0.05370375332380271 0
5903 0.009296116175682052 0.0537037533238027 0
5904 0.007758616774575167 0.05370375332380266 0
5905 0.006083894034244199 0.05370375332380262 0
5906 0.004250949131222678 0.0537037533238026 0
5907 0.002233631487881946 0.05370375332380255 0
5908 0.02776535236269619 0.05631095191730284 0
5909 0.02745052036959503 0.05631095191730284 0
5910 0.02712346749667284 0.05631095191730283 0
5911 0.0267860966533312 0.05631095191730282 0
5912 0.02644122229094466 0.05631095191730281 0
5913 0.02609239131176531 0.05631095191730282 0
5914 0.02574356033258596 0.0563109519173028 0
5915 0.02539868597019941 0.05631095191730279 0
5916 0.02506131512685777 0.0563109519173028 0
5917 0.02473426225393559 0.05631095191730278 0
5918 0.02441943026083442 0.05631095191730279 0
5919 0.02411778643822791 0.05631095191730277 0
5920 0.02381614261562141 0.05631095191730277 0
5921 0.02349815134171947 0.05631095191730277 0
5922 0.02316158456570754 0.05631095191730277 0
5923 0.02280405293760572 0.05631095191730276 0
5924 0.0224230466626863 0.05631095191730275 0
5925 0.02201599848516132 0.05631095191730275 0
5926 0.02157269375972906 0.05631095191730272 0
5927 0.02109400958327183 0.05631095191730272 0
5928 0.02057334872441813 0.05631095191730272 0
5929 0.0200043986642658 0.05631095191730272 0
5930 0.01938122706490834 0.0563109519173027 0
5931 0.0186983770203096 0.05631095191730269 0
5932 0.01795093991586265 0.05631095191730268 0
5933 0.01713457841798096 0.05631095191730266 0
5934 0.01624546963748637 0.05631095191730265 0
5935 0.01528014060351853 0.05631095191730263 0
5936 0.0142351759243992 0.05631095191730262 0
5937 0.01310679061612355 0.0563109519173026 0
5938 0.01189027750568234 0.05631095191730258 0
5939 0.01057935477935691 0.05631095191730255 0
5940 0.009165450956937439 0.05631095191730252 0
5941 0.007636968435134082 0.0563109519173025 0
5942 0.005978561413188996 0.05631095191730248 0
5943 0.004170450716958336 0.05631095191730245 0
5944 0.002187780083253159 0.05631095191730241 0
5945 0.02776734637330049 0.0589187057373845 0
5946 0.02745376576944598 0.05891870573738449 0
5947 0.02712727613221888 0.05891870573738448 0
5948 0.02678988752319655 0.05891870573738448 0
5949 0.02644457287454525 0.05891870573738447 0
5950 0.02609507881336647 0.05891870573738445 0
5951 0.02574558475218768 0.05891870573738446 0
5952 0.02540027010353638 0.05891870573738444 0
5953 0.02506288149451406 0.05891870573738445 0
5954 0.02473639185728696 0.05891870573738445 0
5955 0.02442281125343243 0.05891870573738445 0
5956 0.02412316144143023 0.05891870573738444 0
5957 0.02382351162942803 0.05891870573738441 0
5958 0.02350659384675433 0.05891870573738442 0
5959 0.0231700545818173 0.05891870573738439 0
5960 0.0228113699411591 0.05891870573738441 0
5961 0.02242788880437169 0.05891870573738439 0
5962 0.02201689935437405 0.05891870573738438 0
5963 0.02156834067185166 0.05891870573738438 0
5964 0.02108282957994916 0.05891870573738437 0
5965 0.02055382552427435 0.05891870573738435 0
5966 0.01997510672151604 0.05891870573738435 0
5967 0.01934088049537348 0.05891870573738434 0
5968 0.01864589396795824 0.05891870573738433 0
5969 0.01788552189877516 0.05891870573738429 0
5970 0.0170558028766922 0.0589187057373843 0
5971 0.01615339247514793 0.05891870573738426 0
5972 0.01517540421898223 0.05891870573738423 0
5973 0.01411911742009775 0.05891870573738422 0
5974 0.01298154482126409 0.0589187057373842 0
5975 0.01175887038637998 0.05891870573738416 0
5976 0.01044578470461354 0.05891870573738416 0
5977 0.009034757911849668 0.05891870573738411 0
5978 0.007515294189576045 0.05891870573738408 0
5979 0.005873206360597016 0.05891870573738405 0
5980 0.004089935159826745 0.05891870573738402 0
5981 0.002141918914151989 0.05891870573738398 0
5982 0.02776933332039299 0.06151722194364364 0
5983 0.02745699967290861 0.06151722194364365 0
5984 0.02713107127619064 0.06151722194364363 0
5985 0.02679366496442014 0.06151722194364361 0
5986 0.02644791158915839 0.06151722194364362 0
5987 0.02609775679485813 0.0615172219436436 0
5988 0.02574760200055784 0.06151722194364361 0
5989 0.02540184862529609 0.06151722194364359 0
5990 0.02506444231352561 0.06151722194364359 0
5991 0.02473851391680762 0.06151722194364358 0
5992 0.02442618026932325 0.06151722194364357 0
5993 0.02412851740441353 0.06151722194364356 0
5994 0.02383085453950382 0.06151722194364356 0
5995 0.02351500644536143 0.06151722194364355 0
5996 0.02317849459404506 0.06151722194364355 0
5997 0.02281866102522093 0.06151722194364354 0
5998 0.02243271379342762 0.06151722194364352 0
5999 0.02201779703237993 0.0615172219436435 0
6000 0.02156400300419698 0.06151722194364349 0
6001 0.02107168918027022 0.06151722194364349 0
6002 0.02053437148241621 0.06151722194364349 0
6003 0.01994591854149617 0.06151722194364347 0
6004 0.01930067684808286 0.06151722194364345 0
6005 0.0185935968296936 0.06151722194364345 0
6006 0.01782033561613063 0.06151722194364342 0
6007 0.01697730638706218 0.06151722194364339 0
6008 0.01606164148365468 0.06151722194364338 0
6009 0.01507103884886688 0.06151722194364335 0
6010 0.01400347003728918 0.06151722194364333 0
6011 0.01285674269262685 0.06151722194364331 0
6012 0.01162792875895507 0.06151722194364327 0
6013 0.01031268778372359 0.06151722194364324 0
6014 0.008904527829128397 0.0615172219436432 0
6015 0.007394050958511764 0.06151722194364316 0
6016 0.005768224513973562 0.06151722194364313 0
6017 0.004009704818123756 0.06151722194364308 0
6018 0.002096220202015256 0.06151722194364304 0
6019 0.02777130576060096 0.06409676614272314 0
6020 0.02746020996534295 0.06409676614272312 0
6021 0.0271348387114652 0.06409676614272314 0
6022 0.02679741482619595 0.06409676614272311 0
6023 0.02645122592750732 0.0640967661427231 0
6024 0.02610041522415919 0.06409676614272308 0
6025 0.02574960452081106 0.06409676614272308 0
6026 0.02540341562212243 0.06409676614272307 0
6027 0.02506599173685318 0.06409676614272307 0
6028 0.02474062048297543 0.06409676614272306 0
6029 0.02442952468771741 0.06409676614272306 0
6030 0.02413383426301568 0.06409676614272304 0
6031 0.02383814383831394 0.06409676614272304 0
6032 0.02352335762280796 0.06409676614272303 0
6033 0.02318687298496286 0.06409676614272303 0
6034 0.0228258988764036 0.06409676614272301 0
6035 0.02243750355479215 0.064096766142723 0
6036 0.02201868815635565 0.064096766142723 0
6037 0.02155969700625508 0.06409676614272296 0
6038 0.02106063011767979 0.06409676614272297 0
6039 0.02051505947631713 0.06409676614272297 0
6040 0.01991694346707847 0.06409676614272294 0
6041 0.01926076673133988 0.06409676614272293 0
6042 0.01854168151767281 0.06409676614272292 0
6043 0.0177556252645653 0.06409676614272289 0
6044 0.01689938300756372 0.06409676614272286 0
6045 0.01597056037463712 0.06409676614272286 0
6046 0.01496743545997233 0.06409676614272282 0
6047 0.01388866700671966 0.06409676614272279 0
6048 0.01273285175587474 0.06409676614272276 0
6049 0.01149794314846384 0.06409676614272274 0
6050 0.01018056261576426 0.06409676614272271 0
6051 0.008775248568287104 0.06409676614272265 0
6052 0.00727369293549225 0.06409676614272264 0
6053 0.005664009149522922 0.0640967661427226 0
6054 0.00393006024556669 0.06409676614272256 0
6055 0.002050855140402874 0.06409676614272249 0
6056 0.02777325637009932 0.06664776028479774 0
6057 0.0274633847266815 0.06664776028479773 0
6058 0.02713856444926008 0.0666477602847977 0
6059 0.02680112318499325 0.06664776028479771 0
6060 0.02645450358319392 0.06664776028479771 0
6061 0.0261030442303133 0.06664776028479769 0
6062 0.02575158487743267 0.0666477602847977 0
6063 0.02540496527563334 0.06664776028479767 0
6064 0.0250675240113665 0.06664776028479769 0
6065 0.02474270373394508 0.06664776028479766 0
6066 0.02443283209052726 0.06664776028479767 0
6067 0.02413909227532388 0.06664776028479767 0
6068 0.0238453524601205 0.06664776028479766 0
6069 0.02353161637051739 0.06664776028479766 0
6070 0.02319515864494844 0.06664776028479766 0
6071 0.0228330566199983 0.06664776028479763 0
6072 0.02244224030370586 0.06664776028479763 0
6073 0.02201956941748804 0.06664776028479763 0
6074 0.02155543866653386 0.06664776028479762 0
6075 0.02104969345534422 0.06664776028479759 0
6076 0.02049596121296966 0.06664776028479762 0
6077 0.01988828908498565 0.06664776028479759 0
6078 0.0192212983345366 0.06664776028479757 0
6079 0.01849034079751912 0.06664776028479756 0
6080 0.01769163111868725 0.06664776028479755 0
6081 0.01682232207381343 0.06664776028479752 0
6082 0.015880487339393 0.06664776028479751 0
6083 0.01486497873980317 0.06664776028479751 0
6084 0.01377513460104124 0.06664776028479746 0
6085 0.01261033202776791 0.06664776028479742 0
6086 0.01136939620166779 0.06664776028479742 0
6087 0.01004989979184166 0.06664776028479738 0
6088 0.008647400153355671 0.06664776028479737 0
6089 0.007154667019291997 0.06664776028479734 0
6090 0.005560947227062886 0.06664776028479731 0
6091 0.003851297168696901 0.06664776028479727 0
6092 0.00200599217334484 0.06664776028479724 0
6093 0.02777517542650885 0.06915748950696038 0
6094 0.02746650813303252 0.06915748950696037 0
6095 0.02714222991946392 0.06915748950696037 0
6096 0.02680477155732242 0.06915748950696035 0
6097 0.02645772821947246 0.06915748950696034 0
6098 0.02610563070962399 0.06915748950696034 0
6099 0.02575353319977553 0.06915748950696031 0
6100 0.02540648986192555 0.0691574895069603 0
6101 0.02506903149978407 0.06915748950696034 0
6102 0.02474475328621546 0.06915748950696032 0
6103 0.02443608599273913 0.06915748950696032 0
6104 0.02414426523394528 0.06915748950696031 0
6105 0.02385244447515143 0.06915748950696028 0
6106 0.02353974152459868 0.06915748950696027 0
6107 0.02320331027597248 0.06915748950696028 0
6108 0.02284009857982411 0.06915748950696028 0
6109 0.02244690043089734 0.06915748950696028 0
6110 0.02202043642332699 0.06915748950696027 0
6111 0.02155124920978051 0.06915748950696027 0
6112 0.02103893370462438 0.06915748950696025 0
6113 0.0204771718834196 0.06915748950696024 0
6114 0.01986009821661194 0.06915748950696025 0
6115 0.0191824683791183 0.06915748950696023 0
6116 0.0184398305656329 0.06915748950696023 0
6117 0.017628672143083 0.06915748950696018 0
6118 0.01674650767889562 0.06915748950696018 0
6119 0.01579187132693237 0.06915748950696016 0
6120 0.01476417936109258 0.06915748950696014 0
6121 0.01366343869727809 0.06915748950696014 0
6122 0.01248979418064018 0.0691574895069601 0
6123 0.01124292863223171 0.06915748950696007 0
6124 0.009921350571739523 0.06915748950696005 0
6125 0.00852161981632219 0.06915748950696002 0
6126 0.007037566468116483 0.06915748950696 0
6127 0.005459552435822851 0.06915748950695998 0
6128 0.003773808164552506 0.06915748950695993 0
6129 0.001961854910322003 0.06915748950695991 0
6130 0.02777705789086752 0.07161936388811121 0
6131 0.02746957198311227 0.0716193638881112 0
6132 0.0271458254974689 0.07161936388811121 0
6133 0.02680835036347043 0.0716193638881112 0
6134 0.02646089136925473 0.07161936388811117 0
6135 0.02610816787064366 0.07161936388811119 0
6136 0.02575544437203259 0.07161936388811117 0
6137 0.02540798537781688 0.07161936388811115 0
6138 0.02507051024381841 0.07161936388811116 0
6139 0.02474676375817503 0.07161936388811116 0
6140 0.02443927785041979 0.07161936388811113 0
6141 0.02414933955598461 0.07161936388811113 0
6142 0.02385940126154943 0.07161936388811112 0
6143 0.02354771175042981 0.07161936388811113 0
6144 0.02321130647389115 0.07161936388811113 0
6145 0.02284700626545615 0.0716193638881111 0
6146 0.02245147170003838 0.0716193638881111 0
6147 0.02202128689733206 0.07161936388811109 0
6148 0.02154713963646045 0.07161936388811106 0
6149 0.02102837911793398 0.07161936388811108 0
6150 0.02045874082374599 0.07161936388811105 0
6151 0.0198324448841254 0.07161936388811101 0
6152 0.01914437882283416 0.07161936388811102 0
6153 0.01839028344924737 0.07161936388811098 0
6154 0.01756691365227257 0.07161936388811099 0
6155 0.01667213889244552 0.07161936388811095 0
6156 0.01570494502073565 0.07161936388811094 0
6157 0.01466530199779293 0.0716193638881109 0
6158 0.01355387258093147 0.07161936388811088 0
6159 0.01237155471672418 0.07161936388811085 0
6160 0.01111887251235565 0.07161936388811083 0
6161 0.009795252493551763 0.0716193638881108 0
6162 0.008398237824886317 0.07161936388811077 0
6163 0.006922698758719052 0.0716193638881107 0
6164 0.005360091013159549 0.07161936388811069 0
6165 0.003697796699873626 0.07161936388811063 0
6166 0.00191855924474562 0.0716193638881106 0
6167 0.02777889729772197 0.07402492795132322 0
6168 0.02747256575391689 0.07402492795132322 0
6169 0.02714933883401504 0.07402492795132321 0
6170 0.02681184731178134 0.07402492795132321 0
6171 0.02646398216848521 0.07402492795132322 0
6172 0.02611064699931823 0.07402492795132319 0
6173 0.02575731183015124 0.07402492795132318 0
6174 0.0254094466868551 0.07402492795132318 0
6175 0.02507195516462141 0.07402492795132316 0
6176 0.02474872824471955 0.07402492795132314 0
6177 0.02444239670091448 0.07402492795132315 0
6178 0.02415429781333374 0.07402492795132316 0
6179 0.02386619892575301 0.07402492795132314 0
6180 0.02355549967372185 0.07402492795132316 0
6181 0.0232191197752126 0.07402492795132314 0
6182 0.02285375595197291 0.07402492795132312 0
6183 0.0224559384107906 0.07402492795132311 0
6184 0.02202211791849178 0.07402492795132309 0
6185 0.02154312406118595 0.07402492795132309 0
6186 0.02101806594572712 0.07402492795132309 0
6187 0.02044073133669124 0.07402492795132305 0
6188 0.01980542406479888 0.07402492795132305 0
6189 0.01910716048688559 0.07402492795132307 0
6190 0.01834186962134233 0.07402492795132304 0
6191 0.01750656776004132 0.07402492795132302 0
6192 0.01659947113917639 0.07402492795132298 0
6193 0.01562000697518159 0.07402492795132298 0
6194 0.01456868625101075 0.07402492795132296 0
6195 0.01344681256436558 0.07402492795132291 0
6196 0.01225601973759302 0.0740249279513229 0
6197 0.01099765392131776 0.07402492795132287 0
6198 0.009672038649802841 0.07402492795132284 0
6199 0.008277677942985706 0.07402492795132282 0
6200 0.006810458412149946 0.07402492795132277 0
6201 0.00526290456617156 0.07402492795132275 0
6202 0.003623523841264911 0.07402492795132273 0
6203 0.001876253878557636 0.07402492795132269 0
6204 0.0277806875736227 0.0763662388796912 0
6205 0.02747547956045777 0.0763662388796912 0
6206 0.02715275832858444 0.07636623887969121 0
6207 0.02681525085584882 0.0763662388796912 0
6208 0.02646699041180176 0.07636623887969117 0
6209 0.02611305990993132 0.07636623887969118 0
6210 0.02575912940806087 0.07636623887969118 0
6211 0.02541086896401381 0.07636623887969117 0
6212 0.02507336149127819 0.07636623887969116 0
6213 0.02475064025940486 0.07636623887969116 0
6214 0.02444543224623992 0.07636623887969114 0
6215 0.02415912363455992 0.07636623887969113 0
6216 0.02387281502287992 0.07636623887969111 0
6217 0.02356307957990345 0.07636623887969113 0
6218 0.02322672438157095 0.07636623887969111 0
6219 0.02286032535290736 0.07636623887969109 0
6220 0.02246028581473548 0.0763662388796911 0
6221 0.02202292674289712 0.07636623887969107 0
6222 0.02153921574279292 0.07636623887969106 0
6223 0.02100802824057374 0.07636623887969105 0
6224 0.02042320288691914 0.07636623887969103 0
6225 0.01977912497738311 0.07636623887969102 0
6226 0.01907093626071566 0.07636623887969103 0
6227 0.0182947489372202 0.07636623887969098 0
6228 0.01744783371960406 0.07636623887969098 0
6229 0.01652874435726655 0.07636623887969096 0
6230 0.0155373376431396 0.07636623887969093 0
6231 0.01447465113165854 0.07636623887969092 0
6232 0.0133426121439277 0.07636623887969088 0
6233 0.01214357072266745 0.07636623887969085 0
6234 0.01087967310498505 0.07636623887969082 0
6235 0.009552115874389254 0.07636623887969078 0
6236 0.008160338241527183 0.07636623887969077 0
6237 0.006701216029440277 0.0763662388796907 0
6238 0.005168313990139095 0.07636623887969068 0
6239 0.003551234826725212 0.07636623887969066 0
6240 0.001835078497822909 0.07636623887969059 0
6241 0.02778242308440693 0.07863592835254744 0
6242 0.02747830423271794 0.07863592835254744 0
6243 0.02715607321971343 0.07863592835254743 0
6244 0.02681855028440688 0.07863592835254743 0
6245 0.02646990663198621 0.07863592835254743 0
6246 0.02611539900883147 0.07863592835254739 0
6247 0.02576089138567674 0.0786359283525474 0
6248 0.02541224773325607 0.0786359283525474 0
6249 0.02507472479794952 0.07863592835254736 0
6250 0.02475249378494502 0.07863592835254737 0
6251 0.02444837493325602 0.07863592835254737 0
6252 0.02416380183236024 0.07863592835254736 0
6253 0.02387922873146447 0.07863592835254735 0
6254 0.02357042761431321 0.07863592835254736 0
6255 0.02323409636057112 0.07863592835254735 0
6256 0.02286669379375101 0.07863592835254732 0
6257 0.02246450023019323 0.07863592835254732 0
6258 0.02202371082510336 0.0786359283525473 0
6259 0.02153542698111852 0.07863592835254729 0
6260 0.02099829759205448 0.07863592835254729 0
6261 0.02040621063807205 0.07863592835254726 0
6262 0.01975363038752318 0.07863592835254729 0
6263 0.01903582014529328 0.07863592835254724 0
6264 0.01824906969000449 0.07863592835254724 0
6265 0.01739089637238393 0.07863592835254718 0
6266 0.01646018113039875 0.07863592835254719 0
6267 0.01545719719259527 0.07863592835254717 0
6268 0.0143834925768991 0.07863592835254712 0
6269 0.01324159924791737 0.0786359283525471 0
6270 0.01203456155933197 0.07863592835254707 0
6271 0.01076530135982944 0.07863592835254703 0
6272 0.009435861575306624 0.07863592835254699 0
6273 0.00804658799933524 0.07863592835254696 0
6274 0.006595315406408243 0.07863592835254693 0
6275 0.005076616970298186 0.07863592835254687 0
6276 0.003481157156426945 0.07863592835254685 0
6277 0.001795162685248796 0.07863592835254681 0
6278 0.02778409867408181 0.08082725339671801 0
6279 0.02748103137893739 0.08082725339671801 0
6280 0.02715927365926101 0.08082725339671799 0
6281 0.02682173579525195 0.08082725339671797 0
6282 0.02647272216530076 0.08082725339671797 0
6283 0.0261176573468385 0.08082725339671799 0
6284 0.02576259252837625 0.08082725339671797 0
6285 0.02541357889842506 0.08082725339671794 0
6286 0.025076041034416 0.08082725339671795 0
6287 0.02475428331473961 0.08082725339671797 0
6288 0.0244512160195952 0.08082725339671792 0
6289 0.0241683185083743 0.08082725339671792 0
6290 0.02388542099715342 0.08082725339671792 0
6291 0.02357752194682878 0.08082725339671792 0
6292 0.02324121381095424 0.08082725339671792 0
6293 0.02287284235463562 0.08082725339671788 0
6294 0.02246856913664479 0.0808272533967179 0
6295 0.022024467835697 0.08082725339671791 0
6296 0.0215317690321159 0.08082725339671785 0
6297 0.02098890290875032 0.08082725339671787 0
6298 0.02038980507206811 0.08082725339671783 0
6299 0.01972901603656503 0.08082725339671783 0
6300 0.01900191646635423 0.0808272533967178 0
6301 0.01820496758721915 0.08082725339671781 0
6302 0.0173359248723597 0.0808272533967178 0
6303 0.0163939851516354 0.08082725339671776 0
6304 0.01537982371114368 0.08082725339671773 0
6305 0.0142954814077838 0.08082725339671773 0
6306 0.01314407397344312 0.08082725339671769 0
6307 0.0119293161006391 0.08082725339671766 0
6308 0.01065487847048608 0.08082725339671763 0
6309 0.009323621130030345 0.0808272533967176 0
6310 0.007936765154634816 0.08082725339671756 0
6311 0.006493071161008751 0.08082725339671754 0
6312 0.004988085927414894 0.08082725339671751 0
6313 0.003413499022660971 0.08082725339671747 0
6314 0.001756625025891369 0.08082725339671742 0
6315 0.02778570969488908 0.08293413570483134 0
6316 0.02748365343454558 0.08293413570483131 0
6317 0.02716235076983341 0.08293413570483131 0
6318 0.02682479855239956 0.0829341357048313 0
6319 0.02647542920200629 0.0829341357048313 0
6320 0.02611982865976418 0.08293413570483128 0
6321 0.02576422811752206 0.08293413570483125 0
6322 0.02541485876712878 0.08293413570483127 0
6323 0.02507730654969494 0.08293413570483123 0
6324 0.02475600388498277 0.08293413570483123 0
6325 0.02445394762463927 0.08293413570483124 0
6326 0.02417266113422565 0.08293413570483124 0
6327 0.02389137464381202 0.08293413570483121 0
6328 0.02358434289915837 0.08293413570483123 0
6329 0.02324805699030409 0.08293413570483123 0
6330 0.02287875398065504 0.08293413570483121 0
6331 0.02247248124773892 0.08293413570483119 0
6332 0.02202519567487861 0.08293413570483119 0
6333 0.02152825204222062 0.08293413570483114 0
6334 0.02097987024967652 0.08293413570483116 0
6335 0.02037403169474089 0.08293413570483114 0
6336 0.01970535019990726 0.08293413570483113 0
6337 0.01896931926607732 0.08293413570483112 0
6338 0.01816256495947748 0.0829341357048311 0
6339 0.0172830716997281 0.08293413570483109 0
6340 0.01633034003568341 0.08293413570483105 0
6341 0.01530543181769951 0.08293413570483102 0
6342 0.01421086175009373 0.08293413570483101 0
6343 0.01305030683655474 0.08293413570483095 0
6344 0.01182812627692073 0.08293413570483092 0
6345 0.01054871072846755 0.08293413570483092 0
6346 0.009215705871617894 0.08293413570483087 0
6347 0.007831174334531916 0.08293413570483085 0
6348 0.006394766898794595 0.08293413570483082 0
6349 0.004902966429298525 0.0829341357048308 0
6350 0.003348448095866383 0.08293413570483074 0
6351 0.001719572415685386 0.08293413570483073 0
6352 0.02778725202840904 0.08495118923495613 0
6353 0.02748616369650958 0.08495118923495616 0
6354 0.02716529668509347 0.08495118923495612 0
6355 0.02682773072620572 0.08495118923495612 0
6356 0.02647802082182389 0.08495118923495611 0
6357 0.02612190739685588 0.08495118923495609 0
6358 0.02576579397188786 0.08495118923495609 0
6359 0.02541608406750603 0.08495118923495611 0
6360 0.02507851810861828 0.08495118923495606 0
6361 0.02475765109720218 0.08495118923495606 0
6362 0.02445656276530271 0.08495118923495608 0
6363 0.02417681860840904 0.08495118923495608 0
6364 0.02389707445151539 0.08495118923495605 0
6365 0.02359087303419356 0.08495118923495604 0
6366 0.02325460840469101 0.08495118923495602 0
6367 0.02288441355930608 0.08495118923495605 0
6368 0.02247622656253997 0.08495118923495604 0
6369 0.02202589248199734 0.08495118923495601 0
6370 0.02152488500227902 0.08495118923495601 0
6371 0.02097122270595704 0.08495118923495598 0
6372 0.02035893082921207 0.08495118923495598 0
6373 0.01968269337698455 0.08495118923495594 0
6374 0.0189381118760691 0.08495118923495594 0
6375 0.01812197020501797 0.08495118923495593 0
6376 0.01723247196854029 0.0849511892349559 0
6377 0.01626940848515882 0.08495118923495588 0
6378 0.01523421168798159 0.08495118923495586 0
6379 0.01412984992584307 0.08495118923495584 0
6380 0.01296053754391694 0.08495118923495583 0
6381 0.01173125077022637 0.0849511892349558 0
6382 0.01044706954139259 0.08495118923495575 0
6383 0.009112391675045566 0.08495118923495572 0
6384 0.007730085471799923 0.08495118923495566 0
6385 0.006300653925154913 0.08495118923495565 0
6386 0.00482147607575722 0.08495118923495562 0
6387 0.003286170672479398 0.08495118923495561 0
6388 0.001684099576064247 0.08495118923495554 0
6389 0.02778872209782452 0.0868737362493638 0
6390 0.02748855634329469 0.0868737362493638 0
6391 0.02716810457318537 0.08687373624936379 0
6392 0.02683052551668231 0.08687373624936377 0
6393 0.02648049101454233 0.08687373624936377 0
6394 0.02612388873732588 0.08687373624936376 0
6395 0.02576728646010942 0.08687373624936372 0
6396 0.02541725195796945 0.08687373624936372 0
6397 0.02507967290146639 0.08687373624936373 0
6398 0.02475922113135705 0.08687373624936372 0
6399 0.02445905537682724 0.08687373624936369 0
6400 0.02418078128934905 0.0868737362493637 0
6401 0.02390250720187087 0.0868737362493637 0
6402 0.02359709720793415 0.0868737362493637 0
6403 0.02326085286076596 0.08687373624936369 0
6404 0.02288980796549107 0.08687373624936368 0
6405 0.02247979639530903 0.08687373624936369 0
6406 0.02202655664109165 0.08687373624936365 0
6407 0.02152167572077487 0.08687373624936363 0
6408 0.02096298033206286 0.08687373624936361 0
6409 0.02034453749581571 0.08687373624936363 0
6410 0.01966109811111011 0.08687373624936358 0
6411 0.01890836666921579 0.08687373624936356 0
6412 0.01808327746691206 0.08687373624936355 0
6413 0.01718424302435411 0.08687373624936355 0
6414 0.01621133180608476 0.08687373624936351 0
6415 0.01516632848820035 0.0868737362493635 0
6416 0.0140526338091071 0.08687373624936344 0
6417 0.01287497427900171 0.08687373624936343 0
6418 0.01163891424400987 0.0868737362493634 0
6419 0.01035019062477815 0.08687373624936338 0
6420 0.009013918135697428 0.08687373624936331 0
6421 0.007633733001063448 0.08687373624936327 0
6422 0.006210950496968358 0.08687373624936326 0
6423 0.004743803850620904 0.08687373624936323 0
6424 0.003226811179729478 0.08687373624936319 0
6425 0.001650288771894881 0.08687373624936315 0
6426 0.0277901168717028 0.08869781226049775 0
6427 0.02749082644101982 0.08869781226049775 0
6428 0.02717076864395814 0.08869781226049775 0
6429 0.02683317716068699 0.08869781226049775 0
6430 0.02648283468637289 0.08869781226049772 0
6431 0.02612576859544853 0.08869781226049772 0
6432 0.02576870250452418 0.08869781226049768 0
6433 0.02541836003021006 0.08869781226049771 0
6434 0.02508076854693892 0.08869781226049769 0
6435 0.02476071074987724 0.08869781226049769 0
6436 0.02446142031919425 0.08869781226049768 0
6437 0.02418454100559437 0.08869781226049765 0
6438 0.02390766169199446 0.08869781226049767 0
6439 0.02360300258550061 0.08869781226049765 0
6440 0.02326677748182519 0.08869781226049767 0
6441 0.0228949260753956 0.08869781226049765 0
6442 0.0224831833846877 0.08869781226049764 0
6443 0.0220271867825979 0.08869781226049764 0
6444 0.02151863081557316 0.08869781226049762 0
6445 0.0209551601246076 0.0886978122604976 0
6446 0.02033088137506974 0.08869781226049762 0
6447 0.01964060893391943 0.08869781226049758 0
6448 0.01888014498316039 0.08869781226049758 0
6449 0.01804656653352257 0.08869781226049755 0
6450 0.01713848432015959 0.08869781226049751 0
6451 0.01615622975848257 0.08869781226049754 0
6452 0.01510192220042063 0.0886978122604975 0
6453 0.013979372627375 0.08869781226049749 0
6454 0.01279379348196706 0.08869781226049744 0
6455 0.01155130710558321 0.08869781226049742 0
6456 0.0102582737528074 0.08869781226049742 0
6457 0.008920488316030964 0.08869781226049739 0
6458 0.007542315610920686 0.08869781226049736 0
6459 0.006125841591830865 0.08869781226049732 0
6460 0.004670109921920692 0.08869781226049728 0
6461 0.003170492022930299 0.08869781226049729 0
6462 0.001618209724495617 0.08869781226049724 0
6463 0.02779146852483647 0.09046549524830483 0
6464 0.02749302635654136 0.09046549524830483 0
6465 0.02717335035248048 0.09046549524830484 0
6466 0.02683574682662646 0.09046549524830481 0
6467 0.02648510590138727 0.09046549524830481 0
6468 0.02612759033599148 0.09046549524830479 0
6469 0.02577007477059569 0.09046549524830477 0
6470 0.0254194338453565 0.09046549524830476 0
6471 0.02508183031950247 0.09046549524830477 0
6472 0.02476215431544159 0.09046549524830477 0
6473 0.02446371214714648 0.09046549524830479 0
6474 0.02418818448668026 0.09046549524830476 0
6475 0.02391265682621403 0.09046549524830473 0
6476 0.0236087253927724 0.09046549524830474 0
6477 0.02327251893765908 0.09046549524830474 0
6478 0.02289988595412474 0.09046549524830472 0
6479 0.02248646566210817 0.09046549524830472 0
6480 0.02202779744268757 0.0904654952483047 0
6481 0.02151568004647598 0.09046549524830469 0
6482 0.02094758168621172 0.09046549524830468 0
6483 0.02031764744612448 0.09046549524830466 0
6484 0.01962075319888807 0.09046549524830468 0
6485 0.0188527957970394 0.09046549524830465 0
6486 0.01801099055312317 0.09046549524830461 0
6487 0.0170941402892886 0.09046549524830458 0
6488 0.01610283124244202 0.09046549524830456 0
6489 0.01503950709352756 0.09046549524830455 0
6490 0.01390837638389393 0.09046549524830454 0
6491 0.0127151224655298 0.09046549524830451 0
6492 0.01146640842413463 0.09046549524830448 0
6493 0.01016919857727559 0.09046549524830443 0
6494 0.008829946967002639 0.0904654952483044 0
6495 0.007453724475266967 0.09046549524830436 0
6496 0.006043363908442613 0.09046549524830433 0
6497 0.00459869431025052 0.0904654952483043 0
6498 0.003115914025766876 0.09046549524830426 0
6499 0.001587122430980104 0.09046549524830422 0
6500 0.0277927796084632 0.09218012170450061 0
6501 0.02749516024218751 0.09218012170450061 0
6502 0.02717585457171274 0.09218012170450063 0
6503 0.02683823936473074 0.09218012170450063 0
6504 0.02648730894649108 0.09218012170450059 0
6505 0.02612935739747978 0.0921801217045006 0
6506 0.02577140584846846 0.0921801217045006 0
6507 0.02542047543022881 0.09218012170450056 0
6508 0.02508286022324681 0.09218012170450059 0
6509 0.02476355455277204 0.09218012170450057 0
6510 0.02446593518649634 0.09218012170450056 0
6511 0.02419171860965685 0.09218012170450056 0
6512 0.02391750203281736 0.09218012170450053 0
6513 0.0236142764315161 0.09218012170450054 0
6514 0.0232780880652333 0.09218012170450054 0
6515 0.02290469696342175 0.0921801217045005 0
6516 0.02248964942285064 0.09218012170450053 0
6517 0.02202838977397814 0.09218012170450048 0
6518 0.02151281784392325 0.09218012170450048 0
6519 0.02094023071261528 0.09218012170450049 0
6520 0.02030481073001335 0.09218012170450045 0
6521 0.01960149342842762 0.09218012170450046 0
6522 0.01882626748941753 0.09218012170450045 0
6523 0.01797648237625058 0.09218012170450041 0
6524 0.01705112723263183 0.09218012170450038 0
6525 0.01605103546856386 0.09218012170450034 0
6526 0.01497896535935727 0.09218012170450036 0
6527 0.01383951107365287 0.09218012170450032 0
6528 0.01263881273858803 0.09218012170450028 0
6529 0.01138405795387952 0.09218012170450025 0
6530 0.01008279696928897 0.09218012170450023 0
6531 0.008742123192324451 0.09218012170450017 0
6532 0.007367792378831084 0.09218012170450014 0
6533 0.005963361770639226 0.09218012170450013 0
6534 0.004529422219044283 0.0921801217045001 0
6535 0.003062974172575959 0.09218012170450006 0
6536 0.001556968214256352 0.0921801217045 0
6537 0.02779404952859275 0.09384091481255316 0
6538 0.02749722713119515 0.09384091481255316 0
6539 0.02717828016711105 0.09384091481255318 0
6540 0.02684065364574814 0.09384091481255316 0
6541 0.0264894428235883 0.09384091481255313 0
6542 0.02613106897934104 0.09384091481255313 0
6543 0.02577269513509377 0.09384091481255315 0
6544 0.02542148431293392 0.09384091481255312 0
6545 0.02508385779157101 0.09384091481255312 0
6546 0.02476491082748693 0.09384091481255311 0
6547 0.02446808843008931 0.09384091481255311 0
6548 0.02419514177337937 0.09384091481255312 0
6549 0.02392219511666942 0.09384091481255311 0
6550 0.02361965318681739 0.09384091481255308 0
6551 0.02328348234143831 0.09384091481255308 0
6552 0.02290935692364479 0.09384091481255306 0
6553 0.02249273322450299 0.09384091481255306 0
6554 0.02202896350811218 0.09384091481255304 0
6555 0.02151004550464418 0.09384091481255306 0
6556 0.0209331105341984 0.09384091481255305 0
6557 0.02029237704244813 0.09384091481255302 0
6558 0.01958283834823346 0.09384091481255304 0
6559 0.01880057207902217 0.09384091481255298 0
6560 0.01794305763693528 0.09384091481255297 0
6561 0.01700946463738042 0.09384091481255298 0
6562 0.01600086590307497 0.09384091481255295 0
6563 0.01492032442651955 0.09384091481255291 0
6564 0.01377280789628209 0.09384091481255288 0
6565 0.0125648988734868 0.0938409148125529 0
6566 0.01130429300393933 0.09384091481255287 0
6567 0.009999108073348795 0.09384091481255283 0
6568 0.008657056780814448 0.0938409148125528 0
6569 0.007284558253400719 0.09384091481255277 0
6570 0.005885871423623274 0.09384091481255274 0
6571 0.004462325032225549 0.09384091481255273 0
6572 0.003011696447912907 0.09384091481255269 0
6573 0.00152776073578046 0.09384091481255268 0
6574 0.02779527787258999 0.09544733493101151 0
6575 0.02749922635197008 0.09544733493101147 0
6576 0.0271806263505268 0.09544733493101146 0
6577 0.02684298888520644 0.09544733493101144 0
6578 0.02649150683931828 0.09544733493101147 0
6579 0.02613272452543103 0.09544733493101147 0
6580 0.02577394221154377 0.09544733493101143 0
6581 0.02542246016565561 0.09544733493101143 0
6582 0.02508482270033525 0.09544733493101144 0
6583 0.02476622269889198 0.09544733493101142 0
6584 0.02447017117827206 0.09544733493101142 0
6585 0.02419845286555935 0.09544733493101142 0
6586 0.02392673455284664 0.0954473349310114 0
6587 0.02362485391160734 0.09544733493101137 0
6588 0.0232887000135121 0.0954473349310114 0
6589 0.02291386432063314 0.09544733493101136 0
6590 0.02249571606504566 0.09544733493101137 0
6591 0.0220295184586663 0.09544733493101137 0
6592 0.02150736392945489 0.0954473349310114 0
6593 0.0209262234645204 0.09544733493101133 0
6594 0.02028035042350653 0.09544733493101136 0
6595 0.01956479401990018 0.09544733493101132 0
6596 0.01877571791506219 0.0954473349310113 0
6597 0.01791072719587674 0.0954473349310113 0
6598 0.01696916604096011 0.09544733493101128 0
6599 0.01595233884757065 0.09544733493101128 0
6600 0.01486360334921081 0.09544733493101124 0
6601 0.01370828852564287 0.09544733493101119 0
6602 0.01249340488705591 0.09544733493101118 0
6603 0.01122713949233667 0.09544733493101119 0
6604 0.009918159082485323 0.09544733493101117 0
6605 0.008574775373098966 0.09544733493101111 0
6606 0.007204049144237565 0.0954473349310111 0
6607 0.00581091804633072 0.09544733493101107 0
6608 0.004397424551681072 0.09544733493101104 0
6609 0.002962097513447144 0.09544733493101101 0
6610 0.001499509485937469 0.095447334931011 0
6611 0.02779646440146578 0.09699906951146296 0
6612 0.02750115751553979 0.09699906951146295 0
6613 0.02718289266548169 0.09699906951146295 0
6614 0.0268452446287566 0.09699906951146296 0
6615 0.02649350059210188 0.09699906951146295 0
6616 0.02613432371364328 0.09699906951146292 0
6617 0.02577514683518467 0.09699906951146292 0
6618 0.02542340279852995 0.09699906951146292 0
6619 0.02508575476180487 0.09699906951146291 0
6620 0.02476748991174678 0.09699906951146291 0
6621 0.02447218302582078 0.09699906951146289 0
6622 0.02420165124198386 0.09699906951146289 0
6623 0.02393111945814695 0.09699906951146289 0
6624 0.0236298775940222 0.09699906951146289 0
6625 0.02329374006629365 0.09699906951146289 0
6626 0.02291821827741835 0.09699906951146288 0
6627 0.02249859736413102 0.09699906951146285 0
6628 0.02203005451766815 0.09699906951146287 0
6629 0.02150477364008819 0.09699906951146287 0
6630 0.02091957084354377 0.09699906951146287 0
6631 0.02026873321311233 0.09699906951146285 0
6632 0.01954736395416952 0.09699906951146282 0
6633 0.018751709833215 0.09699906951146281 0
6634 0.01787949734335227 0.09699906951146282 0
6635 0.01693023928394895 0.09699906951146278 0
6636 0.01590546374357493 0.0969990695114628 0
6637 0.01480881316320087 0.09699906951146278 0
6638 0.01364596551475707 0.09699906951146273 0
6639 0.01242434468931285 0.09699906951146271 0
6640 0.01115261243021795 0.0969990695114627 0
6641 0.00983996574630123 0.09699906951146267 0
6642 0.008495294978018467 0.09699906951146264 0
6643 0.007126280715360001 0.09699906951146262 0
6644 0.005738516221845289 0.0969990695114626 0
6645 0.004334733404582245 0.0969990695114626 0
6646 0.002914187019249687 0.09699906951146255 0
6647 0.001472219961348835 0.09699906951146255 0
6648 0.02779760904126603 0.09849602183723787 0
6649 0.02750302050153851 0.09849602183723787 0
6650 0.02718507897072061 0.09849602183723787 0
6651 0.02684742073580242 0.09849602183723784 0
6652 0.02649542395767228 0.09849602183723785 0
6653 0.02613586644430345 0.09849602183723785 0
6654 0.02577630893093459 0.09849602183723787 0
6655 0.02542431215280445 0.09849602183723785 0
6656 0.02508665391788626 0.09849602183723785 0
6657 0.02476871238706837 0.09849602183723781 0
6658 0.02447412384734084 0.09849602183723784 0
6659 0.02420473670330417 0.09849602183723782 0
6660 0.02393534955926752 0.09849602183723782 0
6661 0.02363472392094538 0.09849602183723782 0
6662 0.02329860218564603 0.09849602183723782 0
6663 0.02292241852262654 0.09849602183723781 0
6664 0.02250137694217318 0.09849602183723778 0
6665 0.0220305716517062 0.09849602183723778 0
6666 0.0215022747979919 0.0984960218372378 0
6667 0.02091315308591375 0.0984960218372378 0
6668 0.02025752613534421 0.09849602183723777 0
6669 0.01953054923742438 0.09849602183723777 0
6670 0.01872854932985875 0.09849602183723778 0
6671 0.01784937002585929 0.09849602183723773 0
6672 0.0168926867925778 0.09849602183723773 0
6673 0.01586024351272404 0.0984960218372377 0
6674 0.01475595728345798 0.09849602183723771 0
6675 0.01358584274809961 0.09849602183723767 0
6676 0.01235772258464863 0.09849602183723766 0
6677 0.01108071646271343 0.09849602183723767 0
6678 0.009764532938438677 0.09849602183723764 0
6679 0.008418620549435034 0.09849602183723763 0
6680 0.007051257813926523 0.0984960218372376 0
6681 0.005668670462835215 0.09849602183723757 0
6682 0.004274255498349219 0.09849602183723757 0
6683 0.002867967951490662 0.09849602183723755 0
6684 0.001445893862918805 0.09849602183723752 0
6685 0.027798711873717 0.09993829878938065 0
6686 0.02750481544298178 0.09993829878938065 0
6687 0.02718718542234379 0.09993829878938064 0
6688 0.02684951736171599 0.09993829878938063 0
6689 0.02649727707335603 0.09993829878938064 0
6690 0.02613735282756107 0.09993829878938063 0
6691 0.02577742858176611 0.09993829878938064 0
6692 0.02542518829340615 0.09993829878938061 0
6693 0.02508752023277835 0.09993829878938061 0
6694 0.02476989021214036 0.0999382987893806 0
6695 0.02447599378140514 0.0999382987893806 0
6696 0.02420770946981944 0.0999382987893806 0
6697 0.02393942515823374 0.09993829878938063 0
6698 0.02363939323840025 0.0999382987893806 0
6699 0.02330328671872017 0.09993829878938057 0
6700 0.02292646535615145 0.09993829878938057 0
6701 0.0225040549976315 0.09993829878938058 0
6702 0.02203106989770337 0.09993829878938056 0
6703 0.02149986722475094 0.09993829878938057 0
6704 0.02090696973340822 0.09993829878938056 0
6705 0.02024672839002693 0.09993829878938053 0
6706 0.01951434866910918 0.09993829878938056 0
6707 0.01870623475135443 0.09993829878938051 0
6708 0.01782034309233452 0.09993829878938053 0
6709 0.01685650588563267 0.0999382987893805 0
6710 0.01581667492633432 0.0999382987893805 0
6711 0.01470503193612006 0.09993829878938047 0
6712 0.01352791593295924 0.09993829878938046 0
6713 0.01229353381630512 0.09993829878938044 0
6714 0.01101144645651594 0.0999382987893804 0
6715 0.00969185527306329 0.0999382987893804 0
6716 0.008344746612863706 0.09993829878938038 0
6717 0.006978975083369711 0.09993829878938039 0
6718 0.005601375782376371 0.09993829878938033 0
6719 0.004215986514914102 0.09993829878938033 0
6720 0.002823437010170367 0.09993829878938029 0
6721 0.001420529310987722 0.09993829878938029 0
6722 0.02779977312628036 0.1013261978407729 0
6723 0.02750654271008033 0.1013261978407729 0
6724 0.02718921245481162 0.1013261978407729 0
6725 0.02685153493893112 0.101326197840773 0
6726 0.02649906032136245 0.1013261978407729 0
6727 0.02613878316998609 0.1013261978407729 0
6728 0.02577850601860972 0.1013261978407729 0
6729 0.02542603140104105 0.1013261978407729 0
6730 0.02508835388516055 0.1013261978407729 0
6731 0.02477102362989186 0.1013261978407729 0
6732 0.0244777932136918 0.1013261978407729 0
6733 0.02421057015466947 0.1013261978407729 0
6734 0.02394334709564714 0.1013261978407729 0
6735 0.0236438865094441 0.1013261978407729 0
6736 0.0233077946317116 0.1013261978407729 0
6737 0.02293035961266162 0.1013261978407728 0
6738 0.02250663208286097 0.1013261978407728 0
6739 0.02203154935842398 0.1013261978407728 0
6740 0.02149755042379788 0.1013261978407728 0
6741 0.02090101951069679 0.1013261978407728 0
6742 0.02023633775010109 0.1013261978407728 0
6743 0.01949875890782008 0.1013261978407728 0
6744 0.01868476149526977 0.1013261978407728 0
6745 0.01779241055590731 0.1013261978407728 0
6746 0.01682168910071973 0.1013261978407728 0
6747 0.01577474899828634 0.1013261978407728 0
6748 0.0146560266177191 0.1013261978407727 0
6749 0.0134721731217994 0.1013261978407727 0
6750 0.01223176514520373 0.1013261978407727 0
6751 0.01094478812453011 0.1013261978407727 0
6752 0.009621917760242302 0.1013261978407726 0
6753 0.008273657931638072 0.1013261978407727 0
6754 0.006909417615212991 0.1013261978407726 0
6755 0.005536618300788793 0.1013261978407726 0
6756 0.004159914436167337 0.1013261978407726 0
6757 0.002780585010681489 0.1013261978407726 0
6758 0.001396121074059414 0.1013261978407726 0
6759 0.0278007931617663 0.1026601934721573 0
6760 0.02750820289333455 0.1026601934721572 0
6761 0.02719116076110527 0.1026601934721573 0
6762 0.0268534741571965 0.1026601934721572 0
6763 0.02650077431133013 0.1026601934721572 0
6764 0.02614015796056934 0.1026601934721572 0
6765 0.02577954160980856 0.1026601934721572 0
6766 0.02542684176394217 0.1026601934721572 0
6767 0.02508915516003341 0.1026601934721572 0
6768 0.02477211302780414 0.1026601934721572 0
6769 0.02447952275937237 0.1026601934721572 0
6770 0.02421331973583598 0.1026601934721572 0
6771 0.02394711671229958 0.1026601934721572 0
6772 0.0236482052701905 0.1026601934721572 0
6773 0.02331212746573955 0.1026601934721572 0
6774 0.02293410262348568 0.1026601934721572 0
6775 0.02250910907888917 0.1026601934721572 0
6776 0.02203201019778121 0.1026601934721572 0
6777 0.02149532360308851 0.1026601934721572 0
6778 0.02089530038357809 0.1026601934721571 0
6779 0.02022635066332095 0.1026601934721571 0
6780 0.01948377462388881 0.1026601934721572 0
6781 0.01866412222054745 0.1026601934721571 0
6782 0.0177655628672876 0.1026601934721571 0
6783 0.01678822453503238 0.1026601934721571 0
6784 0.01573445139537233 0.1026601934721571 0
6785 0.01460892457481772 0.1026601934721571 0
6786 0.01341859525783751 0.1026601934721571 0
6787 0.01217239545450253 0.102660193472157 0
6788 0.0108807186782867 0.1026601934721571 0
6789 0.009554696490453627 0.102660193472157 0
6790 0.008205330202686359 0.102660193472157 0
6791 0.006842561629860063 0.102660193472157 0
6792 0.00547437587944653 0.102660193472157 0
6793 0.004106020092759731 0.1026601934721569 0
6794 0.002739397303220413 0.1026601934721569 0
6795 0.001372660807695303 0.1026601934721569 0
6796 0.02780177246764605 0.1039409231951715 0
6797 0.02750979678613999 0.1039409231951715 0
6798 0.02719303127231318 0.1039409231951715 0
6799 0.02685533594325746 0.1039409231951714 0
6800 0.0265024198623686 0.1039409231951714 0
6801 0.02614147785631822 0.1039409231951714 0
6802 0.02578053585026784 0.1039409231951714 0
6803 0.02542761976937898 0.1039409231951714 0
6804 0.02508992444032326 0.1039409231951714 0
6805 0.02477315892649646 0.1039409231951714 0
6806 0.02448118324499039 0.1039409231951714 0
6807 0.02421595952733374 0.1039409231951714 0
6808 0.02395073580967709 0.1039409231951714 0
6809 0.02365235158455943 0.1039409231951714 0
6810 0.02331628729144957 0.1039409231951714 0
6811 0.02293769617739482 0.1039409231951714 0
6812 0.02251148716946342 0.1039409231951714 0
6813 0.02203245263600848 0.1039409231951714 0
6814 0.02149318569843334 0.1039409231951714 0
6815 0.02088980961890219 0.1039409231951714 0
6816 0.02021676235689419 0.1039409231951714 0
6817 0.01946938865638086 0.1039409231951714 0
6818 0.01864430706375349 0.1039409231951713 0
6819 0.01773978719606308 0.1039409231951713 0
6820 0.01675609619597698 0.1039409231951713 0
6821 0.0156957628595151 0.1039409231951713 0
6822 0.01456370329752171 0.1039409231951713 0
6823 0.01336715673640819 0.1039409231951712 0
6824 0.01211539637164325 0.1039409231951712 0
6825 0.01081920749923145 0.1039409231951712 0
6826 0.009490159338898064 0.1039409231951712 0
6827 0.008139730772436574 0.1039409231951712 0
6828 0.006778375177079827 0.1039409231951712 0
6829 0.005414618772923864 0.1039409231951711 0
6830 0.004054277728781506 0.1039409231951711 0
6831 0.002699854204332247 0.1039409231951711 0
6832 0.001350137300319822 0.1039409231951711 0
6833 0.02780270677510296 0.1051628042797683 0
6834 0.02751131744068157 0.1051628042797683 0
6835 0.02719481583483437 0.1051628042797683 0
6836 0.02685711218154612 0.1051628042797683 0
6837 0.02650398980148341 0.1051628042797683 0
6838 0.02614273710377708 0.1051628042797683 0
6839 0.02578148440607076 0.1051628042797683 0
6840 0.02542836202600804 0.1051628042797683 0
6841 0.02509065837271979 0.1051628042797683 0
6842 0.02477415676687261 0.1051628042797682 0
6843 0.02448276743245121 0.1051628042797683 0
6844 0.02421847802225146 0.1051628042797683 0
6845 0.02395418861205173 0.1051628042797682 0
6846 0.02365630737867206 0.1051628042797682 0
6847 0.02332025597606659 0.1051628042797682 0
6848 0.02294112461000566 0.1051628042797682 0
6849 0.02251375598843274 0.1051628042797682 0
6850 0.02203287474450747 0.1051628042797682 0
6851 0.02149114602900748 0.1051628042797682 0
6852 0.02088457115103743 0.1051628042797682 0
6853 0.02020761462646705 0.1051628042797682 0
6854 0.0194556637140564 0.1051628042797682 0
6855 0.0186254023996079 0.1051628042797682 0
6856 0.01771519589897199 0.1051628042797682 0
6857 0.01672544413171558 0.1051628042797682 0
6858 0.01565885203492407 0.1051628042797682 0
6859 0.01452055990640928 0.1051628042797682 0
6860 0.01331808177919848 0.1051628042797682 0
6861 0.01206101635692695 0.1051628042797681 0
6862 0.01076052271599556 0.1051628042797681 0
6863 0.009428587624489879 0.1051628042797681 0
6864 0.008077145590300013 0.1051628042797681 0
6865 0.006717138047082592 0.1051628042797681 0
6866 0.005357607463809833 0.1051628042797681 0
6867 0.004004912890376315 0.105162804279768 0
6868 0.002662128083286129 0.105162804279768 0
6869 0.00132864873241487 0.105162804279768 0
6870 0.02780360186968496 0.106333403027098 0
6871 0.02751277427336678 0.1063334030270979 0
6872 0.02719652549928387 0.106333403027098 0
6873 0.02685881387113105 0.1063334030270979 0
6874 0.02650549385026879 0.1063334030270979 0
6875 0.02614394350063232 0.1063334030270979 0
6876 0.02578239315099584 0.1063334030270979 0
6877 0.02542907313013357 0.1063334030270979 0
6878 0.02509136150198076 0.1063334030270979 0
6879 0.02477511272789785 0.1063334030270979 0
6880 0.02448428513157967 0.1063334030270979 0
6881 0.02422089081596193 0.1063334030270979 0
6882 0.0239574965003442 0.1063334030270979 0
6883 0.02366009714814418 0.1063334030270979 0
6884 0.02332405809502874 0.1063334030270979 0
6885 0.02294440915133309 0.1063334030270979 0
6886 0.02251592958509192 0.1063334030270979 0
6887 0.02203327913711685 0.1063334030270979 0
6888 0.02148919196448763 0.1063334030270979 0
6889 0.02087955254161814 0.1063334030270979 0
6890 0.02019885082619719 0.1063334030270978 0
6891 0.01944251480742815 0.1063334030270979 0
6892 0.01860729116403311 0.1063334030270979 0
6893 0.01769163669838127 0.1063334030270979 0
6894 0.01669607853429389 0.1063334030270978 0
6895 0.01562349035728306 0.1063334030270978 0
6896 0.01447922724300332 0.1063334030270978 0
6897 0.01327106649746679 0.1063334030270978 0
6898 0.01200891867090075 0.1063334030270978 0
6899 0.01070430093254278 0.1063334030270977 0
6900 0.009369600074338104 0.1063334030270977 0
6901 0.008017187107650599 0.1063334030270977 0
6902 0.006658471038837291 0.1063334030270977 0
6903 0.00530298891878626 0.1063334030270977 0
6904 0.003957619893760107 0.1063334030270976 0
6905 0.002625985327174343 0.1063334030270977 0
6906 0.001308062039496433 0.1063334030270976 0
6907 0.02780445858447237 0.1074538089340437 0
6908 0.0275141686400955 0.1074538089340437 0
6909 0.02719816185687648 0.1074538089340437 0
6910 0.02686044259580472 0.1074538089340437 0
6911 0.02650693340856946 0.1074538089340437 0
6912 0.02614509816969873 0.1074538089340437 0
6913 0.02578326293082799 0.1074538089340436 0
6914 0.02542975374359274 0.1074538089340437 0
6915 0.02509203448252096 0.1074538089340436 0
6916 0.02477602769930196 0.1074538089340437 0
6917 0.02448573775492508 0.1074538089340437 0
6918 0.02422320015409475 0.1074538089340437 0
6919 0.02396066255326442 0.1074538089340437 0
6920 0.02366372442018099 0.1074538089340437 0
6921 0.02332769718703513 0.1074538089340436 0
6922 0.02294755285835759 0.1074538089340437 0
6923 0.02251800998244568 0.1074538089340436 0
6924 0.02203366619021196 0.1074538089340436 0
6925 0.02148732168619152 0.1074538089340436 0
6926 0.02087474911973608 0.1074538089340436 0
6927 0.02019046279946126 0.1074538089340436 0
6928 0.01942992969857699 0.1074538089340436 0
6929 0.018589956500583 0.1074538089340436 0
6930 0.01766908766732772 0.1074538089340436 0
6931 0.01666797207263287 0.1074538089340436 0
6932 0.01558964491485552 0.1074538089340436 0
6933 0.01443966683826558 0.1074538089340436 0
6934 0.01322606713326187 0.1074538089340436 0
6935 0.01195905482533018 0.1074538089340436 0
6936 0.01065048982226848 0.1074538089340436 0
6937 0.00931314178769029 0.1074538089340435 0
6938 0.007959799520071883 0.1074538089340436 0
6939 0.006602319549925465 0.1074538089340436 0
6940 0.005250712303410758 0.1074538089340435 0
6941 0.003912354722507496 0.1074538089340435 0
6942 0.002591392297296833 0.1074538089340435 0
6943 0.001288358061166613 0.1074538089340435 0
6944 0.02780527782609559 0.1085252076858443 0
6945 0.02751550201647583 0.1085252076858443 0
6946 0.02719972663931057 0.1085252076858443 0
6947 0.02686200007918781 0.1085252076858443 0
6948 0.02650830999981816 0.1085252076858443 0
6949 0.02614620233292103 0.1085252076858443 0
6950 0.02578409466602389 0.1085252076858443 0
6951 0.02543040458665425 0.1085252076858443 0
6952 0.02509267802653148 0.1085252076858443 0
6953 0.02477690264936623 0.1085252076858443 0
6954 0.02448712683974646 0.1085252076858443 0
6955 0.02422540848053935 0.1085252076858443 0
6956 0.02396369012133225 0.1085252076858443 0
6957 0.02366719303339393 0.1085252076858443 0
6958 0.02333117710320584 0.1085252076858443 0
6959 0.02295055905795115 0.1085252076858443 0
6960 0.02251999938210365 0.1085252076858443 0
6961 0.02203403631339715 0.1085252076858443 0
6962 0.02148553321487094 0.1085252076858443 0
6963 0.0208701558021028 0.1085252076858443 0
6964 0.02018244166951253 0.1085252076858443 0
6965 0.01941789506913527 0.1085252076858443 0
6966 0.01857338006460725 0.1085252076858442 0
6967 0.01764752494298353 0.1085252076858442 0
6968 0.01664109500267593 0.1085252076858442 0
6969 0.0155572798902281 0.1085252076858442 0
6970 0.01440183682684385 0.1085252076858443 0
6971 0.01318303606537649 0.1085252076858442 0
6972 0.01191137205110246 0.1085252076858442 0
6973 0.01059903243881175 0.1085252076858442 0
6974 0.009259153016774078 0.1085252076858442 0
6975 0.007904922096345791 0.1085252076858441 0
6976 0.006548624157247762 0.1085252076858441 0
6977 0.005200722295223141 0.1085252076858441 0
6978 0.003869069474117217 0.1085252076858441 0
6979 0.002558312385095374 0.1085252076858441 0
6980 0.001269515945414455 0.1085252076858441 0
6981 0.02780606056490038 0.109548868294224 0
6982 0.02751677598181729 0.109548868294224 0
6983 0.02720122169998315 0.109548868294224 0
6984 0.02686348816603204 0.109548868294224 0
6985 0.02650962525451 0.109548868294224 0
6986 0.02614725729811861 0.109548868294224 0
6987 0.02578488934172723 0.109548868294224 0
6988 0.02543102643020519 0.109548868294224 0
6989 0.02509329289625409 0.109548868294224 0
6990 0.02477773861441995 0.109548868294224 0
6991 0.02448845403133685 0.109548868294224 0
6992 0.02422751841093453 0.109548868294224 0
6993 0.02396658279053221 0.109548868294224 0
6994 0.02367050709616077 0.109548868294224 0
6995 0.02333450196530637 0.109548868294224 0
6996 0.02295343131078854 0.1095488682942239 0
6997 0.02252190014039815 0.1095488682942239 0
6998 0.02203438994506256 0.1095488682942239 0
6999 0.02148382443218194 0.1095488682942239 0
7000 0.0208657671481912 0.1095488682942239 0
7001 0.02017477793577249 0.1095488682942239 0
7002 0.01940639666475947 0.109548868294224 0
7003 0.01855754222224727 0.1095488682942239 0
7004 0.01762692298551121 0.1095488682942239 0
7005 0.0166154154900413 0.1095488682942239 0
7006 0.01552635694884455 0.1095488682942239 0
7007 0.01436569240121157 0.1095488682942239 0
7008 0.01314192232592445 0.1095488682942239 0
7009 0.01186581387064617 0.1095488682942239 0
7010 0.01054986783378825 0.1095488682942238 0
7011 0.009207569814918673 0.1095488682942238 0
7012 0.007852489837242117 0.1095488682942238 0
7013 0.006497321261623452 0.1095488682942238 0
7014 0.005152959683862771 0.1095488682942238 0
7015 0.003827712879640517 0.1095488682942238 0
7016 0.002526706409269491 0.1095488682942238 0
7017 0.001251513374810748 0.1095488682942238 0
7018 0.02780680782554428 0.1105261307995091 0
7019 0.02751799220382589 0.1105261307995092 0
7020 0.02720264899602879 0.1105261307995092 0
7021 0.02686490880434279 0.1105261307995092 0
7022 0.0265108808944015 0.1105261307995092 0
7023 0.02614826444631162 0.1105261307995092 0
7024 0.02578564799822175 0.1105261307995091 0
7025 0.02543162008828045 0.1105261307995091 0
7026 0.02509387989659445 0.1105261307995091 0
7027 0.02477853668879736 0.1105261307995091 0
7028 0.02448972106707897 0.1105261307995091 0
7029 0.02422953270732055 0.1105261307995091 0
7030 0.02396934434756213 0.1105261307995091 0
7031 0.02367367094681174 0.1105261307995091 0
7032 0.02333767612580398 0.1105261307995091 0
7033 0.02295617337684122 0.1105261307995091 0
7034 0.02252371474554913 0.1105261307995091 0
7035 0.02203472754813575 0.1105261307995091 0
7036 0.02148219310121349 0.1105261307995091 0
7037 0.02086157741295926 0.1105261307995091 0
7038 0.02016746156590016 0.1105261307995091 0
7039 0.01939541943326781 0.1105261307995091 0
7040 0.01854242224070619 0.1105261307995091 0
7041 0.01760725482556799 0.1105261307995091 0
7042 0.01659089991852631 0.1105261307995091 0
7043 0.01549683561050264 0.1105261307995091 0
7044 0.01433118624589374 0.110526130799509 0
7045 0.01310267209426598 0.110526130799509 0
7046 0.01182232064525049 0.110526130799509 0
7047 0.01050293164743575 0.110526130799509 0
7048 0.009158324656256527 0.110526130799509 0
7049 0.00780243410542049 0.110526130799509 0
7050 0.006448343704124627 0.110526130799509 0
7051 0.005107361944871054 0.110526130799509 0
7052 0.003788230800524142 0.1105261307995089 0
7053 0.002496532995479078 0.110526130799509 0
7054 0.001234326782784314 0.1105261307995089 0
7055 0.02780752067806402 0.1114583945886265 0
7056 0.0275191524240656 0.1114583945886265 0
7057 0.02720401057125808 0.1114583945886265 0
7058 0.02686626402839712 0.1114583945886265 0
7059 0.02651207871750089 0.1114583945886265 0
7060 0.02614922521968167 0.1114583945886265 0
7061 0.02578637172186243 0.1114583945886265 0
7062 0.02543218641096621 0.1114583945886265 0
7063 0.02509443986810524 0.1114583945886265 0
7064 0.02477929801529773 0.1114583945886265 0
7065 0.0244909297612993 0.1114583945886265 0
7066 0.02423145425406063 0.1114583945886265 0
7067 0.02397197874682195 0.1114583945886265 0
7068 0.02367668911580946 0.1114583945886265 0
7069 0.02334070412992446 0.1114583945886265 0
7070 0.02295878918259909 0.1114583945886265 0
7071 0.02252544579597279 0.1114583945886265 0
7072 0.022035049606046 0.1114583945886265 0
7073 0.02148063688598806 0.1114583945886265 0
7074 0.02085758059693327 0.1114583945886265 0
7075 0.02016048208325055 0.1114583945886265 0
7076 0.01938494765585992 0.1114583945886264 0
7077 0.01852799846899017 0.1114583945886265 0
7078 0.01758849229941511 0.1114583945886264 0
7079 0.01656751318316161 0.1114583945886265 0
7080 0.0154686736022463 0.1114583945886264 0
7081 0.01429826894994664 0.1114583945886264 0
7082 0.01306522916619726 0.1114583945886264 0
7083 0.01178083009497455 0.1114583945886264 0
7084 0.01045815666967998 0.1114583945886264 0
7085 0.009111347024390192 0.1114583945886264 0
7086 0.007754683223786636 0.1114583945886264 0
7087 0.006401621351544194 0.1114583945886264 0
7088 0.005063863784757771 0.1114583945886264 0
7089 0.00375056670057126 0.1114583945886264 0
7090 0.002467748937031394 0.1114583945886264 0
7091 0.001217931559067118 0.1114583945886264 0
7092 0.02780820022944516 0.1123471073699241 0
7093 0.02752025844423736 0.112347107369924 0
7094 0.02720530854005521 0.112347107369924 0
7095 0.0268675559427165 0.1123471073699241 0
7096 0.02651322058390244 0.112347107369924 0
7097 0.02615014111020949 0.112347107369924 0
7098 0.02578706163651653 0.1123471073699241 0
7099 0.02543272627770249 0.1123471073699241 0
7100 0.02509497368036377 0.112347107369924 0
7101 0.02478002377618163 0.112347107369924 0
7102 0.02449208199097382 0.112347107369924 0
7103 0.02423328603511628 0.112347107369924 0
7104 0.02397449007925873 0.112347107369924 0
7105 0.02367956629005531 0.112347107369924 0
7106 0.02334359067984208 0.1123471073699241 0
7107 0.02296128279013544 0.112347107369924 0
7108 0.02252709597980974 0.112347107369924 0
7109 0.02203535661891565 0.112347107369924 0
7110 0.02147915336986589 0.112347107369924 0
7111 0.02085377049347516 0.112347107369924 0
7112 0.02015382864941566 0.112347107369924 0
7113 0.01937496507095858 0.112347107369924 0
7114 0.01851424850848736 0.112347107369924 0
7115 0.01757060627080805 0.112347107369924 0
7116 0.01654521896678847 0.112347107369924 0
7117 0.01544182719141648 0.112347107369924 0
7118 0.01426688939624582 0.112347107369924 0
7119 0.01302953539675955 0.112347107369924 0
7120 0.01174127778932487 0.112347107369924 0
7121 0.01041547336965441 0.112347107369924 0
7122 0.009066563967961249 0.1123471073699239 0
7123 0.007709163040205967 0.1123471073699239 0
7124 0.006357081648945821 0.112347107369924 0
7125 0.00502239765542092 0.112347107369924 0
7126 0.003714662091366302 0.112347107369924 0
7127 0.002440309535288364 0.1123471073699239 0
7128 0.001202302243588181 0.1123471073699239 0
7129 0.0278088476157173 0.1131937548354024 0
7130 0.02752131211331344 0.1131937548354024 0
7131 0.02720654507227967 0.1131937548354024 0
7132 0.02686878670703893 0.1131937548354024 0
7133 0.02651430840250383 0.1131937548354024 0
7134 0.02615101364902108 0.1131937548354024 0
7135 0.02578771889553833 0.1131937548354024 0
7136 0.02543324059100322 0.1131937548354024 0
7137 0.02509548222576248 0.1131937548354024 0
7138 0.02478071518472872 0.1131937548354024 0
7139 0.02449317968232485 0.1131937548354024 0
7140 0.02423503111273945 0.1131937548354024 0
7141 0.02397688254315406 0.1131937548354024 0
7142 0.02368230727942133 0.1131937548354024 0
7143 0.02334634060110254 0.1131937548354024 0
7144 0.02296365836810053 0.1131937548354024 0
7145 0.02252866805572958 0.1131937548354024 0
7146 0.02203564909998876 0.1131937548354024 0
7147 0.02147774007280156 0.1131937548354024 0
7148 0.02085014073310272 0.1131937548354024 0
7149 0.02014749014161923 0.1131937548354024 0
7150 0.01936545499033017 0.1131937548354024 0
7151 0.01850114937291161 0.1131937548354023 0
7152 0.017553566839052 0.1131937548354024 0
7153 0.01652397999939161 0.1131937548354023 0
7154 0.01541625149793644 0.1131937548354023 0
7155 0.01423699512650227 0.1131937548354023 0
7156 0.01299553111543968 0.1131937548354024 0
7157 0.01170359760733939 0.1131937548354024 0
7158 0.01037481039220501 0.1131937548354023 0
7159 0.009023900621580006 0.1131937548354023 0
7160 0.007665797457007748 0.1131937548354023 0
7161 0.006314650137762856 0.1131937548354023 0
7162 0.004982894236492947 0.1131937548354023 0
7163 0.003680456949927933 0.1131937548354023 0
7164 0.002414168918849767 0.1131937548354023 0
7165 0.001187412708278378 0.1131937548354023 0
7166 0.027809463994591 0.113999851031204 0
7167 0.02752231531555345 0.113999851031204 0
7168 0.02720772237920228 0.113999851031204 0
7169 0.02686995852232062 0.113999851031204 0
7170 0.02651534411863368 0.113999851031204 0
7171 0.02615184439646365 0.113999851031204 0
7172 0.02578834467429363 0.113999851031204 0
7173 0.02543373027060669 0.113999851031204 0
7174 0.02509596641372503 0.113999851031204 0
7175 0.02478137347737387 0.113999851031204 0
7176 0.0244942247983363 0.113999851031204 0
7177 0.02423669260762461 0.113999851031204 0
7178 0.02397916041691292 0.113999851031204 0
7179 0.02368491698557504 0.113999851031204 0
7180 0.02334895881134611 0.113999851031204 0
7181 0.02296592016470251 0.113999851031204 0
7182 0.02253016483505056 0.113999851031204 0
7183 0.02203592757230456 0.113999851031204 0
7184 0.02147639446741851 0.113999851031204 0
7185 0.02084668482477348 0.113999851031204 0
7186 0.020141455224809 0.113999851031204 0
7187 0.01935640040724936 0.113999851031204 0
7188 0.01848867763728794 0.113999851031204 0
7189 0.01753734353280327 0.113999851031204 0
7190 0.0165037582996648 0.113999851031204 0
7191 0.01539190078520195 0.113999851031204 0
7192 0.0142085326812708 0.113999851031204 0
7193 0.01296315551292438 0.113999851031204 0
7194 0.01166772216615035 0.113999851031204 0
7195 0.01033609502037853 0.113999851031204 0
7196 0.008983280691065408 0.113999851031204 0
7197 0.007624508924212042 0.113999851031204 0
7198 0.006274250938401432 0.113999851031204 0
7199 0.004945282884640608 0.113999851031204 0
7200 0.003647890107747938 0.1139998510312039 0
7201 0.00238928034086866 0.1139998510312039 0
7202 0.001173236326419482 0.1139998510312039 0
7203 0.0278100469100143 0.1147621839488936 0
7204 0.02752326405355103 0.1147621839488936 0
7205 0.02720883576967107 0.1147621839488936 0
7206 0.02687106671929181 0.1147621839488936 0
7207 0.0265163236053293 0.1147621839488936 0
7208 0.02615263004230228 0.1147621839488936 0
7209 0.02578893647927526 0.1147621839488936 0
7210 0.02543419336531275 0.1147621839488936 0
7211 0.02509642431493349 0.1147621839488936 0
7212 0.02478199603105354 0.1147621839488936 0
7213 0.02449521317459025 0.1147621839488936 0
7214 0.02423826389930186 0.1147621839488936 0
7215 0.02398131462401347 0.1147621839488936 0
7216 0.02368738500975979 0.1147621839488936 0
7217 0.02335143487793035 0.1147621839488936 0
7218 0.02296805916748132 0.1147621839488936 0
7219 0.02253158035363612 0.1147621839488936 0
7220 0.02203619092624929 0.1147621839488936 0
7221 0.02147512191547859 0.1147621839488936 0
7222 0.02084341653906065 0.1147621839488936 0
7223 0.02013574794599548 0.1147621839488936 0
7224 0.0193478374010295 0.1147621839488936 0
7225 0.0184768829970748 0.1147621839488936 0
7226 0.01752200099620332 0.1147621839488936 0
7227 0.01648463444393435 0.1147621839488936 0
7228 0.01536887208219678 0.1147621839488935 0
7229 0.01418161547333595 0.1147621839488936 0
7230 0.0129325375945469 0.1147621839488936 0
7231 0.01163379441671116 0.1147621839488936 0
7232 0.01029948152124825 0.1147621839488936 0
7233 0.008944866032483938 0.1147621839488936 0
7234 0.007585461962029108 0.1147621839488936 0
7235 0.006236045027392398 0.1147621839488935 0
7236 0.004909713467807757 0.1147621839488935 0
7237 0.003617091332182047 0.1147621839488935 0
7238 0.002365742973531734 0.1147621839488935 0
7239 0.001159829585882733 0.1147621839488936 0
7240 0.02781060148226464 0.1154874498533036 0
7241 0.02752416666093672 0.1154874498533036 0
7242 0.0272098950236093 0.1154874498533036 0
7243 0.02687212103225656 0.1154874498533036 0
7244 0.02651725546631505 0.1154874498533036 0
7245 0.02615337748758042 0.1154874498533036 0
7246 0.02578949950884579 0.1154874498533036 0
7247 0.02543463394290427 0.1154874498533036 0
7248 0.02509685995155154 0.1154874498533036 0
7249 0.02478258831422413 0.1154874498533036 0
7250 0.02449615349289619 0.1154874498533036 0
7251 0.02423975878985814 0.1154874498533036 0
7252 0.02398336408682009 0.1154874498533036 0
7253 0.02368973303088143 0.1154874498533036 0
7254 0.02335379055040484 0.1154874498533036 0
7255 0.02297009416524793 0.1154874498533036 0
7256 0.02253292704527613 0.1154874498533036 0
7257 0.02203644147510068 0.1154874498533036 0
7258 0.0214739112389983 0.1154874498533036 0
7259 0.02084030716763199 0.1154874498533036 0
7260 0.02013031817294704 0.1154874498533036 0
7261 0.01933969075498235 0.1154874498533036 0
7262 0.01846566184919719 0.1154874498533036 0
7263 0.01750740446176947 0.1154874498533036 0
7264 0.01646644044994523 0.1154874498533036 0
7265 0.01534696310683331 0.1154874498533036 0
7266 0.01415600706432715 0.1154874498533036 0
7267 0.01290340841522392 0.1154874498533036 0
7268 0.01160151634067559 0.1154874498533036 0
7269 0.01026464828508049 0.1154874498533036 0
7270 0.008908319214876842 0.1154874498533036 0
7271 0.007548313585401352 0.1154874498533035 0
7272 0.006199696807397188 0.1154874498533035 0
7273 0.004875873547387164 0.1154874498533035 0
7274 0.003587790089513408 0.1154874498533035 0
7275 0.002343350066688906 0.1154874498533035 0
7276 0.001147074723046632 0.1154874498533035 0
7277 0.02781112889251958 0.1161771934805948 0
7278 0.02752502506016443 0.1161771934805948 0
7279 0.02721090239711071 0.1161771934805948 0
7280 0.02687312370678489 0.1161771934805948 0
7281 0.02651814168635178 0.1161771934805948 0
7282 0.02615408832427385 0.1161771934805948 0
7283 0.02579003496219591 0.1161771934805948 0
7284 0.0254350529417628 0.1161771934805948 0
7285 0.02509727425143698 0.1161771934805948 0
7286 0.02478315158838327 0.1161771934805948 0
7287 0.02449704775602811 0.1161771934805948 0
7288 0.02424118046324499 0.1161771934805948 0
7289 0.02398531317046187 0.1161771934805948 0
7290 0.02369196604996526 0.1161771934805948 0
7291 0.02335603084609141 0.1161771934805948 0
7292 0.02297202949232249 0.1161771934805948 0
7293 0.02253420777827486 0.1161771934805948 0
7294 0.02203667975250007 0.1161771934805948 0
7295 0.0214727598593706 0.1161771934805948 0
7296 0.02083735008787027 0.1161771934805948 0
7297 0.02012515434084763 0.1161771934805948 0
7298 0.01933194311765284 0.1161771934805948 0
7299 0.01845499029385119 0.1161771934805948 0
7300 0.0174935228404978 0.1161771934805948 0
7301 0.01644913756650253 0.1161771934805948 0
7302 0.01532612719541716 0.1161771934805948 0
7303 0.01413165291116556 0.1161771934805948 0
7304 0.01287570593302521 0.1161771934805947 0
7305 0.01157081918931167 0.1161771934805947 0
7306 0.01023152112093482 0.1161771934805948 0
7307 0.008873562397564745 0.1161771934805948 0
7308 0.007512984672395232 0.1161771934805948 0
7309 0.006165128860727377 0.1161771934805947 0
7310 0.004843691048091088 0.1161771934805947 0
7311 0.003559923971335898 0.1161771934805947 0
7312 0.00232205392592529 0.1161771934805947 0
7313 0.001134944571464047 0.1161771934805947 0
7314 0.02781163031641058 0.1168329523137684 0
7315 0.02752584116466135 0.1168329523137684 0
7316 0.02721186013567577 0.1168329523137684 0
7317 0.02687407697790292 0.1168329523137684 0
7318 0.02651898424088107 0.1168329523137684 0
7319 0.02615476413688336 0.1168329523137684 0
7320 0.02579054403288565 0.1168329523137684 0
7321 0.02543545129586381 0.1168329523137684 0
7322 0.02509766813809097 0.1168329523137684 0
7323 0.02478368710910539 0.1168329523137684 0
7324 0.02449789795735615 0.1168329523137684 0
7325 0.02424253208846402 0.1168329523137684 0
7326 0.0239871662195719 0.1168329523137684 0
7327 0.02369408904455473 0.1168329523137684 0
7328 0.02335816075875353 0.1168329523137684 0
7329 0.02297386946267382 0.1168329523137684 0
7330 0.0225354254074687 0.1168329523137684 0
7331 0.02203690628958315 0.1168329523137684 0
7332 0.02147166521009612 0.1168329523137684 0
7333 0.02083453870825411 0.1168329523137684 0
7334 0.02012024493918269 0.1168329523137684 0
7335 0.01932457721905802 0.1168329523137684 0
7336 0.01844484454345213 0.1168329523137684 0
7337 0.01748032518935977 0.1168329523137684 0
7338 0.01643268722436384 0.1168329523137684 0
7339 0.01530631790335886 0.1168329523137684 0
7340 0.01410849872687408 0.1168329523137684 0
7341 0.01284936839733244 0.1168329523137684 0
7342 0.01154163453669051 0.1168329523137684 0
7343 0.01020002618622723 0.1168329523137684 0
7344 0.008840518105361683 0.1168329523137684 0
7345 0.007479396472586598 0.1168329523137684 0
7346 0.006132264133201836 0.1168329523137683 0
7347 0.004813094233054334 0.1168329523137683 0
7348 0.003533430862276047 0.1168329523137683 0
7349 0.002301807080770524 0.1168329523137684 0
7350 0.001123412092245276 0.1168329523137684 0
7351 0.02781210691996089 0.1174562512703126 0
7352 0.02752661687221668 0.1174562512703126 0
7353 0.02721277046645293 0.1174562512703126 0
7354 0.02687498306237043 0.1174562512703126 0
7355 0.02651978508919964 0.1174562512703126 0
7356 0.02615540649696 0.1174562512703127 0
7357 0.02579102790472035 0.1174562512703126 0
7358 0.02543582993154957 0.1174562512703126 0
7359 0.02509804252746706 0.1174562512703126 0
7360 0.02478419612170333 0.1174562512703126 0
7361 0.0244987060739591 0.1174562512703126 0
7362 0.0242438168086173 0.1174562512703126 0
7363 0.02398892754327548 0.1174562512703126 0
7364 0.02369610695151294 0.1174562512703126 0
7365 0.02336018524134175 0.1174562512703126 0
7366 0.02297561835501356 0.1174562512703126 0
7367 0.02253658276436208 0.1174562512703126 0
7368 0.02203712161314474 0.1174562512703126 0
7369 0.02147062474565088 0.1174562512703126 0
7370 0.02083186649113318 0.1174562512703126 0
7371 0.02011557855151054 0.1174562512703127 0
7372 0.01931757593035873 0.1174562512703127 0
7373 0.01843520100482607 0.1174562512703127 0
7374 0.01746778081821745 0.1174562512703127 0
7375 0.01641705116950474 0.1174562512703127 0
7376 0.01528748916565042 0.1174562512703126 0
7377 0.01408649066815122 0.1174562512703127 0
7378 0.01282433456220162 0.1174562512703127 0
7379 0.01151389451611337 0.1174562512703127 0
7380 0.01017009024187301 0.1174562512703127 0
7381 0.008809109496269476 0.1174562512703127 0
7382 0.007447470879161345 0.1174562512703127 0
7383 0.006101026200386439 0.1174562512703127 0
7384 0.004784011951701463 0.1174562512703127 0
7385 0.003508249154615776 0.1174562512703127 0
7386 0.002282562448720044 0.1174562512703127 0
7387 0.001112450467483562 0.1174562512703127 0
7388 0.0278125598559868 0.1180485979956751 0
7389 0.0275273540591242 0.118048597995675 0
7390 0.02721363559136481 0.118048597995675 0
7391 0.02687584415183897 0.118048597995675 0
7392 0.02652054616841218 0.1180485979956751 0
7393 0.02615601695825454 0.118048597995675 0
7394 0.02579148774809691 0.118048597995675 0
7395 0.02543618976467011 0.118048597995675 0
7396 0.02509839832514427 0.118048597995675 0
7397 0.02478467985738489 0.118048597995675 0
7398 0.02449947406052229 0.118048597995675 0
7399 0.02424503773120638 0.118048597995675 0
7400 0.02399060140189047 0.118048597995675 0
7401 0.02369802465178538 0.118048597995675 0
7402 0.02336210919070682 0.118048597995675 0
7403 0.02297728039959036 0.118048597995675 0
7404 0.02253768264838833 0.118048597995675 0
7405 0.0220373262440129 0.118048597995675 0
7406 0.0214696359493429 0.118048597995675 0
7407 0.02082932697290614 0.118048597995675 0
7408 0.02011114389069835 0.1180485979956751 0
7409 0.0193109223167263 0.1180485979956751 0
7410 0.01842603635202812 0.118048597995675 0
7411 0.01745585938454609 0.118048597995675 0
7412 0.0164021915811866 0.118048597995675 0
7413 0.01526959543904107 0.118048597995675 0
7414 0.01406557550155389 0.118048597995675 0
7415 0.01280054387539345 0.118048597995675 0
7416 0.01148753202957648 0.118048597995675 0
7417 0.01014164087833298 0.118048597995675 0
7418 0.008779260598644005 0.118048597995675 0
7419 0.007417130669985402 0.118048597995675 0
7420 0.006071339503471562 0.118048597995675 0
7421 0.004756373859346955 0.118048597995675 0
7422 0.003484317938439363 0.118048597995675 0
7423 0.002264273480551211 0.118048597995675 0
7424 0.001102033183026275 0.118048597995675 0
7425 0.02781299026093833 0.1186114787316668 0
7426 0.02752805457504047 0.1186114787316668 0
7427 0.02721445768107388 0.1186114787316668 0
7428 0.0268766624068458 0.1186114787316668 0
7429 0.02652126938812279 0.1186114787316668 0
7430 0.0261565970524596 0.1186114787316668 0
7431 0.0257919247167964 0.1186114787316668 0
7432 0.02543653169807339 0.1186114787316668 0
7433 0.02509873642384532 0.1186114787316668 0
7434 0.02478513952987873 0.1186114787316668 0
7435 0.02450020384398087 0.1186114787316668 0
7436 0.02424619791961649 0.1186114787316668 0
7437 0.02399219199525212 0.1186114787316668 0
7438 0.02369984695702411 0.1186114787316668 0
7439 0.02336393743418019 0.1186114787316668 0
7440 0.0229788597665972 0.1186114787316668 0
7441 0.02253872781923791 0.1186114787316668 0
7442 0.02203752069562163 0.1186114787316668 0
7443 0.02146869634020901 0.1186114787316668 0
7444 0.02082691378173365 0.1186114787316668 0
7445 0.02010692982985364 0.1186114787316668 0
7446 0.01930459968375127 0.1186114787316668 0
7447 0.01841732759026555 0.1186114787316668 0
7448 0.01744453097658552 0.1186114787316668 0
7449 0.01638807117560162 0.1186114787316668 0
7450 0.01525259182684527 0.1186114787316668 0
7451 0.01404570074937983 0.1186114787316668 0
7452 0.01277793664431247 0.1186114787316668 0
7453 0.01146248093164836 0.1186114787316668 0
7454 0.01011460671404666 0.1186114787316668 0
7455 0.008750896519390094 0.1186114787316668 0
7456 0.007388299719226532 0.1186114787316668 0
7457 0.006043129556335632 0.1186114787316668 0
7458 0.004730110609969827 0.1186114787316668 0
7459 0.003461577168552744 0.1186114787316668 0
7460 0.002246894287888154 0.1186114787316668 0
7461 0.001092134101135062 0.1186114787316668 0
7462 0.02781339925215523 0.1191463547278048 0
7463 0.02752872023851867 0.1191463547278048 0
7464 0.02721523886974127 0.1191463547278049 0
7465 0.02687743995159709 0.1191463547278048 0
7466 0.02652195662582415 0.1191463547278048 0
7467 0.02615714828551119 0.1191463547278048 0
7468 0.02579233994519823 0.1191463547278048 0
7469 0.02543685661942528 0.1191463547278049 0
7470 0.0250990577012811 0.1191463547278049 0
7471 0.02478557633250372 0.1191463547278049 0
7472 0.02450089731886714 0.1191463547278049 0
7473 0.02424730038571967 0.1191463547278049 0
7474 0.02399370345257221 0.1191463547278049 0
7475 0.02370157859796953 0.1191463547278049 0
7476 0.02336567471791806 0.1191463547278049 0
7477 0.02298036055610203 0.1191463547278049 0
7478 0.02253972099019502 0.1191463547278049 0
7479 0.02203770547277116 0.1191463547278049 0
7480 0.02146780347900533 0.1191463547278049 0
7481 0.02082462065292372 0.1191463547278049 0
7482 0.02010292542919117 0.1191463547278049 0
7483 0.01929859161775346 0.1191463547278049 0
7484 0.01840905211142068 0.1191463547278049 0
7485 0.01743376618556475 0.1191463547278049 0
7486 0.01637465329589779 0.1191463547278049 0
7487 0.01523643418734968 0.1191463547278049 0
7488 0.01402681481637952 0.1191463547278049 0
7489 0.01275645418013991 0.1191463547278049 0
7490 0.0114386761891836 0.1191463547278049 0
7491 0.0100889175677892 0.1191463547278049 0
7492 0.008723943624797349 0.1191463547278049 0
7493 0.007360903181166677 0.1191463547278049 0
7494 0.006016323125398276 0.1191463547278049 0
7495 0.004705154023655568 0.1191463547278049 0
7496 0.003439967809467784 0.1191463547278049 0
7497 0.002230379754003193 0.1191463547278049 0
7498 0.001082727523597663 0.1191463547278049 0
7499 0.02781378792551304 0.1196546591628018 0
7500 0.02752935283317728 0.1196546591628018 0
7501 0.02721598125053061 0.1196546591628017 0
7502 0.02687817886949272 0.1196546591628018 0
7503 0.02652260972294201 0.1196546591628018 0
7504 0.0261576721344161 0.1196546591628018 0
7505 0.02579273454589018 0.1196546591628018 0
7506 0.02543716539933948 0.1196546591628017 0
7507 0.0250993630183016 0.1196546591628018 0
7508 0.02478599143565493 0.1196546591628018 0
7509 0.02450155634331915 0.1196546591628018 0
7510 0.0242483480835295 0.1196546591628018 0
7511 0.02399513982373985 0.1196546591628018 0
7512 0.02370322421448388 0.1196546591628018 0
7513 0.02336732569690233 0.1196546591628018 0
7514 0.02298178678940995 0.1196546591628018 0
7515 0.02254066482242129 0.1196546591628018 0
7516 0.02203788107056443 0.1196546591628017 0
7517 0.02146695497334618 0.1196546591628018 0
7518 0.02082244144212995 0.1196546591628018 0
7519 0.02009911995908047 0.1196546591628018 0
7520 0.01929288202036174 0.1196546591628018 0
7521 0.01840118774168088 0.1196546591628018 0
7522 0.01742353616765932 0.1196546591628018 0
7523 0.01636190198940628 0.1196546591628018 0
7524 0.0152210792268093 0.1196546591628018 0
7525 0.01400886709845533 0.1196546591628018 0
7526 0.01273603892147732 0.1196546591628018 0
7527 0.01141605401833249 0.1196546591628018 0
7528 0.0100645046065267 0.1196546591628018 0
7529 0.008698329695669074 0.1196546591628018 0
7530 0.007334867647884325 0.1196546591628018 0
7531 0.005990848383906274 0.1196546591628018 0
7532 0.004681437230235201 0.1196546591628018 0
7533 0.003419431959776209 0.1196546591628018 0
7534 0.002214685628867198 0.1196546591628018 0
7535 0.001073788245868013 0.1196546591628018 0
7536 0.02781415735343369 0.1201377945429338 0
7537 0.0275299541044624 0.1201377945429337 0
7538 0.02721668687180825 0.1201377945429337 0
7539 0.0268788811993443 0.1201377945429337 0
7540 0.02652323048149256 0.1201377945429337 0
7541 0.02615817004457069 0.1201377945429337 0
7542 0.02579310960764881 0.1201377945429337 0
7543 0.02543745888979707 0.1201377945429337 0
7544 0.02509965321733312 0.1201377945429337 0
7545 0.02478638598467898 0.1201377945429337 0
7546 0.02450218273570769 0.1201377945429337 0
7547 0.02424934390383867 0.1201377945429337 0
7548 0.02399650507196966 0.1201377945429337 0
7549 0.02370478834712857 0.1201377945429337 0
7550 0.02336889492649041 0.1201377945429337 0
7551 0.02298314240176338 0.1201377945429338 0
7552 0.02254156192012499 0.1201377945429337 0
7553 0.02203804797350834 0.1201377945429337 0
7554 0.02146614848204695 0.1201377945429337 0
7555 0.02082037013650533 0.1201377945429337 0
7556 0.0200955029195232 0.1201377945429338 0
7557 0.01928745513773723 0.1201377945429338 0
7558 0.01839371278179044 0.1201377945429337 0
7559 0.01741381269635118 0.1201377945429338 0
7560 0.01634978207290586 0.1201377945429338 0
7561 0.01520648457803818 0.1201377945429338 0
7562 0.01399180807452245 0.1201377945429338 0
7563 0.01271663453883701 0.1201377945429338 0
7564 0.01139455200032702 0.1201377945429338 0
7565 0.01004130047036808 0.1201377945429337 0
7566 0.008673984058420924 0.1201377945429338 0
7567 0.007310121282511012 0.1201377945429337 0
7568 0.005966635042319792 0.1201377945429337 0
7569 0.004658894790673895 0.1201377945429337 0
7570 0.003399912957257306 0.1201377945429337 0
7571 0.002199768609476121 0.1201377945429337 0
7572 0.001065291602819745 0.1201377945429337 0
7573 0.02781450626152477 0.1205940942263032 0
7574 0.02753052197820608 0.1205940942263032 0
7575 0.02721735329943663 0.1205940942263032 0
7576 0.02687954451836849 0.1205940942263032 0
7577 0.02652381676008385 0.1205940942263032 0
7578 0.02615864029836544 0.1205940942263032 0
7579 0.02579346383664702 0.1205940942263032 0
7580 0.02543773607836238 0.1205940942263032 0
7581 0.02509992729729423 0.1205940942263032 0
7582 0.02478675861852481 0.1205940942263032 0
7583 0.0245027743352061 0.1205940942263032 0
7584 0.02425028441142817 0.1205940942263032 0
7585 0.02399779448765024 0.1205940942263032 0
7586 0.02370626560021304 0.1205940942263032 0
7587 0.02337037699340917 0.1205940942263032 0
7588 0.02298442271679117 0.1205940942263032 0
7589 0.0225424091886443 0.1205940942263032 0
7590 0.02203820560584823 0.1205940942263032 0
7591 0.02146538678721026 0.1205940942263032 0
7592 0.02081841388130327 0.1205940942263032 0
7593 0.02009208678799446 0.1205940942263032 0
7594 0.01928232969065742 0.1205940942263032 0
7595 0.01838665301765089 0.1205940942263032 0
7596 0.01740462931409103 0.1205940942263032 0
7597 0.01633833535571429 0.1205940942263032 0
7598 0.01519270058728318 0.1205940942263032 0
7599 0.01397569659202856 0.1205940942263032 0
7600 0.01269830797030391 0.1205940942263032 0
7601 0.01137424430933362 0.1205940942263032 0
7602 0.01001938520517025 0.1205940942263032 0
7603 0.008650990696674727 0.1205940942263032 0
7604 0.007286749451035322 0.1205940942263032 0
7605 0.005943766627888604 0.1205940942263032 0
7606 0.004637604468215229 0.1205940942263032 0
7607 0.00338147813539303 0.1205940942263032 0
7608 0.002185680154138604 0.1205940942263032 0
7609 0.001057266904790863 0.1205940942263032 0
7610 0.02781483824379646 0.1210282584355231 0
7611 0.02753106230392587 0.1210282584355231 0
7612 0.02721798739811088 0.1210282584355231 0
7613 0.02688017565923948 0.1210282584355231 0
7614 0.02652437459781691 0.1210282584355231 0
7615 0.02615908773976058 0.1210282584355231 0
7616 0.02579380088170425 0.1210282584355231 0
7617 0.02543799982028167 0.1210282584355231 0
7618 0.02510018808141028 0.1210282584355231 0
7619 0.02478711317559529 0.1210282584355231 0
7620 0.02450333723572469 0.1210282584355231 0
7621 0.02425117929421845 0.1210282584355231 0
7622 0.02399902135271221 0.1210282584355231 0
7623 0.02370767119053144 0.1210282584355231 0
7624 0.02337178716403879 0.1210282584355231 0
7625 0.02298564092268053 0.1210282584355231 0
7626 0.02254321535546864 0.1210282584355231 0
7627 0.02203835559131324 0.1210282584355231 0
7628 0.02146466204281858 0.1210282584355231 0
7629 0.02081655252565525 0.1210282584355231 0
7630 0.02008883637582496 0.1210282584355231 0
7631 0.01927745288324465 0.1210282584355231 0
7632 0.01837993572849501 0.1210282584355231 0
7633 0.01739589142528185 0.1210282584355231 0
7634 0.0163274439282188 0.1210282584355231 0
7635 0.01517958526929338 0.1210282584355231 0
7636 0.01396036669084463 0.1210282584355231 0
7637 0.01268087043873226 0.1210282584355231 0
7638 0.01135492176118692 0.1210282584355231 0
7639 0.009998533067570252 0.1210282584355231 0
7640 0.008629112761879493 0.1210282584355231 0
7641 0.007264511406389461 0.1210282584355231 0
7642 0.005922007579111026 0.1210282584355231 0
7643 0.00461734695686645 0.1210282584355231 0
7644 0.003363937601948626 0.1210282584355231 0
7645 0.002172275141394403 0.1210282584355231 0
7646 0.001049631491484831 0.1210282584355231 0
7647 0.02781515427904816 0.1214415672379532 0
7648 0.02753157667469027 0.1214415672379532 0
7649 0.02721859103737479 0.1214415672379532 0
7650 0.02688077648278048 0.1214415672379532 0
7651 0.02652490563939175 0.1214415672379532 0
7652 0.02615951368796924 0.1214415672379532 0
7653 0.02579412173654674 0.1214415672379532 0
7654 0.02543825089315801 0.1214415672379532 0
7655 0.0251004363385637 0.1214415672379532 0
7656 0.02478745070124822 0.1214415672379532 0
7657 0.02450387309689033 0.1214415672379532 0
7658 0.02425203119063579 0.1214415672379532 0
7659 0.02400018928438124 0.1214415672379532 0
7660 0.02370900926225378 0.1214415672379532 0
7661 0.02337312959605363 0.1214415672379532 0
7662 0.02298680061112687 0.1214415672379532 0
7663 0.02254398279745866 0.1214415672379532 0
7664 0.0220384983721128 0.1214415672379532 0
7665 0.02146397211207297 0.1214415672379532 0
7666 0.02081478058163627 0.1214415672379532 0
7667 0.02008574209966711 0.1214415672379532 0
7668 0.01927281033697149 0.1214415672379532 0
7669 0.01837354110941394 0.1214415672379532 0
7670 0.017387573267583 0.1214415672379532 0
7671 0.01631707567869633 0.1214415672379532 0
7672 0.01516709995554171 0.1214415672379532 0
7673 0.01394577317308072 0.1214415672379532 0
7674 0.01266427053220343 0.1214415672379532 0
7675 0.01133652738628263 0.1214415672379532 0
7676 0.009978682578201148 0.1214415672379532 0
7677 0.008608285750260753 0.1214415672379532 0
7678 0.007243341583069651 0.1214415672379532 0
7679 0.005901293742729994 0.1214415672379532 0
7680 0.004598062530425992 0.1214415672379532 0
7681 0.003347239641320044 0.1214415672379532 0
7682 0.002159514048595385 0.1214415672379532 0
7683 0.001042362851042898 0.1214415672379532 0
7684 0.02781545531751933 0.1218352633504471 0
7685 0.02753206663708433 0.1218352633504471 0
7686 0.02721916603222163 0.1218352633504471 0
7687 0.02688134879551854 0.1218352633504471 0
7688 0.0265254114815184 0.1218352633504471 0
7689 0.02615991942371184 0.1218352633504471 0
7690 0.02579442736590528 0.1218352633504471 0
7691 0.02543849005190514 0.121835263350447 0
7692 0.02510067281520205 0.1218352633504471 0
7693 0.02478777221033936 0.1218352633504471 0
7694 0.02450438352990434 0.1218352633504471 0
7695 0.02425284266212098 0.1218352633504471 0
7696 0.02400130179433761 0.1218352633504471 0
7697 0.02371028383862918 0.1218352633504471 0
7698 0.02337440832581313 0.1218352633504471 0
7699 0.02298790526902513 0.1218352633504471 0
7700 0.02254471382212172 0.1218352633504471 0
7701 0.02203863437755326 0.1218352633504471 0
7702 0.0214633149205231 0.1218352633504471 0
7703 0.02081309272145104 0.1218352633504471 0
7704 0.02008279465580149 0.1218352633504471 0
7705 0.01926838809285505 0.1218352633504471 0
7706 0.0183674499333773 0.1218352633504471 0
7707 0.0173796498303615 0.1218352633504471 0
7708 0.01630719943239728 0.1218352633504471 0
7709 0.01515520710579256 0.1218352633504471 0
7710 0.0139318721596557 0.1218352633504471 0
7711 0.01264845833892389 0.1218352633504471 0
7712 0.01131900587730679 0.1218352633504471 0
7713 0.009959774051574648 0.1218352633504471 0
7714 0.008588447040170493 0.1218352633504471 0
7715 0.007223176328678296 0.1218352633504471 0
7716 0.005881562837387315 0.1218352633504471 0
7717 0.004579693205416116 0.1218352633504471 0
7718 0.00333133404688945 0.1218352633504471 0
7719 0.002147358506306889 0.1218352633504471 0
7720 0.001035439128469657 0.1218352633504471 0
7721 0.02781574228056813 0.1222105517190787 0
7722 0.02753253369068664 0.1222105517190787 0
7723 0.02721971414248027 0.1222105517190787 0
7724 0.02688189434907367 0.1222105517190787 0
7725 0.02652589367237697 0.1222105517190787 0
7726 0.02616030618878292 0.1222105517190787 0
7727 0.02579471870518888 0.1222105517190787 0
7728 0.02543871802849217 0.1222105517190787 0
7729 0.02510089823508558 0.1222105517190787 0
7730 0.02478807868687921 0.1222105517190787 0
7731 0.02450487009699772 0.1222105517190787 0
7732 0.02425361619226315 0.1222105517190787 0
7733 0.02400236228752857 0.1222105517190787 0
7734 0.02371149882062529 0.1222105517190787 0
7735 0.02337562726699677 0.1222105517190787 0
7736 0.02298895827729058 0.1222105517190787 0
7737 0.02254541066683144 0.1222105517190787 0
7738 0.0220387640238928 0.1222105517190787 0
7739 0.02146268845676895 0.1222105517190787 0
7740 0.02081148377923573 0.1222105517190787 0
7741 0.02007998502328327 0.1222105517190787 0
7742 0.01926417261617778 0.1222105517190787 0
7743 0.01836164355773554 0.1222105517190787 0
7744 0.01737209686315038 0.1222105517190787 0
7745 0.01629778496208846 0.1222105517190787 0
7746 0.01514387032079749 0.1222105517190787 0
7747 0.01391862110513663 0.1222105517190787 0
7748 0.01263338546410483 0.1222105517190787 0
7749 0.01130230360794006 0.1222105517190787 0
7750 0.009941749616266066 0.1222105517190787 0
7751 0.008569535913265111 0.1222105517190787 0
7752 0.007203953925450497 0.1222105517190786 0
7753 0.005862754474686517 0.1222105517190786 0
7754 0.004562182760692261 0.1222105517190786 0
7755 0.003316172138004544 0.1222105517190787 0
7756 0.002135771311283844 0.1222105517190786 0
7757 0.00102883913302416 0.1222105517190787 0
7758 0.02781601606052935 0.1225685993333743 0
7759 0.02753297928783816 0.1225685993333743 0
7760 0.02722023707254386 0.1225685993333743 0
7761 0.02688241483988877 0.1225685993333743 0
7762 0.0265263537113789 0.1225685993333743 0
7763 0.02616067518585976 0.1225685993333743 0
7764 0.02579499666034061 0.1225685993333743 0
7765 0.02543893553183074 0.1225685993333743 0
7766 0.02510111329917565 0.1225685993333743 0
7767 0.02478837108388136 0.1225685993333743 0
7768 0.02450533431119016 0.1225685993333743 0
7769 0.02425435418641681 0.1225685993333743 0
7770 0.02400337406164347 0.1225685993333743 0
7771 0.02371265798632687 0.1225685993333743 0
7772 0.02337679021000075 0.1225685993333743 0
7773 0.02298996291033758 0.1225685993333743 0
7774 0.0225460754984828 0.1225685993333743 0
7775 0.0220388877142772 0.1225685993333743 0
7776 0.02146209077277083 0.1225685993333743 0
7777 0.02080994875185443 0.1225685993333743 0
7778 0.02007730446533295 0.1225685993333743 0
7779 0.01926015079857411 0.1225685993333743 0
7780 0.01835610392709414 0.1225685993333743 0
7781 0.0173648908793874 0.1225685993333743 0
7782 0.01628880299271323 0.1225685993333743 0
7783 0.01513305434790692 0.1225685993333743 0
7784 0.01390597880429806 0.1225685993333743 0
7785 0.0126190050374233 0.1225685993333743 0
7786 0.01128636864112539 0.1225685993333743 0
7787 0.009924553223836435 0.1225685993333743 0
7788 0.008551493563866423 0.1225685993333743 0
7789 0.007185614599769189 0.1225685993333743 0
7790 0.005844810168503026 0.1225685993333743 0
7791 0.004545476746110751 0.1225685993333743 0
7792 0.00330170676748373 0.1225685993333743 0
7793 0.002124716432206436 0.1225685993333743 0
7794 0.001022542341486925 0.1225685993333743 0
7795 0.02781627752073315 0.1229105352507567 0
7796 0.02753340483367257 0.1229105352507567 0
7797 0.02722073647140559 0.1229105352507567 0
7798 0.02688291190926515 0.1229105352507567 0
7799 0.02652679304919845 0.1229105352507567 0
7800 0.02616102757852749 0.1229105352507567 0
7801 0.02579526210785654 0.1229105352507567 0
7802 0.02543914324778983 0.1229105352507567 0
7803 0.0251013186856494 0.1229105352507567 0
7804 0.02478865032338243 0.1229105352507567 0
7805 0.02450577763632184 0.1229105352507567 0
7806 0.02425505897175229 0.1229105352507567 0
7807 0.02400434030718274 0.1229105352507567 0
7808 0.02371376499101492 0.1229105352507567 0
7809 0.02337790082201727 0.1229105352507567 0
7810 0.02299092233614812 0.1229105352507567 0
7811 0.02254671041353749 0.1229105352507567 0
7812 0.02203900583874828 0.1229105352507567 0
7813 0.02146151998380855 0.1229105352507567 0
7814 0.02080848279879436 0.1229105352507567 0
7815 0.0200747445291534 0.1229105352507567 0
7816 0.01925630995775589 0.1229105352507567 0
7817 0.01835081357293536 0.1229105352507567 0
7818 0.01735800915592309 0.1229105352507567 0
7819 0.0162802252007783 0.1229105352507566 0
7820 0.01512272508033172 0.1229105352507567 0
7821 0.01389390539125895 0.1229105352507567 0
7822 0.01260527171204038 0.1229105352507566 0
7823 0.01127115072798008 0.1229105352507566 0
7824 0.009908130647658515 0.1229105352507566 0
7825 0.008534263097729934 0.1229105352507566 0
7826 0.00716810052091309 0.1229105352507566 0
7827 0.0058276733337591 0.1229105352507566 0
7828 0.004529522481388251 0.1229105352507567 0
7829 0.003287892320628553 0.1229105352507567 0
7830 0.002114159008925398 0.1229105352507567 0
7831 0.001016528897730051 0.1229105352507566 0
7832 0.02781652749566689 0.1232374508082683 0
7833 0.02753381168637985 0.1232374508082683 0
7834 0.02722121393296784 0.1232374508082683 0
7835 0.0268833871436703 0.1232374508082683 0
7836 0.02652721308804466 0.1232374508082683 0
7837 0.02616136449149738 0.1232374508082683 0
7838 0.0257955158949501 0.1232374508082683 0
7839 0.02543934183932445 0.1232374508082683 0
7840 0.02510151505002692 0.1232374508082683 0
7841 0.02478891729661492 0.1232374508082683 0
7842 0.02450620148732787 0.1232374508082683 0
7843 0.02425573279769206 0.1232374508082683 0
7844 0.02400526410805625 0.1232374508082683 0
7845 0.0237148233678521 0.1232374508082683 0
7846 0.02337896264772234 0.1232374508082683 0
7847 0.02299183961686593 0.1232374508082683 0
7848 0.02254731743841707 0.1232374508082683 0
7849 0.02203911877431707 0.1232374508082683 0
7850 0.02146097426812812 0.1232374508082683 0
7851 0.02080708124125812 0.1232374508082683 0
7852 0.02007229704434473 0.1232374508082683 0
7853 0.01925263783513416 0.1232374508082683 0
7854 0.01834575561034257 0.1232374508082683 0
7855 0.01735142972875967 0.1232374508082683 0
7856 0.01627202420904252 0.1232374508082683 0
7857 0.01511284955074746 0.1232374508082683 0
7858 0.0138823623320069 0.1232374508082683 0
7859 0.01259214165609769 0.1232374508082683 0
7860 0.01125660129837308 0.1232374508082683 0
7861 0.009892429472748076 0.1232374508082683 0
7862 0.008517789521375864 0.1232374508082683 0
7863 0.007151355790212156 0.1232374508082683 0
7864 0.005811289275812853 0.1232374508082683 0
7865 0.00451426904622305 0.1232374508082683 0
7866 0.003274684706669924 0.1232374508082683 0
7867 0.00210406534592495 0.1232374508082683 0
7868 0.001010779608993748 0.1232374508082683 0
7869 0.02781676679126378 0.1235504 0
7870 0.02753420115767595 0.1235504 0
7871 0.02722167099659345 0.1235504 0
7872 0.02688384207528662 0.1235504 0
7873 0.02652761518214632 0.1235504 0
7874 0.02616168701099573 0.1235504 0
7875 0.02579575883984513 0.1235504 0
7876 0.02543953194670483 0.1235504 0
7877 0.025101703025398 0.1235504 0
7878 0.02478917286431552 0.1235504 0
7879 0.02450660723072767 0.1235504 0
7880 0.02425637783668875 0.1235504 0
7881 0.02400614844264983 0.1235504 0
7882 0.02371583652910471 0.1235504 0
7883 0.02337997911050157 0.1235504 0
7884 0.02299271770985551 0.1235504 0
7885 0.02254789853020382 0.1235504 0
7886 0.02203922688509417 0.1235504 0
7887 0.02146045186631155 0.1235504 0
7888 0.0208057395605456 0.1235504 0
7889 0.02006995412007866 0.1235504 0
7890 0.01924912259157965 0.1235504 0
7891 0.01834091373216072 0.1235504 0
7892 0.01734513138545499 0.1235504 0
7893 0.01626417357704859 0.1235504 0
7894 0.01510339591989293 0.1235504 0
7895 0.01387131241107155 0.1235504 0
7896 0.01257957253755854 0.1235504 0
7897 0.01124267344412739 0.1235504 0
7898 0.009877399077636689 0.1235504 0
7899 0.008502019723070216 0.1235504 0
7900 0.007135326421715564 0.1235504 0
7901 0.005795605171542651 0.1235504 0
7902 0.00449966726268477 0.1235504 0
7903 0.003262041343519763 0.1235504 0
7904 0.002094402900669526 0.1235504 0
7905 0.001005275939248713 0.1235504 0
$EndNodes
$Comments
-------------------------------------------------------
Types: bar(1) tri(2) quad(3) tet(4) hex(5) prism(6) pyramid(7)
NumElements
Id Type NumTags PhysGrp ElemGrp IndexList
-------------------------------------------------------
$EndComments
$Elements
8210
   1  3 2 1 1    9  141  544  140
   2  3 2 1 1  141  142  545  544
   3  3 2 1 1  142  143  546  545
   4  3 2 1 1  143  144  547  546
   5  3 2 1 1  144  145  548  547
   6  3 2 1 1  145  146  549  548
   7  3 2 1 1  146  147  550  549
   8  3 2 1 1  147  148  551  550
   9  3 2 1 1  148  149  552  551
  10  3 2 1 1  149  150  553  552
  11  3 2 1 1  150  151  554  553
  12  3 2 1 1  151  152  555  554
  13  3 2 1 1  152  153  556  555
  14  3 2 1 1  153  154  557  556
  15  3 2 1 1  154  155  558  557
  16  3 2 1 1  155  156  559  558
  17  3 2 1 1  156  157  560  559
  18  3 2 1 1  157  158  561  560
  19  3 2 1 1  158  159  562  561
  20  3 2 1 1  159  160  563  562
  21  3 2 1 1  160  161  564  563
  22  3 2 1 1  161  162  565  564
  23  3 2 1 1  162  163  566  565
  24  3 2 1 1  163  164  567  566
  25  3 2 1 1  164  165  568  567
  26  3 2 1 1  165  166  569  568
  27  3 2 1 1  166  167  570  569
  28  3 2 1 1  167  168  571  570
  29  3 2 1 1  168  169  572  571
  30  3 2 1 1  169  170  573  572
  31  3 2 1 1  170  171  574  573
  32  3 2 1 1  171  172  575  574
  33  3 2 1 1  172  173  576  575
  34  3 2 1 1  173  174  577  576
  35  3 2 1 1  174  175  578  577
  36  3 2 1 1  175  176  579  578
  37  3 2 1 1  176  177  580  579
  38  3 2 1 1  177  178  581  580
  39  3 2 1 1  178  179  582  581
  40  3 2 1 1  179  180  583  582
  41  3 2 1 1  180  181  584  583
  42  3 2 1 1  181  182  585  584
  43  3 2 1 1  182  183  586  585
  44  3 2 1 1  183  184  587  586
  45  3 2 1 1  184  185  588  587
  46  3 2 1 1  185  186  589  588
  47  3 2 1 1  186  187  590  589
  48  3 2 1 1  187  188  591  590
  49  3 2 1 1  188  189  592  591
  50  3 2 1 1  189  190  593  592
  51  3 2 1 1  190  191  594  593
  52  3 2 1 1  191  192  595  594
  53  3 2 1 1  192  193  596  595
  54  3 2 1 1  193  194  597  596
  55  3 2 1 1  194  195  598  597
  56  3 2 1 1  195  196  599  598
  57  3 2 1 1  196  197  600  599
  58  3 2 1 1  197  198  601  600
  59  3 2 1 1  198  199  602  601
  60  3 2 1 1  199  200  603  602
  61  3 2 1 1  200  201  604  603
  62  3 2 1 1  201  202  605  604
  63  3 2 1 1  202  203  606  605
  64  3 2 1 1  203  204  607  606
  65  3 2 1 1  204  205  608  607
  66  3 2 1 1  205  206  609  608
  67  3 2 1 1  206  207  610  609
  68  3 2 1 1  207  208  611  610
  69  3 2 1 1  208  209  612  611
  70  3 2 1 1  209  210  613  612
  71  3 2 1 1  210  211  614  613
  72  3 2 1 1  211  212  615  614
  73  3 2 1 1  212  213  616  615
  74  3 2 1 1  213  214  617  616
  75  3 2 1 1  214  215  618  617
  76  3 2 1 1  215  216  619  618
  77  3 2 1 1  216  217  620  619
  78  3 2 1 1  217  218  621  620
  79  3 2 1 1  218  219  622  621
  80  3 2 1 1  219  220  623  622
  81  3 2 1 1  220  221  624  623
  82  3 2 1 1  221  222  625  624
  83  3 2 1 1  222  223  626  625
  84  3 2 1 1  223  224  627  626
  85  3 2 1 1  224  225  628  627
  86  3 2 1 1  225  226  629  628
  87  3 2 1 1  226  227  630  629
  88  3 2 1 1  227  228  631  630
  89  3 2 1 1  228  229  632  631
  90  3 2 1 1  229  230  633  632
  91  3 2 1 1  230  231  634  633
  92  3 2 1 1  231  232  635  634
  93  3 2 1 1  232  233  636  635
  94  3 2 1 1  233  234  637  636
  95  3 2 1 1  234  235  638  637
  96  3 2 1 1  235  236  639  638
  97  3 2 1 1  236  237  640  639
  98  3 2 1 1  237  238  641  640
  99  3 2 1 1  238  239  642  641
 100  3 2 1 1  239   10  371  642
 101  3 2 1 1  140  544  643  139
 102  3 2 1 1  544  545  644  643
 103  3 2 1 1  545  546  645  644
 104  3 2 1 1  546  547  646  645
 105  3 2 1 1  547  548  647  646
 106  3 2 1 1  548  549  648  647
 107  3 2 1 1  549  550  649  648
 108  3 2 1 1  550  551  650  649
 109  3 2 1 1  551  552  651  650
 110  3 2 1 1  552  553  652  651
 111  3 2 1 1  553  554  653  652
 112  3 2 1 1  554  555  654  653
 113  3 2 1 1  555  556  655  654
 114  3 2 1 1  556  557  656  655
 115  3 2 1 1  557  558  657  656
 116  3 2 1 1  558  559  658  657
 117  3 2 1 1  559  560  659  658
 118  3 2 1 1  560  561  660  659
 119  3 2 1 1  561  562  661  660
 120  3 2 1 1  562  563  662  661
 121  3 2 1 1  563  564  663  662
 122  3 2 1 1  564  565  664  663
 123  3 2 1 1  565  566  665  664
 124  3 2 1 1  566  567  666  665
 125  3 2 1 1  567  568  667  666
 126  3 2 1 1  568  569  668  667
 127  3 2 1 1  569  570  669  668
 128  3 2 1 1  570  571  670  669
 129  3 2 1 1  571  572  671  670
 130  3 2 1 1  572  573  672  671
 131  3 2 1 1  573  574  673  672
 132  3 2 1 1  574  575  674  673
 133  3 2 1 1  575  576  675  674
 134  3 2 1 1  576  577  676  675
 135  3 2 1 1  577  578  677  676
 136  3 2 1 1  578  579  678  677
 137  3 2 1 1  579  580  679  678
 138  3 2 1 1  580  581  680  679
 139  3 2 1 1  581  582  681  680
 140  3 2 1 1  582  583  682  681
 141  3 2 1 1  583  584  683  682
 142  3 2 1 1  584  585  684  683
 143  3 2 1 1  585  586  685  684
 144  3 2 1 1  586  587  686  685
 145  3 2 1 1  587  588  687  686
 146  3 2 1 1  588  589  688  687
 147  3 2 1 1  589  590  689  688
 148  3 2 1 1  590  591  690  689
 149  3 2 1 1  591  592  691  690
 150  3 2 1 1  592  593  692  691
 151  3 2 1 1  593  594  693  692
 152  3 2 1 1  594  595  694  693
 153  3 2 1 1  595  596  695  694
 154  3 2 1 1  596  597  696  695
 155  3 2 1 1  597  598  697  696
 156  3 2 1 1  598  599  698  697
 157  3 2 1 1  599  600  699  698
 158  3 2 1 1  600  601  700  699
 159  3 2 1 1  601  602  701  700
 160  3 2 1 1  602  603  702  701
 161  3 2 1 1  603  604  703  702
 162  3 2 1 1  604  605  704  703
 163  3 2 1 1  605  606  705  704
 164  3 2 1 1  606  607  706  705
 165  3 2 1 1  607  608  707  706
 166  3 2 1 1  608  609  708  707
 167  3 2 1 1  609  610  709  708
 168  3 2 1 1  610  611  710  709
 169  3 2 1 1  611  612  711  710
 170  3 2 1 1  612  613  712  711
 171  3 2 1 1  613  614  713  712
 172  3 2 1 1  614  615  714  713
 173  3 2 1 1  615  616  715  714
 174  3 2 1 1  616  617  716  715
 175  3 2 1 1  617  618  717  716
 176  3 2 1 1  618  619  718  717
 177  3 2 1 1  619  620  719  718
 178  3 2 1 1  620  621  720  719
 179  3 2 1 1  621  622  721  720
 180  3 2 1 1  622  623  722  721
 181  3 2 1 1  623  624  723  722
 182  3 2 1 1  624  625  724  723
 183  3 2 1 1  625  626  725  724
 184  3 2 1 1  626  627  726  725
 185  3 2 1 1  627  628  727  726
 186  3 2 1 1  628  629  728  727
 187  3 2 1 1  629  630  729  728
 188  3 2 1 1  630  631  730  729
 189  3 2 1 1  631  632  731  730
 190  3 2 1 1  632  633  732  731
 191  3 2 1 1  633  634  733  732
 192  3 2 1 1  634  635  734  733
 193  3 2 1 1  635  636  735  734
 194  3 2 1 1  636  637  736  735
 195  3 2 1 1  637  638  737  736
 196  3 2 1 1  638  639  738  737
 197  3 2 1 1  639  640  739  738
 198  3 2 1 1  640  641  740  739
 199  3 2 1 1  641  642  741  740
 200  3 2 1 1  642  371  372  741
 201  3 2 1 1  139  643  742  138
 202  3 2 1 1  643  644  743  742
 203  3 2 1 1  644  645  744  743
 204  3 2 1 1  645  646  745  744
 205  3 2 1 1  646  647  746  745
 206  3 2 1 1  647  648  747  746
 207  3 2 1 1  648  649  748  747
 208  3 2 1 1  649  650  749  748
 209  3 2 1 1  650  651  750  749
 210  3 2 1 1  651  652  751  750
 211  3 2 1 1  652  653  752  751
 212  3 2 1 1  653  654  753  752
 213  3 2 1 1  654  655  754  753
 214  3 2 1 1  655  656  755  754
 215  3 2 1 1  656  657  756  755
 216  3 2 1 1  657  658  757  756
 217  3 2 1 1  658  659  758  757
 218  3 2 1 1  659  660  759  758
 219  3 2 1 1  660  661  760  759
 220  3 2 1 1  661  662  761  760
 221  3 2 1 1  662  663  762  761
 222  3 2 1 1  663  664  763  762
 223  3 2 1 1  664  665  764  763
 224  3 2 1 1  665  666  765  764
 225  3 2 1 1  666  667  766  765
 226  3 2 1 1  667  668  767  766
 227  3 2 1 1  668  669  768  767
 228  3 2 1 1  669  670  769  768
 229  3 2 1 1  670  671  770  769
 230  3 2 1 1  671  672  771  770
 231  3 2 1 1  672  673  772  771
 232  3 2 1 1  673  674  773  772
 233  3 2 1 1  674  675  774  773
 234  3 2 1 1  675  676  775  774
 235  3 2 1 1  676  677  776  775
 236  3 2 1 1  677  678  777  776
 237  3 2 1 1  678  679  778  777
 238  3 2 1 1  679  680  779  778
 239  3 2 1 1  680  681  780  779
 240  3 2 1 1  681  682  781  780
 241  3 2 1 1  682  683  782  781
 242  3 2 1 1  683  684  783  782
 243  3 2 1 1  684  685  784  783
 244  3 2 1 1  685  686  785  784
 245  3 2 1 1  686  687  786  785
 246  3 2 1 1  687  688  787  786
 247  3 2 1 1  688  689  788  787
 248  3 2 1 1  689  690  789  788
 249  3 2 1 1  690  691  790  789
 250  3 2 1 1  691  692  791  790
 251  3 2 1 1  692  693  792  791
 252  3 2 1 1  693  694  793  792
 253  3 2 1 1  694  695  794  793
 254  3 2 1 1  695  696  795  794
 255  3 2 1 1  696  697  796  795
 256  3 2 1 1  697  698  797  796
 257  3 2 1 1  698  699  798  797
 258  3 2 1 1  699  700  799  798
 259  3 2 1 1  700  701  800  799
 260  3 2 1 1  701  702  801  800
 261  3 2 1 1  702  703  802  801
 262  3 2 1 1  703  704  803  802
 263  3 2 1 1  704  705  804  803
 264  3 2 1 1  705  706  805  804
 265  3 2 1 1  706  707  806  805
 266  3 2 1 1  707  708  807  806
 267  3 2 1 1  708  709  808  807
 268  3 2 1 1  709  710  809  808
 269  3 2 1 1  710  711  810  809
 270  3 2 1 1  711  712  811  810
 271  3 2 1 1  712  713  812  811
 272  3 2 1 1  713  714  813  812
 273  3 2 1 1  714  715  814  813
 274  3 2 1 1  715  716  815  814
 275  3 2 1 1  716  717  816  815
 276  3 2 1 1  717  718  817  816
 277  3 2 1 1  718  719  818  817
 278  3 2 1 1  719  720  819  818
 279  3 2 1 1  720  721  820  819
 280  3 2 1 1  721  722  821  820
 281  3 2 1 1  722  723  822  821
 282  3 2 1 1  723  724  823  822
 283  3 2 1 1  724  725  824  823
 284  3 2 1 1  725  726  825  824
 285  3 2 1 1  726  727  826  825
 286  3 2 1 1  727  728  827  826
 287  3 2 1 1  728  729  828  827
 288  3 2 1 1  729  730  829  828
 289  3 2 1 1  730  731  830  829
 290  3 2 1 1  731  732  831  830
 291  3 2 1 1  732  733  832  831
 292  3 2 1 1  733  734  833  832
 293  3 2 1 1  734  735  834  833
 294  3 2 1 1  735  736  835  834
 295  3 2 1 1  736  737  836  835
 296  3 2 1 1  737  738  837  836
 297  3 2 1 1  738  739  838  837
 298  3 2 1 1  739  740  839  838
 299  3 2 1 1  740  741  840  839
 300  3 2 1 1  741  372  373  840
 301  3 2 1 1  138  742  841  137
 302  3 2 1 1  742  743  842  841
 303  3 2 1 1  743  744  843  842
 304  3 2 1 1  744  745  844  843
 305  3 2 1 1  745  746  845  844
 306  3 2 1 1  746  747  846  845
 307  3 2 1 1  747  748  847  846
 308  3 2 1 1  748  749  848  847
 309  3 2 1 1  749  750  849  848
 310  3 2 1 1  750  751  850  849
 311  3 2 1 1  751  752  851  850
 312  3 2 1 1  752  753  852  851
 313  3 2 1 1  753  754  853  852
 314  3 2 1 1  754  755  854  853
 315  3 2 1 1  755  756  855  854
 316  3 2 1 1  756  757  856  855
 317  3 2 1 1  757  758  857  856
 318  3 2 1 1  758  759  858  857
 319  3 2 1 1  759  760  859  858
 320  3 2 1 1  760  761  860  859
 321  3 2 1 1  761  762  861  860
 322  3 2 1 1  762  763  862  861
 323  3 2 1 1  763  764  863  862
 324  3 2 1 1  764  765  864  863
 325  3 2 1 1  765  766  865  864
 326  3 2 1 1  766  767  866  865
 327  3 2 1 1  767  768  867  866
 328  3 2 1 1  768  769  868  867
 329  3 2 1 1  769  770  869  868
 330  3 2 1 1  770  771  870  869
 331  3 2 1 1  771  772  871  870
 332  3 2 1 1  772  773  872  871
 333  3 2 1 1  773  774  873  872
 334  3 2 1 1  774  775  874  873
 335  3 2 1 1  775  776  875  874
 336  3 2 1 1  776  777  876  875
 337  3 2 1 1  777  778  877  876
 338  3 2 1 1  778  779  878  877
 339  3 2 1 1  779  780  879  878
 340  3 2 1 1  780  781  880  879
 341  3 2 1 1  781  782  881  880
 342  3 2 1 1  782  783  882  881
 343  3 2 1 1  783  784  883  882
 344  3 2 1 1  784  785  884  883
 345  3 2 1 1  785  786  885  884
 346  3 2 1 1  786  787  886  885
 347  3 2 1 1  787  788  887  886
 348  3 2 1 1  788  789  888  887
 349  3 2 1 1  789  790  889  888
 350  3 2 1 1  790  791  890  889
 351  3 2 1 1  791  792  891  890
 352  3 2 1 1  792  793  892  891
 353  3 2 1 1  793  794  893  892
 354  3 2 1 1  794  795  894  893
 355  3 2 1 1  795  796  895  894
 356  3 2 1 1  796  797  896  895
 357  3 2 1 1  797  798  897  896
 358  3 2 1 1  798  799  898  897
 359  3 2 1 1  799  800  899  898
 360  3 2 1 1  800  801  900  899
 361  3 2 1 1  801  802  901  900
 362  3 2 1 1  802  803  902  901
 363  3 2 1 1  803  804  903  902
 364  3 2 1 1  804  805  904  903
 365  3 2 1 1  805  806  905  904
 366  3 2 1 1  806  807  906  905
 367  3 2 1 1  807  808  907  906
 368  3 2 1 1  808  809  908  907
 369  3 2 1 1  809  810  909  908
 370  3 2 1 1  810  811  910  909
 371  3 2 1 1  811  812  911  910
 372  3 2 1 1  812  813  912  911
 373  3 2 1 1  813  814  913  912
 374  3 2 1 1  814  815  914  913
 375  3 2 1 1  815  816  915  914
 376  3 2 1 1  816  817  916  915
 377  3 2 1 1  817  818  917  916
 378  3 2 1 1  818  819  918  917
 379  3 2 1 1  819  820  919  918
 380  3 2 1 1  820  821  920  919
 381  3 2 1 1  821  822  921  920
 382  3 2 1 1  822  823  922  921
 383  3 2 1 1  823  824  923  922
 384  3 2 1 1  824  825  924  923
 385  3 2 1 1  825  826  925  924
 386  3 2 1 1  826  827  926  925
 387  3 2 1 1  827  828  927  926
 388  3 2 1 1  828  829  928  927
 389  3 2 1 1  829  830  929  928
 390  3 2 1 1  830  831  930  929
 391  3 2 1 1  831  832  931  930
 392  3 2 1 1  832  833  932  931
 393  3 2 1 1  833  834  933  932
 394  3 2 1 1  834  835  934  933
 395  3 2 1 1  835  836  935  934
 396  3 2 1 1  836  837  936  935
 397  3 2 1 1  837  838  937  936
 398  3 2 1 1  838  839  938  937
 399  3 2 1 1  839  840  939  938
 400  3 2 1 1  840  373  374  939
 401  3 2 1 1  137  841  940  136
 402  3 2 1 1  841  842  941  940
 403  3 2 1 1  842  843  942  941
 404  3 2 1 1  843  844  943  942
 405  3 2 1 1  844  845  944  943
 406  3 2 1 1  845  846  945  944
 407  3 2 1 1  846  847  946  945
 408  3 2 1 1  847  848  947  946
 409  3 2 1 1  848  849  948  947
 410  3 2 1 1  849  850  949  948
 411  3 2 1 1  850  851  950  949
 412  3 2 1 1  851  852  951  950
 413  3 2 1 1  852  853  952  951
 414  3 2 1 1  853  854  953  952
 415  3 2 1 1  854  855  954  953
 416  3 2 1 1  855  856  955  954
 417  3 2 1 1  856  857  956  955
 418  3 2 1 1  857  858  957  956
 419  3 2 1 1  858  859  958  957
 420  3 2 1 1  859  860  959  958
 421  3 2 1 1  860  861  960  959
 422  3 2 1 1  861  862  961  960
 423  3 2 1 1  862  863  962  961
 424  3 2 1 1  863  864  963  962
 425  3 2 1 1  864  865  964  963
 426  3 2 1 1  865  866  965  964
 427  3 2 1 1  866  867  966  965
 428  3 2 1 1  867  868  967  966
 429  3 2 1 1  868  869  968  967
 430  3 2 1 1  869  870  969  968
 431  3 2 1 1  870  871  970  969
 432  3 2 1 1  871  872  971  970
 433  3 2 1 1  872  873  972  971
 434  3 2 1 1  873  874  973  972
 435  3 2 1 1  874  875  974  973
 436  3 2 1 1  875  876  975  974
 437  3 2 1 1  876  877  976  975
 438  3 2 1 1  877  878  977  976
 439  3 2 1 1  878  879  978  977
 440  3 2 1 1  879  880  979  978
 441  3 2 1 1  880  881  980  979
 442  3 2 1 1  881  882  981  980
 443  3 2 1 1  882  883  982  981
 444  3 2 1 1  883  884  983  982
 445  3 2 1 1  884  885  984  983
 446  3 2 1 1  885  886  985  984
 447  3 2 1 1  886  887  986  985
 448  3 2 1 1  887  888  987  986
 449  3 2 1 1  888  889  988  987
 450  3 2 1 1  889  890  989  988
 451  3 2 1 1  890  891  990  989
 452  3 2 1 1  891  892  991  990
 453  3 2 1 1  892  893  992  991
 454  3 2 1 1  893  894  993  992
 455  3 2 1 1  894  895  994  993
 456  3 2 1 1  895  896  995  994
 457  3 2 1 1  896  897  996  995
 458  3 2 1 1  897  898  997  996
 459  3 2 1 1  898  899  998  997
 460  3 2 1 1  899  900  999  998
 461  3 2 1 1  900  901 1000  999
 462  3 2 1 1  901  902 1001 1000
 463  3 2 1 1  902  903 1002 1001
 464  3 2 1 1  903  904 1003 1002
 465  3 2 1 1  904  905 1004 1003
 466  3 2 1 1  905  906 1005 1004
 467  3 2 1 1  906  907 1006 1005
 468  3 2 1 1  907  908 1007 1006
 469  3 2 1 1  908  909 1008 1007
 470  3 2 1 1  909  910 1009 1008
 471  3 2 1 1  910  911 1010 1009
 472  3 2 1 1  911  912 1011 1010
 473  3 2 1 1  912  913 1012 1011
 474  3 2 1 1  913  914 1013 1012
 475  3 2 1 1  914  915 1014 1013
 476  3 2 1 1  915  916 1015 1014
 477  3 2 1 1  916  917 1016 1015
 478  3 2 1 1  917  918 1017 1016
 479  3 2 1 1  918  919 1018 1017
 480  3 2 1 1  919  920 1019 1018
 481  3 2 1 1  920  921 1020 1019
 482  3 2 1 1  921  922 1021 1020
 483  3 2 1 1  922  923 1022 1021
 484  3 2 1 1  923  924 1023 1022
 485  3 2 1 1  924  925 1024 1023
 486  3 2 1 1  925  926 1025 1024
 487  3 2 1 1  926  927 1026 1025
 488  3 2 1 1  927  928 1027 1026
 489  3 2 1 1  928  929 1028 1027
 490  3 2 1 1  929  930 1029 1028
 491  3 2 1 1  930  931 1030 1029
 492  3 2 1 1  931  932 1031 1030
 493  3 2 1 1  932  933 1032 1031
 494  3 2 1 1  933  934 1033 1032
 495  3 2 1 1  934  935 1034 1033
 496  3 2 1 1  935  936 1035 1034
 497  3 2 1 1  936  937 1036 1035
 498  3 2 1 1  937  938 1037 1036
 499  3 2 1 1  938  939 1038 1037
 500  3 2 1 1  939  374  375 1038
 501  3 2 1 1  136  940 1039  135
 502  3 2 1 1  940  941 1040 1039
 503  3 2 1 1  941  942 1041 1040
 504  3 2 1 1  942  943 1042 1041
 505  3 2 1 1  943  944 1043 1042
 506  3 2 1 1  944  945 1044 1043
 507  3 2 1 1  945  946 1045 1044
 508  3 2 1 1  946  947 1046 1045
 509  3 2 1 1  947  948 1047 1046
 510  3 2 1 1  948  949 1048 1047
 511  3 2 1 1  949  950 1049 1048
 512  3 2 1 1  950  951 1050 1049
 513  3 2 1 1  951  952 1051 1050
 514  3 2 1 1  952  953 1052 1051
 515  3 2 1 1  953  954 1053 1052
 516  3 2 1 1  954  955 1054 1053
 517  3 2 1 1  955  956 1055 1054
 518  3 2 1 1  956  957 1056 1055
 519  3 2 1 1  957  958 1057 1056
 520  3 2 1 1  958  959 1058 1057
 521  3 2 1 1  959  960 1059 1058
 522  3 2 1 1  960  961 1060 1059
 523  3 2 1 1  961  962 1061 1060
 524  3 2 1 1  962  963 1062 1061
 525  3 2 1 1  963  964 1063 1062
 526  3 2 1 1  964  965 1064 1063
 527  3 2 1 1  965  966 1065 1064
 528  3 2 1 1  966  967 1066 1065
 529  3 2 1 1  967  968 1067 1066
 530  3 2 1 1  968  969 1068 1067
 531  3 2 1 1  969  970 1069 1068
 532  3 2 1 1  970  971 1070 1069
 533  3 2 1 1  971  972 1071 1070
 534  3 2 1 1  972  973 1072 1071
 535  3 2 1 1  973  974 1073 1072
 536  3 2 1 1  974  975 1074 1073
 537  3 2 1 1  975  976 1075 1074
 538  3 2 1 1  976  977 1076 1075
 539  3 2 1 1  977  978 1077 1076
 540  3 2 1 1  978  979 1078 1077
 541  3 2 1 1  979  980 1079 1078
 542  3 2 1 1  980  981 1080 1079
 543  3 2 1 1  981  982 1081 1080
 544  3 2 1 1  982  983 1082 1081
 545  3 2 1 1  983  984 1083 1082
 546  3 2 1 1  984  985 1084 1083
 547  3 2 1 1  985  986 1085 1084
 548  3 2 1 1  986  987 1086 1085
 549  3 2 1 1  987  988 1087 1086
 550  3 2 1 1  988  989 1088 1087
 551  3 2 1 1  989  990 1089 1088
 552  3 2 1 1  990  991 1090 1089
 553  3 2 1 1  991  992 1091 1090
 554  3 2 1 1  992  993 1092 1091
 555  3 2 1 1  993  994 1093 1092
 556  3 2 1 1  994  995 1094 1093
 557  3 2 1 1  995  996 1095 1094
 558  3 2 1 1  996  997 1096 1095
 559  3 2 1 1  997  998 1097 1096
 560  3 2 1 1  998  999 1098 1097
 561  3 2 1 1  999 1000 1099 1098
 562  3 2 1 1 1000 1001 1100 1099
 563  3 2 1 1 1001 1002 1101 1100
 564  3 2 1 1 1002 1003 1102 1101
 565  3 2 1 1 1003 1004 1103 1102
 566  3 2 1 1 1004 1005 1104 1103
 567  3 2 1 1 1005 1006 1105 1104
 568  3 2 1 1 1006 1007 1106 1105
 569  3 2 1 1 1007 1008 1107 1106
 570  3 2 1 1 1008 1009 1108 1107
 571  3 2 1 1 1009 1010 1109 1108
 572  3 2 1 1 1010 1011 1110 1109
 573  3 2 1 1 1011 1012 1111 1110
 574  3 2 1 1 1012 1013 1112 1111
 575  3 2 1 1 1013 1014 1113 1112
 576  3 2 1 1 1014 1015 1114 1113
 577  3 2 1 1 1015 1016 1115 1114
 578  3 2 1 1 1016 1017 1116 1115
 579  3 2 1 1 1017 1018 1117 1116
 580  3 2 1 1 1018 1019 1118 1117
 581  3 2 1 1 1019 1020 1119 1118
 582  3 2 1 1 1020 1021 1120 1119
 583  3 2 1 1 1021 1022 1121 1120
 584  3 2 1 1 1022 1023 1122 1121
 585  3 2 1 1 1023 1024 1123 1122
 586  3 2 1 1 1024 1025 1124 1123
 587  3 2 1 1 1025 1026 1125 1124
 588  3 2 1 1 1026 1027 1126 1125
 589  3 2 1 1 1027 1028 1127 1126
 590  3 2 1 1 1028 1029 1128 1127
 591  3 2 1 1 1029 1030 1129 1128
 592  3 2 1 1 1030 1031 1130 1129
 593  3 2 1 1 1031 1032 1131 1130
 594  3 2 1 1 1032 1033 1132 1131
 595  3 2 1 1 1033 1034 1133 1132
 596  3 2 1 1 1034 1035 1134 1133
 597  3 2 1 1 1035 1036 1135 1134
 598  3 2 1 1 1036 1037 1136 1135
 599  3 2 1 1 1037 1038 1137 1136
 600  3 2 1 1 1038  375  376 1137
 601  3 2 1 1  135 1039 1138  134
 602  3 2 1 1 1039 1040 1139 1138
 603  3 2 1 1 1040 1041 1140 1139
 604  3 2 1 1 1041 1042 1141 1140
 605  3 2 1 1 1042 1043 1142 1141
 606  3 2 1 1 1043 1044 1143 1142
 607  3 2 1 1 1044 1045 1144 1143
 608  3 2 1 1 1045 1046 1145 1144
 609  3 2 1 1 1046 1047 1146 1145
 610  3 2 1 1 1047 1048 1147 1146
 611  3 2 1 1 1048 1049 1148 1147
 612  3 2 1 1 1049 1050 1149 1148
 613  3 2 1 1 1050 1051 1150 1149
 614  3 2 1 1 1051 1052 1151 1150
 615  3 2 1 1 1052 1053 1152 1151
 616  3 2 1 1 1053 1054 1153 1152
 617  3 2 1 1 1054 1055 1154 1153
 618  3 2 1 1 1055 1056 1155 1154
 619  3 2 1 1 1056 1057 1156 1155
 620  3 2 1 1 1057 1058 1157 1156
 621  3 2 1 1 1058 1059 1158 1157
 622  3 2 1 1 1059 1060 1159 1158
 623  3 2 1 1 1060 1061 1160 1159
 624  3 2 1 1 1061 1062 1161 1160
 625  3 2 1 1 1062 1063 1162 1161
 626  3 2 1 1 1063 1064 1163 1162
 627  3 2 1 1 1064 1065 1164 1163
 628  3 2 1 1 1065 1066 1165 1164
 629  3 2 1 1 1066 1067 1166 1165
 630  3 2 1 1 1067 1068 1167 1166
 631  3 2 1 1 1068 1069 1168 1167
 632  3 2 1 1 1069 1070 1169 1168
 633  3 2 1 1 1070 1071 1170 1169
 634  3 2 1 1 1071 1072 1171 1170
 635  3 2 1 1 1072 1073 1172 1171
 636  3 2 1 1 1073 1074 1173 1172
 637  3 2 1 1 1074 1075 1174 1173
 638  3 2 1 1 1075 1076 1175 1174
 639  3 2 1 1 1076 1077 1176 1175
 640  3 2 1 1 1077 1078 1177 1176
 641  3 2 1 1 1078 1079 1178 1177
 642  3 2 1 1 1079 1080 1179 1178
 643  3 2 1 1 1080 1081 1180 1179
 644  3 2 1 1 1081 1082 1181 1180
 645  3 2 1 1 1082 1083 1182 1181
 646  3 2 1 1 1083 1084 1183 1182
 647  3 2 1 1 1084 1085 1184 1183
 648  3 2 1 1 1085 1086 1185 1184
 649  3 2 1 1 1086 1087 1186 1185
 650  3 2 1 1 1087 1088 1187 1186
 651  3 2 1 1 1088 1089 1188 1187
 652  3 2 1 1 1089 1090 1189 1188
 653  3 2 1 1 1090 1091 1190 1189
 654  3 2 1 1 1091 1092 1191 1190
 655  3 2 1 1 1092 1093 1192 1191
 656  3 2 1 1 1093 1094 1193 1192
 657  3 2 1 1 1094 1095 1194 1193
 658  3 2 1 1 1095 1096 1195 1194
 659  3 2 1 1 1096 1097 1196 1195
 660  3 2 1 1 1097 1098 1197 1196
 661  3 2 1 1 1098 1099 1198 1197
 662  3 2 1 1 1099 1100 1199 1198
 663  3 2 1 1 1100 1101 1200 1199
 664  3 2 1 1 1101 1102 1201 1200
 665  3 2 1 1 1102 1103 1202 1201
 666  3 2 1 1 1103 1104 1203 1202
 667  3 2 1 1 1104 1105 1204 1203
 668  3 2 1 1 1105 1106 1205 1204
 669  3 2 1 1 1106 1107 1206 1205
 670  3 2 1 1 1107 1108 1207 1206
 671  3 2 1 1 1108 1109 1208 1207
 672  3 2 1 1 1109 1110 1209 1208
 673  3 2 1 1 1110 1111 1210 1209
 674  3 2 1 1 1111 1112 1211 1210
 675  3 2 1 1 1112 1113 1212 1211
 676  3 2 1 1 1113 1114 1213 1212
 677  3 2 1 1 1114 1115 1214 1213
 678  3 2 1 1 1115 1116 1215 1214
 679  3 2 1 1 1116 1117 1216 1215
 680  3 2 1 1 1117 1118 1217 1216
 681  3 2 1 1 1118 1119 1218 1217
 682  3 2 1 1 1119 1120 1219 1218
 683  3 2 1 1 1120 1121 1220 1219
 684  3 2 1 1 1121 1122 1221 1220
 685  3 2 1 1 1122 1123 1222 1221
 686  3 2 1 1 1123 1124 1223 1222
 687  3 2 1 1 1124 1125 1224 1223
 688  3 2 1 1 1125 1126 1225 1224
 689  3 2 1 1 1126 1127 1226 1225
 690  3 2 1 1 1127 1128 1227 1226
 691  3 2 1 1 1128 1129 1228 1227
 692  3 2 1 1 1129 1130 1229 1228
 693  3 2 1 1 1130 1131 1230 1229
 694  3 2 1 1 1131 1132 1231 1230
 695  3 2 1 1 1132 1133 1232 1231
 696  3 2 1 1 1133 1134 1233 1232
 697  3 2 1 1 1134 1135 1234 1233
 698  3 2 1 1 1135 1136 1235 1234
 699  3 2 1 1 1136 1137 1236 1235
 700  3 2 1 1 1137  376  377 1236
 701  3 2 1 1  134 1138 1237  133
 702  3 2 1 1 1138 1139 1238 1237
 703  3 2 1 1 1139 1140 1239 1238
 704  3 2 1 1 1140 1141 1240 1239
 705  3 2 1 1 1141 1142 1241 1240
 706  3 2 1 1 1142 1143 1242 1241
 707  3 2 1 1 1143 1144 1243 1242
 708  3 2 1 1 1144 1145 1244 1243
 709  3 2 1 1 1145 1146 1245 1244
 710  3 2 1 1 1146 1147 1246 1245
 711  3 2 1 1 1147 1148 1247 1246
 712  3 2 1 1 1148 1149 1248 1247
 713  3 2 1 1 1149 1150 1249 1248
 714  3 2 1 1 1150 1151 1250 1249
 715  3 2 1 1 1151 1152 1251 1250
 716  3 2 1 1 1152 1153 1252 1251
 717  3 2 1 1 1153 1154 1253 1252
 718  3 2 1 1 1154 1155 1254 1253
 719  3 2 1 1 1155 1156 1255 1254
 720  3 2 1 1 1156 1157 1256 1255
 721  3 2 1 1 1157 1158 1257 1256
 722  3 2 1 1 1158 1159 1258 1257
 723  3 2 1 1 1159 1160 1259 1258
 724  3 2 1 1 1160 1161 1260 1259
 725  3 2 1 1 1161 1162 1261 1260
 726  3 2 1 1 1162 1163 1262 1261
 727  3 2 1 1 1163 1164 1263 1262
 728  3 2 1 1 1164 1165 1264 1263
 729  3 2 1 1 1165 1166 1265 1264
 730  3 2 1 1 1166 1167 1266 1265
 731  3 2 1 1 1167 1168 1267 1266
 732  3 2 1 1 1168 1169 1268 1267
 733  3 2 1 1 1169 1170 1269 1268
 734  3 2 1 1 1170 1171 1270 1269
 735  3 2 1 1 1171 1172 1271 1270
 736  3 2 1 1 1172 1173 1272 1271
 737  3 2 1 1 1173 1174 1273 1272
 738  3 2 1 1 1174 1175 1274 1273
 739  3 2 1 1 1175 1176 1275 1274
 740  3 2 1 1 1176 1177 1276 1275
 741  3 2 1 1 1177 1178 1277 1276
 742  3 2 1 1 1178 1179 1278 1277
 743  3 2 1 1 1179 1180 1279 1278
 744  3 2 1 1 1180 1181 1280 1279
 745  3 2 1 1 1181 1182 1281 1280
 746  3 2 1 1 1182 1183 1282 1281
 747  3 2 1 1 1183 1184 1283 1282
 748  3 2 1 1 1184 1185 1284 1283
 749  3 2 1 1 1185 1186 1285 1284
 750  3 2 1 1 1186 1187 1286 1285
 751  3 2 1 1 1187 1188 1287 1286
 752  3 2 1 1 1188 1189 1288 1287
 753  3 2 1 1 1189 1190 1289 1288
 754  3 2 1 1 1190 1191 1290 1289
 755  3 2 1 1 1191 1192 1291 1290
 756  3 2 1 1 1192 1193 1292 1291
 757  3 2 1 1 1193 1194 1293 1292
 758  3 2 1 1 1194 1195 1294 1293
 759  3 2 1 1 1195 1196 1295 1294
 760  3 2 1 1 1196 1197 1296 1295
 761  3 2 1 1 1197 1198 1297 1296
 762  3 2 1 1 1198 1199 1298 1297
 763  3 2 1 1 1199 1200 1299 1298
 764  3 2 1 1 1200 1201 1300 1299
 765  3 2 1 1 1201 1202 1301 1300
 766  3 2 1 1 1202 1203 1302 1301
 767  3 2 1 1 1203 1204 1303 1302
 768  3 2 1 1 1204 1205 1304 1303
 769  3 2 1 1 1205 1206 1305 1304
 770  3 2 1 1 1206 1207 1306 1305
 771  3 2 1 1 1207 1208 1307 1306
 772  3 2 1 1 1208 1209 1308 1307
 773  3 2 1 1 1209 1210 1309 1308
 774  3 2 1 1 1210 1211 1310 1309
 775  3 2 1 1 1211 1212 1311 1310
 776  3 2 1 1 1212 1213 1312 1311
 777  3 2 1 1 1213 1214 1313 1312
 778  3 2 1 1 1214 1215 1314 1313
 779  3 2 1 1 1215 1216 1315 1314
 780  3 2 1 1 1216 1217 1316 1315
 781  3 2 1 1 1217 1218 1317 1316
 782  3 2 1 1 1218 1219 1318 1317
 783  3 2 1 1 1219 1220 1319 1318
 784  3 2 1 1 1220 1221 1320 1319
 785  3 2 1 1 1221 1222 1321 1320
 786  3 2 1 1 1222 1223 1322 1321
 787  3 2 1 1 1223 1224 1323 1322
 788  3 2 1 1 1224 1225 1324 1323
 789  3 2 1 1 1225 1226 1325 1324
 790  3 2 1 1 1226 1227 1326 1325
 791  3 2 1 1 1227 1228 1327 1326
 792  3 2 1 1 1228 1229 1328 1327
 793  3 2 1 1 1229 1230 1329 1328
 794  3 2 1 1 1230 1231 1330 1329
 795  3 2 1 1 1231 1232 1331 1330
 796  3 2 1 1 1232 1233 1332 1331
 797  3 2 1 1 1233 1234 1333 1332
 798  3 2 1 1 1234 1235 1334 1333
 799  3 2 1 1 1235 1236 1335 1334
 800  3 2 1 1 1236  377  378 1335
 801  3 2 1 1  133 1237 1336  132
 802  3 2 1 1 1237 1238 1337 1336
 803  3 2 1 1 1238 1239 1338 1337
 804  3 2 1 1 1239 1240 1339 1338
 805  3 2 1 1 1240 1241 1340 1339
 806  3 2 1 1 1241 1242 1341 1340
 807  3 2 1 1 1242 1243 1342 1341
 808  3 2 1 1 1243 1244 1343 1342
 809  3 2 1 1 1244 1245 1344 1343
 810  3 2 1 1 1245 1246 1345 1344
 811  3 2 1 1 1246 1247 1346 1345
 812  3 2 1 1 1247 1248 1347 1346
 813  3 2 1 1 1248 1249 1348 1347
 814  3 2 1 1 1249 1250 1349 1348
 815  3 2 1 1 1250 1251 1350 1349
 816  3 2 1 1 1251 1252 1351 1350
 817  3 2 1 1 1252 1253 1352 1351
 818  3 2 1 1 1253 1254 1353 1352
 819  3 2 1 1 1254 1255 1354 1353
 820  3 2 1 1 1255 1256 1355 1354
 821  3 2 1 1 1256 1257 1356 1355
 822  3 2 1 1 1257 1258 1357 1356
 823  3 2 1 1 1258 1259 1358 1357
 824  3 2 1 1 1259 1260 1359 1358
 825  3 2 1 1 1260 1261 1360 1359
 826  3 2 1 1 1261 1262 1361 1360
 827  3 2 1 1 1262 1263 1362 1361
 828  3 2 1 1 1263 1264 1363 1362
 829  3 2 1 1 1264 1265 1364 1363
 830  3 2 1 1 1265 1266 1365 1364
 831  3 2 1 1 1266 1267 1366 1365
 832  3 2 1 1 1267 1268 1367 1366
 833  3 2 1 1 1268 1269 1368 1367
 834  3 2 1 1 1269 1270 1369 1368
 835  3 2 1 1 1270 1271 1370 1369
 836  3 2 1 1 1271 1272 1371 1370
 837  3 2 1 1 1272 1273 1372 1371
 838  3 2 1 1 1273 1274 1373 1372
 839  3 2 1 1 1274 1275 1374 1373
 840  3 2 1 1 1275 1276 1375 1374
 841  3 2 1 1 1276 1277 1376 1375
 842  3 2 1 1 1277 1278 1377 1376
 843  3 2 1 1 1278 1279 1378 1377
 844  3 2 1 1 1279 1280 1379 1378
 845  3 2 1 1 1280 1281 1380 1379
 846  3 2 1 1 1281 1282 1381 1380
 847  3 2 1 1 1282 1283 1382 1381
 848  3 2 1 1 1283 1284 1383 1382
 849  3 2 1 1 1284 1285 1384 1383
 850  3 2 1 1 1285 1286 1385 1384
 851  3 2 1 1 1286 1287 1386 1385
 852  3 2 1 1 1287 1288 1387 1386
 853  3 2 1 1 1288 1289 1388 1387
 854  3 2 1 1 1289 1290 1389 1388
 855  3 2 1 1 1290 1291 1390 1389
 856  3 2 1 1 1291 1292 1391 1390
 857  3 2 1 1 1292 1293 1392 1391
 858  3 2 1 1 1293 1294 1393 1392
 859  3 2 1 1 1294 1295 1394 1393
 860  3 2 1 1 1295 1296 1395 1394
 861  3 2 1 1 1296 1297 1396 1395
 862  3 2 1 1 1297 1298 1397 1396
 863  3 2 1 1 1298 1299 1398 1397
 864  3 2 1 1 1299 1300 1399 1398
 865  3 2 1 1 1300 1301 1400 1399
 866  3 2 1 1 1301 1302 1401 1400
 867  3 2 1 1 1302 1303 1402 1401
 868  3 2 1 1 1303 1304 1403 1402
 869  3 2 1 1 1304 1305 1404 1403
 870  3 2 1 1 1305 1306 1405 1404
 871  3 2 1 1 1306 1307 1406 1405
 872  3 2 1 1 1307 1308 1407 1406
 873  3 2 1 1 1308 1309 1408 1407
 874  3 2 1 1 1309 1310 1409 1408
 875  3 2 1 1 1310 1311 1410 1409
 876  3 2 1 1 1311 1312 1411 1410
 877  3 2 1 1 1312 1313 1412 1411
 878  3 2 1 1 1313 1314 1413 1412
 879  3 2 1 1 1314 1315 1414 1413
 880  3 2 1 1 1315 1316 1415 1414
 881  3 2 1 1 1316 1317 1416 1415
 882  3 2 1 1 1317 1318 1417 1416
 883  3 2 1 1 1318 1319 1418 1417
 884  3 2 1 1 1319 1320 1419 1418
 885  3 2 1 1 1320 1321 1420 1419
 886  3 2 1 1 1321 1322 1421 1420
 887  3 2 1 1 1322 1323 1422 1421
 888  3 2 1 1 1323 1324 1423 1422
 889  3 2 1 1 1324 1325 1424 1423
 890  3 2 1 1 1325 1326 1425 1424
 891  3 2 1 1 1326 1327 1426 1425
 892  3 2 1 1 1327 1328 1427 1426
 893  3 2 1 1 1328 1329 1428 1427
 894  3 2 1 1 1329 1330 1429 1428
 895  3 2 1 1 1330 1331 1430 1429
 896  3 2 1 1 1331 1332 1431 1430
 897  3 2 1 1 1332 1333 1432 1431
 898  3 2 1 1 1333 1334 1433 1432
 899  3 2 1 1 1334 1335 1434 1433
 900  3 2 1 1 1335  378  379 1434
 901  3 2 1 1  132 1336 1435  131
 902  3 2 1 1 1336 1337 1436 1435
 903  3 2 1 1 1337 1338 1437 1436
 904  3 2 1 1 1338 1339 1438 1437
 905  3 2 1 1 1339 1340 1439 1438
 906  3 2 1 1 1340 1341 1440 1439
 907  3 2 1 1 1341 1342 1441 1440
 908  3 2 1 1 1342 1343 1442 1441
 909  3 2 1 1 1343 1344 1443 1442
 910  3 2 1 1 1344 1345 1444 1443
 911  3 2 1 1 1345 1346 1445 1444
 912  3 2 1 1 1346 1347 1446 1445
 913  3 2 1 1 1347 1348 1447 1446
 914  3 2 1 1 1348 1349 1448 1447
 915  3 2 1 1 1349 1350 1449 1448
 916  3 2 1 1 1350 1351 1450 1449
 917  3 2 1 1 1351 1352 1451 1450
 918  3 2 1 1 1352 1353 1452 1451
 919  3 2 1 1 1353 1354 1453 1452
 920  3 2 1 1 1354 1355 1454 1453
 921  3 2 1 1 1355 1356 1455 1454
 922  3 2 1 1 1356 1357 1456 1455
 923  3 2 1 1 1357 1358 1457 1456
 924  3 2 1 1 1358 1359 1458 1457
 925  3 2 1 1 1359 1360 1459 1458
 926  3 2 1 1 1360 1361 1460 1459
 927  3 2 1 1 1361 1362 1461 1460
 928  3 2 1 1 1362 1363 1462 1461
 929  3 2 1 1 1363 1364 1463 1462
 930  3 2 1 1 1364 1365 1464 1463
 931  3 2 1 1 1365 1366 1465 1464
 932  3 2 1 1 1366 1367 1466 1465
 933  3 2 1 1 1367 1368 1467 1466
 934  3 2 1 1 1368 1369 1468 1467
 935  3 2 1 1 1369 1370 1469 1468
 936  3 2 1 1 1370 1371 1470 1469
 937  3 2 1 1 1371 1372 1471 1470
 938  3 2 1 1 1372 1373 1472 1471
 939  3 2 1 1 1373 1374 1473 1472
 940  3 2 1 1 1374 1375 1474 1473
 941  3 2 1 1 1375 1376 1475 1474
 942  3 2 1 1 1376 1377 1476 1475
 943  3 2 1 1 1377 1378 1477 1476
 944  3 2 1 1 1378 1379 1478 1477
 945  3 2 1 1 1379 1380 1479 1478
 946  3 2 1 1 1380 1381 1480 1479
 947  3 2 1 1 1381 1382 1481 1480
 948  3 2 1 1 1382 1383 1482 1481
 949  3 2 1 1 1383 1384 1483 1482
 950  3 2 1 1 1384 1385 1484 1483
 951  3 2 1 1 1385 1386 1485 1484
 952  3 2 1 1 1386 1387 1486 1485
 953  3 2 1 1 1387 1388 1487 1486
 954  3 2 1 1 1388 1389 1488 1487
 955  3 2 1 1 1389 1390 1489 1488
 956  3 2 1 1 1390 1391 1490 1489
 957  3 2 1 1 1391 1392 1491 1490
 958  3 2 1 1 1392 1393 1492 1491
 959  3 2 1 1 1393 1394 1493 1492
 960  3 2 1 1 1394 1395 1494 1493
 961  3 2 1 1 1395 1396 1495 1494
 962  3 2 1 1 1396 1397 1496 1495
 963  3 2 1 1 1397 1398 1497 1496
 964  3 2 1 1 1398 1399 1498 1497
 965  3 2 1 1 1399 1400 1499 1498
 966  3 2 1 1 1400 1401 1500 1499
 967  3 2 1 1 1401 1402 1501 1500
 968  3 2 1 1 1402 1403 1502 1501
 969  3 2 1 1 1403 1404 1503 1502
 970  3 2 1 1 1404 1405 1504 1503
 971  3 2 1 1 1405 1406 1505 1504
 972  3 2 1 1 1406 1407 1506 1505
 973  3 2 1 1 1407 1408 1507 1506
 974  3 2 1 1 1408 1409 1508 1507
 975  3 2 1 1 1409 1410 1509 1508
 976  3 2 1 1 1410 1411 1510 1509
 977  3 2 1 1 1411 1412 1511 1510
 978  3 2 1 1 1412 1413 1512 1511
 979  3 2 1 1 1413 1414 1513 1512
 980  3 2 1 1 1414 1415 1514 1513
 981  3 2 1 1 1415 1416 1515 1514
 982  3 2 1 1 1416 1417 1516 1515
 983  3 2 1 1 1417 1418 1517 1516
 984  3 2 1 1 1418 1419 1518 1517
 985  3 2 1 1 1419 1420 1519 1518
 986  3 2 1 1 1420 1421 1520 1519
 987  3 2 1 1 1421 1422 1521 1520
 988  3 2 1 1 1422 1423 1522 1521
 989  3 2 1 1 1423 1424 1523 1522
 990  3 2 1 1 1424 1425 1524 1523
 991  3 2 1 1 1425 1426 1525 1524
 992  3 2 1 1 1426 1427 1526 1525
 993  3 2 1 1 1427 1428 1527 1526
 994  3 2 1 1 1428 1429 1528 1527
 995  3 2 1 1 1429 1430 1529 1528
 996  3 2 1 1 1430 1431 1530 1529
 997  3 2 1 1 1431 1432 1531 1530
 998  3 2 1 1 1432 1433 1532 1531
 999  3 2 1 1 1433 1434 1533 1532
1000  3 2 1 1 1434  379  380 1533
1001  3 2 1 1  131 1435 1534    8
1002  3 2 1 1 1435 1436 1535 1534
1003  3 2 1 1 1436 1437 1536 1535
1004  3 2 1 1 1437 1438 1537 1536
1005  3 2 1 1 1438 1439 1538 1537
1006  3 2 1 1 1439 1440 1539 1538
1007  3 2 1 1 1440 1441 1540 1539
1008  3 2 1 1 1441 1442 1541 1540
1009  3 2 1 1 1442 1443 1542 1541
1010  3 2 1 1 1443 1444 1543 1542
1011  3 2 1 1 1444 1445 1544 1543
1012  3 2 1 1 1445 1446 1545 1544
1013  3 2 1 1 1446 1447 1546 1545
1014  3 2 1 1 1447 1448 1547 1546
1015  3 2 1 1 1448 1449 1548 1547
1016  3 2 1 1 1449 1450 1549 1548
1017  3 2 1 1 1450 1451 1550 1549
1018  3 2 1 1 1451 1452 1551 1550
1019  3 2 1 1 1452 1453 1552 1551
1020  3 2 1 1 1453 1454 1553 1552
1021  3 2 1 1 1454 1455 1554 1553
1022  3 2 1 1 1455 1456 1555 1554
1023  3 2 1 1 1456 1457 1556 1555
1024  3 2 1 1 1457 1458 1557 1556
1025  3 2 1 1 1458 1459 1558 1557
1026  3 2 1 1 1459 1460 1559 1558
1027  3 2 1 1 1460 1461 1560 1559
1028  3 2 1 1 1461 1462 1561 1560
1029  3 2 1 1 1462 1463 1562 1561
1030  3 2 1 1 1463 1464 1563 1562
1031  3 2 1 1 1464 1465 1564 1563
1032  3 2 1 1 1465 1466 1565 1564
1033  3 2 1 1 1466 1467 1566 1565
1034  3 2 1 1 1467 1468 1567 1566
1035  3 2 1 1 1468 1469 1568 1567
1036  3 2 1 1 1469 1470 1569 1568
1037  3 2 1 1 1470 1471 1570 1569
1038  3 2 1 1 1471 1472 1571 1570
1039  3 2 1 1 1472 1473 1572 1571
1040  3 2 1 1 1473 1474 1573 1572
1041  3 2 1 1 1474 1475 1574 1573
1042  3 2 1 1 1475 1476 1575 1574
1043  3 2 1 1 1476 1477 1576 1575
1044  3 2 1 1 1477 1478 1577 1576
1045  3 2 1 1 1478 1479 1578 1577
1046  3 2 1 1 1479 1480 1579 1578
1047  3 2 1 1 1480 1481 1580 1579
1048  3 2 1 1 1481 1482 1581 1580
1049  3 2 1 1 1482 1483 1582 1581
1050  3 2 1 1 1483 1484 1583 1582
1051  3 2 1 1 1484 1485 1584 1583
1052  3 2 1 1 1485 1486 1585 1584
1053  3 2 1 1 1486 1487 1586 1585
1054  3 2 1 1 1487 1488 1587 1586
1055  3 2 1 1 1488 1489 1588 1587
1056  3 2 1 1 1489 1490 1589 1588
1057  3 2 1 1 1490 1491 1590 1589
1058  3 2 1 1 1491 1492 1591 1590
1059  3 2 1 1 1492 1493 1592 1591
1060  3 2 1 1 1493 1494 1593 1592
1061  3 2 1 1 1494 1495 1594 1593
1062  3 2 1 1 1495 1496 1595 1594
1063  3 2 1 1 1496 1497 1596 1595
1064  3 2 1 1 1497 1498 1597 1596
1065  3 2 1 1 1498 1499 1598 1597
1066  3 2 1 1 1499 1500 1599 1598
1067  3 2 1 1 1500 1501 1600 1599
1068  3 2 1 1 1501 1502 1601 1600
1069  3 2 1 1 1502 1503 1602 1601
1070  3 2 1 1 1503 1504 1603 1602
1071  3 2 1 1 1504 1505 1604 1603
1072  3 2 1 1 1505 1506 1605 1604
1073  3 2 1 1 1506 1507 1606 1605
1074  3 2 1 1 1507 1508 1607 1606
1075  3 2 1 1 1508 1509 1608 1607
1076  3 2 1 1 1509 1510 1609 1608
1077  3 2 1 1 1510 1511 1610 1609
1078  3 2 1 1 1511 1512 1611 1610
1079  3 2 1 1 1512 1513 1612 1611
1080  3 2 1 1 1513 1514 1613 1612
1081  3 2 1 1 1514 1515 1614 1613
1082  3 2 1 1 1515 1516 1615 1614
1083  3 2 1 1 1516 1517 1616 1615
1084  3 2 1 1 1517 1518 1617 1616
1085  3 2 1 1 1518 1519 1618 1617
1086  3 2 1 1 1519 1520 1619 1618
1087  3 2 1 1 1520 1521 1620 1619
1088  3 2 1 1 1521 1522 1621 1620
1089  3 2 1 1 1522 1523 1622 1621
1090  3 2 1 1 1523 1524 1623 1622
1091  3 2 1 1 1524 1525 1624 1623
1092  3 2 1 1 1525 1526 1625 1624
1093  3 2 1 1 1526 1527 1626 1625
1094  3 2 1 1 1527 1528 1627 1626
1095  3 2 1 1 1528 1529 1628 1627
1096  3 2 1 1 1529 1530 1629 1628
1097  3 2 1 1 1530 1531 1630 1629
1098  3 2 1 1 1531 1532 1631 1630
1099  3 2 1 1 1532 1533 1632 1631
1100  3 2 1 1 1533  380  381 1632
1101  3 2 1 1    8 1534 1633  396
1102  3 2 1 1 1534 1535 1634 1633
1103  3 2 1 1 1535 1536 1635 1634
1104  3 2 1 1 1536 1537 1636 1635
1105  3 2 1 1 1537 1538 1637 1636
1106  3 2 1 1 1538 1539 1638 1637
1107  3 2 1 1 1539 1540 1639 1638
1108  3 2 1 1 1540 1541 1640 1639
1109  3 2 1 1 1541 1542 1641 1640
1110  3 2 1 1 1542 1543 1642 1641
1111  3 2 1 1 1543 1544 1643 1642
1112  3 2 1 1 1544 1545 1644 1643
1113  3 2 1 1 1545 1546 1645 1644
1114  3 2 1 1 1546 1547 1646 1645
1115  3 2 1 1 1547 1548 1647 1646
1116  3 2 1 1 1548 1549 1648 1647
1117  3 2 1 1 1549 1550 1649 1648
1118  3 2 1 1 1550 1551 1650 1649
1119  3 2 1 1 1551 1552 1651 1650
1120  3 2 1 1 1552 1553 1652 1651
1121  3 2 1 1 1553 1554 1653 1652
1122  3 2 1 1 1554 1555 1654 1653
1123  3 2 1 1 1555 1556 1655 1654
1124  3 2 1 1 1556 1557 1656 1655
1125  3 2 1 1 1557 1558 1657 1656
1126  3 2 1 1 1558 1559 1658 1657
1127  3 2 1 1 1559 1560 1659 1658
1128  3 2 1 1 1560 1561 1660 1659
1129  3 2 1 1 1561 1562 1661 1660
1130  3 2 1 1 1562 1563 1662 1661
1131  3 2 1 1 1563 1564 1663 1662
1132  3 2 1 1 1564 1565 1664 1663
1133  3 2 1 1 1565 1566 1665 1664
1134  3 2 1 1 1566 1567 1666 1665
1135  3 2 1 1 1567 1568 1667 1666
1136  3 2 1 1 1568 1569 1668 1667
1137  3 2 1 1 1569 1570 1669 1668
1138  3 2 1 1 1570 1571 1670 1669
1139  3 2 1 1 1571 1572 1671 1670
1140  3 2 1 1 1572 1573 1672 1671
1141  3 2 1 1 1573 1574 1673 1672
1142  3 2 1 1 1574 1575 1674 1673
1143  3 2 1 1 1575 1576 1675 1674
1144  3 2 1 1 1576 1577 1676 1675
1145  3 2 1 1 1577 1578 1677 1676
1146  3 2 1 1 1578 1579 1678 1677
1147  3 2 1 1 1579 1580 1679 1678
1148  3 2 1 1 1580 1581 1680 1679
1149  3 2 1 1 1581 1582 1681 1680
1150  3 2 1 1 1582 1583 1682 1681
1151  3 2 1 1 1583 1584 1683 1682
1152  3 2 1 1 1584 1585 1684 1683
1153  3 2 1 1 1585 1586 1685 1684
1154  3 2 1 1 1586 1587 1686 1685
1155  3 2 1 1 1587 1588 1687 1686
1156  3 2 1 1 1588 1589 1688 1687
1157  3 2 1 1 1589 1590 1689 1688
1158  3 2 1 1 1590 1591 1690 1689
1159  3 2 1 1 1591 1592 1691 1690
1160  3 2 1 1 1592 1593 1692 1691
1161  3 2 1 1 1593 1594 1693 1692
1162  3 2 1 1 1594 1595 1694 1693
1163  3 2 1 1 1595 1596 1695 1694
1164  3 2 1 1 1596 1597 1696 1695
1165  3 2 1 1 1597 1598 1697 1696
1166  3 2 1 1 1598 1599 1698 1697
1167  3 2 1 1 1599 1600 1699 1698
1168  3 2 1 1 1600 1601 1700 1699
1169  3 2 1 1 1601 1602 1701 1700
1170  3 2 1 1 1602 1603 1702 1701
1171  3 2 1 1 1603 1604 1703 1702
1172  3 2 1 1 1604 1605 1704 1703
1173  3 2 1 1 1605 1606 1705 1704
1174  3 2 1 1 1606 1607 1706 1705
1175  3 2 1 1 1607 1608 1707 1706
1176  3 2 1 1 1608 1609 1708 1707
1177  3 2 1 1 1609 1610 1709 1708
1178  3 2 1 1 1610 1611 1710 1709
1179  3 2 1 1 1611 1612 1711 1710
1180  3 2 1 1 1612 1613 1712 1711
1181  3 2 1 1 1613 1614 1713 1712
1182  3 2 1 1 1614 1615 1714 1713
1183  3 2 1 1 1615 1616 1715 1714
1184  3 2 1 1 1616 1617 1716 1715
1185  3 2 1 1 1617 1618 1717 1716
1186  3 2 1 1 1618 1619 1718 1717
1187  3 2 1 1 1619 1620 1719 1718
1188  3 2 1 1 1620 1621 1720 1719
1189  3 2 1 1 1621 1622 1721 1720
1190  3 2 1 1 1622 1623 1722 1721
1191  3 2 1 1 1623 1624 1723 1722
1192  3 2 1 1 1624 1625 1724 1723
1193  3 2 1 1 1625 1626 1725 1724
1194  3 2 1 1 1626 1627 1726 1725
1195  3 2 1 1 1627 1628 1727 1726
1196  3 2 1 1 1628 1629 1728 1727
1197  3 2 1 1 1629 1630 1729 1728
1198  3 2 1 1 1630 1631 1730 1729
1199  3 2 1 1 1631 1632 1731 1730
1200  3 2 1 1 1632  381  382 1731
1201  3 2 1 1  396 1633 1732  397
1202  3 2 1 1 1633 1634 1733 1732
1203  3 2 1 1 1634 1635 1734 1733
1204  3 2 1 1 1635 1636 1735 1734
1205  3 2 1 1 1636 1637 1736 1735
1206  3 2 1 1 1637 1638 1737 1736
1207  3 2 1 1 1638 1639 1738 1737
1208  3 2 1 1 1639 1640 1739 1738
1209  3 2 1 1 1640 1641 1740 1739
1210  3 2 1 1 1641 1642 1741 1740
1211  3 2 1 1 1642 1643 1742 1741
1212  3 2 1 1 1643 1644 1743 1742
1213  3 2 1 1 1644 1645 1744 1743
1214  3 2 1 1 1645 1646 1745 1744
1215  3 2 1 1 1646 1647 1746 1745
1216  3 2 1 1 1647 1648 1747 1746
1217  3 2 1 1 1648 1649 1748 1747
1218  3 2 1 1 1649 1650 1749 1748
1219  3 2 1 1 1650 1651 1750 1749
1220  3 2 1 1 1651 1652 1751 1750
1221  3 2 1 1 1652 1653 1752 1751
1222  3 2 1 1 1653 1654 1753 1752
1223  3 2 1 1 1654 1655 1754 1753
1224  3 2 1 1 1655 1656 1755 1754
1225  3 2 1 1 1656 1657 1756 1755
1226  3 2 1 1 1657 1658 1757 1756
1227  3 2 1 1 1658 1659 1758 1757
1228  3 2 1 1 1659 1660 1759 1758
1229  3 2 1 1 1660 1661 1760 1759
1230  3 2 1 1 1661 1662 1761 1760
1231  3 2 1 1 1662 1663 1762 1761
1232  3 2 1 1 1663 1664 1763 1762
1233  3 2 1 1 1664 1665 1764 1763
1234  3 2 1 1 1665 1666 1765 1764
1235  3 2 1 1 1666 1667 1766 1765
1236  3 2 1 1 1667 1668 1767 1766
1237  3 2 1 1 1668 1669 1768 1767
1238  3 2 1 1 1669 1670 1769 1768
1239  3 2 1 1 1670 1671 1770 1769
1240  3 2 1 1 1671 1672 1771 1770
1241  3 2 1 1 1672 1673 1772 1771
1242  3 2 1 1 1673 1674 1773 1772
1243  3 2 1 1 1674 1675 1774 1773
1244  3 2 1 1 1675 1676 1775 1774
1245  3 2 1 1 1676 1677 1776 1775
1246  3 2 1 1 1677 1678 1777 1776
1247  3 2 1 1 1678 1679 1778 1777
1248  3 2 1 1 1679 1680 1779 1778
1249  3 2 1 1 1680 1681 1780 1779
1250  3 2 1 1 1681 1682 1781 1780
1251  3 2 1 1 1682 1683 1782 1781
1252  3 2 1 1 1683 1684 1783 1782
1253  3 2 1 1 1684 1685 1784 1783
1254  3 2 1 1 1685 1686 1785 1784
1255  3 2 1 1 1686 1687 1786 1785
1256  3 2 1 1 1687 1688 1787 1786
1257  3 2 1 1 1688 1689 1788 1787
1258  3 2 1 1 1689 1690 1789 1788
1259  3 2 1 1 1690 1691 1790 1789
1260  3 2 1 1 1691 1692 1791 1790
1261  3 2 1 1 1692 1693 1792 1791
1262  3 2 1 1 1693 1694 1793 1792
1263  3 2 1 1 1694 1695 1794 1793
1264  3 2 1 1 1695 1696 1795 1794
1265  3 2 1 1 1696 1697 1796 1795
1266  3 2 1 1 1697 1698 1797 1796
1267  3 2 1 1 1698 1699 1798 1797
1268  3 2 1 1 1699 1700 1799 1798
1269  3 2 1 1 1700 1701 1800 1799
1270  3 2 1 1 1701 1702 1801 1800
1271  3 2 1 1 1702 1703 1802 1801
1272  3 2 1 1 1703 1704 1803 1802
1273  3 2 1 1 1704 1705 1804 1803
1274  3 2 1 1 1705 1706 1805 1804
1275  3 2 1 1 1706 1707 1806 1805
1276  3 2 1 1 1707 1708 1807 1806
1277  3 2 1 1 1708 1709 1808 1807
1278  3 2 1 1 1709 1710 1809 1808
1279  3 2 1 1 1710 1711 1810 1809
1280  3 2 1 1 1711 1712 1811 1810
1281  3 2 1 1 1712 1713 1812 1811
1282  3 2 1 1 1713 1714 1813 1812
1283  3 2 1 1 1714 1715 1814 1813
1284  3 2 1 1 1715 1716 1815 1814
1285  3 2 1 1 1716 1717 1816 1815
1286  3 2 1 1 1717 1718 1817 1816
1287  3 2 1 1 1718 1719 1818 1817
1288  3 2 1 1 1719 1720 1819 1818
1289  3 2 1 1 1720 1721 1820 1819
1290  3 2 1 1 1721 1722 1821 1820
1291  3 2 1 1 1722 1723 1822 1821
1292  3 2 1 1 1723 1724 1823 1822
1293  3 2 1 1 1724 1725 1824 1823
1294  3 2 1 1 1725 1726 1825 1824
1295  3 2 1 1 1726 1727 1826 1825
1296  3 2 1 1 1727 1728 1827 1826
1297  3 2 1 1 1728 1729 1828 1827
1298  3 2 1 1 1729 1730 1829 1828
1299  3 2 1 1 1730 1731 1830 1829
1300  3 2 1 1 1731  382  383 1830
1301  3 2 1 1  397 1732 1831  398
1302  3 2 1 1 1732 1733 1832 1831
1303  3 2 1 1 1733 1734 1833 1832
1304  3 2 1 1 1734 1735 1834 1833
1305  3 2 1 1 1735 1736 1835 1834
1306  3 2 1 1 1736 1737 1836 1835
1307  3 2 1 1 1737 1738 1837 1836
1308  3 2 1 1 1738 1739 1838 1837
1309  3 2 1 1 1739 1740 1839 1838
1310  3 2 1 1 1740 1741 1840 1839
1311  3 2 1 1 1741 1742 1841 1840
1312  3 2 1 1 1742 1743 1842 1841
1313  3 2 1 1 1743 1744 1843 1842
1314  3 2 1 1 1744 1745 1844 1843
1315  3 2 1 1 1745 1746 1845 1844
1316  3 2 1 1 1746 1747 1846 1845
1317  3 2 1 1 1747 1748 1847 1846
1318  3 2 1 1 1748 1749 1848 1847
1319  3 2 1 1 1749 1750 1849 1848
1320  3 2 1 1 1750 1751 1850 1849
1321  3 2 1 1 1751 1752 1851 1850
1322  3 2 1 1 1752 1753 1852 1851
1323  3 2 1 1 1753 1754 1853 1852
1324  3 2 1 1 1754 1755 1854 1853
1325  3 2 1 1 1755 1756 1855 1854
1326  3 2 1 1 1756 1757 1856 1855
1327  3 2 1 1 1757 1758 1857 1856
1328  3 2 1 1 1758 1759 1858 1857
1329  3 2 1 1 1759 1760 1859 1858
1330  3 2 1 1 1760 1761 1860 1859
1331  3 2 1 1 1761 1762 1861 1860
1332  3 2 1 1 1762 1763 1862 1861
1333  3 2 1 1 1763 1764 1863 1862
1334  3 2 1 1 1764 1765 1864 1863
1335  3 2 1 1 1765 1766 1865 1864
1336  3 2 1 1 1766 1767 1866 1865
1337  3 2 1 1 1767 1768 1867 1866
1338  3 2 1 1 1768 1769 1868 1867
1339  3 2 1 1 1769 1770 1869 1868
1340  3 2 1 1 1770 1771 1870 1869
1341  3 2 1 1 1771 1772 1871 1870
1342  3 2 1 1 1772 1773 1872 1871
1343  3 2 1 1 1773 1774 1873 1872
1344  3 2 1 1 1774 1775 1874 1873
1345  3 2 1 1 1775 1776 1875 1874
1346  3 2 1 1 1776 1777 1876 1875
1347  3 2 1 1 1777 1778 1877 1876
1348  3 2 1 1 1778 1779 1878 1877
1349  3 2 1 1 1779 1780 1879 1878
1350  3 2 1 1 1780 1781 1880 1879
1351  3 2 1 1 1781 1782 1881 1880
1352  3 2 1 1 1782 1783 1882 1881
1353  3 2 1 1 1783 1784 1883 1882
1354  3 2 1 1 1784 1785 1884 1883
1355  3 2 1 1 1785 1786 1885 1884
1356  3 2 1 1 1786 1787 1886 1885
1357  3 2 1 1 1787 1788 1887 1886
1358  3 2 1 1 1788 1789 1888 1887
1359  3 2 1 1 1789 1790 1889 1888
1360  3 2 1 1 1790 1791 1890 1889
1361  3 2 1 1 1791 1792 1891 1890
1362  3 2 1 1 1792 1793 1892 1891
1363  3 2 1 1 1793 1794 1893 1892
1364  3 2 1 1 1794 1795 1894 1893
1365  3 2 1 1 1795 1796 1895 1894
1366  3 2 1 1 1796 1797 1896 1895
1367  3 2 1 1 1797 1798 1897 1896
1368  3 2 1 1 1798 1799 1898 1897
1369  3 2 1 1 1799 1800 1899 1898
1370  3 2 1 1 1800 1801 1900 1899
1371  3 2 1 1 1801 1802 1901 1900
1372  3 2 1 1 1802 1803 1902 1901
1373  3 2 1 1 1803 1804 1903 1902
1374  3 2 1 1 1804 1805 1904 1903
1375  3 2 1 1 1805 1806 1905 1904
1376  3 2 1 1 1806 1807 1906 1905
1377  3 2 1 1 1807 1808 1907 1906
1378  3 2 1 1 1808 1809 1908 1907
1379  3 2 1 1 1809 1810 1909 1908
1380  3 2 1 1 1810 1811 1910 1909
1381  3 2 1 1 1811 1812 1911 1910
1382  3 2 1 1 1812 1813 1912 1911
1383  3 2 1 1 1813 1814 1913 1912
1384  3 2 1 1 1814 1815 1914 1913
1385  3 2 1 1 1815 1816 1915 1914
1386  3 2 1 1 1816 1817 1916 1915
1387  3 2 1 1 1817 1818 1917 1916
1388  3 2 1 1 1818 1819 1918 1917
1389  3 2 1 1 1819 1820 1919 1918
1390  3 2 1 1 1820 1821 1920 1919
1391  3 2 1 1 1821 1822 1921 1920
1392  3 2 1 1 1822 1823 1922 1921
1393  3 2 1 1 1823 1824 1923 1922
1394  3 2 1 1 1824 1825 1924 1923
1395  3 2 1 1 1825 1826 1925 1924
1396  3 2 1 1 1826 1827 1926 1925
1397  3 2 1 1 1827 1828 1927 1926
1398  3 2 1 1 1828 1829 1928 1927
1399  3 2 1 1 1829 1830 1929 1928
1400  3 2 1 1 1830  383  384 1929
1401  3 2 1 1  398 1831 1930  399
1402  3 2 1 1 1831 1832 1931 1930
1403  3 2 1 1 1832 1833 1932 1931
1404  3 2 1 1 1833 1834 1933 1932
1405  3 2 1 1 1834 1835 1934 1933
1406  3 2 1 1 1835 1836 1935 1934
1407  3 2 1 1 1836 1837 1936 1935
1408  3 2 1 1 1837 1838 1937 1936
1409  3 2 1 1 1838 1839 1938 1937
1410  3 2 1 1 1839 1840 1939 1938
1411  3 2 1 1 1840 1841 1940 1939
1412  3 2 1 1 1841 1842 1941 1940
1413  3 2 1 1 1842 1843 1942 1941
1414  3 2 1 1 1843 1844 1943 1942
1415  3 2 1 1 1844 1845 1944 1943
1416  3 2 1 1 1845 1846 1945 1944
1417  3 2 1 1 1846 1847 1946 1945
1418  3 2 1 1 1847 1848 1947 1946
1419  3 2 1 1 1848 1849 1948 1947
1420  3 2 1 1 1849 1850 1949 1948
1421  3 2 1 1 1850 1851 1950 1949
1422  3 2 1 1 1851 1852 1951 1950
1423  3 2 1 1 1852 1853 1952 1951
1424  3 2 1 1 1853 1854 1953 1952
1425  3 2 1 1 1854 1855 1954 1953
1426  3 2 1 1 1855 1856 1955 1954
1427  3 2 1 1 1856 1857 1956 1955
1428  3 2 1 1 1857 1858 1957 1956
1429  3 2 1 1 1858 1859 1958 1957
1430  3 2 1 1 1859 1860 1959 1958
1431  3 2 1 1 1860 1861 1960 1959
1432  3 2 1 1 1861 1862 1961 1960
1433  3 2 1 1 1862 1863 1962 1961
1434  3 2 1 1 1863 1864 1963 1962
1435  3 2 1 1 1864 1865 1964 1963
1436  3 2 1 1 1865 1866 1965 1964
1437  3 2 1 1 1866 1867 1966 1965
1438  3 2 1 1 1867 1868 1967 1966
1439  3 2 1 1 1868 1869 1968 1967
1440  3 2 1 1 1869 1870 1969 1968
1441  3 2 1 1 1870 1871 1970 1969
1442  3 2 1 1 1871 1872 1971 1970
1443  3 2 1 1 1872 1873 1972 1971
1444  3 2 1 1 1873 1874 1973 1972
1445  3 2 1 1 1874 1875 1974 1973
1446  3 2 1 1 1875 1876 1975 1974
1447  3 2 1 1 1876 1877 1976 1975
1448  3 2 1 1 1877 1878 1977 1976
1449  3 2 1 1 1878 1879 1978 1977
1450  3 2 1 1 1879 1880 1979 1978
1451  3 2 1 1 1880 1881 1980 1979
1452  3 2 1 1 1881 1882 1981 1980
1453  3 2 1 1 1882 1883 1982 1981
1454  3 2 1 1 1883 1884 1983 1982
1455  3 2 1 1 1884 1885 1984 1983
1456  3 2 1 1 1885 1886 1985 1984
1457  3 2 1 1 1886 1887 1986 1985
1458  3 2 1 1 1887 1888 1987 1986
1459  3 2 1 1 1888 1889 1988 1987
1460  3 2 1 1 1889 1890 1989 1988
1461  3 2 1 1 1890 1891 1990 1989
1462  3 2 1 1 1891 1892 1991 1990
1463  3 2 1 1 1892 1893 1992 1991
1464  3 2 1 1 1893 1894 1993 1992
1465  3 2 1 1 1894 1895 1994 1993
1466  3 2 1 1 1895 1896 1995 1994
1467  3 2 1 1 1896 1897 1996 1995
1468  3 2 1 1 1897 1898 1997 1996
1469  3 2 1 1 1898 1899 1998 1997
1470  3 2 1 1 1899 1900 1999 1998
1471  3 2 1 1 1900 1901 2000 1999
1472  3 2 1 1 1901 1902 2001 2000
1473  3 2 1 1 1902 1903 2002 2001
1474  3 2 1 1 1903 1904 2003 2002
1475  3 2 1 1 1904 1905 2004 2003
1476  3 2 1 1 1905 1906 2005 2004
1477  3 2 1 1 1906 1907 2006 2005
1478  3 2 1 1 1907 1908 2007 2006
1479  3 2 1 1 1908 1909 2008 2007
1480  3 2 1 1 1909 1910 2009 2008
1481  3 2 1 1 1910 1911 2010 2009
1482  3 2 1 1 1911 1912 2011 2010
1483  3 2 1 1 1912 1913 2012 2011
1484  3 2 1 1 1913 1914 2013 2012
1485  3 2 1 1 1914 1915 2014 2013
1486  3 2 1 1 1915 1916 2015 2014
1487  3 2 1 1 1916 1917 2016 2015
1488  3 2 1 1 1917 1918 2017 2016
1489  3 2 1 1 1918 1919 2018 2017
1490  3 2 1 1 1919 1920 2019 2018
1491  3 2 1 1 1920 1921 2020 2019
1492  3 2 1 1 1921 1922 2021 2020
1493  3 2 1 1 1922 1923 2022 2021
1494  3 2 1 1 1923 1924 2023 2022
1495  3 2 1 1 1924 1925 2024 2023
1496  3 2 1 1 1925 1926 2025 2024
1497  3 2 1 1 1926 1927 2026 2025
1498  3 2 1 1 1927 1928 2027 2026
1499  3 2 1 1 1928 1929 2028 2027
1500  3 2 1 1 1929  384  385 2028
1501  3 2 1 1  399 1930 2029  400
1502  3 2 1 1 1930 1931 2030 2029
1503  3 2 1 1 1931 1932 2031 2030
1504  3 2 1 1 1932 1933 2032 2031
1505  3 2 1 1 1933 1934 2033 2032
1506  3 2 1 1 1934 1935 2034 2033
1507  3 2 1 1 1935 1936 2035 2034
1508  3 2 1 1 1936 1937 2036 2035
1509  3 2 1 1 1937 1938 2037 2036
1510  3 2 1 1 1938 1939 2038 2037
1511  3 2 1 1 1939 1940 2039 2038
1512  3 2 1 1 1940 1941 2040 2039
1513  3 2 1 1 1941 1942 2041 2040
1514  3 2 1 1 1942 1943 2042 2041
1515  3 2 1 1 1943 1944 2043 2042
1516  3 2 1 1 1944 1945 2044 2043
1517  3 2 1 1 1945 1946 2045 2044
1518  3 2 1 1 1946 1947 2046 2045
1519  3 2 1 1 1947 1948 2047 2046
1520  3 2 1 1 1948 1949 2048 2047
1521  3 2 1 1 1949 1950 2049 2048
1522  3 2 1 1 1950 1951 2050 2049
1523  3 2 1 1 1951 1952 2051 2050
1524  3 2 1 1 1952 1953 2052 2051
1525  3 2 1 1 1953 1954 2053 2052
1526  3 2 1 1 1954 1955 2054 2053
1527  3 2 1 1 1955 1956 2055 2054
1528  3 2 1 1 1956 1957 2056 2055
1529  3 2 1 1 1957 1958 2057 2056
1530  3 2 1 1 1958 1959 2058 2057
1531  3 2 1 1 1959 1960 2059 2058
1532  3 2 1 1 1960 1961 2060 2059
1533  3 2 1 1 1961 1962 2061 2060
1534  3 2 1 1 1962 1963 2062 2061
1535  3 2 1 1 1963 1964 2063 2062
1536  3 2 1 1 1964 1965 2064 2063
1537  3 2 1 1 1965 1966 2065 2064
1538  3 2 1 1 1966 1967 2066 2065
1539  3 2 1 1 1967 1968 2067 2066
1540  3 2 1 1 1968 1969 2068 2067
1541  3 2 1 1 1969 1970 2069 2068
1542  3 2 1 1 1970 1971 2070 2069
1543  3 2 1 1 1971 1972 2071 2070
1544  3 2 1 1 1972 1973 2072 2071
1545  3 2 1 1 1973 1974 2073 2072
1546  3 2 1 1 1974 1975 2074 2073
1547  3 2 1 1 1975 1976 2075 2074
1548  3 2 1 1 1976 1977 2076 2075
1549  3 2 1 1 1977 1978 2077 2076
1550  3 2 1 1 1978 1979 2078 2077
1551  3 2 1 1 1979 1980 2079 2078
1552  3 2 1 1 1980 1981 2080 2079
1553  3 2 1 1 1981 1982 2081 2080
1554  3 2 1 1 1982 1983 2082 2081
1555  3 2 1 1 1983 1984 2083 2082
1556  3 2 1 1 1984 1985 2084 2083
1557  3 2 1 1 1985 1986 2085 2084
1558  3 2 1 1 1986 1987 2086 2085
1559  3 2 1 1 1987 1988 2087 2086
1560  3 2 1 1 1988 1989 2088 2087
1561  3 2 1 1 1989 1990 2089 2088
1562  3 2 1 1 1990 1991 2090 2089
1563  3 2 1 1 1991 1992 2091 2090
1564  3 2 1 1 1992 1993 2092 2091
1565  3 2 1 1 1993 1994 2093 2092
1566  3 2 1 1 1994 1995 2094 2093
1567  3 2 1 1 1995 1996 2095 2094
1568  3 2 1 1 1996 1997 2096 2095
1569  3 2 1 1 1997 1998 2097 2096
1570  3 2 1 1 1998 1999 2098 2097
1571  3 2 1 1 1999 2000 2099 2098
1572  3 2 1 1 2000 2001 2100 2099
1573  3 2 1 1 2001 2002 2101 2100
1574  3 2 1 1 2002 2003 2102 2101
1575  3 2 1 1 2003 2004 2103 2102
1576  3 2 1 1 2004 2005 2104 2103
1577  3 2 1 1 2005 2006 2105 2104
1578  3 2 1 1 2006 2007 2106 2105
1579  3 2 1 1 2007 2008 2107 2106
1580  3 2 1 1 2008 2009 2108 2107
1581  3 2 1 1 2009 2010 2109 2108
1582  3 2 1 1 2010 2011 2110 2109
1583  3 2 1 1 2011 2012 2111 2110
1584  3 2 1 1 2012 2013 2112 2111
1585  3 2 1 1 2013 2014 2113 2112
1586  3 2 1 1 2014 2015 2114 2113
1587  3 2 1 1 2015 2016 2115 2114
1588  3 2 1 1 2016 2017 2116 2115
1589  3 2 1 1 2017 2018 2117 2116
1590  3 2 1 1 2018 2019 2118 2117
1591  3 2 1 1 2019 2020 2119 2118
1592  3 2 1 1 2020 2021 2120 2119
1593  3 2 1 1 2021 2022 2121 2120
1594  3 2 1 1 2022 2023 2122 2121
1595  3 2 1 1 2023 2024 2123 2122
1596  3 2 1 1 2024 2025 2124 2123
1597  3 2 1 1 2025 2026 2125 2124
1598  3 2 1 1 2026 2027 2126 2125
1599  3 2 1 1 2027 2028 2127 2126
1600  3 2 1 1 2028  385  386 2127
1601  3 2 1 1  400 2029 2128  401
1602  3 2 1 1 2029 2030 2129 2128
1603  3 2 1 1 2030 2031 2130 2129
1604  3 2 1 1 2031 2032 2131 2130
1605  3 2 1 1 2032 2033 2132 2131
1606  3 2 1 1 2033 2034 2133 2132
1607  3 2 1 1 2034 2035 2134 2133
1608  3 2 1 1 2035 2036 2135 2134
1609  3 2 1 1 2036 2037 2136 2135
1610  3 2 1 1 2037 2038 2137 2136
1611  3 2 1 1 2038 2039 2138 2137
1612  3 2 1 1 2039 2040 2139 2138
1613  3 2 1 1 2040 2041 2140 2139
1614  3 2 1 1 2041 2042 2141 2140
1615  3 2 1 1 2042 2043 2142 2141
1616  3 2 1 1 2043 2044 2143 2142
1617  3 2 1 1 2044 2045 2144 2143
1618  3 2 1 1 2045 2046 2145 2144
1619  3 2 1 1 2046 2047 2146 2145
1620  3 2 1 1 2047 2048 2147 2146
1621  3 2 1 1 2048 2049 2148 2147
1622  3 2 1 1 2049 2050 2149 2148
1623  3 2 1 1 2050 2051 2150 2149
1624  3 2 1 1 2051 2052 2151 2150
1625  3 2 1 1 2052 2053 2152 2151
1626  3 2 1 1 2053 2054 2153 2152
1627  3 2 1 1 2054 2055 2154 2153
1628  3 2 1 1 2055 2056 2155 2154
1629  3 2 1 1 2056 2057 2156 2155
1630  3 2 1 1 2057 2058 2157 2156
1631  3 2 1 1 2058 2059 2158 2157
1632  3 2 1 1 2059 2060 2159 2158
1633  3 2 1 1 2060 2061 2160 2159
1634  3 2 1 1 2061 2062 2161 2160
1635  3 2 1 1 2062 2063 2162 2161
1636  3 2 1 1 2063 2064 2163 2162
1637  3 2 1 1 2064 2065 2164 2163
1638  3 2 1 1 2065 2066 2165 2164
1639  3 2 1 1 2066 2067 2166 2165
1640  3 2 1 1 2067 2068 2167 2166
1641  3 2 1 1 2068 2069 2168 2167
1642  3 2 1 1 2069 2070 2169 2168
1643  3 2 1 1 2070 2071 2170 2169
1644  3 2 1 1 2071 2072 2171 2170
1645  3 2 1 1 2072 2073 2172 2171
1646  3 2 1 1 2073 2074 2173 2172
1647  3 2 1 1 2074 2075 2174 2173
1648  3 2 1 1 2075 2076 2175 2174
1649  3 2 1 1 2076 2077 2176 2175
1650  3 2 1 1 2077 2078 2177 2176
1651  3 2 1 1 2078 2079 2178 2177
1652  3 2 1 1 2079 2080 2179 2178
1653  3 2 1 1 2080 2081 2180 2179
1654  3 2 1 1 2081 2082 2181 2180
1655  3 2 1 1 2082 2083 2182 2181
1656  3 2 1 1 2083 2084 2183 2182
1657  3 2 1 1 2084 2085 2184 2183
1658  3 2 1 1 2085 2086 2185 2184
1659  3 2 1 1 2086 2087 2186 2185
1660  3 2 1 1 2087 2088 2187 2186
1661  3 2 1 1 2088 2089 2188 2187
1662  3 2 1 1 2089 2090 2189 2188
1663  3 2 1 1 2090 2091 2190 2189
1664  3 2 1 1 2091 2092 2191 2190
1665  3 2 1 1 2092 2093 2192 2191
1666  3 2 1 1 2093 2094 2193 2192
1667  3 2 1 1 2094 2095 2194 2193
1668  3 2 1 1 2095 2096 2195 2194
1669  3 2 1 1 2096 2097 2196 2195
1670  3 2 1 1 2097 2098 2197 2196
1671  3 2 1 1 2098 2099 2198 2197
1672  3 2 1 1 2099 2100 2199 2198
1673  3 2 1 1 2100 2101 2200 2199
1674  3 2 1 1 2101 2102 2201 2200
1675  3 2 1 1 2102 2103 2202 2201
1676  3 2 1 1 2103 2104 2203 2202
1677  3 2 1 1 2104 2105 2204 2203
1678  3 2 1 1 2105 2106 2205 2204
1679  3 2 1 1 2106 2107 2206 2205
1680  3 2 1 1 2107 2108 2207 2206
1681  3 2 1 1 2108 2109 2208 2207
1682  3 2 1 1 2109 2110 2209 2208
1683  3 2 1 1 2110 2111 2210 2209
1684  3 2 1 1 2111 2112 2211 2210
1685  3 2 1 1 2112 2113 2212 2211
1686  3 2 1 1 2113 2114 2213 2212
1687  3 2 1 1 2114 2115 2214 2213
1688  3 2 1 1 2115 2116 2215 2214
1689  3 2 1 1 2116 2117 2216 2215
1690  3 2 1 1 2117 2118 2217 2216
1691  3 2 1 1 2118 2119 2218 2217
1692  3 2 1 1 2119 2120 2219 2218
1693  3 2 1 1 2120 2121 2220 2219
1694  3 2 1 1 2121 2122 2221 2220
1695  3 2 1 1 2122 2123 2222 2221
1696  3 2 1 1 2123 2124 2223 2222
1697  3 2 1 1 2124 2125 2224 2223
1698  3 2 1 1 2125 2126 2225 2224
1699  3 2 1 1 2126 2127 2226 2225
1700  3 2 1 1 2127  386  387 2226
1701  3 2 1 1  401 2128 2227  402
1702  3 2 1 1 2128 2129 2228 2227
1703  3 2 1 1 2129 2130 2229 2228
1704  3 2 1 1 2130 2131 2230 2229
1705  3 2 1 1 2131 2132 2231 2230
1706  3 2 1 1 2132 2133 2232 2231
1707  3 2 1 1 2133 2134 2233 2232
1708  3 2 1 1 2134 2135 2234 2233
1709  3 2 1 1 2135 2136 2235 2234
1710  3 2 1 1 2136 2137 2236 2235
1711  3 2 1 1 2137 2138 2237 2236
1712  3 2 1 1 2138 2139 2238 2237
1713  3 2 1 1 2139 2140 2239 2238
1714  3 2 1 1 2140 2141 2240 2239
1715  3 2 1 1 2141 2142 2241 2240
1716  3 2 1 1 2142 2143 2242 2241
1717  3 2 1 1 2143 2144 2243 2242
1718  3 2 1 1 2144 2145 2244 2243
1719  3 2 1 1 2145 2146 2245 2244
1720  3 2 1 1 2146 2147 2246 2245
1721  3 2 1 1 2147 2148 2247 2246
1722  3 2 1 1 2148 2149 2248 2247
1723  3 2 1 1 2149 2150 2249 2248
1724  3 2 1 1 2150 2151 2250 2249
1725  3 2 1 1 2151 2152 2251 2250
1726  3 2 1 1 2152 2153 2252 2251
1727  3 2 1 1 2153 2154 2253 2252
1728  3 2 1 1 2154 2155 2254 2253
1729  3 2 1 1 2155 2156 2255 2254
1730  3 2 1 1 2156 2157 2256 2255
1731  3 2 1 1 2157 2158 2257 2256
1732  3 2 1 1 2158 2159 2258 2257
1733  3 2 1 1 2159 2160 2259 2258
1734  3 2 1 1 2160 2161 2260 2259
1735  3 2 1 1 2161 2162 2261 2260
1736  3 2 1 1 2162 2163 2262 2261
1737  3 2 1 1 2163 2164 2263 2262
1738  3 2 1 1 2164 2165 2264 2263
1739  3 2 1 1 2165 2166 2265 2264
1740  3 2 1 1 2166 2167 2266 2265
1741  3 2 1 1 2167 2168 2267 2266
1742  3 2 1 1 2168 2169 2268 2267
1743  3 2 1 1 2169 2170 2269 2268
1744  3 2 1 1 2170 2171 2270 2269
1745  3 2 1 1 2171 2172 2271 2270
1746  3 2 1 1 2172 2173 2272 2271
1747  3 2 1 1 2173 2174 2273 2272
1748  3 2 1 1 2174 2175 2274 2273
1749  3 2 1 1 2175 2176 2275 2274
1750  3 2 1 1 2176 2177 2276 2275
1751  3 2 1 1 2177 2178 2277 2276
1752  3 2 1 1 2178 2179 2278 2277
1753  3 2 1 1 2179 2180 2279 2278
1754  3 2 1 1 2180 2181 2280 2279
1755  3 2 1 1 2181 2182 2281 2280
1756  3 2 1 1 2182 2183 2282 2281
1757  3 2 1 1 2183 2184 2283 2282
1758  3 2 1 1 2184 2185 2284 2283
1759  3 2 1 1 2185 2186 2285 2284
1760  3 2 1 1 2186 2187 2286 2285
1761  3 2 1 1 2187 2188 2287 2286
1762  3 2 1 1 2188 2189 2288 2287
1763  3 2 1 1 2189 2190 2289 2288
1764  3 2 1 1 2190 2191 2290 2289
1765  3 2 1 1 2191 2192 2291 2290
1766  3 2 1 1 2192 2193 2292 2291
1767  3 2 1 1 2193 2194 2293 2292
1768  3 2 1 1 2194 2195 2294 2293
1769  3 2 1 1 2195 2196 2295 2294
1770  3 2 1 1 2196 2197 2296 2295
1771  3 2 1 1 2197 2198 2297 2296
1772  3 2 1 1 2198 2199 2298 2297
1773  3 2 1 1 2199 2200 2299 2298
1774  3 2 1 1 2200 2201 2300 2299
1775  3 2 1 1 2201 2202 2301 2300
1776  3 2 1 1 2202 2203 2302 2301
1777  3 2 1 1 2203 2204 2303 2302
1778  3 2 1 1 2204 2205 2304 2303
1779  3 2 1 1 2205 2206 2305 2304
1780  3 2 1 1 2206 2207 2306 2305
1781  3 2 1 1 2207 2208 2307 2306
1782  3 2 1 1 2208 2209 2308 2307
1783  3 2 1 1 2209 2210 2309 2308
1784  3 2 1 1 2210 2211 2310 2309
1785  3 2 1 1 2211 2212 2311 2310
1786  3 2 1 1 2212 2213 2312 2311
1787  3 2 1 1 2213 2214 2313 2312
1788  3 2 1 1 2214 2215 2314 2313
1789  3 2 1 1 2215 2216 2315 2314
1790  3 2 1 1 2216 2217 2316 2315
1791  3 2 1 1 2217 2218 2317 2316
1792  3 2 1 1 2218 2219 2318 2317
1793  3 2 1 1 2219 2220 2319 2318
1794  3 2 1 1 2220 2221 2320 2319
1795  3 2 1 1 2221 2222 2321 2320
1796  3 2 1 1 2222 2223 2322 2321
1797  3 2 1 1 2223 2224 2323 2322
1798  3 2 1 1 2224 2225 2324 2323
1799  3 2 1 1 2225 2226 2325 2324
1800  3 2 1 1 2226  387  388 2325
1801  3 2 1 1  402 2227 2326  403
1802  3 2 1 1 2227 2228 2327 2326
1803  3 2 1 1 2228 2229 2328 2327
1804  3 2 1 1 2229 2230 2329 2328
1805  3 2 1 1 2230 2231 2330 2329
1806  3 2 1 1 2231 2232 2331 2330
1807  3 2 1 1 2232 2233 2332 2331
1808  3 2 1 1 2233 2234 2333 2332
1809  3 2 1 1 2234 2235 2334 2333
1810  3 2 1 1 2235 2236 2335 2334
1811  3 2 1 1 2236 2237 2336 2335
1812  3 2 1 1 2237 2238 2337 2336
1813  3 2 1 1 2238 2239 2338 2337
1814  3 2 1 1 2239 2240 2339 2338
1815  3 2 1 1 2240 2241 2340 2339
1816  3 2 1 1 2241 2242 2341 2340
1817  3 2 1 1 2242 2243 2342 2341
1818  3 2 1 1 2243 2244 2343 2342
1819  3 2 1 1 2244 2245 2344 2343
1820  3 2 1 1 2245 2246 2345 2344
1821  3 2 1 1 2246 2247 2346 2345
1822  3 2 1 1 2247 2248 2347 2346
1823  3 2 1 1 2248 2249 2348 2347
1824  3 2 1 1 2249 2250 2349 2348
1825  3 2 1 1 2250 2251 2350 2349
1826  3 2 1 1 2251 2252 2351 2350
1827  3 2 1 1 2252 2253 2352 2351
1828  3 2 1 1 2253 2254 2353 2352
1829  3 2 1 1 2254 2255 2354 2353
1830  3 2 1 1 2255 2256 2355 2354
1831  3 2 1 1 2256 2257 2356 2355
1832  3 2 1 1 2257 2258 2357 2356
1833  3 2 1 1 2258 2259 2358 2357
1834  3 2 1 1 2259 2260 2359 2358
1835  3 2 1 1 2260 2261 2360 2359
1836  3 2 1 1 2261 2262 2361 2360
1837  3 2 1 1 2262 2263 2362 2361
1838  3 2 1 1 2263 2264 2363 2362
1839  3 2 1 1 2264 2265 2364 2363
1840  3 2 1 1 2265 2266 2365 2364
1841  3 2 1 1 2266 2267 2366 2365
1842  3 2 1 1 2267 2268 2367 2366
1843  3 2 1 1 2268 2269 2368 2367
1844  3 2 1 1 2269 2270 2369 2368
1845  3 2 1 1 2270 2271 2370 2369
1846  3 2 1 1 2271 2272 2371 2370
1847  3 2 1 1 2272 2273 2372 2371
1848  3 2 1 1 2273 2274 2373 2372
1849  3 2 1 1 2274 2275 2374 2373
1850  3 2 1 1 2275 2276 2375 2374
1851  3 2 1 1 2276 2277 2376 2375
1852  3 2 1 1 2277 2278 2377 2376
1853  3 2 1 1 2278 2279 2378 2377
1854  3 2 1 1 2279 2280 2379 2378
1855  3 2 1 1 2280 2281 2380 2379
1856  3 2 1 1 2281 2282 2381 2380
1857  3 2 1 1 2282 2283 2382 2381
1858  3 2 1 1 2283 2284 2383 2382
1859  3 2 1 1 2284 2285 2384 2383
1860  3 2 1 1 2285 2286 2385 2384
1861  3 2 1 1 2286 2287 2386 2385
1862  3 2 1 1 2287 2288 2387 2386
1863  3 2 1 1 2288 2289 2388 2387
1864  3 2 1 1 2289 2290 2389 2388
1865  3 2 1 1 2290 2291 2390 2389
1866  3 2 1 1 2291 2292 2391 2390
1867  3 2 1 1 2292 2293 2392 2391
1868  3 2 1 1 2293 2294 2393 2392
1869  3 2 1 1 2294 2295 2394 2393
1870  3 2 1 1 2295 2296 2395 2394
1871  3 2 1 1 2296 2297 2396 2395
1872  3 2 1 1 2297 2298 2397 2396
1873  3 2 1 1 2298 2299 2398 2397
1874  3 2 1 1 2299 2300 2399 2398
1875  3 2 1 1 2300 2301 2400 2399
1876  3 2 1 1 2301 2302 2401 2400
1877  3 2 1 1 2302 2303 2402 2401
1878  3 2 1 1 2303 2304 2403 2402
1879  3 2 1 1 2304 2305 2404 2403
1880  3 2 1 1 2305 2306 2405 2404
1881  3 2 1 1 2306 2307 2406 2405
1882  3 2 1 1 2307 2308 2407 2406
1883  3 2 1 1 2308 2309 2408 2407
1884  3 2 1 1 2309 2310 2409 2408
1885  3 2 1 1 2310 2311 2410 2409
1886  3 2 1 1 2311 2312 2411 2410
1887  3 2 1 1 2312 2313 2412 2411
1888  3 2 1 1 2313 2314 2413 2412
1889  3 2 1 1 2314 2315 2414 2413
1890  3 2 1 1 2315 2316 2415 2414
1891  3 2 1 1 2316 2317 2416 2415
1892  3 2 1 1 2317 2318 2417 2416
1893  3 2 1 1 2318 2319 2418 2417
1894  3 2 1 1 2319 2320 2419 2418
1895  3 2 1 1 2320 2321 2420 2419
1896  3 2 1 1 2321 2322 2421 2420
1897  3 2 1 1 2322 2323 2422 2421
1898  3 2 1 1 2323 2324 2423 2422
1899  3 2 1 1 2324 2325 2424 2423
1900  3 2 1 1 2325  388  389 2424
1901  3 2 1 1  403 2326 2425  404
1902  3 2 1 1 2326 2327 2426 2425
1903  3 2 1 1 2327 2328 2427 2426
1904  3 2 1 1 2328 2329 2428 2427
1905  3 2 1 1 2329 2330 2429 2428
1906  3 2 1 1 2330 2331 2430 2429
1907  3 2 1 1 2331 2332 2431 2430
1908  3 2 1 1 2332 2333 2432 2431
1909  3 2 1 1 2333 2334 2433 2432
1910  3 2 1 1 2334 2335 2434 2433
1911  3 2 1 1 2335 2336 2435 2434
1912  3 2 1 1 2336 2337 2436 2435
1913  3 2 1 1 2337 2338 2437 2436
1914  3 2 1 1 2338 2339 2438 2437
1915  3 2 1 1 2339 2340 2439 2438
1916  3 2 1 1 2340 2341 2440 2439
1917  3 2 1 1 2341 2342 2441 2440
1918  3 2 1 1 2342 2343 2442 2441
1919  3 2 1 1 2343 2344 2443 2442
1920  3 2 1 1 2344 2345 2444 2443
1921  3 2 1 1 2345 2346 2445 2444
1922  3 2 1 1 2346 2347 2446 2445
1923  3 2 1 1 2347 2348 2447 2446
1924  3 2 1 1 2348 2349 2448 2447
1925  3 2 1 1 2349 2350 2449 2448
1926  3 2 1 1 2350 2351 2450 2449
1927  3 2 1 1 2351 2352 2451 2450
1928  3 2 1 1 2352 2353 2452 2451
1929  3 2 1 1 2353 2354 2453 2452
1930  3 2 1 1 2354 2355 2454 2453
1931  3 2 1 1 2355 2356 2455 2454
1932  3 2 1 1 2356 2357 2456 2455
1933  3 2 1 1 2357 2358 2457 2456
1934  3 2 1 1 2358 2359 2458 2457
1935  3 2 1 1 2359 2360 2459 2458
1936  3 2 1 1 2360 2361 2460 2459
1937  3 2 1 1 2361 2362 2461 2460
1938  3 2 1 1 2362 2363 2462 2461
1939  3 2 1 1 2363 2364 2463 2462
1940  3 2 1 1 2364 2365 2464 2463
1941  3 2 1 1 2365 2366 2465 2464
1942  3 2 1 1 2366 2367 2466 2465
1943  3 2 1 1 2367 2368 2467 2466
1944  3 2 1 1 2368 2369 2468 2467
1945  3 2 1 1 2369 2370 2469 2468
1946  3 2 1 1 2370 2371 2470 2469
1947  3 2 1 1 2371 2372 2471 2470
1948  3 2 1 1 2372 2373 2472 2471
1949  3 2 1 1 2373 2374 2473 2472
1950  3 2 1 1 2374 2375 2474 2473
1951  3 2 1 1 2375 2376 2475 2474
1952  3 2 1 1 2376 2377 2476 2475
1953  3 2 1 1 2377 2378 2477 2476
1954  3 2 1 1 2378 2379 2478 2477
1955  3 2 1 1 2379 2380 2479 2478
1956  3 2 1 1 2380 2381 2480 2479
1957  3 2 1 1 2381 2382 2481 2480
1958  3 2 1 1 2382 2383 2482 2481
1959  3 2 1 1 2383 2384 2483 2482
1960  3 2 1 1 2384 2385 2484 2483
1961  3 2 1 1 2385 2386 2485 2484
1962  3 2 1 1 2386 2387 2486 2485
1963  3 2 1 1 2387 2388 2487 2486
1964  3 2 1 1 2388 2389 2488 2487
1965  3 2 1 1 2389 2390 2489 2488
1966  3 2 1 1 2390 2391 2490 2489
1967  3 2 1 1 2391 2392 2491 2490
1968  3 2 1 1 2392 2393 2492 2491
1969  3 2 1 1 2393 2394 2493 2492
1970  3 2 1 1 2394 2395 2494 2493
1971  3 2 1 1 2395 2396 2495 2494
1972  3 2 1 1 2396 2397 2496 2495
1973  3 2 1 1 2397 2398 2497 2496
1974  3 2 1 1 2398 2399 2498 2497
1975  3 2 1 1 2399 2400 2499 2498
1976  3 2 1 1 2400 2401 2500 2499
1977  3 2 1 1 2401 2402 2501 2500
1978  3 2 1 1 2402 2403 2502 2501
1979  3 2 1 1 2403 2404 2503 2502
1980  3 2 1 1 2404 2405 2504 2503
1981  3 2 1 1 2405 2406 2505 2504
1982  3 2 1 1 2406 2407 2506 2505
1983  3 2 1 1 2407 2408 2507 2506
1984  3 2 1 1 2408 2409 2508 2507
1985  3 2 1 1 2409 2410 2509 2508
1986  3 2 1 1 2410 2411 2510 2509
1987  3 2 1 1 2411 2412 2511 2510
1988  3 2 1 1 2412 2413 2512 2511
1989  3 2 1 1 2413 2414 2513 2512
1990  3 2 1 1 2414 2415 2514 2513
1991  3 2 1 1 2415 2416 2515 2514
1992  3 2 1 1 2416 2417 2516 2515
1993  3 2 1 1 2417 2418 2517 2516
1994  3 2 1 1 2418 2419 2518 2517
1995  3 2 1 1 2419 2420 2519 2518
1996  3 2 1 1 2420 2421 2520 2519
1997  3 2 1 1 2421 2422 2521 2520
1998  3 2 1 1 2422 2423 2522 2521
1999  3 2 1 1 2423 2424 2523 2522
2000  3 2 1 1 2424  389  390 2523
2001  3 2 1 1  404 2425 2524  405
2002  3 2 1 1 2425 2426 2525 2524
2003  3 2 1 1 2426 2427 2526 2525
2004  3 2 1 1 2427 2428 2527 2526
2005  3 2 1 1 2428 2429 2528 2527
2006  3 2 1 1 2429 2430 2529 2528
2007  3 2 1 1 2430 2431 2530 2529
2008  3 2 1 1 2431 2432 2531 2530
2009  3 2 1 1 2432 2433 2532 2531
2010  3 2 1 1 2433 2434 2533 2532
2011  3 2 1 1 2434 2435 2534 2533
2012  3 2 1 1 2435 2436 2535 2534
2013  3 2 1 1 2436 2437 2536 2535
2014  3 2 1 1 2437 2438 2537 2536
2015  3 2 1 1 2438 2439 2538 2537
2016  3 2 1 1 2439 2440 2539 2538
2017  3 2 1 1 2440 2441 2540 2539
2018  3 2 1 1 2441 2442 2541 2540
2019  3 2 1 1 2442 2443 2542 2541
2020  3 2 1 1 2443 2444 2543 2542
2021  3 2 1 1 2444 2445 2544 2543
2022  3 2 1 1 2445 2446 2545 2544
2023  3 2 1 1 2446 2447 2546 2545
2024  3 2 1 1 2447 2448 2547 2546
2025  3 2 1 1 2448 2449 2548 2547
2026  3 2 1 1 2449 2450 2549 2548
2027  3 2 1 1 2450 2451 2550 2549
2028  3 2 1 1 2451 2452 2551 2550
2029  3 2 1 1 2452 2453 2552 2551
2030  3 2 1 1 2453 2454 2553 2552
2031  3 2 1 1 2454 2455 2554 2553
2032  3 2 1 1 2455 2456 2555 2554
2033  3 2 1 1 2456 2457 2556 2555
2034  3 2 1 1 2457 2458 2557 2556
2035  3 2 1 1 2458 2459 2558 2557
2036  3 2 1 1 2459 2460 2559 2558
2037  3 2 1 1 2460 2461 2560 2559
2038  3 2 1 1 2461 2462 2561 2560
2039  3 2 1 1 2462 2463 2562 2561
2040  3 2 1 1 2463 2464 2563 2562
2041  3 2 1 1 2464 2465 2564 2563
2042  3 2 1 1 2465 2466 2565 2564
2043  3 2 1 1 2466 2467 2566 2565
2044  3 2 1 1 2467 2468 2567 2566
2045  3 2 1 1 2468 2469 2568 2567
2046  3 2 1 1 2469 2470 2569 2568
2047  3 2 1 1 2470 2471 2570 2569
2048  3 2 1 1 2471 2472 2571 2570
2049  3 2 1 1 2472 2473 2572 2571
2050  3 2 1 1 2473 2474 2573 2572
2051  3 2 1 1 2474 2475 2574 2573
2052  3 2 1 1 2475 2476 2575 2574
2053  3 2 1 1 2476 2477 2576 2575
2054  3 2 1 1 2477 2478 2577 2576
2055  3 2 1 1 2478 2479 2578 2577
2056  3 2 1 1 2479 2480 2579 2578
2057  3 2 1 1 2480 2481 2580 2579
2058  3 2 1 1 2481 2482 2581 2580
2059  3 2 1 1 2482 2483 2582 2581
2060  3 2 1 1 2483 2484 2583 2582
2061  3 2 1 1 2484 2485 2584 2583
2062  3 2 1 1 2485 2486 2585 2584
2063  3 2 1 1 2486 2487 2586 2585
2064  3 2 1 1 2487 2488 2587 2586
2065  3 2 1 1 2488 2489 2588 2587
2066  3 2 1 1 2489 2490 2589 2588
2067  3 2 1 1 2490 2491 2590 2589
2068  3 2 1 1 2491 2492 2591 2590
2069  3 2 1 1 2492 2493 2592 2591
2070  3 2 1 1 2493 2494 2593 2592
2071  3 2 1 1 2494 2495 2594 2593
2072  3 2 1 1 2495 2496 2595 2594
2073  3 2 1 1 2496 2497 2596 2595
2074  3 2 1 1 2497 2498 2597 2596
2075  3 2 1 1 2498 2499 2598 2597
2076  3 2 1 1 2499 2500 2599 2598
2077  3 2 1 1 2500 2501 2600 2599
2078  3 2 1 1 2501 2502 2601 2600
2079  3 2 1 1 2502 2503 2602 2601
2080  3 2 1 1 2503 2504 2603 2602
2081  3 2 1 1 2504 2505 2604 2603
2082  3 2 1 1 2505 2506 2605 2604
2083  3 2 1 1 2506 2507 2606 2605
2084  3 2 1 1 2507 2508 2607 2606
2085  3 2 1 1 2508 2509 2608 2607
2086  3 2 1 1 2509 2510 2609 2608
2087  3 2 1 1 2510 2511 2610 2609
2088  3 2 1 1 2511 2512 2611 2610
2089  3 2 1 1 2512 2513 2612 2611
2090  3 2 1 1 2513 2514 2613 2612
2091  3 2 1 1 2514 2515 2614 2613
2092  3 2 1 1 2515 2516 2615 2614
2093  3 2 1 1 2516 2517 2616 2615
2094  3 2 1 1 2517 2518 2617 2616
2095  3 2 1 1 2518 2519 2618 2617
2096  3 2 1 1 2519 2520 2619 2618
2097  3 2 1 1 2520 2521 2620 2619
2098  3 2 1 1 2521 2522 2621 2620
2099  3 2 1 1 2522 2523 2622 2621
2100  3 2 1 1 2523  390  391 2622
2101  3 2 1 1  405 2524 2623  406
2102  3 2 1 1 2524 2525 2624 2623
2103  3 2 1 1 2525 2526 2625 2624
2104  3 2 1 1 2526 2527 2626 2625
2105  3 2 1 1 2527 2528 2627 2626
2106  3 2 1 1 2528 2529 2628 2627
2107  3 2 1 1 2529 2530 2629 2628
2108  3 2 1 1 2530 2531 2630 2629
2109  3 2 1 1 2531 2532 2631 2630
2110  3 2 1 1 2532 2533 2632 2631
2111  3 2 1 1 2533 2534 2633 2632
2112  3 2 1 1 2534 2535 2634 2633
2113  3 2 1 1 2535 2536 2635 2634
2114  3 2 1 1 2536 2537 2636 2635
2115  3 2 1 1 2537 2538 2637 2636
2116  3 2 1 1 2538 2539 2638 2637
2117  3 2 1 1 2539 2540 2639 2638
2118  3 2 1 1 2540 2541 2640 2639
2119  3 2 1 1 2541 2542 2641 2640
2120  3 2 1 1 2542 2543 2642 2641
2121  3 2 1 1 2543 2544 2643 2642
2122  3 2 1 1 2544 2545 2644 2643
2123  3 2 1 1 2545 2546 2645 2644
2124  3 2 1 1 2546 2547 2646 2645
2125  3 2 1 1 2547 2548 2647 2646
2126  3 2 1 1 2548 2549 2648 2647
2127  3 2 1 1 2549 2550 2649 2648
2128  3 2 1 1 2550 2551 2650 2649
2129  3 2 1 1 2551 2552 2651 2650
2130  3 2 1 1 2552 2553 2652 2651
2131  3 2 1 1 2553 2554 2653 2652
2132  3 2 1 1 2554 2555 2654 2653
2133  3 2 1 1 2555 2556 2655 2654
2134  3 2 1 1 2556 2557 2656 2655
2135  3 2 1 1 2557 2558 2657 2656
2136  3 2 1 1 2558 2559 2658 2657
2137  3 2 1 1 2559 2560 2659 2658
2138  3 2 1 1 2560 2561 2660 2659
2139  3 2 1 1 2561 2562 2661 2660
2140  3 2 1 1 2562 2563 2662 2661
2141  3 2 1 1 2563 2564 2663 2662
2142  3 2 1 1 2564 2565 2664 2663
2143  3 2 1 1 2565 2566 2665 2664
2144  3 2 1 1 2566 2567 2666 2665
2145  3 2 1 1 2567 2568 2667 2666
2146  3 2 1 1 2568 2569 2668 2667
2147  3 2 1 1 2569 2570 2669 2668
2148  3 2 1 1 2570 2571 2670 2669
2149  3 2 1 1 2571 2572 2671 2670
2150  3 2 1 1 2572 2573 2672 2671
2151  3 2 1 1 2573 2574 2673 2672
2152  3 2 1 1 2574 2575 2674 2673
2153  3 2 1 1 2575 2576 2675 2674
2154  3 2 1 1 2576 2577 2676 2675
2155  3 2 1 1 2577 2578 2677 2676
2156  3 2 1 1 2578 2579 2678 2677
2157  3 2 1 1 2579 2580 2679 2678
2158  3 2 1 1 2580 2581 2680 2679
2159  3 2 1 1 2581 2582 2681 2680
2160  3 2 1 1 2582 2583 2682 2681
2161  3 2 1 1 2583 2584 2683 2682
2162  3 2 1 1 2584 2585 2684 2683
2163  3 2 1 1 2585 2586 2685 2684
2164  3 2 1 1 2586 2587 2686 2685
2165  3 2 1 1 2587 2588 2687 2686
2166  3 2 1 1 2588 2589 2688 2687
2167  3 2 1 1 2589 2590 2689 2688
2168  3 2 1 1 2590 2591 2690 2689
2169  3 2 1 1 2591 2592 2691 2690
2170  3 2 1 1 2592 2593 2692 2691
2171  3 2 1 1 2593 2594 2693 2692
2172  3 2 1 1 2594 2595 2694 2693
2173  3 2 1 1 2595 2596 2695 2694
2174  3 2 1 1 2596 2597 2696 2695
2175  3 2 1 1 2597 2598 2697 2696
2176  3 2 1 1 2598 2599 2698 2697
2177  3 2 1 1 2599 2600 2699 2698
2178  3 2 1 1 2600 2601 2700 2699
2179  3 2 1 1 2601 2602 2701 2700
2180  3 2 1 1 2602 2603 2702 2701
2181  3 2 1 1 2603 2604 2703 2702
2182  3 2 1 1 2604 2605 2704 2703
2183  3 2 1 1 2605 2606 2705 2704
2184  3 2 1 1 2606 2607 2706 2705
2185  3 2 1 1 2607 2608 2707 2706
2186  3 2 1 1 2608 2609 2708 2707
2187  3 2 1 1 2609 2610 2709 2708
2188  3 2 1 1 2610 2611 2710 2709
2189  3 2 1 1 2611 2612 2711 2710
2190  3 2 1 1 2612 2613 2712 2711
2191  3 2 1 1 2613 2614 2713 2712
2192  3 2 1 1 2614 2615 2714 2713
2193  3 2 1 1 2615 2616 2715 2714
2194  3 2 1 1 2616 2617 2716 2715
2195  3 2 1 1 2617 2618 2717 2716
2196  3 2 1 1 2618 2619 2718 2717
2197  3 2 1 1 2619 2620 2719 2718
2198  3 2 1 1 2620 2621 2720 2719
2199  3 2 1 1 2621 2622 2721 2720
2200  3 2 1 1 2622  391  392 2721
2201  3 2 1 1  406 2623 2722  407
2202  3 2 1 1 2623 2624 2723 2722
2203  3 2 1 1 2624 2625 2724 2723
2204  3 2 1 1 2625 2626 2725 2724
2205  3 2 1 1 2626 2627 2726 2725
2206  3 2 1 1 2627 2628 2727 2726
2207  3 2 1 1 2628 2629 2728 2727
2208  3 2 1 1 2629 2630 2729 2728
2209  3 2 1 1 2630 2631 2730 2729
2210  3 2 1 1 2631 2632 2731 2730
2211  3 2 1 1 2632 2633 2732 2731
2212  3 2 1 1 2633 2634 2733 2732
2213  3 2 1 1 2634 2635 2734 2733
2214  3 2 1 1 2635 2636 2735 2734
2215  3 2 1 1 2636 2637 2736 2735
2216  3 2 1 1 2637 2638 2737 2736
2217  3 2 1 1 2638 2639 2738 2737
2218  3 2 1 1 2639 2640 2739 2738
2219  3 2 1 1 2640 2641 2740 2739
2220  3 2 1 1 2641 2642 2741 2740
2221  3 2 1 1 2642 2643 2742 2741
2222  3 2 1 1 2643 2644 2743 2742
2223  3 2 1 1 2644 2645 2744 2743
2224  3 2 1 1 2645 2646 2745 2744
2225  3 2 1 1 2646 2647 2746 2745
2226  3 2 1 1 2647 2648 2747 2746
2227  3 2 1 1 2648 2649 2748 2747
2228  3 2 1 1 2649 2650 2749 2748
2229  3 2 1 1 2650 2651 2750 2749
2230  3 2 1 1 2651 2652 2751 2750
2231  3 2 1 1 2652 2653 2752 2751
2232  3 2 1 1 2653 2654 2753 2752
2233  3 2 1 1 2654 2655 2754 2753
2234  3 2 1 1 2655 2656 2755 2754
2235  3 2 1 1 2656 2657 2756 2755
2236  3 2 1 1 2657 2658 2757 2756
2237  3 2 1 1 2658 2659 2758 2757
2238  3 2 1 1 2659 2660 2759 2758
2239  3 2 1 1 2660 2661 2760 2759
2240  3 2 1 1 2661 2662 2761 2760
2241  3 2 1 1 2662 2663 2762 2761
2242  3 2 1 1 2663 2664 2763 2762
2243  3 2 1 1 2664 2665 2764 2763
2244  3 2 1 1 2665 2666 2765 2764
2245  3 2 1 1 2666 2667 2766 2765
2246  3 2 1 1 2667 2668 2767 2766
2247  3 2 1 1 2668 2669 2768 2767
2248  3 2 1 1 2669 2670 2769 2768
2249  3 2 1 1 2670 2671 2770 2769
2250  3 2 1 1 2671 2672 2771 2770
2251  3 2 1 1 2672 2673 2772 2771
2252  3 2 1 1 2673 2674 2773 2772
2253  3 2 1 1 2674 2675 2774 2773
2254  3 2 1 1 2675 2676 2775 2774
2255  3 2 1 1 2676 2677 2776 2775
2256  3 2 1 1 2677 2678 2777 2776
2257  3 2 1 1 2678 2679 2778 2777
2258  3 2 1 1 2679 2680 2779 2778
2259  3 2 1 1 2680 2681 2780 2779
2260  3 2 1 1 2681 2682 2781 2780
2261  3 2 1 1 2682 2683 2782 2781
2262  3 2 1 1 2683 2684 2783 2782
2263  3 2 1 1 2684 2685 2784 2783
2264  3 2 1 1 2685 2686 2785 2784
2265  3 2 1 1 2686 2687 2786 2785
2266  3 2 1 1 2687 2688 2787 2786
2267  3 2 1 1 2688 2689 2788 2787
2268  3 2 1 1 2689 2690 2789 2788
2269  3 2 1 1 2690 2691 2790 2789
2270  3 2 1 1 2691 2692 2791 2790
2271  3 2 1 1 2692 2693 2792 2791
2272  3 2 1 1 2693 2694 2793 2792
2273  3 2 1 1 2694 2695 2794 2793
2274  3 2 1 1 2695 2696 2795 2794
2275  3 2 1 1 2696 2697 2796 2795
2276  3 2 1 1 2697 2698 2797 2796
2277  3 2 1 1 2698 2699 2798 2797
2278  3 2 1 1 2699 2700 2799 2798
2279  3 2 1 1 2700 2701 2800 2799
2280  3 2 1 1 2701 2702 2801 2800
2281  3 2 1 1 2702 2703 2802 2801
2282  3 2 1 1 2703 2704 2803 2802
2283  3 2 1 1 2704 2705 2804 2803
2284  3 2 1 1 2705 2706 2805 2804
2285  3 2 1 1 2706 2707 2806 2805
2286  3 2 1 1 2707 2708 2807 2806
2287  3 2 1 1 2708 2709 2808 2807
2288  3 2 1 1 2709 2710 2809 2808
2289  3 2 1 1 2710 2711 2810 2809
2290  3 2 1 1 2711 2712 2811 2810
2291  3 2 1 1 2712 2713 2812 2811
2292  3 2 1 1 2713 2714 2813 2812
2293  3 2 1 1 2714 2715 2814 2813
2294  3 2 1 1 2715 2716 2815 2814
2295  3 2 1 1 2716 2717 2816 2815
2296  3 2 1 1 2717 2718 2817 2816
2297  3 2 1 1 2718 2719 2818 2817
2298  3 2 1 1 2719 2720 2819 2818
2299  3 2 1 1 2720 2721 2820 2819
2300  3 2 1 1 2721  392  393 2820
2301  3 2 1 1  407 2722 2821  408
2302  3 2 1 1 2722 2723 2822 2821
2303  3 2 1 1 2723 2724 2823 2822
2304  3 2 1 1 2724 2725 2824 2823
2305  3 2 1 1 2725 2726 2825 2824
2306  3 2 1 1 2726 2727 2826 2825
2307  3 2 1 1 2727 2728 2827 2826
2308  3 2 1 1 2728 2729 2828 2827
2309  3 2 1 1 2729 2730 2829 2828
2310  3 2 1 1 2730 2731 2830 2829
2311  3 2 1 1 2731 2732 2831 2830
2312  3 2 1 1 2732 2733 2832 2831
2313  3 2 1 1 2733 2734 2833 2832
2314  3 2 1 1 2734 2735 2834 2833
2315  3 2 1 1 2735 2736 2835 2834
2316  3 2 1 1 2736 2737 2836 2835
2317  3 2 1 1 2737 2738 2837 2836
2318  3 2 1 1 2738 2739 2838 2837
2319  3 2 1 1 2739 2740 2839 2838
2320  3 2 1 1 2740 2741 2840 2839
2321  3 2 1 1 2741 2742 2841 2840
2322  3 2 1 1 2742 2743 2842 2841
2323  3 2 1 1 2743 2744 2843 2842
2324  3 2 1 1 2744 2745 2844 2843
2325  3 2 1 1 2745 2746 2845 2844
2326  3 2 1 1 2746 2747 2846 2845
2327  3 2 1 1 2747 2748 2847 2846
2328  3 2 1 1 2748 2749 2848 2847
2329  3 2 1 1 2749 2750 2849 2848
2330  3 2 1 1 2750 2751 2850 2849
2331  3 2 1 1 2751 2752 2851 2850
2332  3 2 1 1 2752 2753 2852 2851
2333  3 2 1 1 2753 2754 2853 2852
2334  3 2 1 1 2754 2755 2854 2853
2335  3 2 1 1 2755 2756 2855 2854
2336  3 2 1 1 2756 2757 2856 2855
2337  3 2 1 1 2757 2758 2857 2856
2338  3 2 1 1 2758 2759 2858 2857
2339  3 2 1 1 2759 2760 2859 2858
2340  3 2 1 1 2760 2761 2860 2859
2341  3 2 1 1 2761 2762 2861 2860
2342  3 2 1 1 2762 2763 2862 2861
2343  3 2 1 1 2763 2764 2863 2862
2344  3 2 1 1 2764 2765 2864 2863
2345  3 2 1 1 2765 2766 2865 2864
2346  3 2 1 1 2766 2767 2866 2865
2347  3 2 1 1 2767 2768 2867 2866
2348  3 2 1 1 2768 2769 2868 2867
2349  3 2 1 1 2769 2770 2869 2868
2350  3 2 1 1 2770 2771 2870 2869
2351  3 2 1 1 2771 2772 2871 2870
2352  3 2 1 1 2772 2773 2872 2871
2353  3 2 1 1 2773 2774 2873 2872
2354  3 2 1 1 2774 2775 2874 2873
2355  3 2 1 1 2775 2776 2875 2874
2356  3 2 1 1 2776 2777 2876 2875
2357  3 2 1 1 2777 2778 2877 2876
2358  3 2 1 1 2778 2779 2878 2877
2359  3 2 1 1 2779 2780 2879 2878
2360  3 2 1 1 2780 2781 2880 2879
2361  3 2 1 1 2781 2782 2881 2880
2362  3 2 1 1 2782 2783 2882 2881
2363  3 2 1 1 2783 2784 2883 2882
2364  3 2 1 1 2784 2785 2884 2883
2365  3 2 1 1 2785 2786 2885 2884
2366  3 2 1 1 2786 2787 2886 2885
2367  3 2 1 1 2787 2788 2887 2886
2368  3 2 1 1 2788 2789 2888 2887
2369  3 2 1 1 2789 2790 2889 2888
2370  3 2 1 1 2790 2791 2890 2889
2371  3 2 1 1 2791 2792 2891 2890
2372  3 2 1 1 2792 2793 2892 2891
2373  3 2 1 1 2793 2794 2893 2892
2374  3 2 1 1 2794 2795 2894 2893
2375  3 2 1 1 2795 2796 2895 2894
2376  3 2 1 1 2796 2797 2896 2895
2377  3 2 1 1 2797 2798 2897 2896
2378  3 2 1 1 2798 2799 2898 2897
2379  3 2 1 1 2799 2800 2899 2898
2380  3 2 1 1 2800 2801 2900 2899
2381  3 2 1 1 2801 2802 2901 2900
2382  3 2 1 1 2802 2803 2902 2901
2383  3 2 1 1 2803 2804 2903 2902
2384  3 2 1 1 2804 2805 2904 2903
2385  3 2 1 1 2805 2806 2905 2904
2386  3 2 1 1 2806 2807 2906 2905
2387  3 2 1 1 2807 2808 2907 2906
2388  3 2 1 1 2808 2809 2908 2907
2389  3 2 1 1 2809 2810 2909 2908
2390  3 2 1 1 2810 2811 2910 2909
2391  3 2 1 1 2811 2812 2911 2910
2392  3 2 1 1 2812 2813 2912 2911
2393  3 2 1 1 2813 2814 2913 2912
2394  3 2 1 1 2814 2815 2914 2913
2395  3 2 1 1 2815 2816 2915 2914
2396  3 2 1 1 2816 2817 2916 2915
2397  3 2 1 1 2817 2818 2917 2916
2398  3 2 1 1 2818 2819 2918 2917
2399  3 2 1 1 2819 2820 2919 2918
2400  3 2 1 1 2820  393  394 2919
2401  3 2 1 1  408 2821 2920  409
2402  3 2 1 1 2821 2822 2921 2920
2403  3 2 1 1 2822 2823 2922 2921
2404  3 2 1 1 2823 2824 2923 2922
2405  3 2 1 1 2824 2825 2924 2923
2406  3 2 1 1 2825 2826 2925 2924
2407  3 2 1 1 2826 2827 2926 2925
2408  3 2 1 1 2827 2828 2927 2926
2409  3 2 1 1 2828 2829 2928 2927
2410  3 2 1 1 2829 2830 2929 2928
2411  3 2 1 1 2830 2831 2930 2929
2412  3 2 1 1 2831 2832 2931 2930
2413  3 2 1 1 2832 2833 2932 2931
2414  3 2 1 1 2833 2834 2933 2932
2415  3 2 1 1 2834 2835 2934 2933
2416  3 2 1 1 2835 2836 2935 2934
2417  3 2 1 1 2836 2837 2936 2935
2418  3 2 1 1 2837 2838 2937 2936
2419  3 2 1 1 2838 2839 2938 2937
2420  3 2 1 1 2839 2840 2939 2938
2421  3 2 1 1 2840 2841 2940 2939
2422  3 2 1 1 2841 2842 2941 2940
2423  3 2 1 1 2842 2843 2942 2941
2424  3 2 1 1 2843 2844 2943 2942
2425  3 2 1 1 2844 2845 2944 2943
2426  3 2 1 1 2845 2846 2945 2944
2427  3 2 1 1 2846 2847 2946 2945
2428  3 2 1 1 2847 2848 2947 2946
2429  3 2 1 1 2848 2849 2948 2947
2430  3 2 1 1 2849 2850 2949 2948
2431  3 2 1 1 2850 2851 2950 2949
2432  3 2 1 1 2851 2852 2951 2950
2433  3 2 1 1 2852 2853 2952 2951
2434  3 2 1 1 2853 2854 2953 2952
2435  3 2 1 1 2854 2855 2954 2953
2436  3 2 1 1 2855 2856 2955 2954
2437  3 2 1 1 2856 2857 2956 2955
2438  3 2 1 1 2857 2858 2957 2956
2439  3 2 1 1 2858 2859 2958 2957
2440  3 2 1 1 2859 2860 2959 2958
2441  3 2 1 1 2860 2861 2960 2959
2442  3 2 1 1 2861 2862 2961 2960
2443  3 2 1 1 2862 2863 2962 2961
2444  3 2 1 1 2863 2864 2963 2962
2445  3 2 1 1 2864 2865 2964 2963
2446  3 2 1 1 2865 2866 2965 2964
2447  3 2 1 1 2866 2867 2966 2965
2448  3 2 1 1 2867 2868 2967 2966
2449  3 2 1 1 2868 2869 2968 2967
2450  3 2 1 1 2869 2870 2969 2968
2451  3 2 1 1 2870 2871 2970 2969
2452  3 2 1 1 2871 2872 2971 2970
2453  3 2 1 1 2872 2873 2972 2971
2454  3 2 1 1 2873 2874 2973 2972
2455  3 2 1 1 2874 2875 2974 2973
2456  3 2 1 1 2875 2876 2975 2974
2457  3 2 1 1 2876 2877 2976 2975
2458  3 2 1 1 2877 2878 2977 2976
2459  3 2 1 1 2878 2879 2978 2977
2460  3 2 1 1 2879 2880 2979 2978
2461  3 2 1 1 2880 2881 2980 2979
2462  3 2 1 1 2881 2882 2981 2980
2463  3 2 1 1 2882 2883 2982 2981
2464  3 2 1 1 2883 2884 2983 2982
2465  3 2 1 1 2884 2885 2984 2983
2466  3 2 1 1 2885 2886 2985 2984
2467  3 2 1 1 2886 2887 2986 2985
2468  3 2 1 1 2887 2888 2987 2986
2469  3 2 1 1 2888 2889 2988 2987
2470  3 2 1 1 2889 2890 2989 2988
2471  3 2 1 1 2890 2891 2990 2989
2472  3 2 1 1 2891 2892 2991 2990
2473  3 2 1 1 2892 2893 2992 2991
2474  3 2 1 1 2893 2894 2993 2992
2475  3 2 1 1 2894 2895 2994 2993
2476  3 2 1 1 2895 2896 2995 2994
2477  3 2 1 1 2896 2897 2996 2995
2478  3 2 1 1 2897 2898 2997 2996
2479  3 2 1 1 2898 2899 2998 2997
2480  3 2 1 1 2899 2900 2999 2998
2481  3 2 1 1 2900 2901 3000 2999
2482  3 2 1 1 2901 2902 3001 3000
2483  3 2 1 1 2902 2903 3002 3001
2484  3 2 1 1 2903 2904 3003 3002
2485  3 2 1 1 2904 2905 3004 3003
2486  3 2 1 1 2905 2906 3005 3004
2487  3 2 1 1 2906 2907 3006 3005
2488  3 2 1 1 2907 2908 3007 3006
2489  3 2 1 1 2908 2909 3008 3007
2490  3 2 1 1 2909 2910 3009 3008
2491  3 2 1 1 2910 2911 3010 3009
2492  3 2 1 1 2911 2912 3011 3010
2493  3 2 1 1 2912 2913 3012 3011
2494  3 2 1 1 2913 2914 3013 3012
2495  3 2 1 1 2914 2915 3014 3013
2496  3 2 1 1 2915 2916 3015 3014
2497  3 2 1 1 2916 2917 3016 3015
2498  3 2 1 1 2917 2918 3017 3016
2499  3 2 1 1 2918 2919 3018 3017
2500  3 2 1 1 2919  394  395 3018
2501  3 2 1 1  409 2920  349   13
2502  3 2 1 1 2920 2921  348  349
2503  3 2 1 1 2921 2922  347  348
2504  3 2 1 1 2922 2923  346  347
2505  3 2 1 1 2923 2924  345  346
2506  3 2 1 1 2924 2925  344  345
2507  3 2 1 1 2925 2926  343  344
2508  3 2 1 1 2926 2927  342  343
2509  3 2 1 1 2927 2928  341  342
2510  3 2 1 1 2928 2929  340  341
2511  3 2 1 1 2929 2930  339  340
2512  3 2 1 1 2930 2931  338  339
2513  3 2 1 1 2931 2932  337  338
2514  3 2 1 1 2932 2933  336  337
2515  3 2 1 1 2933 2934  335  336
2516  3 2 1 1 2934 2935  334  335
2517  3 2 1 1 2935 2936  333  334
2518  3 2 1 1 2936 2937  332  333
2519  3 2 1 1 2937 2938  331  332
2520  3 2 1 1 2938 2939  330  331
2521  3 2 1 1 2939 2940  329  330
2522  3 2 1 1 2940 2941  328  329
2523  3 2 1 1 2941 2942  327  328
2524  3 2 1 1 2942 2943  326  327
2525  3 2 1 1 2943 2944  325  326
2526  3 2 1 1 2944 2945  324  325
2527  3 2 1 1 2945 2946  323  324
2528  3 2 1 1 2946 2947  322  323
2529  3 2 1 1 2947 2948  321  322
2530  3 2 1 1 2948 2949  320  321
2531  3 2 1 1 2949 2950  319  320
2532  3 2 1 1 2950 2951  318  319
2533  3 2 1 1 2951 2952  317  318
2534  3 2 1 1 2952 2953  316  317
2535  3 2 1 1 2953 2954  315  316
2536  3 2 1 1 2954 2955  314  315
2537  3 2 1 1 2955 2956  313  314
2538  3 2 1 1 2956 2957  312  313
2539  3 2 1 1 2957 2958  311  312
2540  3 2 1 1 2958 2959  310  311
2541  3 2 1 1 2959 2960  309  310
2542  3 2 1 1 2960 2961  308  309
2543  3 2 1 1 2961 2962  307  308
2544  3 2 1 1 2962 2963  306  307
2545  3 2 1 1 2963 2964  305  306
2546  3 2 1 1 2964 2965  304  305
2547  3 2 1 1 2965 2966  303  304
2548  3 2 1 1 2966 2967  302  303
2549  3 2 1 1 2967 2968  301  302
2550  3 2 1 1 2968 2969  300  301
2551  3 2 1 1 2969 2970  299  300
2552  3 2 1 1 2970 2971  298  299
2553  3 2 1 1 2971 2972  297  298
2554  3 2 1 1 2972 2973  296  297
2555  3 2 1 1 2973 2974  295  296
2556  3 2 1 1 2974 2975  294  295
2557  3 2 1 1 2975 2976  293  294
2558  3 2 1 1 2976 2977  292  293
2559  3 2 1 1 2977 2978  291  292
2560  3 2 1 1 2978 2979  290  291
2561  3 2 1 1 2979 2980  289  290
2562  3 2 1 1 2980 2981  288  289
2563  3 2 1 1 2981 2982  287  288
2564  3 2 1 1 2982 2983  286  287
2565  3 2 1 1 2983 2984  285  286
2566  3 2 1 1 2984 2985  284  285
2567  3 2 1 1 2985 2986  283  284
2568  3 2 1 1 2986 2987  282  283
2569  3 2 1 1 2987 2988  281  282
2570  3 2 1 1 2988 2989  280  281
2571  3 2 1 1 2989 2990  279  280
2572  3 2 1 1 2990 2991  278  279
2573  3 2 1 1 2991 2992  277  278
2574  3 2 1 1 2992 2993  276  277
2575  3 2 1 1 2993 2994  275  276
2576  3 2 1 1 2994 2995  274  275
2577  3 2 1 1 2995 2996  273  274
2578  3 2 1 1 2996 2997  272  273
2579  3 2 1 1 2997 2998  271  272
2580  3 2 1 1 2998 2999  270  271
2581  3 2 1 1 2999 3000  269  270
2582  3 2 1 1 3000 3001  268  269
2583  3 2 1 1 3001 3002  267  268
2584  3 2 1 1 3002 3003  266  267
2585  3 2 1 1 3003 3004  265  266
2586  3 2 1 1 3004 3005  264  265
2587  3 2 1 1 3005 3006  263  264
2588  3 2 1 1 3006 3007  262  263
2589  3 2 1 1 3007 3008  261  262
2590  3 2 1 1 3008 3009  260  261
2591  3 2 1 1 3009 3010  259  260
2592  3 2 1 1 3010 3011  258  259
2593  3 2 1 1 3011 3012  257  258
2594  3 2 1 1 3012 3013  256  257
2595  3 2 1 1 3013 3014  255  256
2596  3 2 1 1 3014 3015  254  255
2597  3 2 1 1 3015 3016  253  254
2598  3 2 1 1 3016 3017  252  253
2599  3 2 1 1 3017 3018  251  252
2600  3 2 1 1 3018  395   12  251
2601  3 2 1 1    5  110 3019  410
2602  3 2 1 1  110  111 3020 3019
2603  3 2 1 1  111  112 3021 3020
2604  3 2 1 1  112  113 3022 3021
2605  3 2 1 1  113  114 3023 3022
2606  3 2 1 1  114  115 3024 3023
2607  3 2 1 1  115  116 3025 3024
2608  3 2 1 1  116  117 3026 3025
2609  3 2 1 1  117  118 3027 3026
2610  3 2 1 1  118  119 3028 3027
2611  3 2 1 1  119  120 3029 3028
2612  3 2 1 1  120  121 3030 3029
2613  3 2 1 1  121  122 3031 3030
2614  3 2 1 1  122  123 3032 3031
2615  3 2 1 1  123  124 3033 3032
2616  3 2 1 1  124  125 3034 3033
2617  3 2 1 1  125  126 3035 3034
2618  3 2 1 1  126  127 3036 3035
2619  3 2 1 1  127  128 3037 3036
2620  3 2 1 1  128  129 3038 3037
2621  3 2 1 1  129  130 3039 3038
2622  3 2 1 1  130    8  396 3039
2623  3 2 1 1  410 3019 3040  411
2624  3 2 1 1 3019 3020 3041 3040
2625  3 2 1 1 3020 3021 3042 3041
2626  3 2 1 1 3021 3022 3043 3042
2627  3 2 1 1 3022 3023 3044 3043
2628  3 2 1 1 3023 3024 3045 3044
2629  3 2 1 1 3024 3025 3046 3045
2630  3 2 1 1 3025 3026 3047 3046
2631  3 2 1 1 3026 3027 3048 3047
2632  3 2 1 1 3027 3028 3049 3048
2633  3 2 1 1 3028 3029 3050 3049
2634  3 2 1 1 3029 3030 3051 3050
2635  3 2 1 1 3030 3031 3052 3051
2636  3 2 1 1 3031 3032 3053 3052
2637  3 2 1 1 3032 3033 3054 3053
2638  3 2 1 1 3033 3034 3055 3054
2639  3 2 1 1 3034 3035 3056 3055
2640  3 2 1 1 3035 3036 3057 3056
2641  3 2 1 1 3036 3037 3058 3057
2642  3 2 1 1 3037 3038 3059 3058
2643  3 2 1 1 3038 3039 3060 3059
2644  3 2 1 1 3039  396  397 3060
2645  3 2 1 1  411 3040 3061  412
2646  3 2 1 1 3040 3041 3062 3061
2647  3 2 1 1 3041 3042 3063 3062
2648  3 2 1 1 3042 3043 3064 3063
2649  3 2 1 1 3043 3044 3065 3064
2650  3 2 1 1 3044 3045 3066 3065
2651  3 2 1 1 3045 3046 3067 3066
2652  3 2 1 1 3046 3047 3068 3067
2653  3 2 1 1 3047 3048 3069 3068
2654  3 2 1 1 3048 3049 3070 3069
2655  3 2 1 1 3049 3050 3071 3070
2656  3 2 1 1 3050 3051 3072 3071
2657  3 2 1 1 3051 3052 3073 3072
2658  3 2 1 1 3052 3053 3074 3073
2659  3 2 1 1 3053 3054 3075 3074
2660  3 2 1 1 3054 3055 3076 3075
2661  3 2 1 1 3055 3056 3077 3076
2662  3 2 1 1 3056 3057 3078 3077
2663  3 2 1 1 3057 3058 3079 3078
2664  3 2 1 1 3058 3059 3080 3079
2665  3 2 1 1 3059 3060 3081 3080
2666  3 2 1 1 3060  397  398 3081
2667  3 2 1 1  412 3061 3082  413
2668  3 2 1 1 3061 3062 3083 3082
2669  3 2 1 1 3062 3063 3084 3083
2670  3 2 1 1 3063 3064 3085 3084
2671  3 2 1 1 3064 3065 3086 3085
2672  3 2 1 1 3065 3066 3087 3086
2673  3 2 1 1 3066 3067 3088 3087
2674  3 2 1 1 3067 3068 3089 3088
2675  3 2 1 1 3068 3069 3090 3089
2676  3 2 1 1 3069 3070 3091 3090
2677  3 2 1 1 3070 3071 3092 3091
2678  3 2 1 1 3071 3072 3093 3092
2679  3 2 1 1 3072 3073 3094 3093
2680  3 2 1 1 3073 3074 3095 3094
2681  3 2 1 1 3074 3075 3096 3095
2682  3 2 1 1 3075 3076 3097 3096
2683  3 2 1 1 3076 3077 3098 3097
2684  3 2 1 1 3077 3078 3099 3098
2685  3 2 1 1 3078 3079 3100 3099
2686  3 2 1 1 3079 3080 3101 3100
2687  3 2 1 1 3080 3081 3102 3101
2688  3 2 1 1 3081  398  399 3102
2689  3 2 1 1  413 3082 3103  414
2690  3 2 1 1 3082 3083 3104 3103
2691  3 2 1 1 3083 3084 3105 3104
2692  3 2 1 1 3084 3085 3106 3105
2693  3 2 1 1 3085 3086 3107 3106
2694  3 2 1 1 3086 3087 3108 3107
2695  3 2 1 1 3087 3088 3109 3108
2696  3 2 1 1 3088 3089 3110 3109
2697  3 2 1 1 3089 3090 3111 3110
2698  3 2 1 1 3090 3091 3112 3111
2699  3 2 1 1 3091 3092 3113 3112
2700  3 2 1 1 3092 3093 3114 3113
2701  3 2 1 1 3093 3094 3115 3114
2702  3 2 1 1 3094 3095 3116 3115
2703  3 2 1 1 3095 3096 3117 3116
2704  3 2 1 1 3096 3097 3118 3117
2705  3 2 1 1 3097 3098 3119 3118
2706  3 2 1 1 3098 3099 3120 3119
2707  3 2 1 1 3099 3100 3121 3120
2708  3 2 1 1 3100 3101 3122 3121
2709  3 2 1 1 3101 3102 3123 3122
2710  3 2 1 1 3102  399  400 3123
2711  3 2 1 1  414 3103 3124  415
2712  3 2 1 1 3103 3104 3125 3124
2713  3 2 1 1 3104 3105 3126 3125
2714  3 2 1 1 3105 3106 3127 3126
2715  3 2 1 1 3106 3107 3128 3127
2716  3 2 1 1 3107 3108 3129 3128
2717  3 2 1 1 3108 3109 3130 3129
2718  3 2 1 1 3109 3110 3131 3130
2719  3 2 1 1 3110 3111 3132 3131
2720  3 2 1 1 3111 3112 3133 3132
2721  3 2 1 1 3112 3113 3134 3133
2722  3 2 1 1 3113 3114 3135 3134
2723  3 2 1 1 3114 3115 3136 3135
2724  3 2 1 1 3115 3116 3137 3136
2725  3 2 1 1 3116 3117 3138 3137
2726  3 2 1 1 3117 3118 3139 3138
2727  3 2 1 1 3118 3119 3140 3139
2728  3 2 1 1 3119 3120 3141 3140
2729  3 2 1 1 3120 3121 3142 3141
2730  3 2 1 1 3121 3122 3143 3142
2731  3 2 1 1 3122 3123 3144 3143
2732  3 2 1 1 3123  400  401 3144
2733  3 2 1 1  415 3124 3145  416
2734  3 2 1 1 3124 3125 3146 3145
2735  3 2 1 1 3125 3126 3147 3146
2736  3 2 1 1 3126 3127 3148 3147
2737  3 2 1 1 3127 3128 3149 3148
2738  3 2 1 1 3128 3129 3150 3149
2739  3 2 1 1 3129 3130 3151 3150
2740  3 2 1 1 3130 3131 3152 3151
2741  3 2 1 1 3131 3132 3153 3152
2742  3 2 1 1 3132 3133 3154 3153
2743  3 2 1 1 3133 3134 3155 3154
2744  3 2 1 1 3134 3135 3156 3155
2745  3 2 1 1 3135 3136 3157 3156
2746  3 2 1 1 3136 3137 3158 3157
2747  3 2 1 1 3137 3138 3159 3158
2748  3 2 1 1 3138 3139 3160 3159
2749  3 2 1 1 3139 3140 3161 3160
2750  3 2 1 1 3140 3141 3162 3161
2751  3 2 1 1 3141 3142 3163 3162
2752  3 2 1 1 3142 3143 3164 3163
2753  3 2 1 1 3143 3144 3165 3164
2754  3 2 1 1 3144  401  402 3165
2755  3 2 1 1  416 3145 3166  417
2756  3 2 1 1 3145 3146 3167 3166
2757  3 2 1 1 3146 3147 3168 3167
2758  3 2 1 1 3147 3148 3169 3168
2759  3 2 1 1 3148 3149 3170 3169
2760  3 2 1 1 3149 3150 3171 3170
2761  3 2 1 1 3150 3151 3172 3171
2762  3 2 1 1 3151 3152 3173 3172
2763  3 2 1 1 3152 3153 3174 3173
2764  3 2 1 1 3153 3154 3175 3174
2765  3 2 1 1 3154 3155 3176 3175
2766  3 2 1 1 3155 3156 3177 3176
2767  3 2 1 1 3156 3157 3178 3177
2768  3 2 1 1 3157 3158 3179 3178
2769  3 2 1 1 3158 3159 3180 3179
2770  3 2 1 1 3159 3160 3181 3180
2771  3 2 1 1 3160 3161 3182 3181
2772  3 2 1 1 3161 3162 3183 3182
2773  3 2 1 1 3162 3163 3184 3183
2774  3 2 1 1 3163 3164 3185 3184
2775  3 2 1 1 3164 3165 3186 3185
2776  3 2 1 1 3165  402  403 3186
2777  3 2 1 1  417 3166 3187  418
2778  3 2 1 1 3166 3167 3188 3187
2779  3 2 1 1 3167 3168 3189 3188
2780  3 2 1 1 3168 3169 3190 3189
2781  3 2 1 1 3169 3170 3191 3190
2782  3 2 1 1 3170 3171 3192 3191
2783  3 2 1 1 3171 3172 3193 3192
2784  3 2 1 1 3172 3173 3194 3193
2785  3 2 1 1 3173 3174 3195 3194
2786  3 2 1 1 3174 3175 3196 3195
2787  3 2 1 1 3175 3176 3197 3196
2788  3 2 1 1 3176 3177 3198 3197
2789  3 2 1 1 3177 3178 3199 3198
2790  3 2 1 1 3178 3179 3200 3199
2791  3 2 1 1 3179 3180 3201 3200
2792  3 2 1 1 3180 3181 3202 3201
2793  3 2 1 1 3181 3182 3203 3202
2794  3 2 1 1 3182 3183 3204 3203
2795  3 2 1 1 3183 3184 3205 3204
2796  3 2 1 1 3184 3185 3206 3205
2797  3 2 1 1 3185 3186 3207 3206
2798  3 2 1 1 3186  403  404 3207
2799  3 2 1 1  418 3187 3208  419
2800  3 2 1 1 3187 3188 3209 3208
2801  3 2 1 1 3188 3189 3210 3209
2802  3 2 1 1 3189 3190 3211 3210
2803  3 2 1 1 3190 3191 3212 3211
2804  3 2 1 1 3191 3192 3213 3212
2805  3 2 1 1 3192 3193 3214 3213
2806  3 2 1 1 3193 3194 3215 3214
2807  3 2 1 1 3194 3195 3216 3215
2808  3 2 1 1 3195 3196 3217 3216
2809  3 2 1 1 3196 3197 3218 3217
2810  3 2 1 1 3197 3198 3219 3218
2811  3 2 1 1 3198 3199 3220 3219
2812  3 2 1 1 3199 3200 3221 3220
2813  3 2 1 1 3200 3201 3222 3221
2814  3 2 1 1 3201 3202 3223 3222
2815  3 2 1 1 3202 3203 3224 3223
2816  3 2 1 1 3203 3204 3225 3224
2817  3 2 1 1 3204 3205 3226 3225
2818  3 2 1 1 3205 3206 3227 3226
2819  3 2 1 1 3206 3207 3228 3227
2820  3 2 1 1 3207  404  405 3228
2821  3 2 1 1  419 3208 3229  420
2822  3 2 1 1 3208 3209 3230 3229
2823  3 2 1 1 3209 3210 3231 3230
2824  3 2 1 1 3210 3211 3232 3231
2825  3 2 1 1 3211 3212 3233 3232
2826  3 2 1 1 3212 3213 3234 3233
2827  3 2 1 1 3213 3214 3235 3234
2828  3 2 1 1 3214 3215 3236 3235
2829  3 2 1 1 3215 3216 3237 3236
2830  3 2 1 1 3216 3217 3238 3237
2831  3 2 1 1 3217 3218 3239 3238
2832  3 2 1 1 3218 3219 3240 3239
2833  3 2 1 1 3219 3220 3241 3240
2834  3 2 1 1 3220 3221 3242 3241
2835  3 2 1 1 3221 3222 3243 3242
2836  3 2 1 1 3222 3223 3244 3243
2837  3 2 1 1 3223 3224 3245 3244
2838  3 2 1 1 3224 3225 3246 3245
2839  3 2 1 1 3225 3226 3247 3246
2840  3 2 1 1 3226 3227 3248 3247
2841  3 2 1 1 3227 3228 3249 3248
2842  3 2 1 1 3228  405  406 3249
2843  3 2 1 1  420 3229 3250  421
2844  3 2 1 1 3229 3230 3251 3250
2845  3 2 1 1 3230 3231 3252 3251
2846  3 2 1 1 3231 3232 3253 3252
2847  3 2 1 1 3232 3233 3254 3253
2848  3 2 1 1 3233 3234 3255 3254
2849  3 2 1 1 3234 3235 3256 3255
2850  3 2 1 1 3235 3236 3257 3256
2851  3 2 1 1 3236 3237 3258 3257
2852  3 2 1 1 3237 3238 3259 3258
2853  3 2 1 1 3238 3239 3260 3259
2854  3 2 1 1 3239 3240 3261 3260
2855  3 2 1 1 3240 3241 3262 3261
2856  3 2 1 1 3241 3242 3263 3262
2857  3 2 1 1 3242 3243 3264 3263
2858  3 2 1 1 3243 3244 3265 3264
2859  3 2 1 1 3244 3245 3266 3265
2860  3 2 1 1 3245 3246 3267 3266
2861  3 2 1 1 3246 3247 3268 3267
2862  3 2 1 1 3247 3248 3269 3268
2863  3 2 1 1 3248 3249 3270 3269
2864  3 2 1 1 3249  406  407 3270
2865  3 2 1 1  421 3250 3271  422
2866  3 2 1 1 3250 3251 3272 3271
2867  3 2 1 1 3251 3252 3273 3272
2868  3 2 1 1 3252 3253 3274 3273
2869  3 2 1 1 3253 3254 3275 3274
2870  3 2 1 1 3254 3255 3276 3275
2871  3 2 1 1 3255 3256 3277 3276
2872  3 2 1 1 3256 3257 3278 3277
2873  3 2 1 1 3257 3258 3279 3278
2874  3 2 1 1 3258 3259 3280 3279
2875  3 2 1 1 3259 3260 3281 3280
2876  3 2 1 1 3260 3261 3282 3281
2877  3 2 1 1 3261 3262 3283 3282
2878  3 2 1 1 3262 3263 3284 3283
2879  3 2 1 1 3263 3264 3285 3284
2880  3 2 1 1 3264 3265 3286 3285
2881  3 2 1 1 3265 3266 3287 3286
2882  3 2 1 1 3266 3267 3288 3287
2883  3 2 1 1 3267 3268 3289 3288
2884  3 2 1 1 3268 3269 3290 3289
2885  3 2 1 1 3269 3270 3291 3290
2886  3 2 1 1 3270  407  408 3291
2887  3 2 1 1  422 3271 3292  423
2888  3 2 1 1 3271 3272 3293 3292
2889  3 2 1 1 3272 3273 3294 3293
2890  3 2 1 1 3273 3274 3295 3294
2891  3 2 1 1 3274 3275 3296 3295
2892  3 2 1 1 3275 3276 3297 3296
2893  3 2 1 1 3276 3277 3298 3297
2894  3 2 1 1 3277 3278 3299 3298
2895  3 2 1 1 3278 3279 3300 3299
2896  3 2 1 1 3279 3280 3301 3300
2897  3 2 1 1 3280 3281 3302 3301
2898  3 2 1 1 3281 3282 3303 3302
2899  3 2 1 1 3282 3283 3304 3303
2900  3 2 1 1 3283 3284 3305 3304
2901  3 2 1 1 3284 3285 3306 3305
2902  3 2 1 1 3285 3286 3307 3306
2903  3 2 1 1 3286 3287 3308 3307
2904  3 2 1 1 3287 3288 3309 3308
2905  3 2 1 1 3288 3289 3310 3309
2906  3 2 1 1 3289 3290 3311 3310
2907  3 2 1 1 3290 3291 3312 3311
2908  3 2 1 1 3291  408  409 3312
2909  3 2 1 1  423 3292  370   14
2910  3 2 1 1 3292 3293  369  370
2911  3 2 1 1 3293 3294  368  369
2912  3 2 1 1 3294 3295  367  368
2913  3 2 1 1 3295 3296  366  367
2914  3 2 1 1 3296 3297  365  366
2915  3 2 1 1 3297 3298  364  365
2916  3 2 1 1 3298 3299  363  364
2917  3 2 1 1 3299 3300  362  363
2918  3 2 1 1 3300 3301  361  362
2919  3 2 1 1 3301 3302  360  361
2920  3 2 1 1 3302 3303  359  360
2921  3 2 1 1 3303 3304  358  359
2922  3 2 1 1 3304 3305  357  358
2923  3 2 1 1 3305 3306  356  357
2924  3 2 1 1 3306 3307  355  356
2925  3 2 1 1 3307 3308  354  355
2926  3 2 1 1 3308 3309  353  354
2927  3 2 1 1 3309 3310  352  353
2928  3 2 1 1 3310 3311  351  352
2929  3 2 1 1 3311 3312  350  351
2930  3 2 1 1 3312  409   13  350
2931  3 2 1 1    4   53 3313  465
2932  3 2 1 1   53   54 3314 3313
2933  3 2 1 1   54   55 3315 3314
2934  3 2 1 1   55   56 3316 3315
2935  3 2 1 1   56   57 3317 3316
2936  3 2 1 1   57   58 3318 3317
2937  3 2 1 1   58   59 3319 3318
2938  3 2 1 1   59   60 3320 3319
2939  3 2 1 1   60   61 3321 3320
2940  3 2 1 1   61   62 3322 3321
2941  3 2 1 1   62   63 3323 3322
2942  3 2 1 1   63   64 3324 3323
2943  3 2 1 1   64   65 3325 3324
2944  3 2 1 1   65   66 3326 3325
2945  3 2 1 1   66   67 3327 3326
2946  3 2 1 1   67   68 3328 3327
2947  3 2 1 1   68   69 3329 3328
2948  3 2 1 1   69   70 3330 3329
2949  3 2 1 1   70   71 3331 3330
2950  3 2 1 1   71   72 3332 3331
2951  3 2 1 1   72   73 3333 3332
2952  3 2 1 1   73    5 3334 3333
2953  3 2 1 1    5  410 3335 3334
2954  3 2 1 1  410  411 3336 3335
2955  3 2 1 1  411  412 3337 3336
2956  3 2 1 1  412  413 3338 3337
2957  3 2 1 1  413  414 3339 3338
2958  3 2 1 1  414  415 3340 3339
2959  3 2 1 1  415  416 3341 3340
2960  3 2 1 1  416  417 3342 3341
2961  3 2 1 1  417  418 3343 3342
2962  3 2 1 1  418  419 3344 3343
2963  3 2 1 1  419  420 3345 3344
2964  3 2 1 1  420  421 3346 3345
2965  3 2 1 1  421  422 3347 3346
2966  3 2 1 1  422  423 3348 3347
2967  3 2 1 1  423   14  466 3348
2968  3 2 1 1  465 3313 3349  464
2969  3 2 1 1 3313 3314 3350 3349
2970  3 2 1 1 3314 3315 3351 3350
2971  3 2 1 1 3315 3316 3352 3351
2972  3 2 1 1 3316 3317 3353 3352
2973  3 2 1 1 3317 3318 3354 3353
2974  3 2 1 1 3318 3319 3355 3354
2975  3 2 1 1 3319 3320 3356 3355
2976  3 2 1 1 3320 3321 3357 3356
2977  3 2 1 1 3321 3322 3358 3357
2978  3 2 1 1 3322 3323 3359 3358
2979  3 2 1 1 3323 3324 3360 3359
2980  3 2 1 1 3324 3325 3361 3360
2981  3 2 1 1 3325 3326 3362 3361
2982  3 2 1 1 3326 3327 3363 3362
2983  3 2 1 1 3327 3328 3364 3363
2984  3 2 1 1 3328 3329 3365 3364
2985  3 2 1 1 3329 3330 3366 3365
2986  3 2 1 1 3330 3331 3367 3366
2987  3 2 1 1 3331 3332 3368 3367
2988  3 2 1 1 3332 3333 3369 3368
2989  3 2 1 1 3333 3334 3370 3369
2990  3 2 1 1 3334 3335 3371 3370
2991  3 2 1 1 3335 3336 3372 3371
2992  3 2 1 1 3336 3337 3373 3372
2993  3 2 1 1 3337 3338 3374 3373
2994  3 2 1 1 3338 3339 3375 3374
2995  3 2 1 1 3339 3340 3376 3375
2996  3 2 1 1 3340 3341 3377 3376
2997  3 2 1 1 3341 3342 3378 3377
2998  3 2 1 1 3342 3343 3379 3378
2999  3 2 1 1 3343 3344 3380 3379
3000  3 2 1 1 3344 3345 3381 3380
3001  3 2 1 1 3345 3346 3382 3381
3002  3 2 1 1 3346 3347 3383 3382
3003  3 2 1 1 3347 3348 3384 3383
3004  3 2 1 1 3348  466  467 3384
3005  3 2 1 1  464 3349 3385  463
3006  3 2 1 1 3349 3350 3386 3385
3007  3 2 1 1 3350 3351 3387 3386
3008  3 2 1 1 3351 3352 3388 3387
3009  3 2 1 1 3352 3353 3389 3388
3010  3 2 1 1 3353 3354 3390 3389
3011  3 2 1 1 3354 3355 3391 3390
3012  3 2 1 1 3355 3356 3392 3391
3013  3 2 1 1 3356 3357 3393 3392
3014  3 2 1 1 3357 3358 3394 3393
3015  3 2 1 1 3358 3359 3395 3394
3016  3 2 1 1 3359 3360 3396 3395
3017  3 2 1 1 3360 3361 3397 3396
3018  3 2 1 1 3361 3362 3398 3397
3019  3 2 1 1 3362 3363 3399 3398
3020  3 2 1 1 3363 3364 3400 3399
3021  3 2 1 1 3364 3365 3401 3400
3022  3 2 1 1 3365 3366 3402 3401
3023  3 2 1 1 3366 3367 3403 3402
3024  3 2 1 1 3367 3368 3404 3403
3025  3 2 1 1 3368 3369 3405 3404
3026  3 2 1 1 3369 3370 3406 3405
3027  3 2 1 1 3370 3371 3407 3406
3028  3 2 1 1 3371 3372 3408 3407
3029  3 2 1 1 3372 3373 3409 3408
3030  3 2 1 1 3373 3374 3410 3409
3031  3 2 1 1 3374 3375 3411 3410
3032  3 2 1 1 3375 3376 3412 3411
3033  3 2 1 1 3376 3377 3413 3412
3034  3 2 1 1 3377 3378 3414 3413
3035  3 2 1 1 3378 3379 3415 3414
3036  3 2 1 1 3379 3380 3416 3415
3037  3 2 1 1 3380 3381 3417 3416
3038  3 2 1 1 3381 3382 3418 3417
3039  3 2 1 1 3382 3383 3419 3418
3040  3 2 1 1 3383 3384 3420 3419
3041  3 2 1 1 3384  467  468 3420
3042  3 2 1 1  463 3385 3421  462
3043  3 2 1 1 3385 3386 3422 3421
3044  3 2 1 1 3386 3387 3423 3422
3045  3 2 1 1 3387 3388 3424 3423
3046  3 2 1 1 3388 3389 3425 3424
3047  3 2 1 1 3389 3390 3426 3425
3048  3 2 1 1 3390 3391 3427 3426
3049  3 2 1 1 3391 3392 3428 3427
3050  3 2 1 1 3392 3393 3429 3428
3051  3 2 1 1 3393 3394 3430 3429
3052  3 2 1 1 3394 3395 3431 3430
3053  3 2 1 1 3395 3396 3432 3431
3054  3 2 1 1 3396 3397 3433 3432
3055  3 2 1 1 3397 3398 3434 3433
3056  3 2 1 1 3398 3399 3435 3434
3057  3 2 1 1 3399 3400 3436 3435
3058  3 2 1 1 3400 3401 3437 3436
3059  3 2 1 1 3401 3402 3438 3437
3060  3 2 1 1 3402 3403 3439 3438
3061  3 2 1 1 3403 3404 3440 3439
3062  3 2 1 1 3404 3405 3441 3440
3063  3 2 1 1 3405 3406 3442 3441
3064  3 2 1 1 3406 3407 3443 3442
3065  3 2 1 1 3407 3408 3444 3443
3066  3 2 1 1 3408 3409 3445 3444
3067  3 2 1 1 3409 3410 3446 3445
3068  3 2 1 1 3410 3411 3447 3446
3069  3 2 1 1 3411 3412 3448 3447
3070  3 2 1 1 3412 3413 3449 3448
3071  3 2 1 1 3413 3414 3450 3449
3072  3 2 1 1 3414 3415 3451 3450
3073  3 2 1 1 3415 3416 3452 3451
3074  3 2 1 1 3416 3417 3453 3452
3075  3 2 1 1 3417 3418 3454 3453
3076  3 2 1 1 3418 3419 3455 3454
3077  3 2 1 1 3419 3420 3456 3455
3078  3 2 1 1 3420  468  469 3456
3079  3 2 1 1  462 3421 3457  461
3080  3 2 1 1 3421 3422 3458 3457
3081  3 2 1 1 3422 3423 3459 3458
3082  3 2 1 1 3423 3424 3460 3459
3083  3 2 1 1 3424 3425 3461 3460
3084  3 2 1 1 3425 3426 3462 3461
3085  3 2 1 1 3426 3427 3463 3462
3086  3 2 1 1 3427 3428 3464 3463
3087  3 2 1 1 3428 3429 3465 3464
3088  3 2 1 1 3429 3430 3466 3465
3089  3 2 1 1 3430 3431 3467 3466
3090  3 2 1 1 3431 3432 3468 3467
3091  3 2 1 1 3432 3433 3469 3468
3092  3 2 1 1 3433 3434 3470 3469
3093  3 2 1 1 3434 3435 3471 3470
3094  3 2 1 1 3435 3436 3472 3471
3095  3 2 1 1 3436 3437 3473 3472
3096  3 2 1 1 3437 3438 3474 3473
3097  3 2 1 1 3438 3439 3475 3474
3098  3 2 1 1 3439 3440 3476 3475
3099  3 2 1 1 3440 3441 3477 3476
3100  3 2 1 1 3441 3442 3478 3477
3101  3 2 1 1 3442 3443 3479 3478
3102  3 2 1 1 3443 3444 3480 3479
3103  3 2 1 1 3444 3445 3481 3480
3104  3 2 1 1 3445 3446 3482 3481
3105  3 2 1 1 3446 3447 3483 3482
3106  3 2 1 1 3447 3448 3484 3483
3107  3 2 1 1 3448 3449 3485 3484
3108  3 2 1 1 3449 3450 3486 3485
3109  3 2 1 1 3450 3451 3487 3486
3110  3 2 1 1 3451 3452 3488 3487
3111  3 2 1 1 3452 3453 3489 3488
3112  3 2 1 1 3453 3454 3490 3489
3113  3 2 1 1 3454 3455 3491 3490
3114  3 2 1 1 3455 3456 3492 3491
3115  3 2 1 1 3456  469  470 3492
3116  3 2 1 1  461 3457 3493  460
3117  3 2 1 1 3457 3458 3494 3493
3118  3 2 1 1 3458 3459 3495 3494
3119  3 2 1 1 3459 3460 3496 3495
3120  3 2 1 1 3460 3461 3497 3496
3121  3 2 1 1 3461 3462 3498 3497
3122  3 2 1 1 3462 3463 3499 3498
3123  3 2 1 1 3463 3464 3500 3499
3124  3 2 1 1 3464 3465 3501 3500
3125  3 2 1 1 3465 3466 3502 3501
3126  3 2 1 1 3466 3467 3503 3502
3127  3 2 1 1 3467 3468 3504 3503
3128  3 2 1 1 3468 3469 3505 3504
3129  3 2 1 1 3469 3470 3506 3505
3130  3 2 1 1 3470 3471 3507 3506
3131  3 2 1 1 3471 3472 3508 3507
3132  3 2 1 1 3472 3473 3509 3508
3133  3 2 1 1 3473 3474 3510 3509
3134  3 2 1 1 3474 3475 3511 3510
3135  3 2 1 1 3475 3476 3512 3511
3136  3 2 1 1 3476 3477 3513 3512
3137  3 2 1 1 3477 3478 3514 3513
3138  3 2 1 1 3478 3479 3515 3514
3139  3 2 1 1 3479 3480 3516 3515
3140  3 2 1 1 3480 3481 3517 3516
3141  3 2 1 1 3481 3482 3518 3517
3142  3 2 1 1 3482 3483 3519 3518
3143  3 2 1 1 3483 3484 3520 3519
3144  3 2 1 1 3484 3485 3521 3520
3145  3 2 1 1 3485 3486 3522 3521
3146  3 2 1 1 3486 3487 3523 3522
3147  3 2 1 1 3487 3488 3524 3523
3148  3 2 1 1 3488 3489 3525 3524
3149  3 2 1 1 3489 3490 3526 3525
3150  3 2 1 1 3490 3491 3527 3526
3151  3 2 1 1 3491 3492 3528 3527
3152  3 2 1 1 3492  470  471 3528
3153  3 2 1 1  460 3493 3529  459
3154  3 2 1 1 3493 3494 3530 3529
3155  3 2 1 1 3494 3495 3531 3530
3156  3 2 1 1 3495 3496 3532 3531
3157  3 2 1 1 3496 3497 3533 3532
3158  3 2 1 1 3497 3498 3534 3533
3159  3 2 1 1 3498 3499 3535 3534
3160  3 2 1 1 3499 3500 3536 3535
3161  3 2 1 1 3500 3501 3537 3536
3162  3 2 1 1 3501 3502 3538 3537
3163  3 2 1 1 3502 3503 3539 3538
3164  3 2 1 1 3503 3504 3540 3539
3165  3 2 1 1 3504 3505 3541 3540
3166  3 2 1 1 3505 3506 3542 3541
3167  3 2 1 1 3506 3507 3543 3542
3168  3 2 1 1 3507 3508 3544 3543
3169  3 2 1 1 3508 3509 3545 3544
3170  3 2 1 1 3509 3510 3546 3545
3171  3 2 1 1 3510 3511 3547 3546
3172  3 2 1 1 3511 3512 3548 3547
3173  3 2 1 1 3512 3513 3549 3548
3174  3 2 1 1 3513 3514 3550 3549
3175  3 2 1 1 3514 3515 3551 3550
3176  3 2 1 1 3515 3516 3552 3551
3177  3 2 1 1 3516 3517 3553 3552
3178  3 2 1 1 3517 3518 3554 3553
3179  3 2 1 1 3518 3519 3555 3554
3180  3 2 1 1 3519 3520 3556 3555
3181  3 2 1 1 3520 3521 3557 3556
3182  3 2 1 1 3521 3522 3558 3557
3183  3 2 1 1 3522 3523 3559 3558
3184  3 2 1 1 3523 3524 3560 3559
3185  3 2 1 1 3524 3525 3561 3560
3186  3 2 1 1 3525 3526 3562 3561
3187  3 2 1 1 3526 3527 3563 3562
3188  3 2 1 1 3527 3528 3564 3563
3189  3 2 1 1 3528  471  472 3564
3190  3 2 1 1  459 3529 3565  458
3191  3 2 1 1 3529 3530 3566 3565
3192  3 2 1 1 3530 3531 3567 3566
3193  3 2 1 1 3531 3532 3568 3567
3194  3 2 1 1 3532 3533 3569 3568
3195  3 2 1 1 3533 3534 3570 3569
3196  3 2 1 1 3534 3535 3571 3570
3197  3 2 1 1 3535 3536 3572 3571
3198  3 2 1 1 3536 3537 3573 3572
3199  3 2 1 1 3537 3538 3574 3573
3200  3 2 1 1 3538 3539 3575 3574
3201  3 2 1 1 3539 3540 3576 3575
3202  3 2 1 1 3540 3541 3577 3576
3203  3 2 1 1 3541 3542 3578 3577
3204  3 2 1 1 3542 3543 3579 3578
3205  3 2 1 1 3543 3544 3580 3579
3206  3 2 1 1 3544 3545 3581 3580
3207  3 2 1 1 3545 3546 3582 3581
3208  3 2 1 1 3546 3547 3583 3582
3209  3 2 1 1 3547 3548 3584 3583
3210  3 2 1 1 3548 3549 3585 3584
3211  3 2 1 1 3549 3550 3586 3585
3212  3 2 1 1 3550 3551 3587 3586
3213  3 2 1 1 3551 3552 3588 3587
3214  3 2 1 1 3552 3553 3589 3588
3215  3 2 1 1 3553 3554 3590 3589
3216  3 2 1 1 3554 3555 3591 3590
3217  3 2 1 1 3555 3556 3592 3591
3218  3 2 1 1 3556 3557 3593 3592
3219  3 2 1 1 3557 3558 3594 3593
3220  3 2 1 1 3558 3559 3595 3594
3221  3 2 1 1 3559 3560 3596 3595
3222  3 2 1 1 3560 3561 3597 3596
3223  3 2 1 1 3561 3562 3598 3597
3224  3 2 1 1 3562 3563 3599 3598
3225  3 2 1 1 3563 3564 3600 3599
3226  3 2 1 1 3564  472  473 3600
3227  3 2 1 1  458 3565 3601  457
3228  3 2 1 1 3565 3566 3602 3601
3229  3 2 1 1 3566 3567 3603 3602
3230  3 2 1 1 3567 3568 3604 3603
3231  3 2 1 1 3568 3569 3605 3604
3232  3 2 1 1 3569 3570 3606 3605
3233  3 2 1 1 3570 3571 3607 3606
3234  3 2 1 1 3571 3572 3608 3607
3235  3 2 1 1 3572 3573 3609 3608
3236  3 2 1 1 3573 3574 3610 3609
3237  3 2 1 1 3574 3575 3611 3610
3238  3 2 1 1 3575 3576 3612 3611
3239  3 2 1 1 3576 3577 3613 3612
3240  3 2 1 1 3577 3578 3614 3613
3241  3 2 1 1 3578 3579 3615 3614
3242  3 2 1 1 3579 3580 3616 3615
3243  3 2 1 1 3580 3581 3617 3616
3244  3 2 1 1 3581 3582 3618 3617
3245  3 2 1 1 3582 3583 3619 3618
3246  3 2 1 1 3583 3584 3620 3619
3247  3 2 1 1 3584 3585 3621 3620
3248  3 2 1 1 3585 3586 3622 3621
3249  3 2 1 1 3586 3587 3623 3622
3250  3 2 1 1 3587 3588 3624 3623
3251  3 2 1 1 3588 3589 3625 3624
3252  3 2 1 1 3589 3590 3626 3625
3253  3 2 1 1 3590 3591 3627 3626
3254  3 2 1 1 3591 3592 3628 3627
3255  3 2 1 1 3592 3593 3629 3628
3256  3 2 1 1 3593 3594 3630 3629
3257  3 2 1 1 3594 3595 3631 3630
3258  3 2 1 1 3595 3596 3632 3631
3259  3 2 1 1 3596 3597 3633 3632
3260  3 2 1 1 3597 3598 3634 3633
3261  3 2 1 1 3598 3599 3635 3634
3262  3 2 1 1 3599 3600 3636 3635
3263  3 2 1 1 3600  473  474 3636
3264  3 2 1 1  457 3601 3637  456
3265  3 2 1 1 3601 3602 3638 3637
3266  3 2 1 1 3602 3603 3639 3638
3267  3 2 1 1 3603 3604 3640 3639
3268  3 2 1 1 3604 3605 3641 3640
3269  3 2 1 1 3605 3606 3642 3641
3270  3 2 1 1 3606 3607 3643 3642
3271  3 2 1 1 3607 3608 3644 3643
3272  3 2 1 1 3608 3609 3645 3644
3273  3 2 1 1 3609 3610 3646 3645
3274  3 2 1 1 3610 3611 3647 3646
3275  3 2 1 1 3611 3612 3648 3647
3276  3 2 1 1 3612 3613 3649 3648
3277  3 2 1 1 3613 3614 3650 3649
3278  3 2 1 1 3614 3615 3651 3650
3279  3 2 1 1 3615 3616 3652 3651
3280  3 2 1 1 3616 3617 3653 3652
3281  3 2 1 1 3617 3618 3654 3653
3282  3 2 1 1 3618 3619 3655 3654
3283  3 2 1 1 3619 3620 3656 3655
3284  3 2 1 1 3620 3621 3657 3656
3285  3 2 1 1 3621 3622 3658 3657
3286  3 2 1 1 3622 3623 3659 3658
3287  3 2 1 1 3623 3624 3660 3659
3288  3 2 1 1 3624 3625 3661 3660
3289  3 2 1 1 3625 3626 3662 3661
3290  3 2 1 1 3626 3627 3663 3662
3291  3 2 1 1 3627 3628 3664 3663
3292  3 2 1 1 3628 3629 3665 3664
3293  3 2 1 1 3629 3630 3666 3665
3294  3 2 1 1 3630 3631 3667 3666
3295  3 2 1 1 3631 3632 3668 3667
3296  3 2 1 1 3632 3633 3669 3668
3297  3 2 1 1 3633 3634 3670 3669
3298  3 2 1 1 3634 3635 3671 3670
3299  3 2 1 1 3635 3636 3672 3671
3300  3 2 1 1 3636  474  475 3672
3301  3 2 1 1  456 3637 3673  455
3302  3 2 1 1 3637 3638 3674 3673
3303  3 2 1 1 3638 3639 3675 3674
3304  3 2 1 1 3639 3640 3676 3675
3305  3 2 1 1 3640 3641 3677 3676
3306  3 2 1 1 3641 3642 3678 3677
3307  3 2 1 1 3642 3643 3679 3678
3308  3 2 1 1 3643 3644 3680 3679
3309  3 2 1 1 3644 3645 3681 3680
3310  3 2 1 1 3645 3646 3682 3681
3311  3 2 1 1 3646 3647 3683 3682
3312  3 2 1 1 3647 3648 3684 3683
3313  3 2 1 1 3648 3649 3685 3684
3314  3 2 1 1 3649 3650 3686 3685
3315  3 2 1 1 3650 3651 3687 3686
3316  3 2 1 1 3651 3652 3688 3687
3317  3 2 1 1 3652 3653 3689 3688
3318  3 2 1 1 3653 3654 3690 3689
3319  3 2 1 1 3654 3655 3691 3690
3320  3 2 1 1 3655 3656 3692 3691
3321  3 2 1 1 3656 3657 3693 3692
3322  3 2 1 1 3657 3658 3694 3693
3323  3 2 1 1 3658 3659 3695 3694
3324  3 2 1 1 3659 3660 3696 3695
3325  3 2 1 1 3660 3661 3697 3696
3326  3 2 1 1 3661 3662 3698 3697
3327  3 2 1 1 3662 3663 3699 3698
3328  3 2 1 1 3663 3664 3700 3699
3329  3 2 1 1 3664 3665 3701 3700
3330  3 2 1 1 3665 3666 3702 3701
3331  3 2 1 1 3666 3667 3703 3702
3332  3 2 1 1 3667 3668 3704 3703
3333  3 2 1 1 3668 3669 3705 3704
3334  3 2 1 1 3669 3670 3706 3705
3335  3 2 1 1 3670 3671 3707 3706
3336  3 2 1 1 3671 3672 3708 3707
3337  3 2 1 1 3672  475  476 3708
3338  3 2 1 1  455 3673 3709  454
3339  3 2 1 1 3673 3674 3710 3709
3340  3 2 1 1 3674 3675 3711 3710
3341  3 2 1 1 3675 3676 3712 3711
3342  3 2 1 1 3676 3677 3713 3712
3343  3 2 1 1 3677 3678 3714 3713
3344  3 2 1 1 3678 3679 3715 3714
3345  3 2 1 1 3679 3680 3716 3715
3346  3 2 1 1 3680 3681 3717 3716
3347  3 2 1 1 3681 3682 3718 3717
3348  3 2 1 1 3682 3683 3719 3718
3349  3 2 1 1 3683 3684 3720 3719
3350  3 2 1 1 3684 3685 3721 3720
3351  3 2 1 1 3685 3686 3722 3721
3352  3 2 1 1 3686 3687 3723 3722
3353  3 2 1 1 3687 3688 3724 3723
3354  3 2 1 1 3688 3689 3725 3724
3355  3 2 1 1 3689 3690 3726 3725
3356  3 2 1 1 3690 3691 3727 3726
3357  3 2 1 1 3691 3692 3728 3727
3358  3 2 1 1 3692 3693 3729 3728
3359  3 2 1 1 3693 3694 3730 3729
3360  3 2 1 1 3694 3695 3731 3730
3361  3 2 1 1 3695 3696 3732 3731
3362  3 2 1 1 3696 3697 3733 3732
3363  3 2 1 1 3697 3698 3734 3733
3364  3 2 1 1 3698 3699 3735 3734
3365  3 2 1 1 3699 3700 3736 3735
3366  3 2 1 1 3700 3701 3737 3736
3367  3 2 1 1 3701 3702 3738 3737
3368  3 2 1 1 3702 3703 3739 3738
3369  3 2 1 1 3703 3704 3740 3739
3370  3 2 1 1 3704 3705 3741 3740
3371  3 2 1 1 3705 3706 3742 3741
3372  3 2 1 1 3706 3707 3743 3742
3373  3 2 1 1 3707 3708 3744 3743
3374  3 2 1 1 3708  476  477 3744
3375  3 2 1 1  454 3709 3745  453
3376  3 2 1 1 3709 3710 3746 3745
3377  3 2 1 1 3710 3711 3747 3746
3378  3 2 1 1 3711 3712 3748 3747
3379  3 2 1 1 3712 3713 3749 3748
3380  3 2 1 1 3713 3714 3750 3749
3381  3 2 1 1 3714 3715 3751 3750
3382  3 2 1 1 3715 3716 3752 3751
3383  3 2 1 1 3716 3717 3753 3752
3384  3 2 1 1 3717 3718 3754 3753
3385  3 2 1 1 3718 3719 3755 3754
3386  3 2 1 1 3719 3720 3756 3755
3387  3 2 1 1 3720 3721 3757 3756
3388  3 2 1 1 3721 3722 3758 3757
3389  3 2 1 1 3722 3723 3759 3758
3390  3 2 1 1 3723 3724 3760 3759
3391  3 2 1 1 3724 3725 3761 3760
3392  3 2 1 1 3725 3726 3762 3761
3393  3 2 1 1 3726 3727 3763 3762
3394  3 2 1 1 3727 3728 3764 3763
3395  3 2 1 1 3728 3729 3765 3764
3396  3 2 1 1 3729 3730 3766 3765
3397  3 2 1 1 3730 3731 3767 3766
3398  3 2 1 1 3731 3732 3768 3767
3399  3 2 1 1 3732 3733 3769 3768
3400  3 2 1 1 3733 3734 3770 3769
3401  3 2 1 1 3734 3735 3771 3770
3402  3 2 1 1 3735 3736 3772 3771
3403  3 2 1 1 3736 3737 3773 3772
3404  3 2 1 1 3737 3738 3774 3773
3405  3 2 1 1 3738 3739 3775 3774
3406  3 2 1 1 3739 3740 3776 3775
3407  3 2 1 1 3740 3741 3777 3776
3408  3 2 1 1 3741 3742 3778 3777
3409  3 2 1 1 3742 3743 3779 3778
3410  3 2 1 1 3743 3744 3780 3779
3411  3 2 1 1 3744  477  478 3780
3412  3 2 1 1  453 3745 3781  452
3413  3 2 1 1 3745 3746 3782 3781
3414  3 2 1 1 3746 3747 3783 3782
3415  3 2 1 1 3747 3748 3784 3783
3416  3 2 1 1 3748 3749 3785 3784
3417  3 2 1 1 3749 3750 3786 3785
3418  3 2 1 1 3750 3751 3787 3786
3419  3 2 1 1 3751 3752 3788 3787
3420  3 2 1 1 3752 3753 3789 3788
3421  3 2 1 1 3753 3754 3790 3789
3422  3 2 1 1 3754 3755 3791 3790
3423  3 2 1 1 3755 3756 3792 3791
3424  3 2 1 1 3756 3757 3793 3792
3425  3 2 1 1 3757 3758 3794 3793
3426  3 2 1 1 3758 3759 3795 3794
3427  3 2 1 1 3759 3760 3796 3795
3428  3 2 1 1 3760 3761 3797 3796
3429  3 2 1 1 3761 3762 3798 3797
3430  3 2 1 1 3762 3763 3799 3798
3431  3 2 1 1 3763 3764 3800 3799
3432  3 2 1 1 3764 3765 3801 3800
3433  3 2 1 1 3765 3766 3802 3801
3434  3 2 1 1 3766 3767 3803 3802
3435  3 2 1 1 3767 3768 3804 3803
3436  3 2 1 1 3768 3769 3805 3804
3437  3 2 1 1 3769 3770 3806 3805
3438  3 2 1 1 3770 3771 3807 3806
3439  3 2 1 1 3771 3772 3808 3807
3440  3 2 1 1 3772 3773 3809 3808
3441  3 2 1 1 3773 3774 3810 3809
3442  3 2 1 1 3774 3775 3811 3810
3443  3 2 1 1 3775 3776 3812 3811
3444  3 2 1 1 3776 3777 3813 3812
3445  3 2 1 1 3777 3778 3814 3813
3446  3 2 1 1 3778 3779 3815 3814
3447  3 2 1 1 3779 3780 3816 3815
3448  3 2 1 1 3780  478  479 3816
3449  3 2 1 1  452 3781 3817  451
3450  3 2 1 1 3781 3782 3818 3817
3451  3 2 1 1 3782 3783 3819 3818
3452  3 2 1 1 3783 3784 3820 3819
3453  3 2 1 1 3784 3785 3821 3820
3454  3 2 1 1 3785 3786 3822 3821
3455  3 2 1 1 3786 3787 3823 3822
3456  3 2 1 1 3787 3788 3824 3823
3457  3 2 1 1 3788 3789 3825 3824
3458  3 2 1 1 3789 3790 3826 3825
3459  3 2 1 1 3790 3791 3827 3826
3460  3 2 1 1 3791 3792 3828 3827
3461  3 2 1 1 3792 3793 3829 3828
3462  3 2 1 1 3793 3794 3830 3829
3463  3 2 1 1 3794 3795 3831 3830
3464  3 2 1 1 3795 3796 3832 3831
3465  3 2 1 1 3796 3797 3833 3832
3466  3 2 1 1 3797 3798 3834 3833
3467  3 2 1 1 3798 3799 3835 3834
3468  3 2 1 1 3799 3800 3836 3835
3469  3 2 1 1 3800 3801 3837 3836
3470  3 2 1 1 3801 3802 3838 3837
3471  3 2 1 1 3802 3803 3839 3838
3472  3 2 1 1 3803 3804 3840 3839
3473  3 2 1 1 3804 3805 3841 3840
3474  3 2 1 1 3805 3806 3842 3841
3475  3 2 1 1 3806 3807 3843 3842
3476  3 2 1 1 3807 3808 3844 3843
3477  3 2 1 1 3808 3809 3845 3844
3478  3 2 1 1 3809 3810 3846 3845
3479  3 2 1 1 3810 3811 3847 3846
3480  3 2 1 1 3811 3812 3848 3847
3481  3 2 1 1 3812 3813 3849 3848
3482  3 2 1 1 3813 3814 3850 3849
3483  3 2 1 1 3814 3815 3851 3850
3484  3 2 1 1 3815 3816 3852 3851
3485  3 2 1 1 3816  479  480 3852
3486  3 2 1 1  451 3817 3853  450
3487  3 2 1 1 3817 3818 3854 3853
3488  3 2 1 1 3818 3819 3855 3854
3489  3 2 1 1 3819 3820 3856 3855
3490  3 2 1 1 3820 3821 3857 3856
3491  3 2 1 1 3821 3822 3858 3857
3492  3 2 1 1 3822 3823 3859 3858
3493  3 2 1 1 3823 3824 3860 3859
3494  3 2 1 1 3824 3825 3861 3860
3495  3 2 1 1 3825 3826 3862 3861
3496  3 2 1 1 3826 3827 3863 3862
3497  3 2 1 1 3827 3828 3864 3863
3498  3 2 1 1 3828 3829 3865 3864
3499  3 2 1 1 3829 3830 3866 3865
3500  3 2 1 1 3830 3831 3867 3866
3501  3 2 1 1 3831 3832 3868 3867
3502  3 2 1 1 3832 3833 3869 3868
3503  3 2 1 1 3833 3834 3870 3869
3504  3 2 1 1 3834 3835 3871 3870
3505  3 2 1 1 3835 3836 3872 3871
3506  3 2 1 1 3836 3837 3873 3872
3507  3 2 1 1 3837 3838 3874 3873
3508  3 2 1 1 3838 3839 3875 3874
3509  3 2 1 1 3839 3840 3876 3875
3510  3 2 1 1 3840 3841 3877 3876
3511  3 2 1 1 3841 3842 3878 3877
3512  3 2 1 1 3842 3843 3879 3878
3513  3 2 1 1 3843 3844 3880 3879
3514  3 2 1 1 3844 3845 3881 3880
3515  3 2 1 1 3845 3846 3882 3881
3516  3 2 1 1 3846 3847 3883 3882
3517  3 2 1 1 3847 3848 3884 3883
3518  3 2 1 1 3848 3849 3885 3884
3519  3 2 1 1 3849 3850 3886 3885
3520  3 2 1 1 3850 3851 3887 3886
3521  3 2 1 1 3851 3852 3888 3887
3522  3 2 1 1 3852  480  481 3888
3523  3 2 1 1  450 3853 3889  449
3524  3 2 1 1 3853 3854 3890 3889
3525  3 2 1 1 3854 3855 3891 3890
3526  3 2 1 1 3855 3856 3892 3891
3527  3 2 1 1 3856 3857 3893 3892
3528  3 2 1 1 3857 3858 3894 3893
3529  3 2 1 1 3858 3859 3895 3894
3530  3 2 1 1 3859 3860 3896 3895
3531  3 2 1 1 3860 3861 3897 3896
3532  3 2 1 1 3861 3862 3898 3897
3533  3 2 1 1 3862 3863 3899 3898
3534  3 2 1 1 3863 3864 3900 3899
3535  3 2 1 1 3864 3865 3901 3900
3536  3 2 1 1 3865 3866 3902 3901
3537  3 2 1 1 3866 3867 3903 3902
3538  3 2 1 1 3867 3868 3904 3903
3539  3 2 1 1 3868 3869 3905 3904
3540  3 2 1 1 3869 3870 3906 3905
3541  3 2 1 1 3870 3871 3907 3906
3542  3 2 1 1 3871 3872 3908 3907
3543  3 2 1 1 3872 3873 3909 3908
3544  3 2 1 1 3873 3874 3910 3909
3545  3 2 1 1 3874 3875 3911 3910
3546  3 2 1 1 3875 3876 3912 3911
3547  3 2 1 1 3876 3877 3913 3912
3548  3 2 1 1 3877 3878 3914 3913
3549  3 2 1 1 3878 3879 3915 3914
3550  3 2 1 1 3879 3880 3916 3915
3551  3 2 1 1 3880 3881 3917 3916
3552  3 2 1 1 3881 3882 3918 3917
3553  3 2 1 1 3882 3883 3919 3918
3554  3 2 1 1 3883 3884 3920 3919
3555  3 2 1 1 3884 3885 3921 3920
3556  3 2 1 1 3885 3886 3922 3921
3557  3 2 1 1 3886 3887 3923 3922
3558  3 2 1 1 3887 3888 3924 3923
3559  3 2 1 1 3888  481  482 3924
3560  3 2 1 1  449 3889 3925  448
3561  3 2 1 1 3889 3890 3926 3925
3562  3 2 1 1 3890 3891 3927 3926
3563  3 2 1 1 3891 3892 3928 3927
3564  3 2 1 1 3892 3893 3929 3928
3565  3 2 1 1 3893 3894 3930 3929
3566  3 2 1 1 3894 3895 3931 3930
3567  3 2 1 1 3895 3896 3932 3931
3568  3 2 1 1 3896 3897 3933 3932
3569  3 2 1 1 3897 3898 3934 3933
3570  3 2 1 1 3898 3899 3935 3934
3571  3 2 1 1 3899 3900 3936 3935
3572  3 2 1 1 3900 3901 3937 3936
3573  3 2 1 1 3901 3902 3938 3937
3574  3 2 1 1 3902 3903 3939 3938
3575  3 2 1 1 3903 3904 3940 3939
3576  3 2 1 1 3904 3905 3941 3940
3577  3 2 1 1 3905 3906 3942 3941
3578  3 2 1 1 3906 3907 3943 3942
3579  3 2 1 1 3907 3908 3944 3943
3580  3 2 1 1 3908 3909 3945 3944
3581  3 2 1 1 3909 3910 3946 3945
3582  3 2 1 1 3910 3911 3947 3946
3583  3 2 1 1 3911 3912 3948 3947
3584  3 2 1 1 3912 3913 3949 3948
3585  3 2 1 1 3913 3914 3950 3949
3586  3 2 1 1 3914 3915 3951 3950
3587  3 2 1 1 3915 3916 3952 3951
3588  3 2 1 1 3916 3917 3953 3952
3589  3 2 1 1 3917 3918 3954 3953
3590  3 2 1 1 3918 3919 3955 3954
3591  3 2 1 1 3919 3920 3956 3955
3592  3 2 1 1 3920 3921 3957 3956
3593  3 2 1 1 3921 3922 3958 3957
3594  3 2 1 1 3922 3923 3959 3958
3595  3 2 1 1 3923 3924 3960 3959
3596  3 2 1 1 3924  482  483 3960
3597  3 2 1 1  448 3925 3961  447
3598  3 2 1 1 3925 3926 3962 3961
3599  3 2 1 1 3926 3927 3963 3962
3600  3 2 1 1 3927 3928 3964 3963
3601  3 2 1 1 3928 3929 3965 3964
3602  3 2 1 1 3929 3930 3966 3965
3603  3 2 1 1 3930 3931 3967 3966
3604  3 2 1 1 3931 3932 3968 3967
3605  3 2 1 1 3932 3933 3969 3968
3606  3 2 1 1 3933 3934 3970 3969
3607  3 2 1 1 3934 3935 3971 3970
3608  3 2 1 1 3935 3936 3972 3971
3609  3 2 1 1 3936 3937 3973 3972
3610  3 2 1 1 3937 3938 3974 3973
3611  3 2 1 1 3938 3939 3975 3974
3612  3 2 1 1 3939 3940 3976 3975
3613  3 2 1 1 3940 3941 3977 3976
3614  3 2 1 1 3941 3942 3978 3977
3615  3 2 1 1 3942 3943 3979 3978
3616  3 2 1 1 3943 3944 3980 3979
3617  3 2 1 1 3944 3945 3981 3980
3618  3 2 1 1 3945 3946 3982 3981
3619  3 2 1 1 3946 3947 3983 3982
3620  3 2 1 1 3947 3948 3984 3983
3621  3 2 1 1 3948 3949 3985 3984
3622  3 2 1 1 3949 3950 3986 3985
3623  3 2 1 1 3950 3951 3987 3986
3624  3 2 1 1 3951 3952 3988 3987
3625  3 2 1 1 3952 3953 3989 3988
3626  3 2 1 1 3953 3954 3990 3989
3627  3 2 1 1 3954 3955 3991 3990
3628  3 2 1 1 3955 3956 3992 3991
3629  3 2 1 1 3956 3957 3993 3992
3630  3 2 1 1 3957 3958 3994 3993
3631  3 2 1 1 3958 3959 3995 3994
3632  3 2 1 1 3959 3960 3996 3995
3633  3 2 1 1 3960  483  484 3996
3634  3 2 1 1  447 3961 3997  446
3635  3 2 1 1 3961 3962 3998 3997
3636  3 2 1 1 3962 3963 3999 3998
3637  3 2 1 1 3963 3964 4000 3999
3638  3 2 1 1 3964 3965 4001 4000
3639  3 2 1 1 3965 3966 4002 4001
3640  3 2 1 1 3966 3967 4003 4002
3641  3 2 1 1 3967 3968 4004 4003
3642  3 2 1 1 3968 3969 4005 4004
3643  3 2 1 1 3969 3970 4006 4005
3644  3 2 1 1 3970 3971 4007 4006
3645  3 2 1 1 3971 3972 4008 4007
3646  3 2 1 1 3972 3973 4009 4008
3647  3 2 1 1 3973 3974 4010 4009
3648  3 2 1 1 3974 3975 4011 4010
3649  3 2 1 1 3975 3976 4012 4011
3650  3 2 1 1 3976 3977 4013 4012
3651  3 2 1 1 3977 3978 4014 4013
3652  3 2 1 1 3978 3979 4015 4014
3653  3 2 1 1 3979 3980 4016 4015
3654  3 2 1 1 3980 3981 4017 4016
3655  3 2 1 1 3981 3982 4018 4017
3656  3 2 1 1 3982 3983 4019 4018
3657  3 2 1 1 3983 3984 4020 4019
3658  3 2 1 1 3984 3985 4021 4020
3659  3 2 1 1 3985 3986 4022 4021
3660  3 2 1 1 3986 3987 4023 4022
3661  3 2 1 1 3987 3988 4024 4023
3662  3 2 1 1 3988 3989 4025 4024
3663  3 2 1 1 3989 3990 4026 4025
3664  3 2 1 1 3990 3991 4027 4026
3665  3 2 1 1 3991 3992 4028 4027
3666  3 2 1 1 3992 3993 4029 4028
3667  3 2 1 1 3993 3994 4030 4029
3668  3 2 1 1 3994 3995 4031 4030
3669  3 2 1 1 3995 3996 4032 4031
3670  3 2 1 1 3996  484  485 4032
3671  3 2 1 1  446 3997 4033  445
3672  3 2 1 1 3997 3998 4034 4033
3673  3 2 1 1 3998 3999 4035 4034
3674  3 2 1 1 3999 4000 4036 4035
3675  3 2 1 1 4000 4001 4037 4036
3676  3 2 1 1 4001 4002 4038 4037
3677  3 2 1 1 4002 4003 4039 4038
3678  3 2 1 1 4003 4004 4040 4039
3679  3 2 1 1 4004 4005 4041 4040
3680  3 2 1 1 4005 4006 4042 4041
3681  3 2 1 1 4006 4007 4043 4042
3682  3 2 1 1 4007 4008 4044 4043
3683  3 2 1 1 4008 4009 4045 4044
3684  3 2 1 1 4009 4010 4046 4045
3685  3 2 1 1 4010 4011 4047 4046
3686  3 2 1 1 4011 4012 4048 4047
3687  3 2 1 1 4012 4013 4049 4048
3688  3 2 1 1 4013 4014 4050 4049
3689  3 2 1 1 4014 4015 4051 4050
3690  3 2 1 1 4015 4016 4052 4051
3691  3 2 1 1 4016 4017 4053 4052
3692  3 2 1 1 4017 4018 4054 4053
3693  3 2 1 1 4018 4019 4055 4054
3694  3 2 1 1 4019 4020 4056 4055
3695  3 2 1 1 4020 4021 4057 4056
3696  3 2 1 1 4021 4022 4058 4057
3697  3 2 1 1 4022 4023 4059 4058
3698  3 2 1 1 4023 4024 4060 4059
3699  3 2 1 1 4024 4025 4061 4060
3700  3 2 1 1 4025 4026 4062 4061
3701  3 2 1 1 4026 4027 4063 4062
3702  3 2 1 1 4027 4028 4064 4063
3703  3 2 1 1 4028 4029 4065 4064
3704  3 2 1 1 4029 4030 4066 4065
3705  3 2 1 1 4030 4031 4067 4066
3706  3 2 1 1 4031 4032 4068 4067
3707  3 2 1 1 4032  485  486 4068
3708  3 2 1 1  445 4033 4069  444
3709  3 2 1 1 4033 4034 4070 4069
3710  3 2 1 1 4034 4035 4071 4070
3711  3 2 1 1 4035 4036 4072 4071
3712  3 2 1 1 4036 4037 4073 4072
3713  3 2 1 1 4037 4038 4074 4073
3714  3 2 1 1 4038 4039 4075 4074
3715  3 2 1 1 4039 4040 4076 4075
3716  3 2 1 1 4040 4041 4077 4076
3717  3 2 1 1 4041 4042 4078 4077
3718  3 2 1 1 4042 4043 4079 4078
3719  3 2 1 1 4043 4044 4080 4079
3720  3 2 1 1 4044 4045 4081 4080
3721  3 2 1 1 4045 4046 4082 4081
3722  3 2 1 1 4046 4047 4083 4082
3723  3 2 1 1 4047 4048 4084 4083
3724  3 2 1 1 4048 4049 4085 4084
3725  3 2 1 1 4049 4050 4086 4085
3726  3 2 1 1 4050 4051 4087 4086
3727  3 2 1 1 4051 4052 4088 4087
3728  3 2 1 1 4052 4053 4089 4088
3729  3 2 1 1 4053 4054 4090 4089
3730  3 2 1 1 4054 4055 4091 4090
3731  3 2 1 1 4055 4056 4092 4091
3732  3 2 1 1 4056 4057 4093 4092
3733  3 2 1 1 4057 4058 4094 4093
3734  3 2 1 1 4058 4059 4095 4094
3735  3 2 1 1 4059 4060 4096 4095
3736  3 2 1 1 4060 4061 4097 4096
3737  3 2 1 1 4061 4062 4098 4097
3738  3 2 1 1 4062 4063 4099 4098
3739  3 2 1 1 4063 4064 4100 4099
3740  3 2 1 1 4064 4065 4101 4100
3741  3 2 1 1 4065 4066 4102 4101
3742  3 2 1 1 4066 4067 4103 4102
3743  3 2 1 1 4067 4068 4104 4103
3744  3 2 1 1 4068  486  487 4104
3745  3 2 1 1  444 4069 4105  443
3746  3 2 1 1 4069 4070 4106 4105
3747  3 2 1 1 4070 4071 4107 4106
3748  3 2 1 1 4071 4072 4108 4107
3749  3 2 1 1 4072 4073 4109 4108
3750  3 2 1 1 4073 4074 4110 4109
3751  3 2 1 1 4074 4075 4111 4110
3752  3 2 1 1 4075 4076 4112 4111
3753  3 2 1 1 4076 4077 4113 4112
3754  3 2 1 1 4077 4078 4114 4113
3755  3 2 1 1 4078 4079 4115 4114
3756  3 2 1 1 4079 4080 4116 4115
3757  3 2 1 1 4080 4081 4117 4116
3758  3 2 1 1 4081 4082 4118 4117
3759  3 2 1 1 4082 4083 4119 4118
3760  3 2 1 1 4083 4084 4120 4119
3761  3 2 1 1 4084 4085 4121 4120
3762  3 2 1 1 4085 4086 4122 4121
3763  3 2 1 1 4086 4087 4123 4122
3764  3 2 1 1 4087 4088 4124 4123
3765  3 2 1 1 4088 4089 4125 4124
3766  3 2 1 1 4089 4090 4126 4125
3767  3 2 1 1 4090 4091 4127 4126
3768  3 2 1 1 4091 4092 4128 4127
3769  3 2 1 1 4092 4093 4129 4128
3770  3 2 1 1 4093 4094 4130 4129
3771  3 2 1 1 4094 4095 4131 4130
3772  3 2 1 1 4095 4096 4132 4131
3773  3 2 1 1 4096 4097 4133 4132
3774  3 2 1 1 4097 4098 4134 4133
3775  3 2 1 1 4098 4099 4135 4134
3776  3 2 1 1 4099 4100 4136 4135
3777  3 2 1 1 4100 4101 4137 4136
3778  3 2 1 1 4101 4102 4138 4137
3779  3 2 1 1 4102 4103 4139 4138
3780  3 2 1 1 4103 4104 4140 4139
3781  3 2 1 1 4104  487  488 4140
3782  3 2 1 1  443 4105 4141  442
3783  3 2 1 1 4105 4106 4142 4141
3784  3 2 1 1 4106 4107 4143 4142
3785  3 2 1 1 4107 4108 4144 4143
3786  3 2 1 1 4108 4109 4145 4144
3787  3 2 1 1 4109 4110 4146 4145
3788  3 2 1 1 4110 4111 4147 4146
3789  3 2 1 1 4111 4112 4148 4147
3790  3 2 1 1 4112 4113 4149 4148
3791  3 2 1 1 4113 4114 4150 4149
3792  3 2 1 1 4114 4115 4151 4150
3793  3 2 1 1 4115 4116 4152 4151
3794  3 2 1 1 4116 4117 4153 4152
3795  3 2 1 1 4117 4118 4154 4153
3796  3 2 1 1 4118 4119 4155 4154
3797  3 2 1 1 4119 4120 4156 4155
3798  3 2 1 1 4120 4121 4157 4156
3799  3 2 1 1 4121 4122 4158 4157
3800  3 2 1 1 4122 4123 4159 4158
3801  3 2 1 1 4123 4124 4160 4159
3802  3 2 1 1 4124 4125 4161 4160
3803  3 2 1 1 4125 4126 4162 4161
3804  3 2 1 1 4126 4127 4163 4162
3805  3 2 1 1 4127 4128 4164 4163
3806  3 2 1 1 4128 4129 4165 4164
3807  3 2 1 1 4129 4130 4166 4165
3808  3 2 1 1 4130 4131 4167 4166
3809  3 2 1 1 4131 4132 4168 4167
3810  3 2 1 1 4132 4133 4169 4168
3811  3 2 1 1 4133 4134 4170 4169
3812  3 2 1 1 4134 4135 4171 4170
3813  3 2 1 1 4135 4136 4172 4171
3814  3 2 1 1 4136 4137 4173 4172
3815  3 2 1 1 4137 4138 4174 4173
3816  3 2 1 1 4138 4139 4175 4174
3817  3 2 1 1 4139 4140 4176 4175
3818  3 2 1 1 4140  488  489 4176
3819  3 2 1 1  442 4141 4177  441
3820  3 2 1 1 4141 4142 4178 4177
3821  3 2 1 1 4142 4143 4179 4178
3822  3 2 1 1 4143 4144 4180 4179
3823  3 2 1 1 4144 4145 4181 4180
3824  3 2 1 1 4145 4146 4182 4181
3825  3 2 1 1 4146 4147 4183 4182
3826  3 2 1 1 4147 4148 4184 4183
3827  3 2 1 1 4148 4149 4185 4184
3828  3 2 1 1 4149 4150 4186 4185
3829  3 2 1 1 4150 4151 4187 4186
3830  3 2 1 1 4151 4152 4188 4187
3831  3 2 1 1 4152 4153 4189 4188
3832  3 2 1 1 4153 4154 4190 4189
3833  3 2 1 1 4154 4155 4191 4190
3834  3 2 1 1 4155 4156 4192 4191
3835  3 2 1 1 4156 4157 4193 4192
3836  3 2 1 1 4157 4158 4194 4193
3837  3 2 1 1 4158 4159 4195 4194
3838  3 2 1 1 4159 4160 4196 4195
3839  3 2 1 1 4160 4161 4197 4196
3840  3 2 1 1 4161 4162 4198 4197
3841  3 2 1 1 4162 4163 4199 4198
3842  3 2 1 1 4163 4164 4200 4199
3843  3 2 1 1 4164 4165 4201 4200
3844  3 2 1 1 4165 4166 4202 4201
3845  3 2 1 1 4166 4167 4203 4202
3846  3 2 1 1 4167 4168 4204 4203
3847  3 2 1 1 4168 4169 4205 4204
3848  3 2 1 1 4169 4170 4206 4205
3849  3 2 1 1 4170 4171 4207 4206
3850  3 2 1 1 4171 4172 4208 4207
3851  3 2 1 1 4172 4173 4209 4208
3852  3 2 1 1 4173 4174 4210 4209
3853  3 2 1 1 4174 4175 4211 4210
3854  3 2 1 1 4175 4176 4212 4211
3855  3 2 1 1 4176  489  490 4212
3856  3 2 1 1  441 4177 4213  440
3857  3 2 1 1 4177 4178 4214 4213
3858  3 2 1 1 4178 4179 4215 4214
3859  3 2 1 1 4179 4180 4216 4215
3860  3 2 1 1 4180 4181 4217 4216
3861  3 2 1 1 4181 4182 4218 4217
3862  3 2 1 1 4182 4183 4219 4218
3863  3 2 1 1 4183 4184 4220 4219
3864  3 2 1 1 4184 4185 4221 4220
3865  3 2 1 1 4185 4186 4222 4221
3866  3 2 1 1 4186 4187 4223 4222
3867  3 2 1 1 4187 4188 4224 4223
3868  3 2 1 1 4188 4189 4225 4224
3869  3 2 1 1 4189 4190 4226 4225
3870  3 2 1 1 4190 4191 4227 4226
3871  3 2 1 1 4191 4192 4228 4227
3872  3 2 1 1 4192 4193 4229 4228
3873  3 2 1 1 4193 4194 4230 4229
3874  3 2 1 1 4194 4195 4231 4230
3875  3 2 1 1 4195 4196 4232 4231
3876  3 2 1 1 4196 4197 4233 4232
3877  3 2 1 1 4197 4198 4234 4233
3878  3 2 1 1 4198 4199 4235 4234
3879  3 2 1 1 4199 4200 4236 4235
3880  3 2 1 1 4200 4201 4237 4236
3881  3 2 1 1 4201 4202 4238 4237
3882  3 2 1 1 4202 4203 4239 4238
3883  3 2 1 1 4203 4204 4240 4239
3884  3 2 1 1 4204 4205 4241 4240
3885  3 2 1 1 4205 4206 4242 4241
3886  3 2 1 1 4206 4207 4243 4242
3887  3 2 1 1 4207 4208 4244 4243
3888  3 2 1 1 4208 4209 4245 4244
3889  3 2 1 1 4209 4210 4246 4245
3890  3 2 1 1 4210 4211 4247 4246
3891  3 2 1 1 4211 4212 4248 4247
3892  3 2 1 1 4212  490  491 4248
3893  3 2 1 1  440 4213 4249  439
3894  3 2 1 1 4213 4214 4250 4249
3895  3 2 1 1 4214 4215 4251 4250
3896  3 2 1 1 4215 4216 4252 4251
3897  3 2 1 1 4216 4217 4253 4252
3898  3 2 1 1 4217 4218 4254 4253
3899  3 2 1 1 4218 4219 4255 4254
3900  3 2 1 1 4219 4220 4256 4255
3901  3 2 1 1 4220 4221 4257 4256
3902  3 2 1 1 4221 4222 4258 4257
3903  3 2 1 1 4222 4223 4259 4258
3904  3 2 1 1 4223 4224 4260 4259
3905  3 2 1 1 4224 4225 4261 4260
3906  3 2 1 1 4225 4226 4262 4261
3907  3 2 1 1 4226 4227 4263 4262
3908  3 2 1 1 4227 4228 4264 4263
3909  3 2 1 1 4228 4229 4265 4264
3910  3 2 1 1 4229 4230 4266 4265
3911  3 2 1 1 4230 4231 4267 4266
3912  3 2 1 1 4231 4232 4268 4267
3913  3 2 1 1 4232 4233 4269 4268
3914  3 2 1 1 4233 4234 4270 4269
3915  3 2 1 1 4234 4235 4271 4270
3916  3 2 1 1 4235 4236 4272 4271
3917  3 2 1 1 4236 4237 4273 4272
3918  3 2 1 1 4237 4238 4274 4273
3919  3 2 1 1 4238 4239 4275 4274
3920  3 2 1 1 4239 4240 4276 4275
3921  3 2 1 1 4240 4241 4277 4276
3922  3 2 1 1 4241 4242 4278 4277
3923  3 2 1 1 4242 4243 4279 4278
3924  3 2 1 1 4243 4244 4280 4279
3925  3 2 1 1 4244 4245 4281 4280
3926  3 2 1 1 4245 4246 4282 4281
3927  3 2 1 1 4246 4247 4283 4282
3928  3 2 1 1 4247 4248 4284 4283
3929  3 2 1 1 4248  491  492 4284
3930  3 2 1 1  439 4249 4285  438
3931  3 2 1 1 4249 4250 4286 4285
3932  3 2 1 1 4250 4251 4287 4286
3933  3 2 1 1 4251 4252 4288 4287
3934  3 2 1 1 4252 4253 4289 4288
3935  3 2 1 1 4253 4254 4290 4289
3936  3 2 1 1 4254 4255 4291 4290
3937  3 2 1 1 4255 4256 4292 4291
3938  3 2 1 1 4256 4257 4293 4292
3939  3 2 1 1 4257 4258 4294 4293
3940  3 2 1 1 4258 4259 4295 4294
3941  3 2 1 1 4259 4260 4296 4295
3942  3 2 1 1 4260 4261 4297 4296
3943  3 2 1 1 4261 4262 4298 4297
3944  3 2 1 1 4262 4263 4299 4298
3945  3 2 1 1 4263 4264 4300 4299
3946  3 2 1 1 4264 4265 4301 4300
3947  3 2 1 1 4265 4266 4302 4301
3948  3 2 1 1 4266 4267 4303 4302
3949  3 2 1 1 4267 4268 4304 4303
3950  3 2 1 1 4268 4269 4305 4304
3951  3 2 1 1 4269 4270 4306 4305
3952  3 2 1 1 4270 4271 4307 4306
3953  3 2 1 1 4271 4272 4308 4307
3954  3 2 1 1 4272 4273 4309 4308
3955  3 2 1 1 4273 4274 4310 4309
3956  3 2 1 1 4274 4275 4311 4310
3957  3 2 1 1 4275 4276 4312 4311
3958  3 2 1 1 4276 4277 4313 4312
3959  3 2 1 1 4277 4278 4314 4313
3960  3 2 1 1 4278 4279 4315 4314
3961  3 2 1 1 4279 4280 4316 4315
3962  3 2 1 1 4280 4281 4317 4316
3963  3 2 1 1 4281 4282 4318 4317
3964  3 2 1 1 4282 4283 4319 4318
3965  3 2 1 1 4283 4284 4320 4319
3966  3 2 1 1 4284  492  493 4320
3967  3 2 1 1  438 4285 4321  437
3968  3 2 1 1 4285 4286 4322 4321
3969  3 2 1 1 4286 4287 4323 4322
3970  3 2 1 1 4287 4288 4324 4323
3971  3 2 1 1 4288 4289 4325 4324
3972  3 2 1 1 4289 4290 4326 4325
3973  3 2 1 1 4290 4291 4327 4326
3974  3 2 1 1 4291 4292 4328 4327
3975  3 2 1 1 4292 4293 4329 4328
3976  3 2 1 1 4293 4294 4330 4329
3977  3 2 1 1 4294 4295 4331 4330
3978  3 2 1 1 4295 4296 4332 4331
3979  3 2 1 1 4296 4297 4333 4332
3980  3 2 1 1 4297 4298 4334 4333
3981  3 2 1 1 4298 4299 4335 4334
3982  3 2 1 1 4299 4300 4336 4335
3983  3 2 1 1 4300 4301 4337 4336
3984  3 2 1 1 4301 4302 4338 4337
3985  3 2 1 1 4302 4303 4339 4338
3986  3 2 1 1 4303 4304 4340 4339
3987  3 2 1 1 4304 4305 4341 4340
3988  3 2 1 1 4305 4306 4342 4341
3989  3 2 1 1 4306 4307 4343 4342
3990  3 2 1 1 4307 4308 4344 4343
3991  3 2 1 1 4308 4309 4345 4344
3992  3 2 1 1 4309 4310 4346 4345
3993  3 2 1 1 4310 4311 4347 4346
3994  3 2 1 1 4311 4312 4348 4347
3995  3 2 1 1 4312 4313 4349 4348
3996  3 2 1 1 4313 4314 4350 4349
3997  3 2 1 1 4314 4315 4351 4350
3998  3 2 1 1 4315 4316 4352 4351
3999  3 2 1 1 4316 4317 4353 4352
4000  3 2 1 1 4317 4318 4354 4353
4001  3 2 1 1 4318 4319 4355 4354
4002  3 2 1 1 4319 4320 4356 4355
4003  3 2 1 1 4320  493  494 4356
4004  3 2 1 1  437 4321 4357  436
4005  3 2 1 1 4321 4322 4358 4357
4006  3 2 1 1 4322 4323 4359 4358
4007  3 2 1 1 4323 4324 4360 4359
4008  3 2 1 1 4324 4325 4361 4360
4009  3 2 1 1 4325 4326 4362 4361
4010  3 2 1 1 4326 4327 4363 4362
4011  3 2 1 1 4327 4328 4364 4363
4012  3 2 1 1 4328 4329 4365 4364
4013  3 2 1 1 4329 4330 4366 4365
4014  3 2 1 1 4330 4331 4367 4366
4015  3 2 1 1 4331 4332 4368 4367
4016  3 2 1 1 4332 4333 4369 4368
4017  3 2 1 1 4333 4334 4370 4369
4018  3 2 1 1 4334 4335 4371 4370
4019  3 2 1 1 4335 4336 4372 4371
4020  3 2 1 1 4336 4337 4373 4372
4021  3 2 1 1 4337 4338 4374 4373
4022  3 2 1 1 4338 4339 4375 4374
4023  3 2 1 1 4339 4340 4376 4375
4024  3 2 1 1 4340 4341 4377 4376
4025  3 2 1 1 4341 4342 4378 4377
4026  3 2 1 1 4342 4343 4379 4378
4027  3 2 1 1 4343 4344 4380 4379
4028  3 2 1 1 4344 4345 4381 4380
4029  3 2 1 1 4345 4346 4382 4381
4030  3 2 1 1 4346 4347 4383 4382
4031  3 2 1 1 4347 4348 4384 4383
4032  3 2 1 1 4348 4349 4385 4384
4033  3 2 1 1 4349 4350 4386 4385
4034  3 2 1 1 4350 4351 4387 4386
4035  3 2 1 1 4351 4352 4388 4387
4036  3 2 1 1 4352 4353 4389 4388
4037  3 2 1 1 4353 4354 4390 4389
4038  3 2 1 1 4354 4355 4391 4390
4039  3 2 1 1 4355 4356 4392 4391
4040  3 2 1 1 4356  494  495 4392
4041  3 2 1 1  436 4357 4393  435
4042  3 2 1 1 4357 4358 4394 4393
4043  3 2 1 1 4358 4359 4395 4394
4044  3 2 1 1 4359 4360 4396 4395
4045  3 2 1 1 4360 4361 4397 4396
4046  3 2 1 1 4361 4362 4398 4397
4047  3 2 1 1 4362 4363 4399 4398
4048  3 2 1 1 4363 4364 4400 4399
4049  3 2 1 1 4364 4365 4401 4400
4050  3 2 1 1 4365 4366 4402 4401
4051  3 2 1 1 4366 4367 4403 4402
4052  3 2 1 1 4367 4368 4404 4403
4053  3 2 1 1 4368 4369 4405 4404
4054  3 2 1 1 4369 4370 4406 4405
4055  3 2 1 1 4370 4371 4407 4406
4056  3 2 1 1 4371 4372 4408 4407
4057  3 2 1 1 4372 4373 4409 4408
4058  3 2 1 1 4373 4374 4410 4409
4059  3 2 1 1 4374 4375 4411 4410
4060  3 2 1 1 4375 4376 4412 4411
4061  3 2 1 1 4376 4377 4413 4412
4062  3 2 1 1 4377 4378 4414 4413
4063  3 2 1 1 4378 4379 4415 4414
4064  3 2 1 1 4379 4380 4416 4415
4065  3 2 1 1 4380 4381 4417 4416
4066  3 2 1 1 4381 4382 4418 4417
4067  3 2 1 1 4382 4383 4419 4418
4068  3 2 1 1 4383 4384 4420 4419
4069  3 2 1 1 4384 4385 4421 4420
4070  3 2 1 1 4385 4386 4422 4421
4071  3 2 1 1 4386 4387 4423 4422
4072  3 2 1 1 4387 4388 4424 4423
4073  3 2 1 1 4388 4389 4425 4424
4074  3 2 1 1 4389 4390 4426 4425
4075  3 2 1 1 4390 4391 4427 4426
4076  3 2 1 1 4391 4392 4428 4427
4077  3 2 1 1 4392  495  496 4428
4078  3 2 1 1  435 4393 4429  434
4079  3 2 1 1 4393 4394 4430 4429
4080  3 2 1 1 4394 4395 4431 4430
4081  3 2 1 1 4395 4396 4432 4431
4082  3 2 1 1 4396 4397 4433 4432
4083  3 2 1 1 4397 4398 4434 4433
4084  3 2 1 1 4398 4399 4435 4434
4085  3 2 1 1 4399 4400 4436 4435
4086  3 2 1 1 4400 4401 4437 4436
4087  3 2 1 1 4401 4402 4438 4437
4088  3 2 1 1 4402 4403 4439 4438
4089  3 2 1 1 4403 4404 4440 4439
4090  3 2 1 1 4404 4405 4441 4440
4091  3 2 1 1 4405 4406 4442 4441
4092  3 2 1 1 4406 4407 4443 4442
4093  3 2 1 1 4407 4408 4444 4443
4094  3 2 1 1 4408 4409 4445 4444
4095  3 2 1 1 4409 4410 4446 4445
4096  3 2 1 1 4410 4411 4447 4446
4097  3 2 1 1 4411 4412 4448 4447
4098  3 2 1 1 4412 4413 4449 4448
4099  3 2 1 1 4413 4414 4450 4449
4100  3 2 1 1 4414 4415 4451 4450
4101  3 2 1 1 4415 4416 4452 4451
4102  3 2 1 1 4416 4417 4453 4452
4103  3 2 1 1 4417 4418 4454 4453
4104  3 2 1 1 4418 4419 4455 4454
4105  3 2 1 1 4419 4420 4456 4455
4106  3 2 1 1 4420 4421 4457 4456
4107  3 2 1 1 4421 4422 4458 4457
4108  3 2 1 1 4422 4423 4459 4458
4109  3 2 1 1 4423 4424 4460 4459
4110  3 2 1 1 4424 4425 4461 4460
4111  3 2 1 1 4425 4426 4462 4461
4112  3 2 1 1 4426 4427 4463 4462
4113  3 2 1 1 4427 4428 4464 4463
4114  3 2 1 1 4428  496  497 4464
4115  3 2 1 1  434 4429 4465  433
4116  3 2 1 1 4429 4430 4466 4465
4117  3 2 1 1 4430 4431 4467 4466
4118  3 2 1 1 4431 4432 4468 4467
4119  3 2 1 1 4432 4433 4469 4468
4120  3 2 1 1 4433 4434 4470 4469
4121  3 2 1 1 4434 4435 4471 4470
4122  3 2 1 1 4435 4436 4472 4471
4123  3 2 1 1 4436 4437 4473 4472
4124  3 2 1 1 4437 4438 4474 4473
4125  3 2 1 1 4438 4439 4475 4474
4126  3 2 1 1 4439 4440 4476 4475
4127  3 2 1 1 4440 4441 4477 4476
4128  3 2 1 1 4441 4442 4478 4477
4129  3 2 1 1 4442 4443 4479 4478
4130  3 2 1 1 4443 4444 4480 4479
4131  3 2 1 1 4444 4445 4481 4480
4132  3 2 1 1 4445 4446 4482 4481
4133  3 2 1 1 4446 4447 4483 4482
4134  3 2 1 1 4447 4448 4484 4483
4135  3 2 1 1 4448 4449 4485 4484
4136  3 2 1 1 4449 4450 4486 4485
4137  3 2 1 1 4450 4451 4487 4486
4138  3 2 1 1 4451 4452 4488 4487
4139  3 2 1 1 4452 4453 4489 4488
4140  3 2 1 1 4453 4454 4490 4489
4141  3 2 1 1 4454 4455 4491 4490
4142  3 2 1 1 4455 4456 4492 4491
4143  3 2 1 1 4456 4457 4493 4492
4144  3 2 1 1 4457 4458 4494 4493
4145  3 2 1 1 4458 4459 4495 4494
4146  3 2 1 1 4459 4460 4496 4495
4147  3 2 1 1 4460 4461 4497 4496
4148  3 2 1 1 4461 4462 4498 4497
4149  3 2 1 1 4462 4463 4499 4498
4150  3 2 1 1 4463 4464 4500 4499
4151  3 2 1 1 4464  497  498 4500
4152  3 2 1 1  433 4465 4501  432
4153  3 2 1 1 4465 4466 4502 4501
4154  3 2 1 1 4466 4467 4503 4502
4155  3 2 1 1 4467 4468 4504 4503
4156  3 2 1 1 4468 4469 4505 4504
4157  3 2 1 1 4469 4470 4506 4505
4158  3 2 1 1 4470 4471 4507 4506
4159  3 2 1 1 4471 4472 4508 4507
4160  3 2 1 1 4472 4473 4509 4508
4161  3 2 1 1 4473 4474 4510 4509
4162  3 2 1 1 4474 4475 4511 4510
4163  3 2 1 1 4475 4476 4512 4511
4164  3 2 1 1 4476 4477 4513 4512
4165  3 2 1 1 4477 4478 4514 4513
4166  3 2 1 1 4478 4479 4515 4514
4167  3 2 1 1 4479 4480 4516 4515
4168  3 2 1 1 4480 4481 4517 4516
4169  3 2 1 1 4481 4482 4518 4517
4170  3 2 1 1 4482 4483 4519 4518
4171  3 2 1 1 4483 4484 4520 4519
4172  3 2 1 1 4484 4485 4521 4520
4173  3 2 1 1 4485 4486 4522 4521
4174  3 2 1 1 4486 4487 4523 4522
4175  3 2 1 1 4487 4488 4524 4523
4176  3 2 1 1 4488 4489 4525 4524
4177  3 2 1 1 4489 4490 4526 4525
4178  3 2 1 1 4490 4491 4527 4526
4179  3 2 1 1 4491 4492 4528 4527
4180  3 2 1 1 4492 4493 4529 4528
4181  3 2 1 1 4493 4494 4530 4529
4182  3 2 1 1 4494 4495 4531 4530
4183  3 2 1 1 4495 4496 4532 4531
4184  3 2 1 1 4496 4497 4533 4532
4185  3 2 1 1 4497 4498 4534 4533
4186  3 2 1 1 4498 4499 4535 4534
4187  3 2 1 1 4499 4500 4536 4535
4188  3 2 1 1 4500  498  499 4536
4189  3 2 1 1  432 4501 4537  431
4190  3 2 1 1 4501 4502 4538 4537
4191  3 2 1 1 4502 4503 4539 4538
4192  3 2 1 1 4503 4504 4540 4539
4193  3 2 1 1 4504 4505 4541 4540
4194  3 2 1 1 4505 4506 4542 4541
4195  3 2 1 1 4506 4507 4543 4542
4196  3 2 1 1 4507 4508 4544 4543
4197  3 2 1 1 4508 4509 4545 4544
4198  3 2 1 1 4509 4510 4546 4545
4199  3 2 1 1 4510 4511 4547 4546
4200  3 2 1 1 4511 4512 4548 4547
4201  3 2 1 1 4512 4513 4549 4548
4202  3 2 1 1 4513 4514 4550 4549
4203  3 2 1 1 4514 4515 4551 4550
4204  3 2 1 1 4515 4516 4552 4551
4205  3 2 1 1 4516 4517 4553 4552
4206  3 2 1 1 4517 4518 4554 4553
4207  3 2 1 1 4518 4519 4555 4554
4208  3 2 1 1 4519 4520 4556 4555
4209  3 2 1 1 4520 4521 4557 4556
4210  3 2 1 1 4521 4522 4558 4557
4211  3 2 1 1 4522 4523 4559 4558
4212  3 2 1 1 4523 4524 4560 4559
4213  3 2 1 1 4524 4525 4561 4560
4214  3 2 1 1 4525 4526 4562 4561
4215  3 2 1 1 4526 4527 4563 4562
4216  3 2 1 1 4527 4528 4564 4563
4217  3 2 1 1 4528 4529 4565 4564
4218  3 2 1 1 4529 4530 4566 4565
4219  3 2 1 1 4530 4531 4567 4566
4220  3 2 1 1 4531 4532 4568 4567
4221  3 2 1 1 4532 4533 4569 4568
4222  3 2 1 1 4533 4534 4570 4569
4223  3 2 1 1 4534 4535 4571 4570
4224  3 2 1 1 4535 4536 4572 4571
4225  3 2 1 1 4536  499  500 4572
4226  3 2 1 1  431 4537 4573  430
4227  3 2 1 1 4537 4538 4574 4573
4228  3 2 1 1 4538 4539 4575 4574
4229  3 2 1 1 4539 4540 4576 4575
4230  3 2 1 1 4540 4541 4577 4576
4231  3 2 1 1 4541 4542 4578 4577
4232  3 2 1 1 4542 4543 4579 4578
4233  3 2 1 1 4543 4544 4580 4579
4234  3 2 1 1 4544 4545 4581 4580
4235  3 2 1 1 4545 4546 4582 4581
4236  3 2 1 1 4546 4547 4583 4582
4237  3 2 1 1 4547 4548 4584 4583
4238  3 2 1 1 4548 4549 4585 4584
4239  3 2 1 1 4549 4550 4586 4585
4240  3 2 1 1 4550 4551 4587 4586
4241  3 2 1 1 4551 4552 4588 4587
4242  3 2 1 1 4552 4553 4589 4588
4243  3 2 1 1 4553 4554 4590 4589
4244  3 2 1 1 4554 4555 4591 4590
4245  3 2 1 1 4555 4556 4592 4591
4246  3 2 1 1 4556 4557 4593 4592
4247  3 2 1 1 4557 4558 4594 4593
4248  3 2 1 1 4558 4559 4595 4594
4249  3 2 1 1 4559 4560 4596 4595
4250  3 2 1 1 4560 4561 4597 4596
4251  3 2 1 1 4561 4562 4598 4597
4252  3 2 1 1 4562 4563 4599 4598
4253  3 2 1 1 4563 4564 4600 4599
4254  3 2 1 1 4564 4565 4601 4600
4255  3 2 1 1 4565 4566 4602 4601
4256  3 2 1 1 4566 4567 4603 4602
4257  3 2 1 1 4567 4568 4604 4603
4258  3 2 1 1 4568 4569 4605 4604
4259  3 2 1 1 4569 4570 4606 4605
4260  3 2 1 1 4570 4571 4607 4606
4261  3 2 1 1 4571 4572 4608 4607
4262  3 2 1 1 4572  500  501 4608
4263  3 2 1 1  430 4573 4609  429
4264  3 2 1 1 4573 4574 4610 4609
4265  3 2 1 1 4574 4575 4611 4610
4266  3 2 1 1 4575 4576 4612 4611
4267  3 2 1 1 4576 4577 4613 4612
4268  3 2 1 1 4577 4578 4614 4613
4269  3 2 1 1 4578 4579 4615 4614
4270  3 2 1 1 4579 4580 4616 4615
4271  3 2 1 1 4580 4581 4617 4616
4272  3 2 1 1 4581 4582 4618 4617
4273  3 2 1 1 4582 4583 4619 4618
4274  3 2 1 1 4583 4584 4620 4619
4275  3 2 1 1 4584 4585 4621 4620
4276  3 2 1 1 4585 4586 4622 4621
4277  3 2 1 1 4586 4587 4623 4622
4278  3 2 1 1 4587 4588 4624 4623
4279  3 2 1 1 4588 4589 4625 4624
4280  3 2 1 1 4589 4590 4626 4625
4281  3 2 1 1 4590 4591 4627 4626
4282  3 2 1 1 4591 4592 4628 4627
4283  3 2 1 1 4592 4593 4629 4628
4284  3 2 1 1 4593 4594 4630 4629
4285  3 2 1 1 4594 4595 4631 4630
4286  3 2 1 1 4595 4596 4632 4631
4287  3 2 1 1 4596 4597 4633 4632
4288  3 2 1 1 4597 4598 4634 4633
4289  3 2 1 1 4598 4599 4635 4634
4290  3 2 1 1 4599 4600 4636 4635
4291  3 2 1 1 4600 4601 4637 4636
4292  3 2 1 1 4601 4602 4638 4637
4293  3 2 1 1 4602 4603 4639 4638
4294  3 2 1 1 4603 4604 4640 4639
4295  3 2 1 1 4604 4605 4641 4640
4296  3 2 1 1 4605 4606 4642 4641
4297  3 2 1 1 4606 4607 4643 4642
4298  3 2 1 1 4607 4608 4644 4643
4299  3 2 1 1 4608  501  502 4644
4300  3 2 1 1  429 4609  508   15
4301  3 2 1 1 4609 4610  509  508
4302  3 2 1 1 4610 4611  510  509
4303  3 2 1 1 4611 4612  511  510
4304  3 2 1 1 4612 4613  512  511
4305  3 2 1 1 4613 4614  513  512
4306  3 2 1 1 4614 4615  514  513
4307  3 2 1 1 4615 4616  515  514
4308  3 2 1 1 4616 4617  516  515
4309  3 2 1 1 4617 4618  517  516
4310  3 2 1 1 4618 4619  518  517
4311  3 2 1 1 4619 4620  519  518
4312  3 2 1 1 4620 4621  520  519
4313  3 2 1 1 4621 4622  521  520
4314  3 2 1 1 4622 4623  522  521
4315  3 2 1 1 4623 4624  523  522
4316  3 2 1 1 4624 4625  524  523
4317  3 2 1 1 4625 4626  525  524
4318  3 2 1 1 4626 4627  526  525
4319  3 2 1 1 4627 4628  527  526
4320  3 2 1 1 4628 4629  528  527
4321  3 2 1 1 4629 4630  529  528
4322  3 2 1 1 4630 4631  530  529
4323  3 2 1 1 4631 4632  531  530
4324  3 2 1 1 4632 4633  532  531
4325  3 2 1 1 4633 4634  533  532
4326  3 2 1 1 4634 4635  534  533
4327  3 2 1 1 4635 4636  535  534
4328  3 2 1 1 4636 4637  536  535
4329  3 2 1 1 4637 4638  537  536
4330  3 2 1 1 4638 4639  538  537
4331  3 2 1 1 4639 4640  539  538
4332  3 2 1 1 4640 4641  540  539
4333  3 2 1 1 4641 4642  541  540
4334  3 2 1 1 4642 4643  542  541
4335  3 2 1 1 4643 4644  543  542
4336  3 2 1 1 4644  502   16  543
4337  3 2 1 1    2   17 4645  507
4338  3 2 1 1   17   18 4646 4645
4339  3 2 1 1   18   19 4647 4646
4340  3 2 1 1   19   20 4648 4647
4341  3 2 1 1   20   21 4649 4648
4342  3 2 1 1   21   22 4650 4649
4343  3 2 1 1   22   23 4651 4650
4344  3 2 1 1   23   24 4652 4651
4345  3 2 1 1   24   25 4653 4652
4346  3 2 1 1   25   26 4654 4653
4347  3 2 1 1   26   27 4655 4654
4348  3 2 1 1   27   28 4656 4655
4349  3 2 1 1   28   29 4657 4656
4350  3 2 1 1   29   30 4658 4657
4351  3 2 1 1   30   31 4659 4658
4352  3 2 1 1   31   32 4660 4659
4353  3 2 1 1   32   33 4661 4660
4354  3 2 1 1   33   34 4662 4661
4355  3 2 1 1   34   35 4663 4662
4356  3 2 1 1   35   36 4664 4663
4357  3 2 1 1   36   37 4665 4664
4358  3 2 1 1   37   38 4666 4665
4359  3 2 1 1   38   39 4667 4666
4360  3 2 1 1   39   40 4668 4667
4361  3 2 1 1   40   41 4669 4668
4362  3 2 1 1   41   42 4670 4669
4363  3 2 1 1   42   43 4671 4670
4364  3 2 1 1   43   44 4672 4671
4365  3 2 1 1   44   45 4673 4672
4366  3 2 1 1   45   46 4674 4673
4367  3 2 1 1   46   47 4675 4674
4368  3 2 1 1   47   48 4676 4675
4369  3 2 1 1   48   49 4677 4676
4370  3 2 1 1   49   50 4678 4677
4371  3 2 1 1   50   51 4679 4678
4372  3 2 1 1   51   52 4680 4679
4373  3 2 1 1   52    3  424 4680
4374  3 2 1 1  507 4645 4681  506
4375  3 2 1 1 4645 4646 4682 4681
4376  3 2 1 1 4646 4647 4683 4682
4377  3 2 1 1 4647 4648 4684 4683
4378  3 2 1 1 4648 4649 4685 4684
4379  3 2 1 1 4649 4650 4686 4685
4380  3 2 1 1 4650 4651 4687 4686
4381  3 2 1 1 4651 4652 4688 4687
4382  3 2 1 1 4652 4653 4689 4688
4383  3 2 1 1 4653 4654 4690 4689
4384  3 2 1 1 4654 4655 4691 4690
4385  3 2 1 1 4655 4656 4692 4691
4386  3 2 1 1 4656 4657 4693 4692
4387  3 2 1 1 4657 4658 4694 4693
4388  3 2 1 1 4658 4659 4695 4694
4389  3 2 1 1 4659 4660 4696 4695
4390  3 2 1 1 4660 4661 4697 4696
4391  3 2 1 1 4661 4662 4698 4697
4392  3 2 1 1 4662 4663 4699 4698
4393  3 2 1 1 4663 4664 4700 4699
4394  3 2 1 1 4664 4665 4701 4700
4395  3 2 1 1 4665 4666 4702 4701
4396  3 2 1 1 4666 4667 4703 4702
4397  3 2 1 1 4667 4668 4704 4703
4398  3 2 1 1 4668 4669 4705 4704
4399  3 2 1 1 4669 4670 4706 4705
4400  3 2 1 1 4670 4671 4707 4706
4401  3 2 1 1 4671 4672 4708 4707
4402  3 2 1 1 4672 4673 4709 4708
4403  3 2 1 1 4673 4674 4710 4709
4404  3 2 1 1 4674 4675 4711 4710
4405  3 2 1 1 4675 4676 4712 4711
4406  3 2 1 1 4676 4677 4713 4712
4407  3 2 1 1 4677 4678 4714 4713
4408  3 2 1 1 4678 4679 4715 4714
4409  3 2 1 1 4679 4680 4716 4715
4410  3 2 1 1 4680  424  425 4716
4411  3 2 1 1  506 4681 4717  505
4412  3 2 1 1 4681 4682 4718 4717
4413  3 2 1 1 4682 4683 4719 4718
4414  3 2 1 1 4683 4684 4720 4719
4415  3 2 1 1 4684 4685 4721 4720
4416  3 2 1 1 4685 4686 4722 4721
4417  3 2 1 1 4686 4687 4723 4722
4418  3 2 1 1 4687 4688 4724 4723
4419  3 2 1 1 4688 4689 4725 4724
4420  3 2 1 1 4689 4690 4726 4725
4421  3 2 1 1 4690 4691 4727 4726
4422  3 2 1 1 4691 4692 4728 4727
4423  3 2 1 1 4692 4693 4729 4728
4424  3 2 1 1 4693 4694 4730 4729
4425  3 2 1 1 4694 4695 4731 4730
4426  3 2 1 1 4695 4696 4732 4731
4427  3 2 1 1 4696 4697 4733 4732
4428  3 2 1 1 4697 4698 4734 4733
4429  3 2 1 1 4698 4699 4735 4734
4430  3 2 1 1 4699 4700 4736 4735
4431  3 2 1 1 4700 4701 4737 4736
4432  3 2 1 1 4701 4702 4738 4737
4433  3 2 1 1 4702 4703 4739 4738
4434  3 2 1 1 4703 4704 4740 4739
4435  3 2 1 1 4704 4705 4741 4740
4436  3 2 1 1 4705 4706 4742 4741
4437  3 2 1 1 4706 4707 4743 4742
4438  3 2 1 1 4707 4708 4744 4743
4439  3 2 1 1 4708 4709 4745 4744
4440  3 2 1 1 4709 4710 4746 4745
4441  3 2 1 1 4710 4711 4747 4746
4442  3 2 1 1 4711 4712 4748 4747
4443  3 2 1 1 4712 4713 4749 4748
4444  3 2 1 1 4713 4714 4750 4749
4445  3 2 1 1 4714 4715 4751 4750
4446  3 2 1 1 4715 4716 4752 4751
4447  3 2 1 1 4716  425  426 4752
4448  3 2 1 1  505 4717 4753  504
4449  3 2 1 1 4717 4718 4754 4753
4450  3 2 1 1 4718 4719 4755 4754
4451  3 2 1 1 4719 4720 4756 4755
4452  3 2 1 1 4720 4721 4757 4756
4453  3 2 1 1 4721 4722 4758 4757
4454  3 2 1 1 4722 4723 4759 4758
4455  3 2 1 1 4723 4724 4760 4759
4456  3 2 1 1 4724 4725 4761 4760
4457  3 2 1 1 4725 4726 4762 4761
4458  3 2 1 1 4726 4727 4763 4762
4459  3 2 1 1 4727 4728 4764 4763
4460  3 2 1 1 4728 4729 4765 4764
4461  3 2 1 1 4729 4730 4766 4765
4462  3 2 1 1 4730 4731 4767 4766
4463  3 2 1 1 4731 4732 4768 4767
4464  3 2 1 1 4732 4733 4769 4768
4465  3 2 1 1 4733 4734 4770 4769
4466  3 2 1 1 4734 4735 4771 4770
4467  3 2 1 1 4735 4736 4772 4771
4468  3 2 1 1 4736 4737 4773 4772
4469  3 2 1 1 4737 4738 4774 4773
4470  3 2 1 1 4738 4739 4775 4774
4471  3 2 1 1 4739 4740 4776 4775
4472  3 2 1 1 4740 4741 4777 4776
4473  3 2 1 1 4741 4742 4778 4777
4474  3 2 1 1 4742 4743 4779 4778
4475  3 2 1 1 4743 4744 4780 4779
4476  3 2 1 1 4744 4745 4781 4780
4477  3 2 1 1 4745 4746 4782 4781
4478  3 2 1 1 4746 4747 4783 4782
4479  3 2 1 1 4747 4748 4784 4783
4480  3 2 1 1 4748 4749 4785 4784
4481  3 2 1 1 4749 4750 4786 4785
4482  3 2 1 1 4750 4751 4787 4786
4483  3 2 1 1 4751 4752 4788 4787
4484  3 2 1 1 4752  426  427 4788
4485  3 2 1 1  504 4753 4789  503
4486  3 2 1 1 4753 4754 4790 4789
4487  3 2 1 1 4754 4755 4791 4790
4488  3 2 1 1 4755 4756 4792 4791
4489  3 2 1 1 4756 4757 4793 4792
4490  3 2 1 1 4757 4758 4794 4793
4491  3 2 1 1 4758 4759 4795 4794
4492  3 2 1 1 4759 4760 4796 4795
4493  3 2 1 1 4760 4761 4797 4796
4494  3 2 1 1 4761 4762 4798 4797
4495  3 2 1 1 4762 4763 4799 4798
4496  3 2 1 1 4763 4764 4800 4799
4497  3 2 1 1 4764 4765 4801 4800
4498  3 2 1 1 4765 4766 4802 4801
4499  3 2 1 1 4766 4767 4803 4802
4500  3 2 1 1 4767 4768 4804 4803
4501  3 2 1 1 4768 4769 4805 4804
4502  3 2 1 1 4769 4770 4806 4805
4503  3 2 1 1 4770 4771 4807 4806
4504  3 2 1 1 4771 4772 4808 4807
4505  3 2 1 1 4772 4773 4809 4808
4506  3 2 1 1 4773 4774 4810 4809
4507  3 2 1 1 4774 4775 4811 4810
4508  3 2 1 1 4775 4776 4812 4811
4509  3 2 1 1 4776 4777 4813 4812
4510  3 2 1 1 4777 4778 4814 4813
4511  3 2 1 1 4778 4779 4815 4814
4512  3 2 1 1 4779 4780 4816 4815
4513  3 2 1 1 4780 4781 4817 4816
4514  3 2 1 1 4781 4782 4818 4817
4515  3 2 1 1 4782 4783 4819 4818
4516  3 2 1 1 4783 4784 4820 4819
4517  3 2 1 1 4784 4785 4821 4820
4518  3 2 1 1 4785 4786 4822 4821
4519  3 2 1 1 4786 4787 4823 4822
4520  3 2 1 1 4787 4788 4824 4823
4521  3 2 1 1 4788  427  428 4824
4522  3 2 1 1  503 4789  543   16
4523  3 2 1 1 4789 4790  542  543
4524  3 2 1 1 4790 4791  541  542
4525  3 2 1 1 4791 4792  540  541
4526  3 2 1 1 4792 4793  539  540
4527  3 2 1 1 4793 4794  538  539
4528  3 2 1 1 4794 4795  537  538
4529  3 2 1 1 4795 4796  536  537
4530  3 2 1 1 4796 4797  535  536
4531  3 2 1 1 4797 4798  534  535
4532  3 2 1 1 4798 4799  533  534
4533  3 2 1 1 4799 4800  532  533
4534  3 2 1 1 4800 4801  531  532
4535  3 2 1 1 4801 4802  530  531
4536  3 2 1 1 4802 4803  529  530
4537  3 2 1 1 4803 4804  528  529
4538  3 2 1 1 4804 4805  527  528
4539  3 2 1 1 4805 4806  526  527
4540  3 2 1 1 4806 4807  525  526
4541  3 2 1 1 4807 4808  524  525
4542  3 2 1 1 4808 4809  523  524
4543  3 2 1 1 4809 4810  522  523
4544  3 2 1 1 4810 4811  521  522
4545  3 2 1 1 4811 4812  520  521
4546  3 2 1 1 4812 4813  519  520
4547  3 2 1 1 4813 4814  518  519
4548  3 2 1 1 4814 4815  517  518
4549  3 2 1 1 4815 4816  516  517
4550  3 2 1 1 4816 4817  515  516
4551  3 2 1 1 4817 4818  514  515
4552  3 2 1 1 4818 4819  513  514
4553  3 2 1 1 4819 4820  512  513
4554  3 2 1 1 4820 4821  511  512
4555  3 2 1 1 4821 4822  510  511
4556  3 2 1 1 4822 4823  509  510
4557  3 2 1 1 4823 4824  508  509
4558  3 2 1 1 4824  428   15  508
4559  3 2 1 1    6   74 4983 4982
4560  3 2 1 1   74   75 4984 4983
4561  3 2 1 1   75   76 4985 4984
4562  3 2 1 1   76   77 4986 4985
4563  3 2 1 1   77   78 4987 4986
4564  3 2 1 1   78   79 4988 4987
4565  3 2 1 1   79   80 4989 4988
4566  3 2 1 1   80   81 4990 4989
4567  3 2 1 1   81   82 4991 4990
4568  3 2 1 1   82   83 4992 4991
4569  3 2 1 1   83   84 4993 4992
4570  3 2 1 1   84   85 4994 4993
4571  3 2 1 1   85   86 4995 4994
4572  3 2 1 1   86   87 4996 4995
4573  3 2 1 1   87   88 4997 4996
4574  3 2 1 1   88   89 4998 4997
4575  3 2 1 1   89   90 4999 4998
4576  3 2 1 1   90    7 5000 4999
4577  3 2 1 1    7   91 5001 5000
4578  3 2 1 1   91   92 5002 5001
4579  3 2 1 1   92   93 5003 5002
4580  3 2 1 1   93   94 5004 5003
4581  3 2 1 1   94   95 5005 5004
4582  3 2 1 1   95   96 5006 5005
4583  3 2 1 1   96   97 5007 5006
4584  3 2 1 1   97   98 5008 5007
4585  3 2 1 1   98   99 5009 5008
4586  3 2 1 1   99  100 5010 5009
4587  3 2 1 1  100  101 5011 5010
4588  3 2 1 1  101  102 5012 5011
4589  3 2 1 1  102  103 5013 5012
4590  3 2 1 1  103  104 5014 5013
4591  3 2 1 1  104  105 5015 5014
4592  3 2 1 1  105  106 5016 5015
4593  3 2 1 1  106  107 5017 5016
4594  3 2 1 1  107  108 5018 5017
4595  3 2 1 1  108  109 5019 5018
4596  3 2 1 1  109    1 4825 5019
4597  3 2 1 1 4982 4983 5020 4981
4598  3 2 1 1 4983 4984 5021 5020
4599  3 2 1 1 4984 4985 5022 5021
4600  3 2 1 1 4985 4986 5023 5022
4601  3 2 1 1 4986 4987 5024 5023
4602  3 2 1 1 4987 4988 5025 5024
4603  3 2 1 1 4988 4989 5026 5025
4604  3 2 1 1 4989 4990 5027 5026
4605  3 2 1 1 4990 4991 5028 5027
4606  3 2 1 1 4991 4992 5029 5028
4607  3 2 1 1 4992 4993 5030 5029
4608  3 2 1 1 4993 4994 5031 5030
4609  3 2 1 1 4994 4995 5032 5031
4610  3 2 1 1 4995 4996 5033 5032
4611  3 2 1 1 4996 4997 5034 5033
4612  3 2 1 1 4997 4998 5035 5034
4613  3 2 1 1 4998 4999 5036 5035
4614  3 2 1 1 4999 5000 5037 5036
4615  3 2 1 1 5000 5001 5038 5037
4616  3 2 1 1 5001 5002 5039 5038
4617  3 2 1 1 5002 5003 5040 5039
4618  3 2 1 1 5003 5004 5041 5040
4619  3 2 1 1 5004 5005 5042 5041
4620  3 2 1 1 5005 5006 5043 5042
4621  3 2 1 1 5006 5007 5044 5043
4622  3 2 1 1 5007 5008 5045 5044
4623  3 2 1 1 5008 5009 5046 5045
4624  3 2 1 1 5009 5010 5047 5046
4625  3 2 1 1 5010 5011 5048 5047
4626  3 2 1 1 5011 5012 5049 5048
4627  3 2 1 1 5012 5013 5050 5049
4628  3 2 1 1 5013 5014 5051 5050
4629  3 2 1 1 5014 5015 5052 5051
4630  3 2 1 1 5015 5016 5053 5052
4631  3 2 1 1 5016 5017 5054 5053
4632  3 2 1 1 5017 5018 5055 5054
4633  3 2 1 1 5018 5019 5056 5055
4634  3 2 1 1 5019 4825 4826 5056
4635  3 2 1 1 4981 5020 5057 4980
4636  3 2 1 1 5020 5021 5058 5057
4637  3 2 1 1 5021 5022 5059 5058
4638  3 2 1 1 5022 5023 5060 5059
4639  3 2 1 1 5023 5024 5061 5060
4640  3 2 1 1 5024 5025 5062 5061
4641  3 2 1 1 5025 5026 5063 5062
4642  3 2 1 1 5026 5027 5064 5063
4643  3 2 1 1 5027 5028 5065 5064
4644  3 2 1 1 5028 5029 5066 5065
4645  3 2 1 1 5029 5030 5067 5066
4646  3 2 1 1 5030 5031 5068 5067
4647  3 2 1 1 5031 5032 5069 5068
4648  3 2 1 1 5032 5033 5070 5069
4649  3 2 1 1 5033 5034 5071 5070
4650  3 2 1 1 5034 5035 5072 5071
4651  3 2 1 1 5035 5036 5073 5072
4652  3 2 1 1 5036 5037 5074 5073
4653  3 2 1 1 5037 5038 5075 5074
4654  3 2 1 1 5038 5039 5076 5075
4655  3 2 1 1 5039 5040 5077 5076
4656  3 2 1 1 5040 5041 5078 5077
4657  3 2 1 1 5041 5042 5079 5078
4658  3 2 1 1 5042 5043 5080 5079
4659  3 2 1 1 5043 5044 5081 5080
4660  3 2 1 1 5044 5045 5082 5081
4661  3 2 1 1 5045 5046 5083 5082
4662  3 2 1 1 5046 5047 5084 5083
4663  3 2 1 1 5047 5048 5085 5084
4664  3 2 1 1 5048 5049 5086 5085
4665  3 2 1 1 5049 5050 5087 5086
4666  3 2 1 1 5050 5051 5088 5087
4667  3 2 1 1 5051 5052 5089 5088
4668  3 2 1 1 5052 5053 5090 5089
4669  3 2 1 1 5053 5054 5091 5090
4670  3 2 1 1 5054 5055 5092 5091
4671  3 2 1 1 5055 5056 5093 5092
4672  3 2 1 1 5056 4826 4827 5093
4673  3 2 1 1 4980 5057 5094 4979
4674  3 2 1 1 5057 5058 5095 5094
4675  3 2 1 1 5058 5059 5096 5095
4676  3 2 1 1 5059 5060 5097 5096
4677  3 2 1 1 5060 5061 5098 5097
4678  3 2 1 1 5061 5062 5099 5098
4679  3 2 1 1 5062 5063 5100 5099
4680  3 2 1 1 5063 5064 5101 5100
4681  3 2 1 1 5064 5065 5102 5101
4682  3 2 1 1 5065 5066 5103 5102
4683  3 2 1 1 5066 5067 5104 5103
4684  3 2 1 1 5067 5068 5105 5104
4685  3 2 1 1 5068 5069 5106 5105
4686  3 2 1 1 5069 5070 5107 5106
4687  3 2 1 1 5070 5071 5108 5107
4688  3 2 1 1 5071 5072 5109 5108
4689  3 2 1 1 5072 5073 5110 5109
4690  3 2 1 1 5073 5074 5111 5110
4691  3 2 1 1 5074 5075 5112 5111
4692  3 2 1 1 5075 5076 5113 5112
4693  3 2 1 1 5076 5077 5114 5113
4694  3 2 1 1 5077 5078 5115 5114
4695  3 2 1 1 5078 5079 5116 5115
4696  3 2 1 1 5079 5080 5117 5116
4697  3 2 1 1 5080 5081 5118 5117
4698  3 2 1 1 5081 5082 5119 5118
4699  3 2 1 1 5082 5083 5120 5119
4700  3 2 1 1 5083 5084 5121 5120
4701  3 2 1 1 5084 5085 5122 5121
4702  3 2 1 1 5085 5086 5123 5122
4703  3 2 1 1 5086 5087 5124 5123
4704  3 2 1 1 5087 5088 5125 5124
4705  3 2 1 1 5088 5089 5126 5125
4706  3 2 1 1 5089 5090 5127 5126
4707  3 2 1 1 5090 5091 5128 5127
4708  3 2 1 1 5091 5092 5129 5128
4709  3 2 1 1 5092 5093 5130 5129
4710  3 2 1 1 5093 4827 4828 5130
4711  3 2 1 1 4979 5094 5131 4978
4712  3 2 1 1 5094 5095 5132 5131
4713  3 2 1 1 5095 5096 5133 5132
4714  3 2 1 1 5096 5097 5134 5133
4715  3 2 1 1 5097 5098 5135 5134
4716  3 2 1 1 5098 5099 5136 5135
4717  3 2 1 1 5099 5100 5137 5136
4718  3 2 1 1 5100 5101 5138 5137
4719  3 2 1 1 5101 5102 5139 5138
4720  3 2 1 1 5102 5103 5140 5139
4721  3 2 1 1 5103 5104 5141 5140
4722  3 2 1 1 5104 5105 5142 5141
4723  3 2 1 1 5105 5106 5143 5142
4724  3 2 1 1 5106 5107 5144 5143
4725  3 2 1 1 5107 5108 5145 5144
4726  3 2 1 1 5108 5109 5146 5145
4727  3 2 1 1 5109 5110 5147 5146
4728  3 2 1 1 5110 5111 5148 5147
4729  3 2 1 1 5111 5112 5149 5148
4730  3 2 1 1 5112 5113 5150 5149
4731  3 2 1 1 5113 5114 5151 5150
4732  3 2 1 1 5114 5115 5152 5151
4733  3 2 1 1 5115 5116 5153 5152
4734  3 2 1 1 5116 5117 5154 5153
4735  3 2 1 1 5117 5118 5155 5154
4736  3 2 1 1 5118 5119 5156 5155
4737  3 2 1 1 5119 5120 5157 5156
4738  3 2 1 1 5120 5121 5158 5157
4739  3 2 1 1 5121 5122 5159 5158
4740  3 2 1 1 5122 5123 5160 5159
4741  3 2 1 1 5123 5124 5161 5160
4742  3 2 1 1 5124 5125 5162 5161
4743  3 2 1 1 5125 5126 5163 5162
4744  3 2 1 1 5126 5127 5164 5163
4745  3 2 1 1 5127 5128 5165 5164
4746  3 2 1 1 5128 5129 5166 5165
4747  3 2 1 1 5129 5130 5167 5166
4748  3 2 1 1 5130 4828 4829 5167
4749  3 2 1 1 4978 5131 5168 4977
4750  3 2 1 1 5131 5132 5169 5168
4751  3 2 1 1 5132 5133 5170 5169
4752  3 2 1 1 5133 5134 5171 5170
4753  3 2 1 1 5134 5135 5172 5171
4754  3 2 1 1 5135 5136 5173 5172
4755  3 2 1 1 5136 5137 5174 5173
4756  3 2 1 1 5137 5138 5175 5174
4757  3 2 1 1 5138 5139 5176 5175
4758  3 2 1 1 5139 5140 5177 5176
4759  3 2 1 1 5140 5141 5178 5177
4760  3 2 1 1 5141 5142 5179 5178
4761  3 2 1 1 5142 5143 5180 5179
4762  3 2 1 1 5143 5144 5181 5180
4763  3 2 1 1 5144 5145 5182 5181
4764  3 2 1 1 5145 5146 5183 5182
4765  3 2 1 1 5146 5147 5184 5183
4766  3 2 1 1 5147 5148 5185 5184
4767  3 2 1 1 5148 5149 5186 5185
4768  3 2 1 1 5149 5150 5187 5186
4769  3 2 1 1 5150 5151 5188 5187
4770  3 2 1 1 5151 5152 5189 5188
4771  3 2 1 1 5152 5153 5190 5189
4772  3 2 1 1 5153 5154 5191 5190
4773  3 2 1 1 5154 5155 5192 5191
4774  3 2 1 1 5155 5156 5193 5192
4775  3 2 1 1 5156 5157 5194 5193
4776  3 2 1 1 5157 5158 5195 5194
4777  3 2 1 1 5158 5159 5196 5195
4778  3 2 1 1 5159 5160 5197 5196
4779  3 2 1 1 5160 5161 5198 5197
4780  3 2 1 1 5161 5162 5199 5198
4781  3 2 1 1 5162 5163 5200 5199
4782  3 2 1 1 5163 5164 5201 5200
4783  3 2 1 1 5164 5165 5202 5201
4784  3 2 1 1 5165 5166 5203 5202
4785  3 2 1 1 5166 5167 5204 5203
4786  3 2 1 1 5167 4829 4830 5204
4787  3 2 1 1 4977 5168 5205 4976
4788  3 2 1 1 5168 5169 5206 5205
4789  3 2 1 1 5169 5170 5207 5206
4790  3 2 1 1 5170 5171 5208 5207
4791  3 2 1 1 5171 5172 5209 5208
4792  3 2 1 1 5172 5173 5210 5209
4793  3 2 1 1 5173 5174 5211 5210
4794  3 2 1 1 5174 5175 5212 5211
4795  3 2 1 1 5175 5176 5213 5212
4796  3 2 1 1 5176 5177 5214 5213
4797  3 2 1 1 5177 5178 5215 5214
4798  3 2 1 1 5178 5179 5216 5215
4799  3 2 1 1 5179 5180 5217 5216
4800  3 2 1 1 5180 5181 5218 5217
4801  3 2 1 1 5181 5182 5219 5218
4802  3 2 1 1 5182 5183 5220 5219
4803  3 2 1 1 5183 5184 5221 5220
4804  3 2 1 1 5184 5185 5222 5221
4805  3 2 1 1 5185 5186 5223 5222
4806  3 2 1 1 5186 5187 5224 5223
4807  3 2 1 1 5187 5188 5225 5224
4808  3 2 1 1 5188 5189 5226 5225
4809  3 2 1 1 5189 5190 5227 5226
4810  3 2 1 1 5190 5191 5228 5227
4811  3 2 1 1 5191 5192 5229 5228
4812  3 2 1 1 5192 5193 5230 5229
4813  3 2 1 1 5193 5194 5231 5230
4814  3 2 1 1 5194 5195 5232 5231
4815  3 2 1 1 5195 5196 5233 5232
4816  3 2 1 1 5196 5197 5234 5233
4817  3 2 1 1 5197 5198 5235 5234
4818  3 2 1 1 5198 5199 5236 5235
4819  3 2 1 1 5199 5200 5237 5236
4820  3 2 1 1 5200 5201 5238 5237
4821  3 2 1 1 5201 5202 5239 5238
4822  3 2 1 1 5202 5203 5240 5239
4823  3 2 1 1 5203 5204 5241 5240
4824  3 2 1 1 5204 4830 4831 5241
4825  3 2 1 1 4976 5205 5242 4975
4826  3 2 1 1 5205 5206 5243 5242
4827  3 2 1 1 5206 5207 5244 5243
4828  3 2 1 1 5207 5208 5245 5244
4829  3 2 1 1 5208 5209 5246 5245
4830  3 2 1 1 5209 5210 5247 5246
4831  3 2 1 1 5210 5211 5248 5247
4832  3 2 1 1 5211 5212 5249 5248
4833  3 2 1 1 5212 5213 5250 5249
4834  3 2 1 1 5213 5214 5251 5250
4835  3 2 1 1 5214 5215 5252 5251
4836  3 2 1 1 5215 5216 5253 5252
4837  3 2 1 1 5216 5217 5254 5253
4838  3 2 1 1 5217 5218 5255 5254
4839  3 2 1 1 5218 5219 5256 5255
4840  3 2 1 1 5219 5220 5257 5256
4841  3 2 1 1 5220 5221 5258 5257
4842  3 2 1 1 5221 5222 5259 5258
4843  3 2 1 1 5222 5223 5260 5259
4844  3 2 1 1 5223 5224 5261 5260
4845  3 2 1 1 5224 5225 5262 5261
4846  3 2 1 1 5225 5226 5263 5262
4847  3 2 1 1 5226 5227 5264 5263
4848  3 2 1 1 5227 5228 5265 5264
4849  3 2 1 1 5228 5229 5266 5265
4850  3 2 1 1 5229 5230 5267 5266
4851  3 2 1 1 5230 5231 5268 5267
4852  3 2 1 1 5231 5232 5269 5268
4853  3 2 1 1 5232 5233 5270 5269
4854  3 2 1 1 5233 5234 5271 5270
4855  3 2 1 1 5234 5235 5272 5271
4856  3 2 1 1 5235 5236 5273 5272
4857  3 2 1 1 5236 5237 5274 5273
4858  3 2 1 1 5237 5238 5275 5274
4859  3 2 1 1 5238 5239 5276 5275
4860  3 2 1 1 5239 5240 5277 5276
4861  3 2 1 1 5240 5241 5278 5277
4862  3 2 1 1 5241 4831 4832 5278
4863  3 2 1 1 4975 5242 5279 4974
4864  3 2 1 1 5242 5243 5280 5279
4865  3 2 1 1 5243 5244 5281 5280
4866  3 2 1 1 5244 5245 5282 5281
4867  3 2 1 1 5245 5246 5283 5282
4868  3 2 1 1 5246 5247 5284 5283
4869  3 2 1 1 5247 5248 5285 5284
4870  3 2 1 1 5248 5249 5286 5285
4871  3 2 1 1 5249 5250 5287 5286
4872  3 2 1 1 5250 5251 5288 5287
4873  3 2 1 1 5251 5252 5289 5288
4874  3 2 1 1 5252 5253 5290 5289
4875  3 2 1 1 5253 5254 5291 5290
4876  3 2 1 1 5254 5255 5292 5291
4877  3 2 1 1 5255 5256 5293 5292
4878  3 2 1 1 5256 5257 5294 5293
4879  3 2 1 1 5257 5258 5295 5294
4880  3 2 1 1 5258 5259 5296 5295
4881  3 2 1 1 5259 5260 5297 5296
4882  3 2 1 1 5260 5261 5298 5297
4883  3 2 1 1 5261 5262 5299 5298
4884  3 2 1 1 5262 5263 5300 5299
4885  3 2 1 1 5263 5264 5301 5300
4886  3 2 1 1 5264 5265 5302 5301
4887  3 2 1 1 5265 5266 5303 5302
4888  3 2 1 1 5266 5267 5304 5303
4889  3 2 1 1 5267 5268 5305 5304
4890  3 2 1 1 5268 5269 5306 5305
4891  3 2 1 1 5269 5270 5307 5306
4892  3 2 1 1 5270 5271 5308 5307
4893  3 2 1 1 5271 5272 5309 5308
4894  3 2 1 1 5272 5273 5310 5309
4895  3 2 1 1 5273 5274 5311 5310
4896  3 2 1 1 5274 5275 5312 5311
4897  3 2 1 1 5275 5276 5313 5312
4898  3 2 1 1 5276 5277 5314 5313
4899  3 2 1 1 5277 5278 5315 5314
4900  3 2 1 1 5278 4832 4833 5315
4901  3 2 1 1 4974 5279 5316 4973
4902  3 2 1 1 5279 5280 5317 5316
4903  3 2 1 1 5280 5281 5318 5317
4904  3 2 1 1 5281 5282 5319 5318
4905  3 2 1 1 5282 5283 5320 5319
4906  3 2 1 1 5283 5284 5321 5320
4907  3 2 1 1 5284 5285 5322 5321
4908  3 2 1 1 5285 5286 5323 5322
4909  3 2 1 1 5286 5287 5324 5323
4910  3 2 1 1 5287 5288 5325 5324
4911  3 2 1 1 5288 5289 5326 5325
4912  3 2 1 1 5289 5290 5327 5326
4913  3 2 1 1 5290 5291 5328 5327
4914  3 2 1 1 5291 5292 5329 5328
4915  3 2 1 1 5292 5293 5330 5329
4916  3 2 1 1 5293 5294 5331 5330
4917  3 2 1 1 5294 5295 5332 5331
4918  3 2 1 1 5295 5296 5333 5332
4919  3 2 1 1 5296 5297 5334 5333
4920  3 2 1 1 5297 5298 5335 5334
4921  3 2 1 1 5298 5299 5336 5335
4922  3 2 1 1 5299 5300 5337 5336
4923  3 2 1 1 5300 5301 5338 5337
4924  3 2 1 1 5301 5302 5339 5338
4925  3 2 1 1 5302 5303 5340 5339
4926  3 2 1 1 5303 5304 5341 5340
4927  3 2 1 1 5304 5305 5342 5341
4928  3 2 1 1 5305 5306 5343 5342
4929  3 2 1 1 5306 5307 5344 5343
4930  3 2 1 1 5307 5308 5345 5344
4931  3 2 1 1 5308 5309 5346 5345
4932  3 2 1 1 5309 5310 5347 5346
4933  3 2 1 1 5310 5311 5348 5347
4934  3 2 1 1 5311 5312 5349 5348
4935  3 2 1 1 5312 5313 5350 5349
4936  3 2 1 1 5313 5314 5351 5350
4937  3 2 1 1 5314 5315 5352 5351
4938  3 2 1 1 5315 4833 4834 5352
4939  3 2 1 1 4973 5316 5353 4972
4940  3 2 1 1 5316 5317 5354 5353
4941  3 2 1 1 5317 5318 5355 5354
4942  3 2 1 1 5318 5319 5356 5355
4943  3 2 1 1 5319 5320 5357 5356
4944  3 2 1 1 5320 5321 5358 5357
4945  3 2 1 1 5321 5322 5359 5358
4946  3 2 1 1 5322 5323 5360 5359
4947  3 2 1 1 5323 5324 5361 5360
4948  3 2 1 1 5324 5325 5362 5361
4949  3 2 1 1 5325 5326 5363 5362
4950  3 2 1 1 5326 5327 5364 5363
4951  3 2 1 1 5327 5328 5365 5364
4952  3 2 1 1 5328 5329 5366 5365
4953  3 2 1 1 5329 5330 5367 5366
4954  3 2 1 1 5330 5331 5368 5367
4955  3 2 1 1 5331 5332 5369 5368
4956  3 2 1 1 5332 5333 5370 5369
4957  3 2 1 1 5333 5334 5371 5370
4958  3 2 1 1 5334 5335 5372 5371
4959  3 2 1 1 5335 5336 5373 5372
4960  3 2 1 1 5336 5337 5374 5373
4961  3 2 1 1 5337 5338 5375 5374
4962  3 2 1 1 5338 5339 5376 5375
4963  3 2 1 1 5339 5340 5377 5376
4964  3 2 1 1 5340 5341 5378 5377
4965  3 2 1 1 5341 5342 5379 5378
4966  3 2 1 1 5342 5343 5380 5379
4967  3 2 1 1 5343 5344 5381 5380
4968  3 2 1 1 5344 5345 5382 5381
4969  3 2 1 1 5345 5346 5383 5382
4970  3 2 1 1 5346 5347 5384 5383
4971  3 2 1 1 5347 5348 5385 5384
4972  3 2 1 1 5348 5349 5386 5385
4973  3 2 1 1 5349 5350 5387 5386
4974  3 2 1 1 5350 5351 5388 5387
4975  3 2 1 1 5351 5352 5389 5388
4976  3 2 1 1 5352 4834 4835 5389
4977  3 2 1 1 4972 5353 5390 4971
4978  3 2 1 1 5353 5354 5391 5390
4979  3 2 1 1 5354 5355 5392 5391
4980  3 2 1 1 5355 5356 5393 5392
4981  3 2 1 1 5356 5357 5394 5393
4982  3 2 1 1 5357 5358 5395 5394
4983  3 2 1 1 5358 5359 5396 5395
4984  3 2 1 1 5359 5360 5397 5396
4985  3 2 1 1 5360 5361 5398 5397
4986  3 2 1 1 5361 5362 5399 5398
4987  3 2 1 1 5362 5363 5400 5399
4988  3 2 1 1 5363 5364 5401 5400
4989  3 2 1 1 5364 5365 5402 5401
4990  3 2 1 1 5365 5366 5403 5402
4991  3 2 1 1 5366 5367 5404 5403
4992  3 2 1 1 5367 5368 5405 5404
4993  3 2 1 1 5368 5369 5406 5405
4994  3 2 1 1 5369 5370 5407 5406
4995  3 2 1 1 5370 5371 5408 5407
4996  3 2 1 1 5371 5372 5409 5408
4997  3 2 1 1 5372 5373 5410 5409
4998  3 2 1 1 5373 5374 5411 5410
4999  3 2 1 1 5374 5375 5412 5411
5000  3 2 1 1 5375 5376 5413 5412
5001  3 2 1 1 5376 5377 5414 5413
5002  3 2 1 1 5377 5378 5415 5414
5003  3 2 1 1 5378 5379 5416 5415
5004  3 2 1 1 5379 5380 5417 5416
5005  3 2 1 1 5380 5381 5418 5417
5006  3 2 1 1 5381 5382 5419 5418
5007  3 2 1 1 5382 5383 5420 5419
5008  3 2 1 1 5383 5384 5421 5420
5009  3 2 1 1 5384 5385 5422 5421
5010  3 2 1 1 5385 5386 5423 5422
5011  3 2 1 1 5386 5387 5424 5423
5012  3 2 1 1 5387 5388 5425 5424
5013  3 2 1 1 5388 5389 5426 5425
5014  3 2 1 1 5389 4835 4836 5426
5015  3 2 1 1 4971 5390 5427 4970
5016  3 2 1 1 5390 5391 5428 5427
5017  3 2 1 1 5391 5392 5429 5428
5018  3 2 1 1 5392 5393 5430 5429
5019  3 2 1 1 5393 5394 5431 5430
5020  3 2 1 1 5394 5395 5432 5431
5021  3 2 1 1 5395 5396 5433 5432
5022  3 2 1 1 5396 5397 5434 5433
5023  3 2 1 1 5397 5398 5435 5434
5024  3 2 1 1 5398 5399 5436 5435
5025  3 2 1 1 5399 5400 5437 5436
5026  3 2 1 1 5400 5401 5438 5437
5027  3 2 1 1 5401 5402 5439 5438
5028  3 2 1 1 5402 5403 5440 5439
5029  3 2 1 1 5403 5404 5441 5440
5030  3 2 1 1 5404 5405 5442 5441
5031  3 2 1 1 5405 5406 5443 5442
5032  3 2 1 1 5406 5407 5444 5443
5033  3 2 1 1 5407 5408 5445 5444
5034  3 2 1 1 5408 5409 5446 5445
5035  3 2 1 1 5409 5410 5447 5446
5036  3 2 1 1 5410 5411 5448 5447
5037  3 2 1 1 5411 5412 5449 5448
5038  3 2 1 1 5412 5413 5450 5449
5039  3 2 1 1 5413 5414 5451 5450
5040  3 2 1 1 5414 5415 5452 5451
5041  3 2 1 1 5415 5416 5453 5452
5042  3 2 1 1 5416 5417 5454 5453
5043  3 2 1 1 5417 5418 5455 5454
5044  3 2 1 1 5418 5419 5456 5455
5045  3 2 1 1 5419 5420 5457 5456
5046  3 2 1 1 5420 5421 5458 5457
5047  3 2 1 1 5421 5422 5459 5458
5048  3 2 1 1 5422 5423 5460 5459
5049  3 2 1 1 5423 5424 5461 5460
5050  3 2 1 1 5424 5425 5462 5461
5051  3 2 1 1 5425 5426 5463 5462
5052  3 2 1 1 5426 4836 4837 5463
5053  3 2 1 1 4970 5427 5464 4969
5054  3 2 1 1 5427 5428 5465 5464
5055  3 2 1 1 5428 5429 5466 5465
5056  3 2 1 1 5429 5430 5467 5466
5057  3 2 1 1 5430 5431 5468 5467
5058  3 2 1 1 5431 5432 5469 5468
5059  3 2 1 1 5432 5433 5470 5469
5060  3 2 1 1 5433 5434 5471 5470
5061  3 2 1 1 5434 5435 5472 5471
5062  3 2 1 1 5435 5436 5473 5472
5063  3 2 1 1 5436 5437 5474 5473
5064  3 2 1 1 5437 5438 5475 5474
5065  3 2 1 1 5438 5439 5476 5475
5066  3 2 1 1 5439 5440 5477 5476
5067  3 2 1 1 5440 5441 5478 5477
5068  3 2 1 1 5441 5442 5479 5478
5069  3 2 1 1 5442 5443 5480 5479
5070  3 2 1 1 5443 5444 5481 5480
5071  3 2 1 1 5444 5445 5482 5481
5072  3 2 1 1 5445 5446 5483 5482
5073  3 2 1 1 5446 5447 5484 5483
5074  3 2 1 1 5447 5448 5485 5484
5075  3 2 1 1 5448 5449 5486 5485
5076  3 2 1 1 5449 5450 5487 5486
5077  3 2 1 1 5450 5451 5488 5487
5078  3 2 1 1 5451 5452 5489 5488
5079  3 2 1 1 5452 5453 5490 5489
5080  3 2 1 1 5453 5454 5491 5490
5081  3 2 1 1 5454 5455 5492 5491
5082  3 2 1 1 5455 5456 5493 5492
5083  3 2 1 1 5456 5457 5494 5493
5084  3 2 1 1 5457 5458 5495 5494
5085  3 2 1 1 5458 5459 5496 5495
5086  3 2 1 1 5459 5460 5497 5496
5087  3 2 1 1 5460 5461 5498 5497
5088  3 2 1 1 5461 5462 5499 5498
5089  3 2 1 1 5462 5463 5500 5499
5090  3 2 1 1 5463 4837 4838 5500
5091  3 2 1 1 4969 5464 5501 4968
5092  3 2 1 1 5464 5465 5502 5501
5093  3 2 1 1 5465 5466 5503 5502
5094  3 2 1 1 5466 5467 5504 5503
5095  3 2 1 1 5467 5468 5505 5504
5096  3 2 1 1 5468 5469 5506 5505
5097  3 2 1 1 5469 5470 5507 5506
5098  3 2 1 1 5470 5471 5508 5507
5099  3 2 1 1 5471 5472 5509 5508
5100  3 2 1 1 5472 5473 5510 5509
5101  3 2 1 1 5473 5474 5511 5510
5102  3 2 1 1 5474 5475 5512 5511
5103  3 2 1 1 5475 5476 5513 5512
5104  3 2 1 1 5476 5477 5514 5513
5105  3 2 1 1 5477 5478 5515 5514
5106  3 2 1 1 5478 5479 5516 5515
5107  3 2 1 1 5479 5480 5517 5516
5108  3 2 1 1 5480 5481 5518 5517
5109  3 2 1 1 5481 5482 5519 5518
5110  3 2 1 1 5482 5483 5520 5519
5111  3 2 1 1 5483 5484 5521 5520
5112  3 2 1 1 5484 5485 5522 5521
5113  3 2 1 1 5485 5486 5523 5522
5114  3 2 1 1 5486 5487 5524 5523
5115  3 2 1 1 5487 5488 5525 5524
5116  3 2 1 1 5488 5489 5526 5525
5117  3 2 1 1 5489 5490 5527 5526
5118  3 2 1 1 5490 5491 5528 5527
5119  3 2 1 1 5491 5492 5529 5528
5120  3 2 1 1 5492 5493 5530 5529
5121  3 2 1 1 5493 5494 5531 5530
5122  3 2 1 1 5494 5495 5532 5531
5123  3 2 1 1 5495 5496 5533 5532
5124  3 2 1 1 5496 5497 5534 5533
5125  3 2 1 1 5497 5498 5535 5534
5126  3 2 1 1 5498 5499 5536 5535
5127  3 2 1 1 5499 5500 5537 5536
5128  3 2 1 1 5500 4838 4839 5537
5129  3 2 1 1 4968 5501 5538 4967
5130  3 2 1 1 5501 5502 5539 5538
5131  3 2 1 1 5502 5503 5540 5539
5132  3 2 1 1 5503 5504 5541 5540
5133  3 2 1 1 5504 5505 5542 5541
5134  3 2 1 1 5505 5506 5543 5542
5135  3 2 1 1 5506 5507 5544 5543
5136  3 2 1 1 5507 5508 5545 5544
5137  3 2 1 1 5508 5509 5546 5545
5138  3 2 1 1 5509 5510 5547 5546
5139  3 2 1 1 5510 5511 5548 5547
5140  3 2 1 1 5511 5512 5549 5548
5141  3 2 1 1 5512 5513 5550 5549
5142  3 2 1 1 5513 5514 5551 5550
5143  3 2 1 1 5514 5515 5552 5551
5144  3 2 1 1 5515 5516 5553 5552
5145  3 2 1 1 5516 5517 5554 5553
5146  3 2 1 1 5517 5518 5555 5554
5147  3 2 1 1 5518 5519 5556 5555
5148  3 2 1 1 5519 5520 5557 5556
5149  3 2 1 1 5520 5521 5558 5557
5150  3 2 1 1 5521 5522 5559 5558
5151  3 2 1 1 5522 5523 5560 5559
5152  3 2 1 1 5523 5524 5561 5560
5153  3 2 1 1 5524 5525 5562 5561
5154  3 2 1 1 5525 5526 5563 5562
5155  3 2 1 1 5526 5527 5564 5563
5156  3 2 1 1 5527 5528 5565 5564
5157  3 2 1 1 5528 5529 5566 5565
5158  3 2 1 1 5529 5530 5567 5566
5159  3 2 1 1 5530 5531 5568 5567
5160  3 2 1 1 5531 5532 5569 5568
5161  3 2 1 1 5532 5533 5570 5569
5162  3 2 1 1 5533 5534 5571 5570
5163  3 2 1 1 5534 5535 5572 5571
5164  3 2 1 1 5535 5536 5573 5572
5165  3 2 1 1 5536 5537 5574 5573
5166  3 2 1 1 5537 4839 4840 5574
5167  3 2 1 1 4967 5538 5575 4966
5168  3 2 1 1 5538 5539 5576 5575
5169  3 2 1 1 5539 5540 5577 5576
5170  3 2 1 1 5540 5541 5578 5577
5171  3 2 1 1 5541 5542 5579 5578
5172  3 2 1 1 5542 5543 5580 5579
5173  3 2 1 1 5543 5544 5581 5580
5174  3 2 1 1 5544 5545 5582 5581
5175  3 2 1 1 5545 5546 5583 5582
5176  3 2 1 1 5546 5547 5584 5583
5177  3 2 1 1 5547 5548 5585 5584
5178  3 2 1 1 5548 5549 5586 5585
5179  3 2 1 1 5549 5550 5587 5586
5180  3 2 1 1 5550 5551 5588 5587
5181  3 2 1 1 5551 5552 5589 5588
5182  3 2 1 1 5552 5553 5590 5589
5183  3 2 1 1 5553 5554 5591 5590
5184  3 2 1 1 5554 5555 5592 5591
5185  3 2 1 1 5555 5556 5593 5592
5186  3 2 1 1 5556 5557 5594 5593
5187  3 2 1 1 5557 5558 5595 5594
5188  3 2 1 1 5558 5559 5596 5595
5189  3 2 1 1 5559 5560 5597 5596
5190  3 2 1 1 5560 5561 5598 5597
5191  3 2 1 1 5561 5562 5599 5598
5192  3 2 1 1 5562 5563 5600 5599
5193  3 2 1 1 5563 5564 5601 5600
5194  3 2 1 1 5564 5565 5602 5601
5195  3 2 1 1 5565 5566 5603 5602
5196  3 2 1 1 5566 5567 5604 5603
5197  3 2 1 1 5567 5568 5605 5604
5198  3 2 1 1 5568 5569 5606 5605
5199  3 2 1 1 5569 5570 5607 5606
5200  3 2 1 1 5570 5571 5608 5607
5201  3 2 1 1 5571 5572 5609 5608
5202  3 2 1 1 5572 5573 5610 5609
5203  3 2 1 1 5573 5574 5611 5610
5204  3 2 1 1 5574 4840 4841 5611
5205  3 2 1 1 4966 5575 5612 4965
5206  3 2 1 1 5575 5576 5613 5612
5207  3 2 1 1 5576 5577 5614 5613
5208  3 2 1 1 5577 5578 5615 5614
5209  3 2 1 1 5578 5579 5616 5615
5210  3 2 1 1 5579 5580 5617 5616
5211  3 2 1 1 5580 5581 5618 5617
5212  3 2 1 1 5581 5582 5619 5618
5213  3 2 1 1 5582 5583 5620 5619
5214  3 2 1 1 5583 5584 5621 5620
5215  3 2 1 1 5584 5585 5622 5621
5216  3 2 1 1 5585 5586 5623 5622
5217  3 2 1 1 5586 5587 5624 5623
5218  3 2 1 1 5587 5588 5625 5624
5219  3 2 1 1 5588 5589 5626 5625
5220  3 2 1 1 5589 5590 5627 5626
5221  3 2 1 1 5590 5591 5628 5627
5222  3 2 1 1 5591 5592 5629 5628
5223  3 2 1 1 5592 5593 5630 5629
5224  3 2 1 1 5593 5594 5631 5630
5225  3 2 1 1 5594 5595 5632 5631
5226  3 2 1 1 5595 5596 5633 5632
5227  3 2 1 1 5596 5597 5634 5633
5228  3 2 1 1 5597 5598 5635 5634
5229  3 2 1 1 5598 5599 5636 5635
5230  3 2 1 1 5599 5600 5637 5636
5231  3 2 1 1 5600 5601 5638 5637
5232  3 2 1 1 5601 5602 5639 5638
5233  3 2 1 1 5602 5603 5640 5639
5234  3 2 1 1 5603 5604 5641 5640
5235  3 2 1 1 5604 5605 5642 5641
5236  3 2 1 1 5605 5606 5643 5642
5237  3 2 1 1 5606 5607 5644 5643
5238  3 2 1 1 5607 5608 5645 5644
5239  3 2 1 1 5608 5609 5646 5645
5240  3 2 1 1 5609 5610 5647 5646
5241  3 2 1 1 5610 5611 5648 5647
5242  3 2 1 1 5611 4841 4842 5648
5243  3 2 1 1 4965 5612 5649 4964
5244  3 2 1 1 5612 5613 5650 5649
5245  3 2 1 1 5613 5614 5651 5650
5246  3 2 1 1 5614 5615 5652 5651
5247  3 2 1 1 5615 5616 5653 5652
5248  3 2 1 1 5616 5617 5654 5653
5249  3 2 1 1 5617 5618 5655 5654
5250  3 2 1 1 5618 5619 5656 5655
5251  3 2 1 1 5619 5620 5657 5656
5252  3 2 1 1 5620 5621 5658 5657
5253  3 2 1 1 5621 5622 5659 5658
5254  3 2 1 1 5622 5623 5660 5659
5255  3 2 1 1 5623 5624 5661 5660
5256  3 2 1 1 5624 5625 5662 5661
5257  3 2 1 1 5625 5626 5663 5662
5258  3 2 1 1 5626 5627 5664 5663
5259  3 2 1 1 5627 5628 5665 5664
5260  3 2 1 1 5628 5629 5666 5665
5261  3 2 1 1 5629 5630 5667 5666
5262  3 2 1 1 5630 5631 5668 5667
5263  3 2 1 1 5631 5632 5669 5668
5264  3 2 1 1 5632 5633 5670 5669
5265  3 2 1 1 5633 5634 5671 5670
5266  3 2 1 1 5634 5635 5672 5671
5267  3 2 1 1 5635 5636 5673 5672
5268  3 2 1 1 5636 5637 5674 5673
5269  3 2 1 1 5637 5638 5675 5674
5270  3 2 1 1 5638 5639 5676 5675
5271  3 2 1 1 5639 5640 5677 5676
5272  3 2 1 1 5640 5641 5678 5677
5273  3 2 1 1 5641 5642 5679 5678
5274  3 2 1 1 5642 5643 5680 5679
5275  3 2 1 1 5643 5644 5681 5680
5276  3 2 1 1 5644 5645 5682 5681
5277  3 2 1 1 5645 5646 5683 5682
5278  3 2 1 1 5646 5647 5684 5683
5279  3 2 1 1 5647 5648 5685 5684
5280  3 2 1 1 5648 4842 4843 5685
5281  3 2 1 1 4964 5649 5686 4963
5282  3 2 1 1 5649 5650 5687 5686
5283  3 2 1 1 5650 5651 5688 5687
5284  3 2 1 1 5651 5652 5689 5688
5285  3 2 1 1 5652 5653 5690 5689
5286  3 2 1 1 5653 5654 5691 5690
5287  3 2 1 1 5654 5655 5692 5691
5288  3 2 1 1 5655 5656 5693 5692
5289  3 2 1 1 5656 5657 5694 5693
5290  3 2 1 1 5657 5658 5695 5694
5291  3 2 1 1 5658 5659 5696 5695
5292  3 2 1 1 5659 5660 5697 5696
5293  3 2 1 1 5660 5661 5698 5697
5294  3 2 1 1 5661 5662 5699 5698
5295  3 2 1 1 5662 5663 5700 5699
5296  3 2 1 1 5663 5664 5701 5700
5297  3 2 1 1 5664 5665 5702 5701
5298  3 2 1 1 5665 5666 5703 5702
5299  3 2 1 1 5666 5667 5704 5703
5300  3 2 1 1 5667 5668 5705 5704
5301  3 2 1 1 5668 5669 5706 5705
5302  3 2 1 1 5669 5670 5707 5706
5303  3 2 1 1 5670 5671 5708 5707
5304  3 2 1 1 5671 5672 5709 5708
5305  3 2 1 1 5672 5673 5710 5709
5306  3 2 1 1 5673 5674 5711 5710
5307  3 2 1 1 5674 5675 5712 5711
5308  3 2 1 1 5675 5676 5713 5712
5309  3 2 1 1 5676 5677 5714 5713
5310  3 2 1 1 5677 5678 5715 5714
5311  3 2 1 1 5678 5679 5716 5715
5312  3 2 1 1 5679 5680 5717 5716
5313  3 2 1 1 5680 5681 5718 5717
5314  3 2 1 1 5681 5682 5719 5718
5315  3 2 1 1 5682 5683 5720 5719
5316  3 2 1 1 5683 5684 5721 5720
5317  3 2 1 1 5684 5685 5722 5721
5318  3 2 1 1 5685 4843 4844 5722
5319  3 2 1 1 4963 5686 5723 4962
5320  3 2 1 1 5686 5687 5724 5723
5321  3 2 1 1 5687 5688 5725 5724
5322  3 2 1 1 5688 5689 5726 5725
5323  3 2 1 1 5689 5690 5727 5726
5324  3 2 1 1 5690 5691 5728 5727
5325  3 2 1 1 5691 5692 5729 5728
5326  3 2 1 1 5692 5693 5730 5729
5327  3 2 1 1 5693 5694 5731 5730
5328  3 2 1 1 5694 5695 5732 5731
5329  3 2 1 1 5695 5696 5733 5732
5330  3 2 1 1 5696 5697 5734 5733
5331  3 2 1 1 5697 5698 5735 5734
5332  3 2 1 1 5698 5699 5736 5735
5333  3 2 1 1 5699 5700 5737 5736
5334  3 2 1 1 5700 5701 5738 5737
5335  3 2 1 1 5701 5702 5739 5738
5336  3 2 1 1 5702 5703 5740 5739
5337  3 2 1 1 5703 5704 5741 5740
5338  3 2 1 1 5704 5705 5742 5741
5339  3 2 1 1 5705 5706 5743 5742
5340  3 2 1 1 5706 5707 5744 5743
5341  3 2 1 1 5707 5708 5745 5744
5342  3 2 1 1 5708 5709 5746 5745
5343  3 2 1 1 5709 5710 5747 5746
5344  3 2 1 1 5710 5711 5748 5747
5345  3 2 1 1 5711 5712 5749 5748
5346  3 2 1 1 5712 5713 5750 5749
5347  3 2 1 1 5713 5714 5751 5750
5348  3 2 1 1 5714 5715 5752 5751
5349  3 2 1 1 5715 5716 5753 5752
5350  3 2 1 1 5716 5717 5754 5753
5351  3 2 1 1 5717 5718 5755 5754
5352  3 2 1 1 5718 5719 5756 5755
5353  3 2 1 1 5719 5720 5757 5756
5354  3 2 1 1 5720 5721 5758 5757
5355  3 2 1 1 5721 5722 5759 5758
5356  3 2 1 1 5722 4844 4845 5759
5357  3 2 1 1 4962 5723 5760 4961
5358  3 2 1 1 5723 5724 5761 5760
5359  3 2 1 1 5724 5725 5762 5761
5360  3 2 1 1 5725 5726 5763 5762
5361  3 2 1 1 5726 5727 5764 5763
5362  3 2 1 1 5727 5728 5765 5764
5363  3 2 1 1 5728 5729 5766 5765
5364  3 2 1 1 5729 5730 5767 5766
5365  3 2 1 1 5730 5731 5768 5767
5366  3 2 1 1 5731 5732 5769 5768
5367  3 2 1 1 5732 5733 5770 5769
5368  3 2 1 1 5733 5734 5771 5770
5369  3 2 1 1 5734 5735 5772 5771
5370  3 2 1 1 5735 5736 5773 5772
5371  3 2 1 1 5736 5737 5774 5773
5372  3 2 1 1 5737 5738 5775 5774
5373  3 2 1 1 5738 5739 5776 5775
5374  3 2 1 1 5739 5740 5777 5776
5375  3 2 1 1 5740 5741 5778 5777
5376  3 2 1 1 5741 5742 5779 5778
5377  3 2 1 1 5742 5743 5780 5779
5378  3 2 1 1 5743 5744 5781 5780
5379  3 2 1 1 5744 5745 5782 5781
5380  3 2 1 1 5745 5746 5783 5782
5381  3 2 1 1 5746 5747 5784 5783
5382  3 2 1 1 5747 5748 5785 5784
5383  3 2 1 1 5748 5749 5786 5785
5384  3 2 1 1 5749 5750 5787 5786
5385  3 2 1 1 5750 5751 5788 5787
5386  3 2 1 1 5751 5752 5789 5788
5387  3 2 1 1 5752 5753 5790 5789
5388  3 2 1 1 5753 5754 5791 5790
5389  3 2 1 1 5754 5755 5792 5791
5390  3 2 1 1 5755 5756 5793 5792
5391  3 2 1 1 5756 5757 5794 5793
5392  3 2 1 1 5757 5758 5795 5794
5393  3 2 1 1 5758 5759 5796 5795
5394  3 2 1 1 5759 4845 4846 5796
5395  3 2 1 1 4961 5760 5797 4960
5396  3 2 1 1 5760 5761 5798 5797
5397  3 2 1 1 5761 5762 5799 5798
5398  3 2 1 1 5762 5763 5800 5799
5399  3 2 1 1 5763 5764 5801 5800
5400  3 2 1 1 5764 5765 5802 5801
5401  3 2 1 1 5765 5766 5803 5802
5402  3 2 1 1 5766 5767 5804 5803
5403  3 2 1 1 5767 5768 5805 5804
5404  3 2 1 1 5768 5769 5806 5805
5405  3 2 1 1 5769 5770 5807 5806
5406  3 2 1 1 5770 5771 5808 5807
5407  3 2 1 1 5771 5772 5809 5808
5408  3 2 1 1 5772 5773 5810 5809
5409  3 2 1 1 5773 5774 5811 5810
5410  3 2 1 1 5774 5775 5812 5811
5411  3 2 1 1 5775 5776 5813 5812
5412  3 2 1 1 5776 5777 5814 5813
5413  3 2 1 1 5777 5778 5815 5814
5414  3 2 1 1 5778 5779 5816 5815
5415  3 2 1 1 5779 5780 5817 5816
5416  3 2 1 1 5780 5781 5818 5817
5417  3 2 1 1 5781 5782 5819 5818
5418  3 2 1 1 5782 5783 5820 5819
5419  3 2 1 1 5783 5784 5821 5820
5420  3 2 1 1 5784 5785 5822 5821
5421  3 2 1 1 5785 5786 5823 5822
5422  3 2 1 1 5786 5787 5824 5823
5423  3 2 1 1 5787 5788 5825 5824
5424  3 2 1 1 5788 5789 5826 5825
5425  3 2 1 1 5789 5790 5827 5826
5426  3 2 1 1 5790 5791 5828 5827
5427  3 2 1 1 5791 5792 5829 5828
5428  3 2 1 1 5792 5793 5830 5829
5429  3 2 1 1 5793 5794 5831 5830
5430  3 2 1 1 5794 5795 5832 5831
5431  3 2 1 1 5795 5796 5833 5832
5432  3 2 1 1 5796 4846 4847 5833
5433  3 2 1 1 4960 5797 5834 4959
5434  3 2 1 1 5797 5798 5835 5834
5435  3 2 1 1 5798 5799 5836 5835
5436  3 2 1 1 5799 5800 5837 5836
5437  3 2 1 1 5800 5801 5838 5837
5438  3 2 1 1 5801 5802 5839 5838
5439  3 2 1 1 5802 5803 5840 5839
5440  3 2 1 1 5803 5804 5841 5840
5441  3 2 1 1 5804 5805 5842 5841
5442  3 2 1 1 5805 5806 5843 5842
5443  3 2 1 1 5806 5807 5844 5843
5444  3 2 1 1 5807 5808 5845 5844
5445  3 2 1 1 5808 5809 5846 5845
5446  3 2 1 1 5809 5810 5847 5846
5447  3 2 1 1 5810 5811 5848 5847
5448  3 2 1 1 5811 5812 5849 5848
5449  3 2 1 1 5812 5813 5850 5849
5450  3 2 1 1 5813 5814 5851 5850
5451  3 2 1 1 5814 5815 5852 5851
5452  3 2 1 1 5815 5816 5853 5852
5453  3 2 1 1 5816 5817 5854 5853
5454  3 2 1 1 5817 5818 5855 5854
5455  3 2 1 1 5818 5819 5856 5855
5456  3 2 1 1 5819 5820 5857 5856
5457  3 2 1 1 5820 5821 5858 5857
5458  3 2 1 1 5821 5822 5859 5858
5459  3 2 1 1 5822 5823 5860 5859
5460  3 2 1 1 5823 5824 5861 5860
5461  3 2 1 1 5824 5825 5862 5861
5462  3 2 1 1 5825 5826 5863 5862
5463  3 2 1 1 5826 5827 5864 5863
5464  3 2 1 1 5827 5828 5865 5864
5465  3 2 1 1 5828 5829 5866 5865
5466  3 2 1 1 5829 5830 5867 5866
5467  3 2 1 1 5830 5831 5868 5867
5468  3 2 1 1 5831 5832 5869 5868
5469  3 2 1 1 5832 5833 5870 5869
5470  3 2 1 1 5833 4847 4848 5870
5471  3 2 1 1 4959 5834 5871 4958
5472  3 2 1 1 5834 5835 5872 5871
5473  3 2 1 1 5835 5836 5873 5872
5474  3 2 1 1 5836 5837 5874 5873
5475  3 2 1 1 5837 5838 5875 5874
5476  3 2 1 1 5838 5839 5876 5875
5477  3 2 1 1 5839 5840 5877 5876
5478  3 2 1 1 5840 5841 5878 5877
5479  3 2 1 1 5841 5842 5879 5878
5480  3 2 1 1 5842 5843 5880 5879
5481  3 2 1 1 5843 5844 5881 5880
5482  3 2 1 1 5844 5845 5882 5881
5483  3 2 1 1 5845 5846 5883 5882
5484  3 2 1 1 5846 5847 5884 5883
5485  3 2 1 1 5847 5848 5885 5884
5486  3 2 1 1 5848 5849 5886 5885
5487  3 2 1 1 5849 5850 5887 5886
5488  3 2 1 1 5850 5851 5888 5887
5489  3 2 1 1 5851 5852 5889 5888
5490  3 2 1 1 5852 5853 5890 5889
5491  3 2 1 1 5853 5854 5891 5890
5492  3 2 1 1 5854 5855 5892 5891
5493  3 2 1 1 5855 5856 5893 5892
5494  3 2 1 1 5856 5857 5894 5893
5495  3 2 1 1 5857 5858 5895 5894
5496  3 2 1 1 5858 5859 5896 5895
5497  3 2 1 1 5859 5860 5897 5896
5498  3 2 1 1 5860 5861 5898 5897
5499  3 2 1 1 5861 5862 5899 5898
5500  3 2 1 1 5862 5863 5900 5899
5501  3 2 1 1 5863 5864 5901 5900
5502  3 2 1 1 5864 5865 5902 5901
5503  3 2 1 1 5865 5866 5903 5902
5504  3 2 1 1 5866 5867 5904 5903
5505  3 2 1 1 5867 5868 5905 5904
5506  3 2 1 1 5868 5869 5906 5905
5507  3 2 1 1 5869 5870 5907 5906
5508  3 2 1 1 5870 4848 4849 5907
5509  3 2 1 1 4958 5871 5908 4957
5510  3 2 1 1 5871 5872 5909 5908
5511  3 2 1 1 5872 5873 5910 5909
5512  3 2 1 1 5873 5874 5911 5910
5513  3 2 1 1 5874 5875 5912 5911
5514  3 2 1 1 5875 5876 5913 5912
5515  3 2 1 1 5876 5877 5914 5913
5516  3 2 1 1 5877 5878 5915 5914
5517  3 2 1 1 5878 5879 5916 5915
5518  3 2 1 1 5879 5880 5917 5916
5519  3 2 1 1 5880 5881 5918 5917
5520  3 2 1 1 5881 5882 5919 5918
5521  3 2 1 1 5882 5883 5920 5919
5522  3 2 1 1 5883 5884 5921 5920
5523  3 2 1 1 5884 5885 5922 5921
5524  3 2 1 1 5885 5886 5923 5922
5525  3 2 1 1 5886 5887 5924 5923
5526  3 2 1 1 5887 5888 5925 5924
5527  3 2 1 1 5888 5889 5926 5925
5528  3 2 1 1 5889 5890 5927 5926
5529  3 2 1 1 5890 5891 5928 5927
5530  3 2 1 1 5891 5892 5929 5928
5531  3 2 1 1 5892 5893 5930 5929
5532  3 2 1 1 5893 5894 5931 5930
5533  3 2 1 1 5894 5895 5932 5931
5534  3 2 1 1 5895 5896 5933 5932
5535  3 2 1 1 5896 5897 5934 5933
5536  3 2 1 1 5897 5898 5935 5934
5537  3 2 1 1 5898 5899 5936 5935
5538  3 2 1 1 5899 5900 5937 5936
5539  3 2 1 1 5900 5901 5938 5937
5540  3 2 1 1 5901 5902 5939 5938
5541  3 2 1 1 5902 5903 5940 5939
5542  3 2 1 1 5903 5904 5941 5940
5543  3 2 1 1 5904 5905 5942 5941
5544  3 2 1 1 5905 5906 5943 5942
5545  3 2 1 1 5906 5907 5944 5943
5546  3 2 1 1 5907 4849 4850 5944
5547  3 2 1 1 4957 5908 5945 4956
5548  3 2 1 1 5908 5909 5946 5945
5549  3 2 1 1 5909 5910 5947 5946
5550  3 2 1 1 5910 5911 5948 5947
5551  3 2 1 1 5911 5912 5949 5948
5552  3 2 1 1 5912 5913 5950 5949
5553  3 2 1 1 5913 5914 5951 5950
5554  3 2 1 1 5914 5915 5952 5951
5555  3 2 1 1 5915 5916 5953 5952
5556  3 2 1 1 5916 5917 5954 5953
5557  3 2 1 1 5917 5918 5955 5954
5558  3 2 1 1 5918 5919 5956 5955
5559  3 2 1 1 5919 5920 5957 5956
5560  3 2 1 1 5920 5921 5958 5957
5561  3 2 1 1 5921 5922 5959 5958
5562  3 2 1 1 5922 5923 5960 5959
5563  3 2 1 1 5923 5924 5961 5960
5564  3 2 1 1 5924 5925 5962 5961
5565  3 2 1 1 5925 5926 5963 5962
5566  3 2 1 1 5926 5927 5964 5963
5567  3 2 1 1 5927 5928 5965 5964
5568  3 2 1 1 5928 5929 5966 5965
5569  3 2 1 1 5929 5930 5967 5966
5570  3 2 1 1 5930 5931 5968 5967
5571  3 2 1 1 5931 5932 5969 5968
5572  3 2 1 1 5932 5933 5970 5969
5573  3 2 1 1 5933 5934 5971 5970
5574  3 2 1 1 5934 5935 5972 5971
5575  3 2 1 1 5935 5936 5973 5972
5576  3 2 1 1 5936 5937 5974 5973
5577  3 2 1 1 5937 5938 5975 5974
5578  3 2 1 1 5938 5939 5976 5975
5579  3 2 1 1 5939 5940 5977 5976
5580  3 2 1 1 5940 5941 5978 5977
5581  3 2 1 1 5941 5942 5979 5978
5582  3 2 1 1 5942 5943 5980 5979
5583  3 2 1 1 5943 5944 5981 5980
5584  3 2 1 1 5944 4850 4851 5981
5585  3 2 1 1 4956 5945 5982 4955
5586  3 2 1 1 5945 5946 5983 5982
5587  3 2 1 1 5946 5947 5984 5983
5588  3 2 1 1 5947 5948 5985 5984
5589  3 2 1 1 5948 5949 5986 5985
5590  3 2 1 1 5949 5950 5987 5986
5591  3 2 1 1 5950 5951 5988 5987
5592  3 2 1 1 5951 5952 5989 5988
5593  3 2 1 1 5952 5953 5990 5989
5594  3 2 1 1 5953 5954 5991 5990
5595  3 2 1 1 5954 5955 5992 5991
5596  3 2 1 1 5955 5956 5993 5992
5597  3 2 1 1 5956 5957 5994 5993
5598  3 2 1 1 5957 5958 5995 5994
5599  3 2 1 1 5958 5959 5996 5995
5600  3 2 1 1 5959 5960 5997 5996
5601  3 2 1 1 5960 5961 5998 5997
5602  3 2 1 1 5961 5962 5999 5998
5603  3 2 1 1 5962 5963 6000 5999
5604  3 2 1 1 5963 5964 6001 6000
5605  3 2 1 1 5964 5965 6002 6001
5606  3 2 1 1 5965 5966 6003 6002
5607  3 2 1 1 5966 5967 6004 6003
5608  3 2 1 1 5967 5968 6005 6004
5609  3 2 1 1 5968 5969 6006 6005
5610  3 2 1 1 5969 5970 6007 6006
5611  3 2 1 1 5970 5971 6008 6007
5612  3 2 1 1 5971 5972 6009 6008
5613  3 2 1 1 5972 5973 6010 6009
5614  3 2 1 1 5973 5974 6011 6010
5615  3 2 1 1 5974 5975 6012 6011
5616  3 2 1 1 5975 5976 6013 6012
5617  3 2 1 1 5976 5977 6014 6013
5618  3 2 1 1 5977 5978 6015 6014
5619  3 2 1 1 5978 5979 6016 6015
5620  3 2 1 1 5979 5980 6017 6016
5621  3 2 1 1 5980 5981 6018 6017
5622  3 2 1 1 5981 4851 4852 6018
5623  3 2 1 1 4955 5982 6019 4954
5624  3 2 1 1 5982 5983 6020 6019
5625  3 2 1 1 5983 5984 6021 6020
5626  3 2 1 1 5984 5985 6022 6021
5627  3 2 1 1 5985 5986 6023 6022
5628  3 2 1 1 5986 5987 6024 6023
5629  3 2 1 1 5987 5988 6025 6024
5630  3 2 1 1 5988 5989 6026 6025
5631  3 2 1 1 5989 5990 6027 6026
5632  3 2 1 1 5990 5991 6028 6027
5633  3 2 1 1 5991 5992 6029 6028
5634  3 2 1 1 5992 5993 6030 6029
5635  3 2 1 1 5993 5994 6031 6030
5636  3 2 1 1 5994 5995 6032 6031
5637  3 2 1 1 5995 5996 6033 6032
5638  3 2 1 1 5996 5997 6034 6033
5639  3 2 1 1 5997 5998 6035 6034
5640  3 2 1 1 5998 5999 6036 6035
5641  3 2 1 1 5999 6000 6037 6036
5642  3 2 1 1 6000 6001 6038 6037
5643  3 2 1 1 6001 6002 6039 6038
5644  3 2 1 1 6002 6003 6040 6039
5645  3 2 1 1 6003 6004 6041 6040
5646  3 2 1 1 6004 6005 6042 6041
5647  3 2 1 1 6005 6006 6043 6042
5648  3 2 1 1 6006 6007 6044 6043
5649  3 2 1 1 6007 6008 6045 6044
5650  3 2 1 1 6008 6009 6046 6045
5651  3 2 1 1 6009 6010 6047 6046
5652  3 2 1 1 6010 6011 6048 6047
5653  3 2 1 1 6011 6012 6049 6048
5654  3 2 1 1 6012 6013 6050 6049
5655  3 2 1 1 6013 6014 6051 6050
5656  3 2 1 1 6014 6015 6052 6051
5657  3 2 1 1 6015 6016 6053 6052
5658  3 2 1 1 6016 6017 6054 6053
5659  3 2 1 1 6017 6018 6055 6054
5660  3 2 1 1 6018 4852 4853 6055
5661  3 2 1 1 4954 6019 6056 4953
5662  3 2 1 1 6019 6020 6057 6056
5663  3 2 1 1 6020 6021 6058 6057
5664  3 2 1 1 6021 6022 6059 6058
5665  3 2 1 1 6022 6023 6060 6059
5666  3 2 1 1 6023 6024 6061 6060
5667  3 2 1 1 6024 6025 6062 6061
5668  3 2 1 1 6025 6026 6063 6062
5669  3 2 1 1 6026 6027 6064 6063
5670  3 2 1 1 6027 6028 6065 6064
5671  3 2 1 1 6028 6029 6066 6065
5672  3 2 1 1 6029 6030 6067 6066
5673  3 2 1 1 6030 6031 6068 6067
5674  3 2 1 1 6031 6032 6069 6068
5675  3 2 1 1 6032 6033 6070 6069
5676  3 2 1 1 6033 6034 6071 6070
5677  3 2 1 1 6034 6035 6072 6071
5678  3 2 1 1 6035 6036 6073 6072
5679  3 2 1 1 6036 6037 6074 6073
5680  3 2 1 1 6037 6038 6075 6074
5681  3 2 1 1 6038 6039 6076 6075
5682  3 2 1 1 6039 6040 6077 6076
5683  3 2 1 1 6040 6041 6078 6077
5684  3 2 1 1 6041 6042 6079 6078
5685  3 2 1 1 6042 6043 6080 6079
5686  3 2 1 1 6043 6044 6081 6080
5687  3 2 1 1 6044 6045 6082 6081
5688  3 2 1 1 6045 6046 6083 6082
5689  3 2 1 1 6046 6047 6084 6083
5690  3 2 1 1 6047 6048 6085 6084
5691  3 2 1 1 6048 6049 6086 6085
5692  3 2 1 1 6049 6050 6087 6086
5693  3 2 1 1 6050 6051 6088 6087
5694  3 2 1 1 6051 6052 6089 6088
5695  3 2 1 1 6052 6053 6090 6089
5696  3 2 1 1 6053 6054 6091 6090
5697  3 2 1 1 6054 6055 6092 6091
5698  3 2 1 1 6055 4853 4854 6092
5699  3 2 1 1 4953 6056 6093 4952
5700  3 2 1 1 6056 6057 6094 6093
5701  3 2 1 1 6057 6058 6095 6094
5702  3 2 1 1 6058 6059 6096 6095
5703  3 2 1 1 6059 6060 6097 6096
5704  3 2 1 1 6060 6061 6098 6097
5705  3 2 1 1 6061 6062 6099 6098
5706  3 2 1 1 6062 6063 6100 6099
5707  3 2 1 1 6063 6064 6101 6100
5708  3 2 1 1 6064 6065 6102 6101
5709  3 2 1 1 6065 6066 6103 6102
5710  3 2 1 1 6066 6067 6104 6103
5711  3 2 1 1 6067 6068 6105 6104
5712  3 2 1 1 6068 6069 6106 6105
5713  3 2 1 1 6069 6070 6107 6106
5714  3 2 1 1 6070 6071 6108 6107
5715  3 2 1 1 6071 6072 6109 6108
5716  3 2 1 1 6072 6073 6110 6109
5717  3 2 1 1 6073 6074 6111 6110
5718  3 2 1 1 6074 6075 6112 6111
5719  3 2 1 1 6075 6076 6113 6112
5720  3 2 1 1 6076 6077 6114 6113
5721  3 2 1 1 6077 6078 6115 6114
5722  3 2 1 1 6078 6079 6116 6115
5723  3 2 1 1 6079 6080 6117 6116
5724  3 2 1 1 6080 6081 6118 6117
5725  3 2 1 1 6081 6082 6119 6118
5726  3 2 1 1 6082 6083 6120 6119
5727  3 2 1 1 6083 6084 6121 6120
5728  3 2 1 1 6084 6085 6122 6121
5729  3 2 1 1 6085 6086 6123 6122
5730  3 2 1 1 6086 6087 6124 6123
5731  3 2 1 1 6087 6088 6125 6124
5732  3 2 1 1 6088 6089 6126 6125
5733  3 2 1 1 6089 6090 6127 6126
5734  3 2 1 1 6090 6091 6128 6127
5735  3 2 1 1 6091 6092 6129 6128
5736  3 2 1 1 6092 4854 4855 6129
5737  3 2 1 1 4952 6093 6130 4951
5738  3 2 1 1 6093 6094 6131 6130
5739  3 2 1 1 6094 6095 6132 6131
5740  3 2 1 1 6095 6096 6133 6132
5741  3 2 1 1 6096 6097 6134 6133
5742  3 2 1 1 6097 6098 6135 6134
5743  3 2 1 1 6098 6099 6136 6135
5744  3 2 1 1 6099 6100 6137 6136
5745  3 2 1 1 6100 6101 6138 6137
5746  3 2 1 1 6101 6102 6139 6138
5747  3 2 1 1 6102 6103 6140 6139
5748  3 2 1 1 6103 6104 6141 6140
5749  3 2 1 1 6104 6105 6142 6141
5750  3 2 1 1 6105 6106 6143 6142
5751  3 2 1 1 6106 6107 6144 6143
5752  3 2 1 1 6107 6108 6145 6144
5753  3 2 1 1 6108 6109 6146 6145
5754  3 2 1 1 6109 6110 6147 6146
5755  3 2 1 1 6110 6111 6148 6147
5756  3 2 1 1 6111 6112 6149 6148
5757  3 2 1 1 6112 6113 6150 6149
5758  3 2 1 1 6113 6114 6151 6150
5759  3 2 1 1 6114 6115 6152 6151
5760  3 2 1 1 6115 6116 6153 6152
5761  3 2 1 1 6116 6117 6154 6153
5762  3 2 1 1 6117 6118 6155 6154
5763  3 2 1 1 6118 6119 6156 6155
5764  3 2 1 1 6119 6120 6157 6156
5765  3 2 1 1 6120 6121 6158 6157
5766  3 2 1 1 6121 6122 6159 6158
5767  3 2 1 1 6122 6123 6160 6159
5768  3 2 1 1 6123 6124 6161 6160
5769  3 2 1 1 6124 6125 6162 6161
5770  3 2 1 1 6125 6126 6163 6162
5771  3 2 1 1 6126 6127 6164 6163
5772  3 2 1 1 6127 6128 6165 6164
5773  3 2 1 1 6128 6129 6166 6165
5774  3 2 1 1 6129 4855 4856 6166
5775  3 2 1 1 4951 6130 6167 4950
5776  3 2 1 1 6130 6131 6168 6167
5777  3 2 1 1 6131 6132 6169 6168
5778  3 2 1 1 6132 6133 6170 6169
5779  3 2 1 1 6133 6134 6171 6170
5780  3 2 1 1 6134 6135 6172 6171
5781  3 2 1 1 6135 6136 6173 6172
5782  3 2 1 1 6136 6137 6174 6173
5783  3 2 1 1 6137 6138 6175 6174
5784  3 2 1 1 6138 6139 6176 6175
5785  3 2 1 1 6139 6140 6177 6176
5786  3 2 1 1 6140 6141 6178 6177
5787  3 2 1 1 6141 6142 6179 6178
5788  3 2 1 1 6142 6143 6180 6179
5789  3 2 1 1 6143 6144 6181 6180
5790  3 2 1 1 6144 6145 6182 6181
5791  3 2 1 1 6145 6146 6183 6182
5792  3 2 1 1 6146 6147 6184 6183
5793  3 2 1 1 6147 6148 6185 6184
5794  3 2 1 1 6148 6149 6186 6185
5795  3 2 1 1 6149 6150 6187 6186
5796  3 2 1 1 6150 6151 6188 6187
5797  3 2 1 1 6151 6152 6189 6188
5798  3 2 1 1 6152 6153 6190 6189
5799  3 2 1 1 6153 6154 6191 6190
5800  3 2 1 1 6154 6155 6192 6191
5801  3 2 1 1 6155 6156 6193 6192
5802  3 2 1 1 6156 6157 6194 6193
5803  3 2 1 1 6157 6158 6195 6194
5804  3 2 1 1 6158 6159 6196 6195
5805  3 2 1 1 6159 6160 6197 6196
5806  3 2 1 1 6160 6161 6198 6197
5807  3 2 1 1 6161 6162 6199 6198
5808  3 2 1 1 6162 6163 6200 6199
5809  3 2 1 1 6163 6164 6201 6200
5810  3 2 1 1 6164 6165 6202 6201
5811  3 2 1 1 6165 6166 6203 6202
5812  3 2 1 1 6166 4856 4857 6203
5813  3 2 1 1 4950 6167 6204 4949
5814  3 2 1 1 6167 6168 6205 6204
5815  3 2 1 1 6168 6169 6206 6205
5816  3 2 1 1 6169 6170 6207 6206
5817  3 2 1 1 6170 6171 6208 6207
5818  3 2 1 1 6171 6172 6209 6208
5819  3 2 1 1 6172 6173 6210 6209
5820  3 2 1 1 6173 6174 6211 6210
5821  3 2 1 1 6174 6175 6212 6211
5822  3 2 1 1 6175 6176 6213 6212
5823  3 2 1 1 6176 6177 6214 6213
5824  3 2 1 1 6177 6178 6215 6214
5825  3 2 1 1 6178 6179 6216 6215
5826  3 2 1 1 6179 6180 6217 6216
5827  3 2 1 1 6180 6181 6218 6217
5828  3 2 1 1 6181 6182 6219 6218
5829  3 2 1 1 6182 6183 6220 6219
5830  3 2 1 1 6183 6184 6221 6220
5831  3 2 1 1 6184 6185 6222 6221
5832  3 2 1 1 6185 6186 6223 6222
5833  3 2 1 1 6186 6187 6224 6223
5834  3 2 1 1 6187 6188 6225 6224
5835  3 2 1 1 6188 6189 6226 6225
5836  3 2 1 1 6189 6190 6227 6226
5837  3 2 1 1 6190 6191 6228 6227
5838  3 2 1 1 6191 6192 6229 6228
5839  3 2 1 1 6192 6193 6230 6229
5840  3 2 1 1 6193 6194 6231 6230
5841  3 2 1 1 6194 6195 6232 6231
5842  3 2 1 1 6195 6196 6233 6232
5843  3 2 1 1 6196 6197 6234 6233
5844  3 2 1 1 6197 6198 6235 6234
5845  3 2 1 1 6198 6199 6236 6235
5846  3 2 1 1 6199 6200 6237 6236
5847  3 2 1 1 6200 6201 6238 6237
5848  3 2 1 1 6201 6202 6239 6238
5849  3 2 1 1 6202 6203 6240 6239
5850  3 2 1 1 6203 4857 4858 6240
5851  3 2 1 1 4949 6204 6241 4948
5852  3 2 1 1 6204 6205 6242 6241
5853  3 2 1 1 6205 6206 6243 6242
5854  3 2 1 1 6206 6207 6244 6243
5855  3 2 1 1 6207 6208 6245 6244
5856  3 2 1 1 6208 6209 6246 6245
5857  3 2 1 1 6209 6210 6247 6246
5858  3 2 1 1 6210 6211 6248 6247
5859  3 2 1 1 6211 6212 6249 6248
5860  3 2 1 1 6212 6213 6250 6249
5861  3 2 1 1 6213 6214 6251 6250
5862  3 2 1 1 6214 6215 6252 6251
5863  3 2 1 1 6215 6216 6253 6252
5864  3 2 1 1 6216 6217 6254 6253
5865  3 2 1 1 6217 6218 6255 6254
5866  3 2 1 1 6218 6219 6256 6255
5867  3 2 1 1 6219 6220 6257 6256
5868  3 2 1 1 6220 6221 6258 6257
5869  3 2 1 1 6221 6222 6259 6258
5870  3 2 1 1 6222 6223 6260 6259
5871  3 2 1 1 6223 6224 6261 6260
5872  3 2 1 1 6224 6225 6262 6261
5873  3 2 1 1 6225 6226 6263 6262
5874  3 2 1 1 6226 6227 6264 6263
5875  3 2 1 1 6227 6228 6265 6264
5876  3 2 1 1 6228 6229 6266 6265
5877  3 2 1 1 6229 6230 6267 6266
5878  3 2 1 1 6230 6231 6268 6267
5879  3 2 1 1 6231 6232 6269 6268
5880  3 2 1 1 6232 6233 6270 6269
5881  3 2 1 1 6233 6234 6271 6270
5882  3 2 1 1 6234 6235 6272 6271
5883  3 2 1 1 6235 6236 6273 6272
5884  3 2 1 1 6236 6237 6274 6273
5885  3 2 1 1 6237 6238 6275 6274
5886  3 2 1 1 6238 6239 6276 6275
5887  3 2 1 1 6239 6240 6277 6276
5888  3 2 1 1 6240 4858 4859 6277
5889  3 2 1 1 4948 6241 6278 4947
5890  3 2 1 1 6241 6242 6279 6278
5891  3 2 1 1 6242 6243 6280 6279
5892  3 2 1 1 6243 6244 6281 6280
5893  3 2 1 1 6244 6245 6282 6281
5894  3 2 1 1 6245 6246 6283 6282
5895  3 2 1 1 6246 6247 6284 6283
5896  3 2 1 1 6247 6248 6285 6284
5897  3 2 1 1 6248 6249 6286 6285
5898  3 2 1 1 6249 6250 6287 6286
5899  3 2 1 1 6250 6251 6288 6287
5900  3 2 1 1 6251 6252 6289 6288
5901  3 2 1 1 6252 6253 6290 6289
5902  3 2 1 1 6253 6254 6291 6290
5903  3 2 1 1 6254 6255 6292 6291
5904  3 2 1 1 6255 6256 6293 6292
5905  3 2 1 1 6256 6257 6294 6293
5906  3 2 1 1 6257 6258 6295 6294
5907  3 2 1 1 6258 6259 6296 6295
5908  3 2 1 1 6259 6260 6297 6296
5909  3 2 1 1 6260 6261 6298 6297
5910  3 2 1 1 6261 6262 6299 6298
5911  3 2 1 1 6262 6263 6300 6299
5912  3 2 1 1 6263 6264 6301 6300
5913  3 2 1 1 6264 6265 6302 6301
5914  3 2 1 1 6265 6266 6303 6302
5915  3 2 1 1 6266 6267 6304 6303
5916  3 2 1 1 6267 6268 6305 6304
5917  3 2 1 1 6268 6269 6306 6305
5918  3 2 1 1 6269 6270 6307 6306
5919  3 2 1 1 6270 6271 6308 6307
5920  3 2 1 1 6271 6272 6309 6308
5921  3 2 1 1 6272 6273 6310 6309
5922  3 2 1 1 6273 6274 6311 6310
5923  3 2 1 1 6274 6275 6312 6311
5924  3 2 1 1 6275 6276 6313 6312
5925  3 2 1 1 6276 6277 6314 6313
5926  3 2 1 1 6277 4859 4860 6314
5927  3 2 1 1 4947 6278 6315 4946
5928  3 2 1 1 6278 6279 6316 6315
5929  3 2 1 1 6279 6280 6317 6316
5930  3 2 1 1 6280 6281 6318 6317
5931  3 2 1 1 6281 6282 6319 6318
5932  3 2 1 1 6282 6283 6320 6319
5933  3 2 1 1 6283 6284 6321 6320
5934  3 2 1 1 6284 6285 6322 6321
5935  3 2 1 1 6285 6286 6323 6322
5936  3 2 1 1 6286 6287 6324 6323
5937  3 2 1 1 6287 6288 6325 6324
5938  3 2 1 1 6288 6289 6326 6325
5939  3 2 1 1 6289 6290 6327 6326
5940  3 2 1 1 6290 6291 6328 6327
5941  3 2 1 1 6291 6292 6329 6328
5942  3 2 1 1 6292 6293 6330 6329
5943  3 2 1 1 6293 6294 6331 6330
5944  3 2 1 1 6294 6295 6332 6331
5945  3 2 1 1 6295 6296 6333 6332
5946  3 2 1 1 6296 6297 6334 6333
5947  3 2 1 1 6297 6298 6335 6334
5948  3 2 1 1 6298 6299 6336 6335
5949  3 2 1 1 6299 6300 6337 6336
5950  3 2 1 1 6300 6301 6338 6337
5951  3 2 1 1 6301 6302 6339 6338
5952  3 2 1 1 6302 6303 6340 6339
5953  3 2 1 1 6303 6304 6341 6340
5954  3 2 1 1 6304 6305 6342 6341
5955  3 2 1 1 6305 6306 6343 6342
5956  3 2 1 1 6306 6307 6344 6343
5957  3 2 1 1 6307 6308 6345 6344
5958  3 2 1 1 6308 6309 6346 6345
5959  3 2 1 1 6309 6310 6347 6346
5960  3 2 1 1 6310 6311 6348 6347
5961  3 2 1 1 6311 6312 6349 6348
5962  3 2 1 1 6312 6313 6350 6349
5963  3 2 1 1 6313 6314 6351 6350
5964  3 2 1 1 6314 4860 4861 6351
5965  3 2 1 1 4946 6315 6352 4945
5966  3 2 1 1 6315 6316 6353 6352
5967  3 2 1 1 6316 6317 6354 6353
5968  3 2 1 1 6317 6318 6355 6354
5969  3 2 1 1 6318 6319 6356 6355
5970  3 2 1 1 6319 6320 6357 6356
5971  3 2 1 1 6320 6321 6358 6357
5972  3 2 1 1 6321 6322 6359 6358
5973  3 2 1 1 6322 6323 6360 6359
5974  3 2 1 1 6323 6324 6361 6360
5975  3 2 1 1 6324 6325 6362 6361
5976  3 2 1 1 6325 6326 6363 6362
5977  3 2 1 1 6326 6327 6364 6363
5978  3 2 1 1 6327 6328 6365 6364
5979  3 2 1 1 6328 6329 6366 6365
5980  3 2 1 1 6329 6330 6367 6366
5981  3 2 1 1 6330 6331 6368 6367
5982  3 2 1 1 6331 6332 6369 6368
5983  3 2 1 1 6332 6333 6370 6369
5984  3 2 1 1 6333 6334 6371 6370
5985  3 2 1 1 6334 6335 6372 6371
5986  3 2 1 1 6335 6336 6373 6372
5987  3 2 1 1 6336 6337 6374 6373
5988  3 2 1 1 6337 6338 6375 6374
5989  3 2 1 1 6338 6339 6376 6375
5990  3 2 1 1 6339 6340 6377 6376
5991  3 2 1 1 6340 6341 6378 6377
5992  3 2 1 1 6341 6342 6379 6378
5993  3 2 1 1 6342 6343 6380 6379
5994  3 2 1 1 6343 6344 6381 6380
5995  3 2 1 1 6344 6345 6382 6381
5996  3 2 1 1 6345 6346 6383 6382
5997  3 2 1 1 6346 6347 6384 6383
5998  3 2 1 1 6347 6348 6385 6384
5999  3 2 1 1 6348 6349 6386 6385
6000  3 2 1 1 6349 6350 6387 6386
6001  3 2 1 1 6350 6351 6388 6387
6002  3 2 1 1 6351 4861 4862 6388
6003  3 2 1 1 4945 6352 6389 4944
6004  3 2 1 1 6352 6353 6390 6389
6005  3 2 1 1 6353 6354 6391 6390
6006  3 2 1 1 6354 6355 6392 6391
6007  3 2 1 1 6355 6356 6393 6392
6008  3 2 1 1 6356 6357 6394 6393
6009  3 2 1 1 6357 6358 6395 6394
6010  3 2 1 1 6358 6359 6396 6395
6011  3 2 1 1 6359 6360 6397 6396
6012  3 2 1 1 6360 6361 6398 6397
6013  3 2 1 1 6361 6362 6399 6398
6014  3 2 1 1 6362 6363 6400 6399
6015  3 2 1 1 6363 6364 6401 6400
6016  3 2 1 1 6364 6365 6402 6401
6017  3 2 1 1 6365 6366 6403 6402
6018  3 2 1 1 6366 6367 6404 6403
6019  3 2 1 1 6367 6368 6405 6404
6020  3 2 1 1 6368 6369 6406 6405
6021  3 2 1 1 6369 6370 6407 6406
6022  3 2 1 1 6370 6371 6408 6407
6023  3 2 1 1 6371 6372 6409 6408
6024  3 2 1 1 6372 6373 6410 6409
6025  3 2 1 1 6373 6374 6411 6410
6026  3 2 1 1 6374 6375 6412 6411
6027  3 2 1 1 6375 6376 6413 6412
6028  3 2 1 1 6376 6377 6414 6413
6029  3 2 1 1 6377 6378 6415 6414
6030  3 2 1 1 6378 6379 6416 6415
6031  3 2 1 1 6379 6380 6417 6416
6032  3 2 1 1 6380 6381 6418 6417
6033  3 2 1 1 6381 6382 6419 6418
6034  3 2 1 1 6382 6383 6420 6419
6035  3 2 1 1 6383 6384 6421 6420
6036  3 2 1 1 6384 6385 6422 6421
6037  3 2 1 1 6385 6386 6423 6422
6038  3 2 1 1 6386 6387 6424 6423
6039  3 2 1 1 6387 6388 6425 6424
6040  3 2 1 1 6388 4862 4863 6425
6041  3 2 1 1 4944 6389 6426 4943
6042  3 2 1 1 6389 6390 6427 6426
6043  3 2 1 1 6390 6391 6428 6427
6044  3 2 1 1 6391 6392 6429 6428
6045  3 2 1 1 6392 6393 6430 6429
6046  3 2 1 1 6393 6394 6431 6430
6047  3 2 1 1 6394 6395 6432 6431
6048  3 2 1 1 6395 6396 6433 6432
6049  3 2 1 1 6396 6397 6434 6433
6050  3 2 1 1 6397 6398 6435 6434
6051  3 2 1 1 6398 6399 6436 6435
6052  3 2 1 1 6399 6400 6437 6436
6053  3 2 1 1 6400 6401 6438 6437
6054  3 2 1 1 6401 6402 6439 6438
6055  3 2 1 1 6402 6403 6440 6439
6056  3 2 1 1 6403 6404 6441 6440
6057  3 2 1 1 6404 6405 6442 6441
6058  3 2 1 1 6405 6406 6443 6442
6059  3 2 1 1 6406 6407 6444 6443
6060  3 2 1 1 6407 6408 6445 6444
6061  3 2 1 1 6408 6409 6446 6445
6062  3 2 1 1 6409 6410 6447 6446
6063  3 2 1 1 6410 6411 6448 6447
6064  3 2 1 1 6411 6412 6449 6448
6065  3 2 1 1 6412 6413 6450 6449
6066  3 2 1 1 6413 6414 6451 6450
6067  3 2 1 1 6414 6415 6452 6451
6068  3 2 1 1 6415 6416 6453 6452
6069  3 2 1 1 6416 6417 6454 6453
6070  3 2 1 1 6417 6418 6455 6454
6071  3 2 1 1 6418 6419 6456 6455
6072  3 2 1 1 6419 6420 6457 6456
6073  3 2 1 1 6420 6421 6458 6457
6074  3 2 1 1 6421 6422 6459 6458
6075  3 2 1 1 6422 6423 6460 6459
6076  3 2 1 1 6423 6424 6461 6460
6077  3 2 1 1 6424 6425 6462 6461
6078  3 2 1 1 6425 4863 4864 6462
6079  3 2 1 1 4943 6426 6463 4942
6080  3 2 1 1 6426 6427 6464 6463
6081  3 2 1 1 6427 6428 6465 6464
6082  3 2 1 1 6428 6429 6466 6465
6083  3 2 1 1 6429 6430 6467 6466
6084  3 2 1 1 6430 6431 6468 6467
6085  3 2 1 1 6431 6432 6469 6468
6086  3 2 1 1 6432 6433 6470 6469
6087  3 2 1 1 6433 6434 6471 6470
6088  3 2 1 1 6434 6435 6472 6471
6089  3 2 1 1 6435 6436 6473 6472
6090  3 2 1 1 6436 6437 6474 6473
6091  3 2 1 1 6437 6438 6475 6474
6092  3 2 1 1 6438 6439 6476 6475
6093  3 2 1 1 6439 6440 6477 6476
6094  3 2 1 1 6440 6441 6478 6477
6095  3 2 1 1 6441 6442 6479 6478
6096  3 2 1 1 6442 6443 6480 6479
6097  3 2 1 1 6443 6444 6481 6480
6098  3 2 1 1 6444 6445 6482 6481
6099  3 2 1 1 6445 6446 6483 6482
6100  3 2 1 1 6446 6447 6484 6483
6101  3 2 1 1 6447 6448 6485 6484
6102  3 2 1 1 6448 6449 6486 6485
6103  3 2 1 1 6449 6450 6487 6486
6104  3 2 1 1 6450 6451 6488 6487
6105  3 2 1 1 6451 6452 6489 6488
6106  3 2 1 1 6452 6453 6490 6489
6107  3 2 1 1 6453 6454 6491 6490
6108  3 2 1 1 6454 6455 6492 6491
6109  3 2 1 1 6455 6456 6493 6492
6110  3 2 1 1 6456 6457 6494 6493
6111  3 2 1 1 6457 6458 6495 6494
6112  3 2 1 1 6458 6459 6496 6495
6113  3 2 1 1 6459 6460 6497 6496
6114  3 2 1 1 6460 6461 6498 6497
6115  3 2 1 1 6461 6462 6499 6498
6116  3 2 1 1 6462 4864 4865 6499
6117  3 2 1 1 4942 6463 6500 4941
6118  3 2 1 1 6463 6464 6501 6500
6119  3 2 1 1 6464 6465 6502 6501
6120  3 2 1 1 6465 6466 6503 6502
6121  3 2 1 1 6466 6467 6504 6503
6122  3 2 1 1 6467 6468 6505 6504
6123  3 2 1 1 6468 6469 6506 6505
6124  3 2 1 1 6469 6470 6507 6506
6125  3 2 1 1 6470 6471 6508 6507
6126  3 2 1 1 6471 6472 6509 6508
6127  3 2 1 1 6472 6473 6510 6509
6128  3 2 1 1 6473 6474 6511 6510
6129  3 2 1 1 6474 6475 6512 6511
6130  3 2 1 1 6475 6476 6513 6512
6131  3 2 1 1 6476 6477 6514 6513
6132  3 2 1 1 6477 6478 6515 6514
6133  3 2 1 1 6478 6479 6516 6515
6134  3 2 1 1 6479 6480 6517 6516
6135  3 2 1 1 6480 6481 6518 6517
6136  3 2 1 1 6481 6482 6519 6518
6137  3 2 1 1 6482 6483 6520 6519
6138  3 2 1 1 6483 6484 6521 6520
6139  3 2 1 1 6484 6485 6522 6521
6140  3 2 1 1 6485 6486 6523 6522
6141  3 2 1 1 6486 6487 6524 6523
6142  3 2 1 1 6487 6488 6525 6524
6143  3 2 1 1 6488 6489 6526 6525
6144  3 2 1 1 6489 6490 6527 6526
6145  3 2 1 1 6490 6491 6528 6527
6146  3 2 1 1 6491 6492 6529 6528
6147  3 2 1 1 6492 6493 6530 6529
6148  3 2 1 1 6493 6494 6531 6530
6149  3 2 1 1 6494 6495 6532 6531
6150  3 2 1 1 6495 6496 6533 6532
6151  3 2 1 1 6496 6497 6534 6533
6152  3 2 1 1 6497 6498 6535 6534
6153  3 2 1 1 6498 6499 6536 6535
6154  3 2 1 1 6499 4865 4866 6536
6155  3 2 1 1 4941 6500 6537 4940
6156  3 2 1 1 6500 6501 6538 6537
6157  3 2 1 1 6501 6502 6539 6538
6158  3 2 1 1 6502 6503 6540 6539
6159  3 2 1 1 6503 6504 6541 6540
6160  3 2 1 1 6504 6505 6542 6541
6161  3 2 1 1 6505 6506 6543 6542
6162  3 2 1 1 6506 6507 6544 6543
6163  3 2 1 1 6507 6508 6545 6544
6164  3 2 1 1 6508 6509 6546 6545
6165  3 2 1 1 6509 6510 6547 6546
6166  3 2 1 1 6510 6511 6548 6547
6167  3 2 1 1 6511 6512 6549 6548
6168  3 2 1 1 6512 6513 6550 6549
6169  3 2 1 1 6513 6514 6551 6550
6170  3 2 1 1 6514 6515 6552 6551
6171  3 2 1 1 6515 6516 6553 6552
6172  3 2 1 1 6516 6517 6554 6553
6173  3 2 1 1 6517 6518 6555 6554
6174  3 2 1 1 6518 6519 6556 6555
6175  3 2 1 1 6519 6520 6557 6556
6176  3 2 1 1 6520 6521 6558 6557
6177  3 2 1 1 6521 6522 6559 6558
6178  3 2 1 1 6522 6523 6560 6559
6179  3 2 1 1 6523 6524 6561 6560
6180  3 2 1 1 6524 6525 6562 6561
6181  3 2 1 1 6525 6526 6563 6562
6182  3 2 1 1 6526 6527 6564 6563
6183  3 2 1 1 6527 6528 6565 6564
6184  3 2 1 1 6528 6529 6566 6565
6185  3 2 1 1 6529 6530 6567 6566
6186  3 2 1 1 6530 6531 6568 6567
6187  3 2 1 1 6531 6532 6569 6568
6188  3 2 1 1 6532 6533 6570 6569
6189  3 2 1 1 6533 6534 6571 6570
6190  3 2 1 1 6534 6535 6572 6571
6191  3 2 1 1 6535 6536 6573 6572
6192  3 2 1 1 6536 4866 4867 6573
6193  3 2 1 1 4940 6537 6574 4939
6194  3 2 1 1 6537 6538 6575 6574
6195  3 2 1 1 6538 6539 6576 6575
6196  3 2 1 1 6539 6540 6577 6576
6197  3 2 1 1 6540 6541 6578 6577
6198  3 2 1 1 6541 6542 6579 6578
6199  3 2 1 1 6542 6543 6580 6579
6200  3 2 1 1 6543 6544 6581 6580
6201  3 2 1 1 6544 6545 6582 6581
6202  3 2 1 1 6545 6546 6583 6582
6203  3 2 1 1 6546 6547 6584 6583
6204  3 2 1 1 6547 6548 6585 6584
6205  3 2 1 1 6548 6549 6586 6585
6206  3 2 1 1 6549 6550 6587 6586
6207  3 2 1 1 6550 6551 6588 6587
6208  3 2 1 1 6551 6552 6589 6588
6209  3 2 1 1 6552 6553 6590 6589
6210  3 2 1 1 6553 6554 6591 6590
6211  3 2 1 1 6554 6555 6592 6591
6212  3 2 1 1 6555 6556 6593 6592
6213  3 2 1 1 6556 6557 6594 6593
6214  3 2 1 1 6557 6558 6595 6594
6215  3 2 1 1 6558 6559 6596 6595
6216  3 2 1 1 6559 6560 6597 6596
6217  3 2 1 1 6560 6561 6598 6597
6218  3 2 1 1 6561 6562 6599 6598
6219  3 2 1 1 6562 6563 6600 6599
6220  3 2 1 1 6563 6564 6601 6600
6221  3 2 1 1 6564 6565 6602 6601
6222  3 2 1 1 6565 6566 6603 6602
6223  3 2 1 1 6566 6567 6604 6603
6224  3 2 1 1 6567 6568 6605 6604
6225  3 2 1 1 6568 6569 6606 6605
6226  3 2 1 1 6569 6570 6607 6606
6227  3 2 1 1 6570 6571 6608 6607
6228  3 2 1 1 6571 6572 6609 6608
6229  3 2 1 1 6572 6573 6610 6609
6230  3 2 1 1 6573 4867 4868 6610
6231  3 2 1 1 4939 6574 6611 4938
6232  3 2 1 1 6574 6575 6612 6611
6233  3 2 1 1 6575 6576 6613 6612
6234  3 2 1 1 6576 6577 6614 6613
6235  3 2 1 1 6577 6578 6615 6614
6236  3 2 1 1 6578 6579 6616 6615
6237  3 2 1 1 6579 6580 6617 6616
6238  3 2 1 1 6580 6581 6618 6617
6239  3 2 1 1 6581 6582 6619 6618
6240  3 2 1 1 6582 6583 6620 6619
6241  3 2 1 1 6583 6584 6621 6620
6242  3 2 1 1 6584 6585 6622 6621
6243  3 2 1 1 6585 6586 6623 6622
6244  3 2 1 1 6586 6587 6624 6623
6245  3 2 1 1 6587 6588 6625 6624
6246  3 2 1 1 6588 6589 6626 6625
6247  3 2 1 1 6589 6590 6627 6626
6248  3 2 1 1 6590 6591 6628 6627
6249  3 2 1 1 6591 6592 6629 6628
6250  3 2 1 1 6592 6593 6630 6629
6251  3 2 1 1 6593 6594 6631 6630
6252  3 2 1 1 6594 6595 6632 6631
6253  3 2 1 1 6595 6596 6633 6632
6254  3 2 1 1 6596 6597 6634 6633
6255  3 2 1 1 6597 6598 6635 6634
6256  3 2 1 1 6598 6599 6636 6635
6257  3 2 1 1 6599 6600 6637 6636
6258  3 2 1 1 6600 6601 6638 6637
6259  3 2 1 1 6601 6602 6639 6638
6260  3 2 1 1 6602 6603 6640 6639
6261  3 2 1 1 6603 6604 6641 6640
6262  3 2 1 1 6604 6605 6642 6641
6263  3 2 1 1 6605 6606 6643 6642
6264  3 2 1 1 6606 6607 6644 6643
6265  3 2 1 1 6607 6608 6645 6644
6266  3 2 1 1 6608 6609 6646 6645
6267  3 2 1 1 6609 6610 6647 6646
6268  3 2 1 1 6610 4868 4869 6647
6269  3 2 1 1 4938 6611 6648 4937
6270  3 2 1 1 6611 6612 6649 6648
6271  3 2 1 1 6612 6613 6650 6649
6272  3 2 1 1 6613 6614 6651 6650
6273  3 2 1 1 6614 6615 6652 6651
6274  3 2 1 1 6615 6616 6653 6652
6275  3 2 1 1 6616 6617 6654 6653
6276  3 2 1 1 6617 6618 6655 6654
6277  3 2 1 1 6618 6619 6656 6655
6278  3 2 1 1 6619 6620 6657 6656
6279  3 2 1 1 6620 6621 6658 6657
6280  3 2 1 1 6621 6622 6659 6658
6281  3 2 1 1 6622 6623 6660 6659
6282  3 2 1 1 6623 6624 6661 6660
6283  3 2 1 1 6624 6625 6662 6661
6284  3 2 1 1 6625 6626 6663 6662
6285  3 2 1 1 6626 6627 6664 6663
6286  3 2 1 1 6627 6628 6665 6664
6287  3 2 1 1 6628 6629 6666 6665
6288  3 2 1 1 6629 6630 6667 6666
6289  3 2 1 1 6630 6631 6668 6667
6290  3 2 1 1 6631 6632 6669 6668
6291  3 2 1 1 6632 6633 6670 6669
6292  3 2 1 1 6633 6634 6671 6670
6293  3 2 1 1 6634 6635 6672 6671
6294  3 2 1 1 6635 6636 6673 6672
6295  3 2 1 1 6636 6637 6674 6673
6296  3 2 1 1 6637 6638 6675 6674
6297  3 2 1 1 6638 6639 6676 6675
6298  3 2 1 1 6639 6640 6677 6676
6299  3 2 1 1 6640 6641 6678 6677
6300  3 2 1 1 6641 6642 6679 6678
6301  3 2 1 1 6642 6643 6680 6679
6302  3 2 1 1 6643 6644 6681 6680
6303  3 2 1 1 6644 6645 6682 6681
6304  3 2 1 1 6645 6646 6683 6682
6305  3 2 1 1 6646 6647 6684 6683
6306  3 2 1 1 6647 4869 4870 6684
6307  3 2 1 1 4937 6648 6685 4936
6308  3 2 1 1 6648 6649 6686 6685
6309  3 2 1 1 6649 6650 6687 6686
6310  3 2 1 1 6650 6651 6688 6687
6311  3 2 1 1 6651 6652 6689 6688
6312  3 2 1 1 6652 6653 6690 6689
6313  3 2 1 1 6653 6654 6691 6690
6314  3 2 1 1 6654 6655 6692 6691
6315  3 2 1 1 6655 6656 6693 6692
6316  3 2 1 1 6656 6657 6694 6693
6317  3 2 1 1 6657 6658 6695 6694
6318  3 2 1 1 6658 6659 6696 6695
6319  3 2 1 1 6659 6660 6697 6696
6320  3 2 1 1 6660 6661 6698 6697
6321  3 2 1 1 6661 6662 6699 6698
6322  3 2 1 1 6662 6663 6700 6699
6323  3 2 1 1 6663 6664 6701 6700
6324  3 2 1 1 6664 6665 6702 6701
6325  3 2 1 1 6665 6666 6703 6702
6326  3 2 1 1 6666 6667 6704 6703
6327  3 2 1 1 6667 6668 6705 6704
6328  3 2 1 1 6668 6669 6706 6705
6329  3 2 1 1 6669 6670 6707 6706
6330  3 2 1 1 6670 6671 6708 6707
6331  3 2 1 1 6671 6672 6709 6708
6332  3 2 1 1 6672 6673 6710 6709
6333  3 2 1 1 6673 6674 6711 6710
6334  3 2 1 1 6674 6675 6712 6711
6335  3 2 1 1 6675 6676 6713 6712
6336  3 2 1 1 6676 6677 6714 6713
6337  3 2 1 1 6677 6678 6715 6714
6338  3 2 1 1 6678 6679 6716 6715
6339  3 2 1 1 6679 6680 6717 6716
6340  3 2 1 1 6680 6681 6718 6717
6341  3 2 1 1 6681 6682 6719 6718
6342  3 2 1 1 6682 6683 6720 6719
6343  3 2 1 1 6683 6684 6721 6720
6344  3 2 1 1 6684 4870 4871 6721
6345  3 2 1 1 4936 6685 6722 4935
6346  3 2 1 1 6685 6686 6723 6722
6347  3 2 1 1 6686 6687 6724 6723
6348  3 2 1 1 6687 6688 6725 6724
6349  3 2 1 1 6688 6689 6726 6725
6350  3 2 1 1 6689 6690 6727 6726
6351  3 2 1 1 6690 6691 6728 6727
6352  3 2 1 1 6691 6692 6729 6728
6353  3 2 1 1 6692 6693 6730 6729
6354  3 2 1 1 6693 6694 6731 6730
6355  3 2 1 1 6694 6695 6732 6731
6356  3 2 1 1 6695 6696 6733 6732
6357  3 2 1 1 6696 6697 6734 6733
6358  3 2 1 1 6697 6698 6735 6734
6359  3 2 1 1 6698 6699 6736 6735
6360  3 2 1 1 6699 6700 6737 6736
6361  3 2 1 1 6700 6701 6738 6737
6362  3 2 1 1 6701 6702 6739 6738
6363  3 2 1 1 6702 6703 6740 6739
6364  3 2 1 1 6703 6704 6741 6740
6365  3 2 1 1 6704 6705 6742 6741
6366  3 2 1 1 6705 6706 6743 6742
6367  3 2 1 1 6706 6707 6744 6743
6368  3 2 1 1 6707 6708 6745 6744
6369  3 2 1 1 6708 6709 6746 6745
6370  3 2 1 1 6709 6710 6747 6746
6371  3 2 1 1 6710 6711 6748 6747
6372  3 2 1 1 6711 6712 6749 6748
6373  3 2 1 1 6712 6713 6750 6749
6374  3 2 1 1 6713 6714 6751 6750
6375  3 2 1 1 6714 6715 6752 6751
6376  3 2 1 1 6715 6716 6753 6752
6377  3 2 1 1 6716 6717 6754 6753
6378  3 2 1 1 6717 6718 6755 6754
6379  3 2 1 1 6718 6719 6756 6755
6380  3 2 1 1 6719 6720 6757 6756
6381  3 2 1 1 6720 6721 6758 6757
6382  3 2 1 1 6721 4871 4872 6758
6383  3 2 1 1 4935 6722 6759 4934
6384  3 2 1 1 6722 6723 6760 6759
6385  3 2 1 1 6723 6724 6761 6760
6386  3 2 1 1 6724 6725 6762 6761
6387  3 2 1 1 6725 6726 6763 6762
6388  3 2 1 1 6726 6727 6764 6763
6389  3 2 1 1 6727 6728 6765 6764
6390  3 2 1 1 6728 6729 6766 6765
6391  3 2 1 1 6729 6730 6767 6766
6392  3 2 1 1 6730 6731 6768 6767
6393  3 2 1 1 6731 6732 6769 6768
6394  3 2 1 1 6732 6733 6770 6769
6395  3 2 1 1 6733 6734 6771 6770
6396  3 2 1 1 6734 6735 6772 6771
6397  3 2 1 1 6735 6736 6773 6772
6398  3 2 1 1 6736 6737 6774 6773
6399  3 2 1 1 6737 6738 6775 6774
6400  3 2 1 1 6738 6739 6776 6775
6401  3 2 1 1 6739 6740 6777 6776
6402  3 2 1 1 6740 6741 6778 6777
6403  3 2 1 1 6741 6742 6779 6778
6404  3 2 1 1 6742 6743 6780 6779
6405  3 2 1 1 6743 6744 6781 6780
6406  3 2 1 1 6744 6745 6782 6781
6407  3 2 1 1 6745 6746 6783 6782
6408  3 2 1 1 6746 6747 6784 6783
6409  3 2 1 1 6747 6748 6785 6784
6410  3 2 1 1 6748 6749 6786 6785
6411  3 2 1 1 6749 6750 6787 6786
6412  3 2 1 1 6750 6751 6788 6787
6413  3 2 1 1 6751 6752 6789 6788
6414  3 2 1 1 6752 6753 6790 6789
6415  3 2 1 1 6753 6754 6791 6790
6416  3 2 1 1 6754 6755 6792 6791
6417  3 2 1 1 6755 6756 6793 6792
6418  3 2 1 1 6756 6757 6794 6793
6419  3 2 1 1 6757 6758 6795 6794
6420  3 2 1 1 6758 4872 4873 6795
6421  3 2 1 1 4934 6759 6796 4933
6422  3 2 1 1 6759 6760 6797 6796
6423  3 2 1 1 6760 6761 6798 6797
6424  3 2 1 1 6761 6762 6799 6798
6425  3 2 1 1 6762 6763 6800 6799
6426  3 2 1 1 6763 6764 6801 6800
6427  3 2 1 1 6764 6765 6802 6801
6428  3 2 1 1 6765 6766 6803 6802
6429  3 2 1 1 6766 6767 6804 6803
6430  3 2 1 1 6767 6768 6805 6804
6431  3 2 1 1 6768 6769 6806 6805
6432  3 2 1 1 6769 6770 6807 6806
6433  3 2 1 1 6770 6771 6808 6807
6434  3 2 1 1 6771 6772 6809 6808
6435  3 2 1 1 6772 6773 6810 6809
6436  3 2 1 1 6773 6774 6811 6810
6437  3 2 1 1 6774 6775 6812 6811
6438  3 2 1 1 6775 6776 6813 6812
6439  3 2 1 1 6776 6777 6814 6813
6440  3 2 1 1 6777 6778 6815 6814
6441  3 2 1 1 6778 6779 6816 6815
6442  3 2 1 1 6779 6780 6817 6816
6443  3 2 1 1 6780 6781 6818 6817
6444  3 2 1 1 6781 6782 6819 6818
6445  3 2 1 1 6782 6783 6820 6819
6446  3 2 1 1 6783 6784 6821 6820
6447  3 2 1 1 6784 6785 6822 6821
6448  3 2 1 1 6785 6786 6823 6822
6449  3 2 1 1 6786 6787 6824 6823
6450  3 2 1 1 6787 6788 6825 6824
6451  3 2 1 1 6788 6789 6826 6825
6452  3 2 1 1 6789 6790 6827 6826
6453  3 2 1 1 6790 6791 6828 6827
6454  3 2 1 1 6791 6792 6829 6828
6455  3 2 1 1 6792 6793 6830 6829
6456  3 2 1 1 6793 6794 6831 6830
6457  3 2 1 1 6794 6795 6832 6831
6458  3 2 1 1 6795 4873 4874 6832
6459  3 2 1 1 4933 6796 6833 4932
6460  3 2 1 1 6796 6797 6834 6833
6461  3 2 1 1 6797 6798 6835 6834
6462  3 2 1 1 6798 6799 6836 6835
6463  3 2 1 1 6799 6800 6837 6836
6464  3 2 1 1 6800 6801 6838 6837
6465  3 2 1 1 6801 6802 6839 6838
6466  3 2 1 1 6802 6803 6840 6839
6467  3 2 1 1 6803 6804 6841 6840
6468  3 2 1 1 6804 6805 6842 6841
6469  3 2 1 1 6805 6806 6843 6842
6470  3 2 1 1 6806 6807 6844 6843
6471  3 2 1 1 6807 6808 6845 6844
6472  3 2 1 1 6808 6809 6846 6845
6473  3 2 1 1 6809 6810 6847 6846
6474  3 2 1 1 6810 6811 6848 6847
6475  3 2 1 1 6811 6812 6849 6848
6476  3 2 1 1 6812 6813 6850 6849
6477  3 2 1 1 6813 6814 6851 6850
6478  3 2 1 1 6814 6815 6852 6851
6479  3 2 1 1 6815 6816 6853 6852
6480  3 2 1 1 6816 6817 6854 6853
6481  3 2 1 1 6817 6818 6855 6854
6482  3 2 1 1 6818 6819 6856 6855
6483  3 2 1 1 6819 6820 6857 6856
6484  3 2 1 1 6820 6821 6858 6857
6485  3 2 1 1 6821 6822 6859 6858
6486  3 2 1 1 6822 6823 6860 6859
6487  3 2 1 1 6823 6824 6861 6860
6488  3 2 1 1 6824 6825 6862 6861
6489  3 2 1 1 6825 6826 6863 6862
6490  3 2 1 1 6826 6827 6864 6863
6491  3 2 1 1 6827 6828 6865 6864
6492  3 2 1 1 6828 6829 6866 6865
6493  3 2 1 1 6829 6830 6867 6866
6494  3 2 1 1 6830 6831 6868 6867
6495  3 2 1 1 6831 6832 6869 6868
6496  3 2 1 1 6832 4874 4875 6869
6497  3 2 1 1 4932 6833 6870 4931
6498  3 2 1 1 6833 6834 6871 6870
6499  3 2 1 1 6834 6835 6872 6871
6500  3 2 1 1 6835 6836 6873 6872
6501  3 2 1 1 6836 6837 6874 6873
6502  3 2 1 1 6837 6838 6875 6874
6503  3 2 1 1 6838 6839 6876 6875
6504  3 2 1 1 6839 6840 6877 6876
6505  3 2 1 1 6840 6841 6878 6877
6506  3 2 1 1 6841 6842 6879 6878
6507  3 2 1 1 6842 6843 6880 6879
6508  3 2 1 1 6843 6844 6881 6880
6509  3 2 1 1 6844 6845 6882 6881
6510  3 2 1 1 6845 6846 6883 6882
6511  3 2 1 1 6846 6847 6884 6883
6512  3 2 1 1 6847 6848 6885 6884
6513  3 2 1 1 6848 6849 6886 6885
6514  3 2 1 1 6849 6850 6887 6886
6515  3 2 1 1 6850 6851 6888 6887
6516  3 2 1 1 6851 6852 6889 6888
6517  3 2 1 1 6852 6853 6890 6889
6518  3 2 1 1 6853 6854 6891 6890
6519  3 2 1 1 6854 6855 6892 6891
6520  3 2 1 1 6855 6856 6893 6892
6521  3 2 1 1 6856 6857 6894 6893
6522  3 2 1 1 6857 6858 6895 6894
6523  3 2 1 1 6858 6859 6896 6895
6524  3 2 1 1 6859 6860 6897 6896
6525  3 2 1 1 6860 6861 6898 6897
6526  3 2 1 1 6861 6862 6899 6898
6527  3 2 1 1 6862 6863 6900 6899
6528  3 2 1 1 6863 6864 6901 6900
6529  3 2 1 1 6864 6865 6902 6901
6530  3 2 1 1 6865 6866 6903 6902
6531  3 2 1 1 6866 6867 6904 6903
6532  3 2 1 1 6867 6868 6905 6904
6533  3 2 1 1 6868 6869 6906 6905
6534  3 2 1 1 6869 4875 4876 6906
6535  3 2 1 1 4931 6870 6907 4930
6536  3 2 1 1 6870 6871 6908 6907
6537  3 2 1 1 6871 6872 6909 6908
6538  3 2 1 1 6872 6873 6910 6909
6539  3 2 1 1 6873 6874 6911 6910
6540  3 2 1 1 6874 6875 6912 6911
6541  3 2 1 1 6875 6876 6913 6912
6542  3 2 1 1 6876 6877 6914 6913
6543  3 2 1 1 6877 6878 6915 6914
6544  3 2 1 1 6878 6879 6916 6915
6545  3 2 1 1 6879 6880 6917 6916
6546  3 2 1 1 6880 6881 6918 6917
6547  3 2 1 1 6881 6882 6919 6918
6548  3 2 1 1 6882 6883 6920 6919
6549  3 2 1 1 6883 6884 6921 6920
6550  3 2 1 1 6884 6885 6922 6921
6551  3 2 1 1 6885 6886 6923 6922
6552  3 2 1 1 6886 6887 6924 6923
6553  3 2 1 1 6887 6888 6925 6924
6554  3 2 1 1 6888 6889 6926 6925
6555  3 2 1 1 6889 6890 6927 6926
6556  3 2 1 1 6890 6891 6928 6927
6557  3 2 1 1 6891 6892 6929 6928
6558  3 2 1 1 6892 6893 6930 6929
6559  3 2 1 1 6893 6894 6931 6930
6560  3 2 1 1 6894 6895 6932 6931
6561  3 2 1 1 6895 6896 6933 6932
6562  3 2 1 1 6896 6897 6934 6933
6563  3 2 1 1 6897 6898 6935 6934
6564  3 2 1 1 6898 6899 6936 6935
6565  3 2 1 1 6899 6900 6937 6936
6566  3 2 1 1 6900 6901 6938 6937
6567  3 2 1 1 6901 6902 6939 6938
6568  3 2 1 1 6902 6903 6940 6939
6569  3 2 1 1 6903 6904 6941 6940
6570  3 2 1 1 6904 6905 6942 6941
6571  3 2 1 1 6905 6906 6943 6942
6572  3 2 1 1 6906 4876 4877 6943
6573  3 2 1 1 4930 6907 6944 4929
6574  3 2 1 1 6907 6908 6945 6944
6575  3 2 1 1 6908 6909 6946 6945
6576  3 2 1 1 6909 6910 6947 6946
6577  3 2 1 1 6910 6911 6948 6947
6578  3 2 1 1 6911 6912 6949 6948
6579  3 2 1 1 6912 6913 6950 6949
6580  3 2 1 1 6913 6914 6951 6950
6581  3 2 1 1 6914 6915 6952 6951
6582  3 2 1 1 6915 6916 6953 6952
6583  3 2 1 1 6916 6917 6954 6953
6584  3 2 1 1 6917 6918 6955 6954
6585  3 2 1 1 6918 6919 6956 6955
6586  3 2 1 1 6919 6920 6957 6956
6587  3 2 1 1 6920 6921 6958 6957
6588  3 2 1 1 6921 6922 6959 6958
6589  3 2 1 1 6922 6923 6960 6959
6590  3 2 1 1 6923 6924 6961 6960
6591  3 2 1 1 6924 6925 6962 6961
6592  3 2 1 1 6925 6926 6963 6962
6593  3 2 1 1 6926 6927 6964 6963
6594  3 2 1 1 6927 6928 6965 6964
6595  3 2 1 1 6928 6929 6966 6965
6596  3 2 1 1 6929 6930 6967 6966
6597  3 2 1 1 6930 6931 6968 6967
6598  3 2 1 1 6931 6932 6969 6968
6599  3 2 1 1 6932 6933 6970 6969
6600  3 2 1 1 6933 6934 6971 6970
6601  3 2 1 1 6934 6935 6972 6971
6602  3 2 1 1 6935 6936 6973 6972
6603  3 2 1 1 6936 6937 6974 6973
6604  3 2 1 1 6937 6938 6975 6974
6605  3 2 1 1 6938 6939 6976 6975
6606  3 2 1 1 6939 6940 6977 6976
6607  3 2 1 1 6940 6941 6978 6977
6608  3 2 1 1 6941 6942 6979 6978
6609  3 2 1 1 6942 6943 6980 6979
6610  3 2 1 1 6943 4877 4878 6980
6611  3 2 1 1 4929 6944 6981 4928
6612  3 2 1 1 6944 6945 6982 6981
6613  3 2 1 1 6945 6946 6983 6982
6614  3 2 1 1 6946 6947 6984 6983
6615  3 2 1 1 6947 6948 6985 6984
6616  3 2 1 1 6948 6949 6986 6985
6617  3 2 1 1 6949 6950 6987 6986
6618  3 2 1 1 6950 6951 6988 6987
6619  3 2 1 1 6951 6952 6989 6988
6620  3 2 1 1 6952 6953 6990 6989
6621  3 2 1 1 6953 6954 6991 6990
6622  3 2 1 1 6954 6955 6992 6991
6623  3 2 1 1 6955 6956 6993 6992
6624  3 2 1 1 6956 6957 6994 6993
6625  3 2 1 1 6957 6958 6995 6994
6626  3 2 1 1 6958 6959 6996 6995
6627  3 2 1 1 6959 6960 6997 6996
6628  3 2 1 1 6960 6961 6998 6997
6629  3 2 1 1 6961 6962 6999 6998
6630  3 2 1 1 6962 6963 7000 6999
6631  3 2 1 1 6963 6964 7001 7000
6632  3 2 1 1 6964 6965 7002 7001
6633  3 2 1 1 6965 6966 7003 7002
6634  3 2 1 1 6966 6967 7004 7003
6635  3 2 1 1 6967 6968 7005 7004
6636  3 2 1 1 6968 6969 7006 7005
6637  3 2 1 1 6969 6970 7007 7006
6638  3 2 1 1 6970 6971 7008 7007
6639  3 2 1 1 6971 6972 7009 7008
6640  3 2 1 1 6972 6973 7010 7009
6641  3 2 1 1 6973 6974 7011 7010
6642  3 2 1 1 6974 6975 7012 7011
6643  3 2 1 1 6975 6976 7013 7012
6644  3 2 1 1 6976 6977 7014 7013
6645  3 2 1 1 6977 6978 7015 7014
6646  3 2 1 1 6978 6979 7016 7015
6647  3 2 1 1 6979 6980 7017 7016
6648  3 2 1 1 6980 4878 4879 7017
6649  3 2 1 1 4928 6981 7018 4927
6650  3 2 1 1 6981 6982 7019 7018
6651  3 2 1 1 6982 6983 7020 7019
6652  3 2 1 1 6983 6984 7021 7020
6653  3 2 1 1 6984 6985 7022 7021
6654  3 2 1 1 6985 6986 7023 7022
6655  3 2 1 1 6986 6987 7024 7023
6656  3 2 1 1 6987 6988 7025 7024
6657  3 2 1 1 6988 6989 7026 7025
6658  3 2 1 1 6989 6990 7027 7026
6659  3 2 1 1 6990 6991 7028 7027
6660  3 2 1 1 6991 6992 7029 7028
6661  3 2 1 1 6992 6993 7030 7029
6662  3 2 1 1 6993 6994 7031 7030
6663  3 2 1 1 6994 6995 7032 7031
6664  3 2 1 1 6995 6996 7033 7032
6665  3 2 1 1 6996 6997 7034 7033
6666  3 2 1 1 6997 6998 7035 7034
6667  3 2 1 1 6998 6999 7036 7035
6668  3 2 1 1 6999 7000 7037 7036
6669  3 2 1 1 7000 7001 7038 7037
6670  3 2 1 1 7001 7002 7039 7038
6671  3 2 1 1 7002 7003 7040 7039
6672  3 2 1 1 7003 7004 7041 7040
6673  3 2 1 1 7004 7005 7042 7041
6674  3 2 1 1 7005 7006 7043 7042
6675  3 2 1 1 7006 7007 7044 7043
6676  3 2 1 1 7007 7008 7045 7044
6677  3 2 1 1 7008 7009 7046 7045
6678  3 2 1 1 7009 7010 7047 7046
6679  3 2 1 1 7010 7011 7048 7047
6680  3 2 1 1 7011 7012 7049 7048
6681  3 2 1 1 7012 7013 7050 7049
6682  3 2 1 1 7013 7014 7051 7050
6683  3 2 1 1 7014 7015 7052 7051
6684  3 2 1 1 7015 7016 7053 7052
6685  3 2 1 1 7016 7017 7054 7053
6686  3 2 1 1 7017 4879 4880 7054
6687  3 2 1 1 4927 7018 7055 4926
6688  3 2 1 1 7018 7019 7056 7055
6689  3 2 1 1 7019 7020 7057 7056
6690  3 2 1 1 7020 7021 7058 7057
6691  3 2 1 1 7021 7022 7059 7058
6692  3 2 1 1 7022 7023 7060 7059
6693  3 2 1 1 7023 7024 7061 7060
6694  3 2 1 1 7024 7025 7062 7061
6695  3 2 1 1 7025 7026 7063 7062
6696  3 2 1 1 7026 7027 7064 7063
6697  3 2 1 1 7027 7028 7065 7064
6698  3 2 1 1 7028 7029 7066 7065
6699  3 2 1 1 7029 7030 7067 7066
6700  3 2 1 1 7030 7031 7068 7067
6701  3 2 1 1 7031 7032 7069 7068
6702  3 2 1 1 7032 7033 7070 7069
6703  3 2 1 1 7033 7034 7071 7070
6704  3 2 1 1 7034 7035 7072 7071
6705  3 2 1 1 7035 7036 7073 7072
6706  3 2 1 1 7036 7037 7074 7073
6707  3 2 1 1 7037 7038 7075 7074
6708  3 2 1 1 7038 7039 7076 7075
6709  3 2 1 1 7039 7040 7077 7076
6710  3 2 1 1 7040 7041 7078 7077
6711  3 2 1 1 7041 7042 7079 7078
6712  3 2 1 1 7042 7043 7080 7079
6713  3 2 1 1 7043 7044 7081 7080
6714  3 2 1 1 7044 7045 7082 7081
6715  3 2 1 1 7045 7046 7083 7082
6716  3 2 1 1 7046 7047 7084 7083
6717  3 2 1 1 7047 7048 7085 7084
6718  3 2 1 1 7048 7049 7086 7085
6719  3 2 1 1 7049 7050 7087 7086
6720  3 2 1 1 7050 7051 7088 7087
6721  3 2 1 1 7051 7052 7089 7088
6722  3 2 1 1 7052 7053 7090 7089
6723  3 2 1 1 7053 7054 7091 7090
6724  3 2 1 1 7054 4880 4881 7091
6725  3 2 1 1 4926 7055 7092 4925
6726  3 2 1 1 7055 7056 7093 7092
6727  3 2 1 1 7056 7057 7094 7093
6728  3 2 1 1 7057 7058 7095 7094
6729  3 2 1 1 7058 7059 7096 7095
6730  3 2 1 1 7059 7060 7097 7096
6731  3 2 1 1 7060 7061 7098 7097
6732  3 2 1 1 7061 7062 7099 7098
6733  3 2 1 1 7062 7063 7100 7099
6734  3 2 1 1 7063 7064 7101 7100
6735  3 2 1 1 7064 7065 7102 7101
6736  3 2 1 1 7065 7066 7103 7102
6737  3 2 1 1 7066 7067 7104 7103
6738  3 2 1 1 7067 7068 7105 7104
6739  3 2 1 1 7068 7069 7106 7105
6740  3 2 1 1 7069 7070 7107 7106
6741  3 2 1 1 7070 7071 7108 7107
6742  3 2 1 1 7071 7072 7109 7108
6743  3 2 1 1 7072 7073 7110 7109
6744  3 2 1 1 7073 7074 7111 7110
6745  3 2 1 1 7074 7075 7112 7111
6746  3 2 1 1 7075 7076 7113 7112
6747  3 2 1 1 7076 7077 7114 7113
6748  3 2 1 1 7077 7078 7115 7114
6749  3 2 1 1 7078 7079 7116 7115
6750  3 2 1 1 7079 7080 7117 7116
6751  3 2 1 1 7080 7081 7118 7117
6752  3 2 1 1 7081 7082 7119 7118
6753  3 2 1 1 7082 7083 7120 7119
6754  3 2 1 1 7083 7084 7121 7120
6755  3 2 1 1 7084 7085 7122 7121
6756  3 2 1 1 7085 7086 7123 7122
6757  3 2 1 1 7086 7087 7124 7123
6758  3 2 1 1 7087 7088 7125 7124
6759  3 2 1 1 7088 7089 7126 7125
6760  3 2 1 1 7089 7090 7127 7126
6761  3 2 1 1 7090 7091 7128 7127
6762  3 2 1 1 7091 4881 4882 7128
6763  3 2 1 1 4925 7092 7129 4924
6764  3 2 1 1 7092 7093 7130 7129
6765  3 2 1 1 7093 7094 7131 7130
6766  3 2 1 1 7094 7095 7132 7131
6767  3 2 1 1 7095 7096 7133 7132
6768  3 2 1 1 7096 7097 7134 7133
6769  3 2 1 1 7097 7098 7135 7134
6770  3 2 1 1 7098 7099 7136 7135
6771  3 2 1 1 7099 7100 7137 7136
6772  3 2 1 1 7100 7101 7138 7137
6773  3 2 1 1 7101 7102 7139 7138
6774  3 2 1 1 7102 7103 7140 7139
6775  3 2 1 1 7103 7104 7141 7140
6776  3 2 1 1 7104 7105 7142 7141
6777  3 2 1 1 7105 7106 7143 7142
6778  3 2 1 1 7106 7107 7144 7143
6779  3 2 1 1 7107 7108 7145 7144
6780  3 2 1 1 7108 7109 7146 7145
6781  3 2 1 1 7109 7110 7147 7146
6782  3 2 1 1 7110 7111 7148 7147
6783  3 2 1 1 7111 7112 7149 7148
6784  3 2 1 1 7112 7113 7150 7149
6785  3 2 1 1 7113 7114 7151 7150
6786  3 2 1 1 7114 7115 7152 7151
6787  3 2 1 1 7115 7116 7153 7152
6788  3 2 1 1 7116 7117 7154 7153
6789  3 2 1 1 7117 7118 7155 7154
6790  3 2 1 1 7118 7119 7156 7155
6791  3 2 1 1 7119 7120 7157 7156
6792  3 2 1 1 7120 7121 7158 7157
6793  3 2 1 1 7121 7122 7159 7158
6794  3 2 1 1 7122 7123 7160 7159
6795  3 2 1 1 7123 7124 7161 7160
6796  3 2 1 1 7124 7125 7162 7161
6797  3 2 1 1 7125 7126 7163 7162
6798  3 2 1 1 7126 7127 7164 7163
6799  3 2 1 1 7127 7128 7165 7164
6800  3 2 1 1 7128 4882 4883 7165
6801  3 2 1 1 4924 7129 7166 4923
6802  3 2 1 1 7129 7130 7167 7166
6803  3 2 1 1 7130 7131 7168 7167
6804  3 2 1 1 7131 7132 7169 7168
6805  3 2 1 1 7132 7133 7170 7169
6806  3 2 1 1 7133 7134 7171 7170
6807  3 2 1 1 7134 7135 7172 7171
6808  3 2 1 1 7135 7136 7173 7172
6809  3 2 1 1 7136 7137 7174 7173
6810  3 2 1 1 7137 7138 7175 7174
6811  3 2 1 1 7138 7139 7176 7175
6812  3 2 1 1 7139 7140 7177 7176
6813  3 2 1 1 7140 7141 7178 7177
6814  3 2 1 1 7141 7142 7179 7178
6815  3 2 1 1 7142 7143 7180 7179
6816  3 2 1 1 7143 7144 7181 7180
6817  3 2 1 1 7144 7145 7182 7181
6818  3 2 1 1 7145 7146 7183 7182
6819  3 2 1 1 7146 7147 7184 7183
6820  3 2 1 1 7147 7148 7185 7184
6821  3 2 1 1 7148 7149 7186 7185
6822  3 2 1 1 7149 7150 7187 7186
6823  3 2 1 1 7150 7151 7188 7187
6824  3 2 1 1 7151 7152 7189 7188
6825  3 2 1 1 7152 7153 7190 7189
6826  3 2 1 1 7153 7154 7191 7190
6827  3 2 1 1 7154 7155 7192 7191
6828  3 2 1 1 7155 7156 7193 7192
6829  3 2 1 1 7156 7157 7194 7193
6830  3 2 1 1 7157 7158 7195 7194
6831  3 2 1 1 7158 7159 7196 7195
6832  3 2 1 1 7159 7160 7197 7196
6833  3 2 1 1 7160 7161 7198 7197
6834  3 2 1 1 7161 7162 7199 7198
6835  3 2 1 1 7162 7163 7200 7199
6836  3 2 1 1 7163 7164 7201 7200
6837  3 2 1 1 7164 7165 7202 7201
6838  3 2 1 1 7165 4883 4884 7202
6839  3 2 1 1 4923 7166 7203 4922
6840  3 2 1 1 7166 7167 7204 7203
6841  3 2 1 1 7167 7168 7205 7204
6842  3 2 1 1 7168 7169 7206 7205
6843  3 2 1 1 7169 7170 7207 7206
6844  3 2 1 1 7170 7171 7208 7207
6845  3 2 1 1 7171 7172 7209 7208
6846  3 2 1 1 7172 7173 7210 7209
6847  3 2 1 1 7173 7174 7211 7210
6848  3 2 1 1 7174 7175 7212 7211
6849  3 2 1 1 7175 7176 7213 7212
6850  3 2 1 1 7176 7177 7214 7213
6851  3 2 1 1 7177 7178 7215 7214
6852  3 2 1 1 7178 7179 7216 7215
6853  3 2 1 1 7179 7180 7217 7216
6854  3 2 1 1 7180 7181 7218 7217
6855  3 2 1 1 7181 7182 7219 7218
6856  3 2 1 1 7182 7183 7220 7219
6857  3 2 1 1 7183 7184 7221 7220
6858  3 2 1 1 7184 7185 7222 7221
6859  3 2 1 1 7185 7186 7223 7222
6860  3 2 1 1 7186 7187 7224 7223
6861  3 2 1 1 7187 7188 7225 7224
6862  3 2 1 1 7188 7189 7226 7225
6863  3 2 1 1 7189 7190 7227 7226
6864  3 2 1 1 7190 7191 7228 7227
6865  3 2 1 1 7191 7192 7229 7228
6866  3 2 1 1 7192 7193 7230 7229
6867  3 2 1 1 7193 7194 7231 7230
6868  3 2 1 1 7194 7195 7232 7231
6869  3 2 1 1 7195 7196 7233 7232
6870  3 2 1 1 7196 7197 7234 7233
6871  3 2 1 1 7197 7198 7235 7234
6872  3 2 1 1 7198 7199 7236 7235
6873  3 2 1 1 7199 7200 7237 7236
6874  3 2 1 1 7200 7201 7238 7237
6875  3 2 1 1 7201 7202 7239 7238
6876  3 2 1 1 7202 4884 4885 7239
6877  3 2 1 1 4922 7203 7240 4921
6878  3 2 1 1 7203 7204 7241 7240
6879  3 2 1 1 7204 7205 7242 7241
6880  3 2 1 1 7205 7206 7243 7242
6881  3 2 1 1 7206 7207 7244 7243
6882  3 2 1 1 7207 7208 7245 7244
6883  3 2 1 1 7208 7209 7246 7245
6884  3 2 1 1 7209 7210 7247 7246
6885  3 2 1 1 7210 7211 7248 7247
6886  3 2 1 1 7211 7212 7249 7248
6887  3 2 1 1 7212 7213 7250 7249
6888  3 2 1 1 7213 7214 7251 7250
6889  3 2 1 1 7214 7215 7252 7251
6890  3 2 1 1 7215 7216 7253 7252
6891  3 2 1 1 7216 7217 7254 7253
6892  3 2 1 1 7217 7218 7255 7254
6893  3 2 1 1 7218 7219 7256 7255
6894  3 2 1 1 7219 7220 7257 7256
6895  3 2 1 1 7220 7221 7258 7257
6896  3 2 1 1 7221 7222 7259 7258
6897  3 2 1 1 7222 7223 7260 7259
6898  3 2 1 1 7223 7224 7261 7260
6899  3 2 1 1 7224 7225 7262 7261
6900  3 2 1 1 7225 7226 7263 7262
6901  3 2 1 1 7226 7227 7264 7263
6902  3 2 1 1 7227 7228 7265 7264
6903  3 2 1 1 7228 7229 7266 7265
6904  3 2 1 1 7229 7230 7267 7266
6905  3 2 1 1 7230 7231 7268 7267
6906  3 2 1 1 7231 7232 7269 7268
6907  3 2 1 1 7232 7233 7270 7269
6908  3 2 1 1 7233 7234 7271 7270
6909  3 2 1 1 7234 7235 7272 7271
6910  3 2 1 1 7235 7236 7273 7272
6911  3 2 1 1 7236 7237 7274 7273
6912  3 2 1 1 7237 7238 7275 7274
6913  3 2 1 1 7238 7239 7276 7275
6914  3 2 1 1 7239 4885 4886 7276
6915  3 2 1 1 4921 7240 7277 4920
6916  3 2 1 1 7240 7241 7278 7277
6917  3 2 1 1 7241 7242 7279 7278
6918  3 2 1 1 7242 7243 7280 7279
6919  3 2 1 1 7243 7244 7281 7280
6920  3 2 1 1 7244 7245 7282 7281
6921  3 2 1 1 7245 7246 7283 7282
6922  3 2 1 1 7246 7247 7284 7283
6923  3 2 1 1 7247 7248 7285 7284
6924  3 2 1 1 7248 7249 7286 7285
6925  3 2 1 1 7249 7250 7287 7286
6926  3 2 1 1 7250 7251 7288 7287
6927  3 2 1 1 7251 7252 7289 7288
6928  3 2 1 1 7252 7253 7290 7289
6929  3 2 1 1 7253 7254 7291 7290
6930  3 2 1 1 7254 7255 7292 7291
6931  3 2 1 1 7255 7256 7293 7292
6932  3 2 1 1 7256 7257 7294 7293
6933  3 2 1 1 7257 7258 7295 7294
6934  3 2 1 1 7258 7259 7296 7295
6935  3 2 1 1 7259 7260 7297 7296
6936  3 2 1 1 7260 7261 7298 7297
6937  3 2 1 1 7261 7262 7299 7298
6938  3 2 1 1 7262 7263 7300 7299
6939  3 2 1 1 7263 7264 7301 7300
6940  3 2 1 1 7264 7265 7302 7301
6941  3 2 1 1 7265 7266 7303 7302
6942  3 2 1 1 7266 7267 7304 7303
6943  3 2 1 1 7267 7268 7305 7304
6944  3 2 1 1 7268 7269 7306 7305
6945  3 2 1 1 7269 7270 7307 7306
6946  3 2 1 1 7270 7271 7308 7307
6947  3 2 1 1 7271 7272 7309 7308
6948  3 2 1 1 7272 7273 7310 7309
6949  3 2 1 1 7273 7274 7311 7310
6950  3 2 1 1 7274 7275 7312 7311
6951  3 2 1 1 7275 7276 7313 7312
6952  3 2 1 1 7276 4886 4887 7313
6953  3 2 1 1 4920 7277 7314 4919
6954  3 2 1 1 7277 7278 7315 7314
6955  3 2 1 1 7278 7279 7316 7315
6956  3 2 1 1 7279 7280 7317 7316
6957  3 2 1 1 7280 7281 7318 7317
6958  3 2 1 1 7281 7282 7319 7318
6959  3 2 1 1 7282 7283 7320 7319
6960  3 2 1 1 7283 7284 7321 7320
6961  3 2 1 1 7284 7285 7322 7321
6962  3 2 1 1 7285 7286 7323 7322
6963  3 2 1 1 7286 7287 7324 7323
6964  3 2 1 1 7287 7288 7325 7324
6965  3 2 1 1 7288 7289 7326 7325
6966  3 2 1 1 7289 7290 7327 7326
6967  3 2 1 1 7290 7291 7328 7327
6968  3 2 1 1 7291 7292 7329 7328
6969  3 2 1 1 7292 7293 7330 7329
6970  3 2 1 1 7293 7294 7331 7330
6971  3 2 1 1 7294 7295 7332 7331
6972  3 2 1 1 7295 7296 7333 7332
6973  3 2 1 1 7296 7297 7334 7333
6974  3 2 1 1 7297 7298 7335 7334
6975  3 2 1 1 7298 7299 7336 7335
6976  3 2 1 1 7299 7300 7337 7336
6977  3 2 1 1 7300 7301 7338 7337
6978  3 2 1 1 7301 7302 7339 7338
6979  3 2 1 1 7302 7303 7340 7339
6980  3 2 1 1 7303 7304 7341 7340
6981  3 2 1 1 7304 7305 7342 7341
6982  3 2 1 1 7305 7306 7343 7342
6983  3 2 1 1 7306 7307 7344 7343
6984  3 2 1 1 7307 7308 7345 7344
6985  3 2 1 1 7308 7309 7346 7345
6986  3 2 1 1 7309 7310 7347 7346
6987  3 2 1 1 7310 7311 7348 7347
6988  3 2 1 1 7311 7312 7349 7348
6989  3 2 1 1 7312 7313 7350 7349
6990  3 2 1 1 7313 4887 4888 7350
6991  3 2 1 1 4919 7314 7351 4918
6992  3 2 1 1 7314 7315 7352 7351
6993  3 2 1 1 7315 7316 7353 7352
6994  3 2 1 1 7316 7317 7354 7353
6995  3 2 1 1 7317 7318 7355 7354
6996  3 2 1 1 7318 7319 7356 7355
6997  3 2 1 1 7319 7320 7357 7356
6998  3 2 1 1 7320 7321 7358 7357
6999  3 2 1 1 7321 7322 7359 7358
7000  3 2 1 1 7322 7323 7360 7359
7001  3 2 1 1 7323 7324 7361 7360
7002  3 2 1 1 7324 7325 7362 7361
7003  3 2 1 1 7325 7326 7363 7362
7004  3 2 1 1 7326 7327 7364 7363
7005  3 2 1 1 7327 7328 7365 7364
7006  3 2 1 1 7328 7329 7366 7365
7007  3 2 1 1 7329 7330 7367 7366
7008  3 2 1 1 7330 7331 7368 7367
7009  3 2 1 1 7331 7332 7369 7368
7010  3 2 1 1 7332 7333 7370 7369
7011  3 2 1 1 7333 7334 7371 7370
7012  3 2 1 1 7334 7335 7372 7371
7013  3 2 1 1 7335 7336 7373 7372
7014  3 2 1 1 7336 7337 7374 7373
7015  3 2 1 1 7337 7338 7375 7374
7016  3 2 1 1 7338 7339 7376 7375
7017  3 2 1 1 7339 7340 7377 7376
7018  3 2 1 1 7340 7341 7378 7377
7019  3 2 1 1 7341 7342 7379 7378
7020  3 2 1 1 7342 7343 7380 7379
7021  3 2 1 1 7343 7344 7381 7380
7022  3 2 1 1 7344 7345 7382 7381
7023  3 2 1 1 7345 7346 7383 7382
7024  3 2 1 1 7346 7347 7384 7383
7025  3 2 1 1 7347 7348 7385 7384
7026  3 2 1 1 7348 7349 7386 7385
7027  3 2 1 1 7349 7350 7387 7386
7028  3 2 1 1 7350 4888 4889 7387
7029  3 2 1 1 4918 7351 7388 4917
7030  3 2 1 1 7351 7352 7389 7388
7031  3 2 1 1 7352 7353 7390 7389
7032  3 2 1 1 7353 7354 7391 7390
7033  3 2 1 1 7354 7355 7392 7391
7034  3 2 1 1 7355 7356 7393 7392
7035  3 2 1 1 7356 7357 7394 7393
7036  3 2 1 1 7357 7358 7395 7394
7037  3 2 1 1 7358 7359 7396 7395
7038  3 2 1 1 7359 7360 7397 7396
7039  3 2 1 1 7360 7361 7398 7397
7040  3 2 1 1 7361 7362 7399 7398
7041  3 2 1 1 7362 7363 7400 7399
7042  3 2 1 1 7363 7364 7401 7400
7043  3 2 1 1 7364 7365 7402 7401
7044  3 2 1 1 7365 7366 7403 7402
7045  3 2 1 1 7366 7367 7404 7403
7046  3 2 1 1 7367 7368 7405 7404
7047  3 2 1 1 7368 7369 7406 7405
7048  3 2 1 1 7369 7370 7407 7406
7049  3 2 1 1 7370 7371 7408 7407
7050  3 2 1 1 7371 7372 7409 7408
7051  3 2 1 1 7372 7373 7410 7409
7052  3 2 1 1 7373 7374 7411 7410
7053  3 2 1 1 7374 7375 7412 7411
7054  3 2 1 1 7375 7376 7413 7412
7055  3 2 1 1 7376 7377 7414 7413
7056  3 2 1 1 7377 7378 7415 7414
7057  3 2 1 1 7378 7379 7416 7415
7058  3 2 1 1 7379 7380 7417 7416
7059  3 2 1 1 7380 7381 7418 7417
7060  3 2 1 1 7381 7382 7419 7418
7061  3 2 1 1 7382 7383 7420 7419
7062  3 2 1 1 7383 7384 7421 7420
7063  3 2 1 1 7384 7385 7422 7421
7064  3 2 1 1 7385 7386 7423 7422
7065  3 2 1 1 7386 7387 7424 7423
7066  3 2 1 1 7387 4889 4890 7424
7067  3 2 1 1 4917 7388 7425 4916
7068  3 2 1 1 7388 7389 7426 7425
7069  3 2 1 1 7389 7390 7427 7426
7070  3 2 1 1 7390 7391 7428 7427
7071  3 2 1 1 7391 7392 7429 7428
7072  3 2 1 1 7392 7393 7430 7429
7073  3 2 1 1 7393 7394 7431 7430
7074  3 2 1 1 7394 7395 7432 7431
7075  3 2 1 1 7395 7396 7433 7432
7076  3 2 1 1 7396 7397 7434 7433
7077  3 2 1 1 7397 7398 7435 7434
7078  3 2 1 1 7398 7399 7436 7435
7079  3 2 1 1 7399 7400 7437 7436
7080  3 2 1 1 7400 7401 7438 7437
7081  3 2 1 1 7401 7402 7439 7438
7082  3 2 1 1 7402 7403 7440 7439
7083  3 2 1 1 7403 7404 7441 7440
7084  3 2 1 1 7404 7405 7442 7441
7085  3 2 1 1 7405 7406 7443 7442
7086  3 2 1 1 7406 7407 7444 7443
7087  3 2 1 1 7407 7408 7445 7444
7088  3 2 1 1 7408 7409 7446 7445
7089  3 2 1 1 7409 7410 7447 7446
7090  3 2 1 1 7410 7411 7448 7447
7091  3 2 1 1 7411 7412 7449 7448
7092  3 2 1 1 7412 7413 7450 7449
7093  3 2 1 1 7413 7414 7451 7450
7094  3 2 1 1 7414 7415 7452 7451
7095  3 2 1 1 7415 7416 7453 7452
7096  3 2 1 1 7416 7417 7454 7453
7097  3 2 1 1 7417 7418 7455 7454
7098  3 2 1 1 7418 7419 7456 7455
7099  3 2 1 1 7419 7420 7457 7456
7100  3 2 1 1 7420 7421 7458 7457
7101  3 2 1 1 7421 7422 7459 7458
7102  3 2 1 1 7422 7423 7460 7459
7103  3 2 1 1 7423 7424 7461 7460
7104  3 2 1 1 7424 4890 4891 7461
7105  3 2 1 1 4916 7425 7462 4915
7106  3 2 1 1 7425 7426 7463 7462
7107  3 2 1 1 7426 7427 7464 7463
7108  3 2 1 1 7427 7428 7465 7464
7109  3 2 1 1 7428 7429 7466 7465
7110  3 2 1 1 7429 7430 7467 7466
7111  3 2 1 1 7430 7431 7468 7467
7112  3 2 1 1 7431 7432 7469 7468
7113  3 2 1 1 7432 7433 7470 7469
7114  3 2 1 1 7433 7434 7471 7470
7115  3 2 1 1 7434 7435 7472 7471
7116  3 2 1 1 7435 7436 7473 7472
7117  3 2 1 1 7436 7437 7474 7473
7118  3 2 1 1 7437 7438 7475 7474
7119  3 2 1 1 7438 7439 7476 7475
7120  3 2 1 1 7439 7440 7477 7476
7121  3 2 1 1 7440 7441 7478 7477
7122  3 2 1 1 7441 7442 7479 7478
7123  3 2 1 1 7442 7443 7480 7479
7124  3 2 1 1 7443 7444 7481 7480
7125  3 2 1 1 7444 7445 7482 7481
7126  3 2 1 1 7445 7446 7483 7482
7127  3 2 1 1 7446 7447 7484 7483
7128  3 2 1 1 7447 7448 7485 7484
7129  3 2 1 1 7448 7449 7486 7485
7130  3 2 1 1 7449 7450 7487 7486
7131  3 2 1 1 7450 7451 7488 7487
7132  3 2 1 1 7451 7452 7489 7488
7133  3 2 1 1 7452 7453 7490 7489
7134  3 2 1 1 7453 7454 7491 7490
7135  3 2 1 1 7454 7455 7492 7491
7136  3 2 1 1 7455 7456 7493 7492
7137  3 2 1 1 7456 7457 7494 7493
7138  3 2 1 1 7457 7458 7495 7494
7139  3 2 1 1 7458 7459 7496 7495
7140  3 2 1 1 7459 7460 7497 7496
7141  3 2 1 1 7460 7461 7498 7497
7142  3 2 1 1 7461 4891 4892 7498
7143  3 2 1 1 4915 7462 7499 4914
7144  3 2 1 1 7462 7463 7500 7499
7145  3 2 1 1 7463 7464 7501 7500
7146  3 2 1 1 7464 7465 7502 7501
7147  3 2 1 1 7465 7466 7503 7502
7148  3 2 1 1 7466 7467 7504 7503
7149  3 2 1 1 7467 7468 7505 7504
7150  3 2 1 1 7468 7469 7506 7505
7151  3 2 1 1 7469 7470 7507 7506
7152  3 2 1 1 7470 7471 7508 7507
7153  3 2 1 1 7471 7472 7509 7508
7154  3 2 1 1 7472 7473 7510 7509
7155  3 2 1 1 7473 7474 7511 7510
7156  3 2 1 1 7474 7475 7512 7511
7157  3 2 1 1 7475 7476 7513 7512
7158  3 2 1 1 7476 7477 7514 7513
7159  3 2 1 1 7477 7478 7515 7514
7160  3 2 1 1 7478 7479 7516 7515
7161  3 2 1 1 7479 7480 7517 7516
7162  3 2 1 1 7480 7481 7518 7517
7163  3 2 1 1 7481 7482 7519 7518
7164  3 2 1 1 7482 7483 7520 7519
7165  3 2 1 1 7483 7484 7521 7520
7166  3 2 1 1 7484 7485 7522 7521
7167  3 2 1 1 7485 7486 7523 7522
7168  3 2 1 1 7486 7487 7524 7523
7169  3 2 1 1 7487 7488 7525 7524
7170  3 2 1 1 7488 7489 7526 7525
7171  3 2 1 1 7489 7490 7527 7526
7172  3 2 1 1 7490 7491 7528 7527
7173  3 2 1 1 7491 7492 7529 7528
7174  3 2 1 1 7492 7493 7530 7529
7175  3 2 1 1 7493 7494 7531 7530
7176  3 2 1 1 7494 7495 7532 7531
7177  3 2 1 1 7495 7496 7533 7532
7178  3 2 1 1 7496 7497 7534 7533
7179  3 2 1 1 7497 7498 7535 7534
7180  3 2 1 1 7498 4892 4893 7535
7181  3 2 1 1 4914 7499 7536 4913
7182  3 2 1 1 7499 7500 7537 7536
7183  3 2 1 1 7500 7501 7538 7537
7184  3 2 1 1 7501 7502 7539 7538
7185  3 2 1 1 7502 7503 7540 7539
7186  3 2 1 1 7503 7504 7541 7540
7187  3 2 1 1 7504 7505 7542 7541
7188  3 2 1 1 7505 7506 7543 7542
7189  3 2 1 1 7506 7507 7544 7543
7190  3 2 1 1 7507 7508 7545 7544
7191  3 2 1 1 7508 7509 7546 7545
7192  3 2 1 1 7509 7510 7547 7546
7193  3 2 1 1 7510 7511 7548 7547
7194  3 2 1 1 7511 7512 7549 7548
7195  3 2 1 1 7512 7513 7550 7549
7196  3 2 1 1 7513 7514 7551 7550
7197  3 2 1 1 7514 7515 7552 7551
7198  3 2 1 1 7515 7516 7553 7552
7199  3 2 1 1 7516 7517 7554 7553
7200  3 2 1 1 7517 7518 7555 7554
7201  3 2 1 1 7518 7519 7556 7555
7202  3 2 1 1 7519 7520 7557 7556
7203  3 2 1 1 7520 7521 7558 7557
7204  3 2 1 1 7521 7522 7559 7558
7205  3 2 1 1 7522 7523 7560 7559
7206  3 2 1 1 7523 7524 7561 7560
7207  3 2 1 1 7524 7525 7562 7561
7208  3 2 1 1 7525 7526 7563 7562
7209  3 2 1 1 7526 7527 7564 7563
7210  3 2 1 1 7527 7528 7565 7564
7211  3 2 1 1 7528 7529 7566 7565
7212  3 2 1 1 7529 7530 7567 7566
7213  3 2 1 1 7530 7531 7568 7567
7214  3 2 1 1 7531 7532 7569 7568
7215  3 2 1 1 7532 7533 7570 7569
7216  3 2 1 1 7533 7534 7571 7570
7217  3 2 1 1 7534 7535 7572 7571
7218  3 2 1 1 7535 4893 4894 7572
7219  3 2 1 1 4913 7536 7573 4912
7220  3 2 1 1 7536 7537 7574 7573
7221  3 2 1 1 7537 7538 7575 7574
7222  3 2 1 1 7538 7539 7576 7575
7223  3 2 1 1 7539 7540 7577 7576
7224  3 2 1 1 7540 7541 7578 7577
7225  3 2 1 1 7541 7542 7579 7578
7226  3 2 1 1 7542 7543 7580 7579
7227  3 2 1 1 7543 7544 7581 7580
7228  3 2 1 1 7544 7545 7582 7581
7229  3 2 1 1 7545 7546 7583 7582
7230  3 2 1 1 7546 7547 7584 7583
7231  3 2 1 1 7547 7548 7585 7584
7232  3 2 1 1 7548 7549 7586 7585
7233  3 2 1 1 7549 7550 7587 7586
7234  3 2 1 1 7550 7551 7588 7587
7235  3 2 1 1 7551 7552 7589 7588
7236  3 2 1 1 7552 7553 7590 7589
7237  3 2 1 1 7553 7554 7591 7590
7238  3 2 1 1 7554 7555 7592 7591
7239  3 2 1 1 7555 7556 7593 7592
7240  3 2 1 1 7556 7557 7594 7593
7241  3 2 1 1 7557 7558 7595 7594
7242  3 2 1 1 7558 7559 7596 7595
7243  3 2 1 1 7559 7560 7597 7596
7244  3 2 1 1 7560 7561 7598 7597
7245  3 2 1 1 7561 7562 7599 7598
7246  3 2 1 1 7562 7563 7600 7599
7247  3 2 1 1 7563 7564 7601 7600
7248  3 2 1 1 7564 7565 7602 7601
7249  3 2 1 1 7565 7566 7603 7602
7250  3 2 1 1 7566 7567 7604 7603
7251  3 2 1 1 7567 7568 7605 7604
7252  3 2 1 1 7568 7569 7606 7605
7253  3 2 1 1 7569 7570 7607 7606
7254  3 2 1 1 7570 7571 7608 7607
7255  3 2 1 1 7571 7572 7609 7608
7256  3 2 1 1 7572 4894 4895 7609
7257  3 2 1 1 4912 7573 7610 4911
7258  3 2 1 1 7573 7574 7611 7610
7259  3 2 1 1 7574 7575 7612 7611
7260  3 2 1 1 7575 7576 7613 7612
7261  3 2 1 1 7576 7577 7614 7613
7262  3 2 1 1 7577 7578 7615 7614
7263  3 2 1 1 7578 7579 7616 7615
7264  3 2 1 1 7579 7580 7617 7616
7265  3 2 1 1 7580 7581 7618 7617
7266  3 2 1 1 7581 7582 7619 7618
7267  3 2 1 1 7582 7583 7620 7619
7268  3 2 1 1 7583 7584 7621 7620
7269  3 2 1 1 7584 7585 7622 7621
7270  3 2 1 1 7585 7586 7623 7622
7271  3 2 1 1 7586 7587 7624 7623
7272  3 2 1 1 7587 7588 7625 7624
7273  3 2 1 1 7588 7589 7626 7625
7274  3 2 1 1 7589 7590 7627 7626
7275  3 2 1 1 7590 7591 7628 7627
7276  3 2 1 1 7591 7592 7629 7628
7277  3 2 1 1 7592 7593 7630 7629
7278  3 2 1 1 7593 7594 7631 7630
7279  3 2 1 1 7594 7595 7632 7631
7280  3 2 1 1 7595 7596 7633 7632
7281  3 2 1 1 7596 7597 7634 7633
7282  3 2 1 1 7597 7598 7635 7634
7283  3 2 1 1 7598 7599 7636 7635
7284  3 2 1 1 7599 7600 7637 7636
7285  3 2 1 1 7600 7601 7638 7637
7286  3 2 1 1 7601 7602 7639 7638
7287  3 2 1 1 7602 7603 7640 7639
7288  3 2 1 1 7603 7604 7641 7640
7289  3 2 1 1 7604 7605 7642 7641
7290  3 2 1 1 7605 7606 7643 7642
7291  3 2 1 1 7606 7607 7644 7643
7292  3 2 1 1 7607 7608 7645 7644
7293  3 2 1 1 7608 7609 7646 7645
7294  3 2 1 1 7609 4895 4896 7646
7295  3 2 1 1 4911 7610 7647 4910
7296  3 2 1 1 7610 7611 7648 7647
7297  3 2 1 1 7611 7612 7649 7648
7298  3 2 1 1 7612 7613 7650 7649
7299  3 2 1 1 7613 7614 7651 7650
7300  3 2 1 1 7614 7615 7652 7651
7301  3 2 1 1 7615 7616 7653 7652
7302  3 2 1 1 7616 7617 7654 7653
7303  3 2 1 1 7617 7618 7655 7654
7304  3 2 1 1 7618 7619 7656 7655
7305  3 2 1 1 7619 7620 7657 7656
7306  3 2 1 1 7620 7621 7658 7657
7307  3 2 1 1 7621 7622 7659 7658
7308  3 2 1 1 7622 7623 7660 7659
7309  3 2 1 1 7623 7624 7661 7660
7310  3 2 1 1 7624 7625 7662 7661
7311  3 2 1 1 7625 7626 7663 7662
7312  3 2 1 1 7626 7627 7664 7663
7313  3 2 1 1 7627 7628 7665 7664
7314  3 2 1 1 7628 7629 7666 7665
7315  3 2 1 1 7629 7630 7667 7666
7316  3 2 1 1 7630 7631 7668 7667
7317  3 2 1 1 7631 7632 7669 7668
7318  3 2 1 1 7632 7633 7670 7669
7319  3 2 1 1 7633 7634 7671 7670
7320  3 2 1 1 7634 7635 7672 7671
7321  3 2 1 1 7635 7636 7673 7672
7322  3 2 1 1 7636 7637 7674 7673
7323  3 2 1 1 7637 7638 7675 7674
7324  3 2 1 1 7638 7639 7676 7675
7325  3 2 1 1 7639 7640 7677 7676
7326  3 2 1 1 7640 7641 7678 7677
7327  3 2 1 1 7641 7642 7679 7678
7328  3 2 1 1 7642 7643 7680 7679
7329  3 2 1 1 7643 7644 7681 7680
7330  3 2 1 1 7644 7645 7682 7681
7331  3 2 1 1 7645 7646 7683 7682
7332  3 2 1 1 7646 4896 4897 7683
7333  3 2 1 1 4910 7647 7684 4909
7334  3 2 1 1 7647 7648 7685 7684
7335  3 2 1 1 7648 7649 7686 7685
7336  3 2 1 1 7649 7650 7687 7686
7337  3 2 1 1 7650 7651 7688 7687
7338  3 2 1 1 7651 7652 7689 7688
7339  3 2 1 1 7652 7653 7690 7689
7340  3 2 1 1 7653 7654 7691 7690
7341  3 2 1 1 7654 7655 7692 7691
7342  3 2 1 1 7655 7656 7693 7692
7343  3 2 1 1 7656 7657 7694 7693
7344  3 2 1 1 7657 7658 7695 7694
7345  3 2 1 1 7658 7659 7696 7695
7346  3 2 1 1 7659 7660 7697 7696
7347  3 2 1 1 7660 7661 7698 7697
7348  3 2 1 1 7661 7662 7699 7698
7349  3 2 1 1 7662 7663 7700 7699
7350  3 2 1 1 7663 7664 7701 7700
7351  3 2 1 1 7664 7665 7702 7701
7352  3 2 1 1 7665 7666 7703 7702
7353  3 2 1 1 7666 7667 7704 7703
7354  3 2 1 1 7667 7668 7705 7704
7355  3 2 1 1 7668 7669 7706 7705
7356  3 2 1 1 7669 7670 7707 7706
7357  3 2 1 1 7670 7671 7708 7707
7358  3 2 1 1 7671 7672 7709 7708
7359  3 2 1 1 7672 7673 7710 7709
7360  3 2 1 1 7673 7674 7711 7710
7361  3 2 1 1 7674 7675 7712 7711
7362  3 2 1 1 7675 7676 7713 7712
7363  3 2 1 1 7676 7677 7714 7713
7364  3 2 1 1 7677 7678 7715 7714
7365  3 2 1 1 7678 7679 7716 7715
7366  3 2 1 1 7679 7680 7717 7716
7367  3 2 1 1 7680 7681 7718 7717
7368  3 2 1 1 7681 7682 7719 7718
7369  3 2 1 1 7682 7683 7720 7719
7370  3 2 1 1 7683 4897 4898 7720
7371  3 2 1 1 4909 7684 7721 4908
7372  3 2 1 1 7684 7685 7722 7721
7373  3 2 1 1 7685 7686 7723 7722
7374  3 2 1 1 7686 7687 7724 7723
7375  3 2 1 1 7687 7688 7725 7724
7376  3 2 1 1 7688 7689 7726 7725
7377  3 2 1 1 7689 7690 7727 7726
7378  3 2 1 1 7690 7691 7728 7727
7379  3 2 1 1 7691 7692 7729 7728
7380  3 2 1 1 7692 7693 7730 7729
7381  3 2 1 1 7693 7694 7731 7730
7382  3 2 1 1 7694 7695 7732 7731
7383  3 2 1 1 7695 7696 7733 7732
7384  3 2 1 1 7696 7697 7734 7733
7385  3 2 1 1 7697 7698 7735 7734
7386  3 2 1 1 7698 7699 7736 7735
7387  3 2 1 1 7699 7700 7737 7736
7388  3 2 1 1 7700 7701 7738 7737
7389  3 2 1 1 7701 7702 7739 7738
7390  3 2 1 1 7702 7703 7740 7739
7391  3 2 1 1 7703 7704 7741 7740
7392  3 2 1 1 7704 7705 7742 7741
7393  3 2 1 1 7705 7706 7743 7742
7394  3 2 1 1 7706 7707 7744 7743
7395  3 2 1 1 7707 7708 7745 7744
7396  3 2 1 1 7708 7709 7746 7745
7397  3 2 1 1 7709 7710 7747 7746
7398  3 2 1 1 7710 7711 7748 7747
7399  3 2 1 1 7711 7712 7749 7748
7400  3 2 1 1 7712 7713 7750 7749
7401  3 2 1 1 7713 7714 7751 7750
7402  3 2 1 1 7714 7715 7752 7751
7403  3 2 1 1 7715 7716 7753 7752
7404  3 2 1 1 7716 7717 7754 7753
7405  3 2 1 1 7717 7718 7755 7754
7406  3 2 1 1 7718 7719 7756 7755
7407  3 2 1 1 7719 7720 7757 7756
7408  3 2 1 1 7720 4898 4899 7757
7409  3 2 1 1 4908 7721 7758 4907
7410  3 2 1 1 7721 7722 7759 7758
7411  3 2 1 1 7722 7723 7760 7759
7412  3 2 1 1 7723 7724 7761 7760
7413  3 2 1 1 7724 7725 7762 7761
7414  3 2 1 1 7725 7726 7763 7762
7415  3 2 1 1 7726 7727 7764 7763
7416  3 2 1 1 7727 7728 7765 7764
7417  3 2 1 1 7728 7729 7766 7765
7418  3 2 1 1 7729 7730 7767 7766
7419  3 2 1 1 7730 7731 7768 7767
7420  3 2 1 1 7731 7732 7769 7768
7421  3 2 1 1 7732 7733 7770 7769
7422  3 2 1 1 7733 7734 7771 7770
7423  3 2 1 1 7734 7735 7772 7771
7424  3 2 1 1 7735 7736 7773 7772
7425  3 2 1 1 7736 7737 7774 7773
7426  3 2 1 1 7737 7738 7775 7774
7427  3 2 1 1 7738 7739 7776 7775
7428  3 2 1 1 7739 7740 7777 7776
7429  3 2 1 1 7740 7741 7778 7777
7430  3 2 1 1 7741 7742 7779 7778
7431  3 2 1 1 7742 7743 7780 7779
7432  3 2 1 1 7743 7744 7781 7780
7433  3 2 1 1 7744 7745 7782 7781
7434  3 2 1 1 7745 7746 7783 7782
7435  3 2 1 1 7746 7747 7784 7783
7436  3 2 1 1 7747 7748 7785 7784
7437  3 2 1 1 7748 7749 7786 7785
7438  3 2 1 1 7749 7750 7787 7786
7439  3 2 1 1 7750 7751 7788 7787
7440  3 2 1 1 7751 7752 7789 7788
7441  3 2 1 1 7752 7753 7790 7789
7442  3 2 1 1 7753 7754 7791 7790
7443  3 2 1 1 7754 7755 7792 7791
7444  3 2 1 1 7755 7756 7793 7792
7445  3 2 1 1 7756 7757 7794 7793
7446  3 2 1 1 7757 4899 4900 7794
7447  3 2 1 1 4907 7758 7795 4906
7448  3 2 1 1 7758 7759 7796 7795
7449  3 2 1 1 7759 7760 7797 7796
7450  3 2 1 1 7760 7761 7798 7797
7451  3 2 1 1 7761 7762 7799 7798
7452  3 2 1 1 7762 7763 7800 7799
7453  3 2 1 1 7763 7764 7801 7800
7454  3 2 1 1 7764 7765 7802 7801
7455  3 2 1 1 7765 7766 7803 7802
7456  3 2 1 1 7766 7767 7804 7803
7457  3 2 1 1 7767 7768 7805 7804
7458  3 2 1 1 7768 7769 7806 7805
7459  3 2 1 1 7769 7770 7807 7806
7460  3 2 1 1 7770 7771 7808 7807
7461  3 2 1 1 7771 7772 7809 7808
7462  3 2 1 1 7772 7773 7810 7809
7463  3 2 1 1 7773 7774 7811 7810
7464  3 2 1 1 7774 7775 7812 7811
7465  3 2 1 1 7775 7776 7813 7812
7466  3 2 1 1 7776 7777 7814 7813
7467  3 2 1 1 7777 7778 7815 7814
7468  3 2 1 1 7778 7779 7816 7815
7469  3 2 1 1 7779 7780 7817 7816
7470  3 2 1 1 7780 7781 7818 7817
7471  3 2 1 1 7781 7782 7819 7818
7472  3 2 1 1 7782 7783 7820 7819
7473  3 2 1 1 7783 7784 7821 7820
7474  3 2 1 1 7784 7785 7822 7821
7475  3 2 1 1 7785 7786 7823 7822
7476  3 2 1 1 7786 7787 7824 7823
7477  3 2 1 1 7787 7788 7825 7824
7478  3 2 1 1 7788 7789 7826 7825
7479  3 2 1 1 7789 7790 7827 7826
7480  3 2 1 1 7790 7791 7828 7827
7481  3 2 1 1 7791 7792 7829 7828
7482  3 2 1 1 7792 7793 7830 7829
7483  3 2 1 1 7793 7794 7831 7830
7484  3 2 1 1 7794 4900 4901 7831
7485  3 2 1 1 4906 7795 7832 4905
7486  3 2 1 1 7795 7796 7833 7832
7487  3 2 1 1 7796 7797 7834 7833
7488  3 2 1 1 7797 7798 7835 7834
7489  3 2 1 1 7798 7799 7836 7835
7490  3 2 1 1 7799 7800 7837 7836
7491  3 2 1 1 7800 7801 7838 7837
7492  3 2 1 1 7801 7802 7839 7838
7493  3 2 1 1 7802 7803 7840 7839
7494  3 2 1 1 7803 7804 7841 7840
7495  3 2 1 1 7804 7805 7842 7841
7496  3 2 1 1 7805 7806 7843 7842
7497  3 2 1 1 7806 7807 7844 7843
7498  3 2 1 1 7807 7808 7845 7844
7499  3 2 1 1 7808 7809 7846 7845
7500  3 2 1 1 7809 7810 7847 7846
7501  3 2 1 1 7810 7811 7848 7847
7502  3 2 1 1 7811 7812 7849 7848
7503  3 2 1 1 7812 7813 7850 7849
7504  3 2 1 1 7813 7814 7851 7850
7505  3 2 1 1 7814 7815 7852 7851
7506  3 2 1 1 7815 7816 7853 7852
7507  3 2 1 1 7816 7817 7854 7853
7508  3 2 1 1 7817 7818 7855 7854
7509  3 2 1 1 7818 7819 7856 7855
7510  3 2 1 1 7819 7820 7857 7856
7511  3 2 1 1 7820 7821 7858 7857
7512  3 2 1 1 7821 7822 7859 7858
7513  3 2 1 1 7822 7823 7860 7859
7514  3 2 1 1 7823 7824 7861 7860
7515  3 2 1 1 7824 7825 7862 7861
7516  3 2 1 1 7825 7826 7863 7862
7517  3 2 1 1 7826 7827 7864 7863
7518  3 2 1 1 7827 7828 7865 7864
7519  3 2 1 1 7828 7829 7866 7865
7520  3 2 1 1 7829 7830 7867 7866
7521  3 2 1 1 7830 7831 7868 7867
7522  3 2 1 1 7831 4901 4902 7868
7523  3 2 1 1 4905 7832 7869 4904
7524  3 2 1 1 7832 7833 7870 7869
7525  3 2 1 1 7833 7834 7871 7870
7526  3 2 1 1 7834 7835 7872 7871
7527  3 2 1 1 7835 7836 7873 7872
7528  3 2 1 1 7836 7837 7874 7873
7529  3 2 1 1 7837 7838 7875 7874
7530  3 2 1 1 7838 7839 7876 7875
7531  3 2 1 1 7839 7840 7877 7876
7532  3 2 1 1 7840 7841 7878 7877
7533  3 2 1 1 7841 7842 7879 7878
7534  3 2 1 1 7842 7843 7880 7879
7535  3 2 1 1 7843 7844 7881 7880
7536  3 2 1 1 7844 7845 7882 7881
7537  3 2 1 1 7845 7846 7883 7882
7538  3 2 1 1 7846 7847 7884 7883
7539  3 2 1 1 7847 7848 7885 7884
7540  3 2 1 1 7848 7849 7886 7885
7541  3 2 1 1 7849 7850 7887 7886
7542  3 2 1 1 7850 7851 7888 7887
7543  3 2 1 1 7851 7852 7889 7888
7544  3 2 1 1 7852 7853 7890 7889
7545  3 2 1 1 7853 7854 7891 7890
7546  3 2 1 1 7854 7855 7892 7891
7547  3 2 1 1 7855 7856 7893 7892
7548  3 2 1 1 7856 7857 7894 7893
7549  3 2 1 1 7857 7858 7895 7894
7550  3 2 1 1 7858 7859 7896 7895
7551  3 2 1 1 7859 7860 7897 7896
7552  3 2 1 1 7860 7861 7898 7897
7553  3 2 1 1 7861 7862 7899 7898
7554  3 2 1 1 7862 7863 7900 7899
7555  3 2 1 1 7863 7864 7901 7900
7556  3 2 1 1 7864 7865 7902 7901
7557  3 2 1 1 7865 7866 7903 7902
7558  3 2 1 1 7866 7867 7904 7903
7559  3 2 1 1 7867 7868 7905 7904
7560  3 2 1 1 7868 4902 4903 7905
7561  3 2 1 1 4904 7869  250   11
7562  3 2 1 1 7869 7870  249  250
7563  3 2 1 1 7870 7871  248  249
7564  3 2 1 1 7871 7872  247  248
7565  3 2 1 1 7872 7873  246  247
7566  3 2 1 1 7873 7874  245  246
7567  3 2 1 1 7874 7875  244  245
7568  3 2 1 1 7875 7876  243  244
7569  3 2 1 1 7876 7877  242  243
7570  3 2 1 1 7877 7878  241  242
7571  3 2 1 1 7878 7879  240  241
7572  3 2 1 1 7879 7880   10  240
7573  3 2 1 1 7880 7881  371   10
7574  3 2 1 1 7881 7882  372  371
7575  3 2 1 1 7882 7883  373  372
7576  3 2 1 1 7883 7884  374  373
7577  3 2 1 1 7884 7885  375  374
7578  3 2 1 1 7885 7886  376  375
7579  3 2 1 1 7886 7887  377  376
7580  3 2 1 1 7887 7888  378  377
7581  3 2 1 1 7888 7889  379  378
7582  3 2 1 1 7889 7890  380  379
7583  3 2 1 1 7890 7891  381  380
7584  3 2 1 1 7891 7892  382  381
7585  3 2 1 1 7892 7893  383  382
7586  3 2 1 1 7893 7894  384  383
7587  3 2 1 1 7894 7895  385  384
7588  3 2 1 1 7895 7896  386  385
7589  3 2 1 1 7896 7897  387  386
7590  3 2 1 1 7897 7898  388  387
7591  3 2 1 1 7898 7899  389  388
7592  3 2 1 1 7899 7900  390  389
7593  3 2 1 1 7900 7901  391  390
7594  3 2 1 1 7901 7902  392  391
7595  3 2 1 1 7902 7903  393  392
7596  3 2 1 1 7903 7904  394  393
7597  3 2 1 1 7904 7905  395  394
7598  3 2 1 1 7905 4903   12  395
7599  1 2 2 2   12  251
7600  1 2 2 2  251  252
7601  1 2 2 2  252  253
7602  1 2 2 2  253  254
7603  1 2 2 2  254  255
7604  1 2 2 2  255  256
7605  1 2 2 2  256  257
7606  1 2 2 2  257  258
7607  1 2 2 2  258  259
7608  1 2 2 2  259  260
7609  1 2 2 2  260  261
7610  1 2 2 2  261  262
7611  1 2 2 2  262  263
7612  1 2 2 2  263  264
7613  1 2 2 2  264  265
7614  1 2 2 2  265  266
7615  1 2 2 2  266  267
7616  1 2 2 2  267  268
7617  1 2 2 2  268  269
7618  1 2 2 2  269  270
7619  1 2 2 2  270  271
7620  1 2 2 2  271  272
7621  1 2 2 2  272  273
7622  1 2 2 2  273  274
7623  1 2 2 2  274  275
7624  1 2 2 2  275  276
7625  1 2 2 2  276  277
7626  1 2 2 2  277  278
7627  1 2 2 2  278  279
7628  1 2 2 2  279  280
7629  1 2 2 2  280  281
7630  1 2 2 2  281  282
7631  1 2 2 2  282  283
7632  1 2 2 2  283  284
7633  1 2 2 2  284  285
7634  1 2 2 2  285  286
7635  1 2 2 2  286  287
7636  1 2 2 2  287  288
7637  1 2 2 2  288  289
7638  1 2 2 2  289  290
7639  1 2 2 2  290  291
7640  1 2 2 2  291  292
7641  1 2 2 2  292  293
7642  1 2 2 2  293  294
7643  1 2 2 2  294  295
7644  1 2 2 2  295  296
7645  1 2 2 2  296  297
7646  1 2 2 2  297  298
7647  1 2 2 2  298  299
7648  1 2 2 2  299  300
7649  1 2 2 2  300  301
7650  1 2 2 2  301  302
7651  1 2 2 2  302  303
7652  1 2 2 2  303  304
7653  1 2 2 2  304  305
7654  1 2 2 2  305  306
7655  1 2 2 2  306  307
7656  1 2 2 2  307  308
7657  1 2 2 2  308  309
7658  1 2 2 2  309  310
7659  1 2 2 2  310  311
7660  1 2 2 2  311  312
7661  1 2 2 2  312  313
7662  1 2 2 2  313  314
7663  1 2 2 2  314  315
7664  1 2 2 2  315  316
7665  1 2 2 2  316  317
7666  1 2 2 2  317  318
7667  1 2 2 2  318  319
7668  1 2 2 2  319  320
7669  1 2 2 2  320  321
7670  1 2 2 2  321  322
7671  1 2 2 2  322  323
7672  1 2 2 2  323  324
7673  1 2 2 2  324  325
7674  1 2 2 2  325  326
7675  1 2 2 2  326  327
7676  1 2 2 2  327  328
7677  1 2 2 2  328  329
7678  1 2 2 2  329  330
7679  1 2 2 2  330  331
7680  1 2 2 2  331  332
7681  1 2 2 2  332  333
7682  1 2 2 2  333  334
7683  1 2 2 2  334  335
7684  1 2 2 2  335  336
7685  1 2 2 2  336  337
7686  1 2 2 2  337  338
7687  1 2 2 2  338  339
7688  1 2 2 2  339  340
7689  1 2 2 2  340  341
7690  1 2 2 2  341  342
7691  1 2 2 2  342  343
7692  1 2 2 2  343  344
7693  1 2 2 2  344  345
7694  1 2 2 2  345  346
7695  1 2 2 2  346  347
7696  1 2 2 2  347  348
7697  1 2 2 2  348  349
7698  1 2 2 2  349   13
7699  1 2 2 2   13  350
7700  1 2 2 2  350  351
7701  1 2 2 2  351  352
7702  1 2 2 2  352  353
7703  1 2 2 2  353  354
7704  1 2 2 2  354  355
7705  1 2 2 2  355  356
7706  1 2 2 2  356  357
7707  1 2 2 2  357  358
7708  1 2 2 2  358  359
7709  1 2 2 2  359  360
7710  1 2 2 2  360  361
7711  1 2 2 2  361  362
7712  1 2 2 2  362  363
7713  1 2 2 2  363  364
7714  1 2 2 2  364  365
7715  1 2 2 2  365  366
7716  1 2 2 2  366  367
7717  1 2 2 2  367  368
7718  1 2 2 2  368  369
7719  1 2 2 2  369  370
7720  1 2 2 2  370   14
7721  1 2 2 2   14  466
7722  1 2 2 2  466  467
7723  1 2 2 2  467  468
7724  1 2 2 2  468  469
7725  1 2 2 2  469  470
7726  1 2 2 2  470  471
7727  1 2 2 2  471  472
7728  1 2 2 2  472  473
7729  1 2 2 2  473  474
7730  1 2 2 2  474  475
7731  1 2 2 2  475  476
7732  1 2 2 2  476  477
7733  1 2 2 2  477  478
7734  1 2 2 2  478  479
7735  1 2 2 2  479  480
7736  1 2 2 2  480  481
7737  1 2 2 2  481  482
7738  1 2 2 2  482  483
7739  1 2 2 2  483  484
7740  1 2 2 2  484  485
7741  1 2 2 2  485  486
7742  1 2 2 2  486  487
7743  1 2 2 2  487  488
7744  1 2 2 2  488  489
7745  1 2 2 2  489  490
7746  1 2 2 2  490  491
7747  1 2 2 2  491  492
7748  1 2 2 2  492  493
7749  1 2 2 2  493  494
7750  1 2 2 2  494  495
7751  1 2 2 2  495  496
7752  1 2 2 2  496  497
7753  1 2 2 2  497  498
7754  1 2 2 2  498  499
7755  1 2 2 2  499  500
7756  1 2 2 2  500  501
7757  1 2 2 2  501  502
7758  1 2 2 2  502   16
7759  1 2 2 2   16  503
7760  1 2 2 2  503  504
7761  1 2 2 2  504  505
7762  1 2 2 2  505  506
7763  1 2 2 2  506  507
7764  1 2 2 2  507    2
7765  1 2 2 2    1 4825
7766  1 2 2 2 4825 4826
7767  1 2 2 2 4826 4827
7768  1 2 2 2 4827 4828
7769  1 2 2 2 4828 4829
7770  1 2 2 2 4829 4830
7771  1 2 2 2 4830 4831
7772  1 2 2 2 4831 4832
7773  1 2 2 2 4832 4833
7774  1 2 2 2 4833 4834
7775  1 2 2 2 4834 4835
7776  1 2 2 2 4835 4836
7777  1 2 2 2 4836 4837
7778  1 2 2 2 4837 4838
7779  1 2 2 2 4838 4839
7780  1 2 2 2 4839 4840
7781  1 2 2 2 4840 4841
7782  1 2 2 2 4841 4842
7783  1 2 2 2 4842 4843
7784  1 2 2 2 4843 4844
7785  1 2 2 2 4844 4845
7786  1 2 2 2 4845 4846
7787  1 2 2 2 4846 4847
7788  1 2 2 2 4847 4848
7789  1 2 2 2 4848 4849
7790  1 2 2 2 4849 4850
7791  1 2 2 2 4850 4851
7792  1 2 2 2 4851 4852
7793  1 2 2 2 4852 4853
7794  1 2 2 2 4853 4854
7795  1 2 2 2 4854 4855
7796  1 2 2 2 4855 4856
7797  1 2 2 2 4856 4857
7798  1 2 2 2 4857 4858
7799  1 2 2 2 4858 4859
7800  1 2 2 2 4859 4860
7801  1 2 2 2 4860 4861
7802  1 2 2 2 4861 4862
7803  1 2 2 2 4862 4863
7804  1 2 2 2 4863 4864
7805  1 2 2 2 4864 4865
7806  1 2 2 2 4865 4866
7807  1 2 2 2 4866 4867
7808  1 2 2 2 4867 4868
7809  1 2 2 2 4868 4869
7810  1 2 2 2 4869 4870
7811  1 2 2 2 4870 4871
7812  1 2 2 2 4871 4872
7813  1 2 2 2 4872 4873
7814  1 2 2 2 4873 4874
7815  1 2 2 2 4874 4875
7816  1 2 2 2 4875 4876
7817  1 2 2 2 4876 4877
7818  1 2 2 2 4877 4878
7819  1 2 2 2 4878 4879
7820  1 2 2 2 4879 4880
7821  1 2 2 2 4880 4881
7822  1 2 2 2 4881 4882
7823  1 2 2 2 4882 4883
7824  1 2 2 2 4883 4884
7825  1 2 2 2 4884 4885
7826  1 2 2 2 4885 4886
7827  1 2 2 2 4886 4887
7828  1 2 2 2 4887 4888
7829  1 2 2 2 4888 4889
7830  1 2 2 2 4889 4890
7831  1 2 2 2 4890 4891
7832  1 2 2 2 4891 4892
7833  1 2 2 2 4892 4893
7834  1 2 2 2 4893 4894
7835  1 2 2 2 4894 4895
7836  1 2 2 2 4895 4896
7837  1 2 2 2 4896 4897
7838  1 2 2 2 4897 4898
7839  1 2 2 2 4898 4899
7840  1 2 2 2 4899 4900
7841  1 2 2 2 4900 4901
7842  1 2 2 2 4901 4902
7843  1 2 2 2 4902 4903
7844  1 2 2 2 4903   12
7845  1 2 4 4    7   91
7846  1 2 4 4   91   92
7847  1 2 4 4   92   93
7848  1 2 4 4   93   94
7849  1 2 4 4   94   95
7850  1 2 4 4   95   96
7851  1 2 4 4   96   97
7852  1 2 4 4   97   98
7853  1 2 4 4   98   99
7854  1 2 4 4   99  100
7855  1 2 4 4  100  101
7856  1 2 4 4  101  102
7857  1 2 4 4  102  103
7858  1 2 4 4  103  104
7859  1 2 4 4  104  105
7860  1 2 4 4  105  106
7861  1 2 4 4  106  107
7862  1 2 4 4  107  108
7863  1 2 4 4  108  109
7864  1 2 4 4  109    1
7865  1 2 4 4    6   74
7866  1 2 4 4   74   75
7867  1 2 4 4   75   76
7868  1 2 4 4   76   77
7869  1 2 4 4   77   78
7870  1 2 4 4   78   79
7871  1 2 4 4   79   80
7872  1 2 4 4   80   81
7873  1 2 4 4   81   82
7874  1 2 4 4   82   83
7875  1 2 4 4   83   84
7876  1 2 4 4   84   85
7877  1 2 4 4   85   86
7878  1 2 4 4   86   87
7879  1 2 4 4   87   88
7880  1 2 4 4   88   89
7881  1 2 4 4   89   90
7882  1 2 4 4   90    7
7883  1 2 5 5   15  429
7884  1 2 5 5  429  430
7885  1 2 5 5  430  431
7886  1 2 5 5  431  432
7887  1 2 5 5  432  433
7888  1 2 5 5  433  434
7889  1 2 5 5  434  435
7890  1 2 5 5  435  436
7891  1 2 5 5  436  437
7892  1 2 5 5  437  438
7893  1 2 5 5  438  439
7894  1 2 5 5  439  440
7895  1 2 5 5  440  441
7896  1 2 5 5  441  442
7897  1 2 5 5  442  443
7898  1 2 5 5  443  444
7899  1 2 5 5  444  445
7900  1 2 5 5  445  446
7901  1 2 5 5  446  447
7902  1 2 5 5  447  448
7903  1 2 5 5  448  449
7904  1 2 5 5  449  450
7905  1 2 5 5  450  451
7906  1 2 5 5  451  452
7907  1 2 5 5  452  453
7908  1 2 5 5  453  454
7909  1 2 5 5  454  455
7910  1 2 5 5  455  456
7911  1 2 5 5  456  457
7912  1 2 5 5  457  458
7913  1 2 5 5  458  459
7914  1 2 5 5  459  460
7915  1 2 5 5  460  461
7916  1 2 5 5  461  462
7917  1 2 5 5  462  463
7918  1 2 5 5  463  464
7919  1 2 5 5  464  465
7920  1 2 5 5  465    4
7921  1 2 5 5    3  424
7922  1 2 5 5  424  425
7923  1 2 5 5  425  426
7924  1 2 5 5  426  427
7925  1 2 5 5  427  428
7926  1 2 5 5  428   15
7927  1 2 6 6    2   17
7928  1 2 6 6   17   18
7929  1 2 6 6   18   19
7930  1 2 6 6   19   20
7931  1 2 6 6   20   21
7932  1 2 6 6   21   22
7933  1 2 6 6   22   23
7934  1 2 6 6   23   24
7935  1 2 6 6   24   25
7936  1 2 6 6   25   26
7937  1 2 6 6   26   27
7938  1 2 6 6   27   28
7939  1 2 6 6   28   29
7940  1 2 6 6   29   30
7941  1 2 6 6   30   31
7942  1 2 6 6   31   32
7943  1 2 6 6   32   33
7944  1 2 6 6   33   34
7945  1 2 6 6   34   35
7946  1 2 6 6   35   36
7947  1 2 6 6   36   37
7948  1 2 6 6   37   38
7949  1 2 6 6   38   39
7950  1 2 6 6   39   40
7951  1 2 6 6   40   41
7952  1 2 6 6   41   42
7953  1 2 6 6   42   43
7954  1 2 6 6   43   44
7955  1 2 6 6   44   45
7956  1 2 6 6   45   46
7957  1 2 6 6   46   47
7958  1 2 6 6   47   48
7959  1 2 6 6   48   49
7960  1 2 6 6   49   50
7961  1 2 6 6   50   51
7962  1 2 6 6   51   52
7963  1 2 6 6   52    3
7964  1 2 7 7    4   53
7965  1 2 7 7   53   54
7966  1 2 7 7   54   55
7967  1 2 7 7   55   56
7968  1 2 7 7   56   57
7969  1 2 7 7   57   58
7970  1 2 7 7   58   59
7971  1 2 7 7   59   60
7972  1 2 7 7   60   61
7973  1 2 7 7   61   62
7974  1 2 7 7   62   63
7975  1 2 7 7   63   64
7976  1 2 7 7   64   65
7977  1 2 7 7   65   66
7978  1 2 7 7   66   67
7979  1 2 7 7   67   68
7980  1 2 7 7   68   69
7981  1 2 7 7   69   70
7982  1 2 7 7   70   71
7983  1 2 7 7   71   72
7984  1 2 7 7   72   73
7985  1 2 7 7   73    5
7986  1 2 8 8    9  141
7987  1 2 8 8  141  142
7988  1 2 8 8  142  143
7989  1 2 8 8  143  144
7990  1 2 8 8  144  145
7991  1 2 8 8  145  146
7992  1 2 8 8  146  147
7993  1 2 8 8  147  148
7994  1 2 8 8  148  149
7995  1 2 8 8  149  150
7996  1 2 8 8  150  151
7997  1 2 8 8  151  152
7998  1 2 8 8  152  153
7999  1 2 8 8  153  154
8000  1 2 8 8  154  155
8001  1 2 8 8  155  156
8002  1 2 8 8  156  157
8003  1 2 8 8  157  158
8004  1 2 8 8  158  159
8005  1 2 8 8  159  160
8006  1 2 8 8  160  161
8007  1 2 8 8  161  162
8008  1 2 8 8  162  163
8009  1 2 8 8  163  164
8010  1 2 8 8  164  165
8011  1 2 8 8  165  166
8012  1 2 8 8  166  167
8013  1 2 8 8  167  168
8014  1 2 8 8  168  169
8015  1 2 8 8  169  170
8016  1 2 8 8  170  171
8017  1 2 8 8  171  172
8018  1 2 8 8  172  173
8019  1 2 8 8  173  174
8020  1 2 8 8  174  175
8021  1 2 8 8  175  176
8022  1 2 8 8  176  177
8023  1 2 8 8  177  178
8024  1 2 8 8  178  179
8025  1 2 8 8  179  180
8026  1 2 8 8  180  181
8027  1 2 8 8  181  182
8028  1 2 8 8  182  183
8029  1 2 8 8  183  184
8030  1 2 8 8  184  185
8031  1 2 8 8  185  186
8032  1 2 8 8  186  187
8033  1 2 8 8  187  188
8034  1 2 8 8  188  189
8035  1 2 8 8  189  190
8036  1 2 8 8  190  191
8037  1 2 8 8  191  192
8038  1 2 8 8  192  193
8039  1 2 8 8  193  194
8040  1 2 8 8  194  195
8041  1 2 8 8  195  196
8042  1 2 8 8  196  197
8043  1 2 8 8  197  198
8044  1 2 8 8  198  199
8045  1 2 8 8  199  200
8046  1 2 8 8  200  201
8047  1 2 8 8  201  202
8048  1 2 8 8  202  203
8049  1 2 8 8  203  204
8050  1 2 8 8  204  205
8051  1 2 8 8  205  206
8052  1 2 8 8  206  207
8053  1 2 8 8  207  208
8054  1 2 8 8  208  209
8055  1 2 8 8  209  210
8056  1 2 8 8  210  211
8057  1 2 8 8  211  212
8058  1 2 8 8  212  213
8059  1 2 8 8  213  214
8060  1 2 8 8  214  215
8061  1 2 8 8  215  216
8062  1 2 8 8  216  217
8063  1 2 8 8  217  218
8064  1 2 8 8  218  219
8065  1 2 8 8  219  220
8066  1 2 8 8  220  221
8067  1 2 8 8  221  222
8068  1 2 8 8  222  223
8069  1 2 8 8  223  224
8070  1 2 8 8  224  225
8071  1 2 8 8  225  226
8072  1 2 8 8  226  227
8073  1 2 8 8  227  228
8074  1 2 8 8  228  229
8075  1 2 8 8  229  230
8076  1 2 8 8  230  231
8077  1 2 8 8  231  232
8078  1 2 8 8  232  233
8079  1 2 8 8  233  234
8080  1 2 8 8  234  235
8081  1 2 8 8  235  236
8082  1 2 8 8  236  237
8083  1 2 8 8  237  238
8084  1 2 8 8  238  239
8085  1 2 8 8  239   10
8086  1 2 8 8    8  131
8087  1 2 8 8  131  132
8088  1 2 8 8  132  133
8089  1 2 8 8  133  134
8090  1 2 8 8  134  135
8091  1 2 8 8  135  136
8092  1 2 8 8  136  137
8093  1 2 8 8  137  138
8094  1 2 8 8  138  139
8095  1 2 8 8  139  140
8096  1 2 8 8  140    9
8097  1 2 8 8    5  110
8098  1 2 8 8  110  111
8099  1 2 8 8  111  112
8100  1 2 8 8  112  113
8101  1 2 8 8  113  114
8102  1 2 8 8  114  115
8103  1 2 8 8  115  116
8104  1 2 8 8  116  117
8105  1 2 8 8  117  118
8106  1 2 8 8  118  119
8107  1 2 8 8  119  120
8108  1 2 8 8  120  121
8109  1 2 8 8  121  122
8110  1 2 8 8  122  123
8111  1 2 8 8  123  124
8112  1 2 8 8  124  125
8113  1 2 8 8  125  126
8114  1 2 8 8  126  127
8115  1 2 8 8  127  128
8116  1 2 8 8  128  129
8117  1 2 8 8  129  130
8118  1 2 8 8  130    8
8119  1 2 8 8   10  240
8120  1 2 8 8  240  241
8121  1 2 8 8  241  242
8122  1 2 8 8  242  243
8123  1 2 8 8  243  244
8124  1 2 8 8  244  245
8125  1 2 8 8  245  246
8126  1 2 8 8  246  247
8127  1 2 8 8  247  248
8128  1 2 8 8  248  249
8129  1 2 8 8  249  250
8130  1 2 8 8  250   11
8131  1 2 8 8   11 4904
8132  1 2 8 8 4904 4905
8133  1 2 8 8 4905 4906
8134  1 2 8 8 4906 4907
8135  1 2 8 8 4907 4908
8136  1 2 8 8 4908 4909
8137  1 2 8 8 4909 4910
8138  1 2 8 8 4910 4911
8139  1 2 8 8 4911 4912
8140  1 2 8 8 4912 4913
8141  1 2 8 8 4913 4914
8142  1 2 8 8 4914 4915
8143  1 2 8 8 4915 4916
8144  1 2 8 8 4916 4917
8145  1 2 8 8 4917 4918
8146  1 2 8 8 4918 4919
8147  1 2 8 8 4919 4920
8148  1 2 8 8 4920 4921
8149  1 2 8 8 4921 4922
8150  1 2 8 8 4922 4923
8151  1 2 8 8 4923 4924
8152  1 2 8 8 4924 4925
8153  1 2 8 8 4925 4926
8154  1 2 8 8 4926 4927
8155  1 2 8 8 4927 4928
8156  1 2 8 8 4928 4929
8157  1 2 8 8 4929 4930
8158  1 2 8 8 4930 4931
8159  1 2 8 8 4931 4932
8160  1 2 8 8 4932 4933
8161  1 2 8 8 4933 4934
8162  1 2 8 8 4934 4935
8163  1 2 8 8 4935 4936
8164  1 2 8 8 4936 4937
8165  1 2 8 8 4937 4938
8166  1 2 8 8 4938 4939
8167  1 2 8 8 4939 4940
8168  1 2 8 8 4940 4941
8169  1 2 8 8 4941 4942
8170  1 2 8 8 4942 4943
8171  1 2 8 8 4943 4944
8172  1 2 8 8 4944 4945
8173  1 2 8 8 4945 4946
8174  1 2 8 8 4946 4947
8175  1 2 8 8 4947 4948
8176  1 2 8 8 4948 4949
8177  1 2 8 8 4949 4950
8178  1 2 8 8 4950 4951
8179  1 2 8 8 4951 4952
8180  1 2 8 8 4952 4953
8181  1 2 8 8 4953 4954
8182  1 2 8 8 4954 4955
8183  1 2 8 8 4955 4956
8184  1 2 8 8 4956 4957
8185  1 2 8 8 4957 4958
8186  1 2 8 8 4958 4959
8187  1 2 8 8 4959 4960
8188  1 2 8 8 4960 4961
8189  1 2 8 8 4961 4962
8190  1 2 8 8 4962 4963
8191  1 2 8 8 4963 4964
8192  1 2 8 8 4964 4965
8193  1 2 8 8 4965 4966
8194  1 2 8 8 4966 4967
8195  1 2 8 8 4967 4968
8196  1 2 8 8 4968 4969
8197  1 2 8 8 4969 4970
8198  1 2 8 8 4970 4971
8199  1 2 8 8 4971 4972
8200  1 2 8 8 4972 4973
8201  1 2 8 8 4973 4974
8202  1 2 8 8 4974 4975
8203  1 2 8 8 4975 4976
8204  1 2 8 8 4976 4977
8205  1 2 8 8 4977 4978
8206  1 2 8 8 4978 4979
8207  1 2 8 8 4979 4980
8208  1 2 8 8 4980 4981
8209  1 2 8 8 4981 4982
8210  1 2 8 8 4982    6
$EndElements
$Comments
-------------------------------------------------------
NumNames
Dim Id Name
-------------------------------------------------------
$EndComments
$PhysicalNames
8
2 1 "Unspecified"
1 2 "Axis"
1 3 "BotWall"
1 4 "Inlet"
1 5 "JetWall"
1 6 "Outlet"
1 7 "TopWall"
1 8 "TorchWall"
$EndPhysicalNames
