n0,ne/n0,(Ar)/n0,(Ar*(1))/n0,(Ar*(2))/n0,(Ar*(3))/n0,Tg,E,energy,mobility,diffusion,C0,C1,C2,C3,C4,C5,C6,C7
3.22e+22,0.0008810652654320017,0.9991186287560155,1.4604915797881973e-07,4.203192544297021e-08,1.1789746890460909e-07,6954.243930858731,0.5166793037044161,0.9024409776418076,6.041237317398482e+24,2.0900085865309317e+25,1.0115027124451059e-14,5.021454844036137e-24,6.3802240320971695e-24,6.128124645706692e-26,1.3522598824588536e-25,6.632565557425694e-17,8.725196809007301e-17,3.674972200611933e-15
3.22e+22,0.000529714248495989,0.9994700823109914,8.097759681640949e-08,2.240608480684271e-08,1.0005683112510752e-07,6102.208712058329,0.3238709326726397,0.7911949714100702,4.58551859041844e+24,2.2534308333253837e+25,8.45539844852308e-15,3.1952387494079577e-25,3.899497752741401e-25,4.006682080093445e-27,7.061243925045383e-26,2.3133470019958865e-17,3.1522969221640405e-17,1.7217097108335871e-15
3.22e+22,0.0009119886161777132,0.9990877072807264,1.5548216893375418e-07,4.7330925876604444e-08,1.01290001067999e-07,7206.7700488505725,2.8549692329004857,1.0478957513044922,2.852233349659483e+25,1.9108779323854167e+25,1.2372473941709506e-14,7.287485145932203e-23,9.861137059462001e-23,1.2485666008757735e-24,5.407563436458656e-25,1.8955926008986484e-16,2.409154047816124e-16,7.913691767204107e-15
3.22e+22,0.0007636066445841249,0.9992361325255978,1.1866663131043409e-07,3.351378341537872e-08,1.0864940345729821e-07,6731.794358597187,0.8075076708736821,0.8833557933770534,9.794264734100628e+24,2.1162310326531177e+25,9.826359709593235e-15,3.2615407896558167e-24,4.092466796053096e-24,3.719042592556817e-26,1.1421928293140823e-25,5.637734128614361e-17,7.45661512901524e-17,3.2670641605894825e-15
3.22e+22,0.00043090290086022793,0.99956891232536,6.924878770309475e-08,1.8988093316730637e-08,9.653689886707396e-08,5778.015211810376,0.08258724371009382,0.7465575487536121,1.2734634756989208e+24,2.3268583567402783e+25,7.804806259262794e-15,8.629213536050227e-26,1.1019805661701343e-25,1.90636894266139e-27,5.608905844106421e-26,1.392381511067999e-17,1.9302118476147265e-17,1.1988213395282716e-15
3.22e+22,0.0022598175948930713,0.9977387197214335,8.619326890917569e-07,3.415194903040694e-07,2.5923149409736934e-07,8513.25340886199,6.2733914096721,1.3129009864457852,4.56243953086382e+25,1.6558004878528695e+25,1.6781722854512495e-14,2.267789180423524e-21,3.4770309868786056e-21,7.491640537964225e-23,7.845021776268158e-23,7.202343551098612e-16,8.769186616923926e-16,2.1381926047919255e-14
3.22e+22,0.0009933526556628175,0.9990062850174187,2.0348330374395498e-07,7.033100843722192e-08,8.851260632026826e-08,7587.8464515272435,5.14829228620498,1.221704407721629,4.3652815961795035e+25,1.7352076638126566e+25,1.521753864231637e-14,7.7439276037618e-22,1.1213392396801158e-21,1.9026206757495745e-23,1.0967161340835852e-23,4.84264527720791e-16,5.971307856197262e-16,1.5872691381046838e-14
3.22e+22,0.001099910133523508,0.9988996793852818,2.2250381911718894e-07,7.232444342911337e-08,1.1565293221340508e-07,7509.244604468834,0.7266184704220262,0.9760248768118664,7.664958199825764e+24,1.995099220194003e+25,1.1243999582615494e-14,2.1965445920612392e-23,2.9010569062686255e-23,3.3190285437957852e-25,2.505795742825905e-25,1.1716611713302292e-16,1.512668839506919e-16,5.5603010993209476e-15
3.22e+22,0.0008599267512877023,0.9991397785982927,1.403447780219838e-07,4.0379265657590755e-08,1.1392637597771663e-07,6937.9667321461575,1.0389879917454774,0.9168559638474433,1.197842375049147e+25,2.0706586081085183e+25,1.0334167146052746e-14,6.77749030860049e-24,8.656451116476013e-24,8.457033719270918e-26,1.3803071704943445e-25,7.465946829906441e-17,9.783126934474494e-17,4.0045157116908956e-15
3.22e+22,0.0016874383382418138,0.9983117499617825,4.514303480911514e-07,1.5095522966911958e-07,2.0931439779799718e-07,7895.502748110693,1.0010715507808887,1.0260490644084694,9.637110771996948e+24,1.935668968915018e+25,1.2026668735782068e-14,5.435026035808815e-23,7.418673950935669e-23,9.962849542509703e-25,6.487143485597017e-25,1.6492221421460774e-16,2.1055282472706436e-16,7.142950523062374e-15
3.22e+22,0.0005895649332075965,0.9994102199456366,8.882810082147659e-08,2.4656190393189597e-08,1.016368645775673e-07,6284.132436671365,0.19808638202529721,0.8124343132136729,2.695422678444468e+24,2.2201632622712895e+25,8.768026444799533e-15,5.7191417704579e-25,6.985089494363793e-25,6.460952473071435e-27,8.050263448256154e-26,2.8901361466246915e-17,3.90886810572462e-17,2.0192391986661547e-15
3.22e+22,0.00107582537141315,0.9989237774344256,2.0216482949207328e-07,6.067969629900391e-08,1.3434963540538193e-07,7270.06083606609,0.5539498877403531,0.9421948918037328,6.073688848968521e+24,2.037561136014684e+25,1.0721745929026199e-14,1.1549069785412105e-23,1.5018468545091148e-23,1.603911955508818e-25,1.8990935866450179e-25,9.116103807186326e-17,1.1866879149736892e-16,4.630166484469857e-15
3.22e+22,0.0004433278286296485,0.9995564863748652,7.024866423980394e-08,1.930022846782528e-08,9.624761258165705e-08,5827.702243725642,0.04055607979135999,0.7527641345282644,6.177976221009292e+23,2.3163535550241806e+25,7.894743105243006e-15,1.0429891613676957e-25,1.317752338538395e-25,2.095449708906172e-27,5.895330895986569e-26,1.4994449459677613e-17,2.0734091764134992e-17,1.2636760177757856e-15
3.22e+22,0.0013487892603743664,0.9986506460819335,3.080388213915037e-07,1.0015096265267037e-07,1.564679081715446e-07,7660.23455389404,2.114814635981745,1.0464623181129742,2.036560249238869e+25,1.9124869528441188e+25,1.2349728953889006e-14,7.428308899137664e-23,1.0169287267326658e-22,1.3740368165773786e-24,7.4279257431115035e-25,1.8789310576281517e-16,2.3886345142234335e-16,7.861976337627168e-15
3.22e+22,0.000742746011007288,0.9992570246409647,1.2727946380356528e-07,4.362508318482235e-08,5.844348109745255e-08,7368.084775814285,6.098434408141741,1.2682882433019107,5.129013994684018e+25,1.6936737790907636e+25,1.6009930567762277e-14,1.2443271006699678e-21,1.8070313825308196e-21,3.073557069018832e-23,1.648385079591791e-23,5.968848984130763e-16,7.311290046817223e-16,1.8568344953576916e-14
3.22e+22,0.0010984920430797517,0.9989008951796235,3.7503118845769914e-07,1.6645884522033788e-07,7.128726323395032e-08,8191.969432646783,9.51836849786824,1.447733533908439,6.7312426971649485e+25,1.5509565444310458e+25,1.918919712114983e-14,7.12093515270333e-21,1.1096853782693931e-20,2.4952164778548356e-22,2.456848427077763e-22,1.184964017065551e-15,1.420365339385793e-15,3.118730651367851e-14
3.22e+22,0.001293704017616125,0.9987057434436503,3.133562318337401e-07,1.0975222638868855e-07,1.2943027526626026e-07,7800.275080833563,2.2762993465601737,1.07040848525714,2.150352161410669e+25,1.8860360362376608e+25,1.2731515478124115e-14,1.0738387115164765e-22,1.4829781874145458e-22,2.0788337618797576e-24,1.069677643608287e-24,2.1763279104336041e-16,2.7535267090653996e-16,8.7611482399797e-15
3.22e+22,0.00019816314186172428,0.9998017997794728,1.440382257946237e-08,3.998690469325783e-09,1.86761526381552e-08,5852.28497790111,6.43588089875599,1.233222280651112,6.401823231540795e+25,1.7246208791704266e+25,1.5411066412170588e-14,6.078771440111771e-22,8.048710715236984e-22,8.516589807555389e-24,1.235458711120792e-24,5.09151179017952e-16,6.269702831832929e-16,1.649801498119734e-14
3.22e+22,0.0006489669163741559,0.9993508061372555,9.728988313413444e-08,2.712151287371889e-08,1.0253497445885087e-07,6459.967410794829,0.71583641513706,0.8469530750438918,9.227507822830827e+24,2.168252113113508e+25,9.280341119202289e-15,1.3764394704497004e-24,1.6954616391929065e-24,1.466179978493042e-26,9.163316324604609e-26,4.055181576051322e-17,5.422707629257091e-17,2.575675094275253e-15
3.22e+22,0.000311120244842039,0.99968882042062,2.6451887730779764e-08,7.704252260530685e-09,2.517839801146794e-08,6390.1071898179,9.390255724890379,1.418142420117147,7.7066012562671156e+25,1.5726610551184141e+25,1.864900462450742e-14,4.209283862077866e-21,6.054859800326336e-21,9.572906745170864e-23,3.518223877862069e-23,1.0678071951272032e-15,1.2844039880565362e-15,2.8839629901753985e-14
3.22e+22,0.0005178569621126124,0.9994818789110594,9.885038541662608e-08,2.7159057319893385e-08,1.3811738510347975e-07,5786.8545731605955,0.556359099137983,0.7577053021268947,8.272144900517327e+24,2.3080595413041816e+25,7.966463939620342e-15,1.2291023853858031e-25,1.5546655300065352e-25,2.403992370680778e-27,6.566057007610409e-26,1.5891217164098972e-17,2.193096641438894e-17,1.3170400232483854e-15
3.22e+22,0.000921307766601156,0.9990783815026065,1.5790007626042003e-07,4.779507216240095e-08,1.0503564378991303e-07,7187.341730752625,0.7019670140986329,0.9361787146231662,7.865694759124348e+24,2.045316290115489e+25,1.0629448164737289e-14,1.0105187863030779e-23,1.304477069426133e-23,1.3380287219381458e-25,1.6022987868053821e-25,8.70216574603996e-17,1.1345423234824986e-16,4.476197401381758e-15
3.22e+22,0.0008090931429761601,0.9991906308839255,1.2840318367118996e-07,3.6553711183071105e-08,1.1101620350382305e-07,6832.504071837484,0.916128164215021,0.8994913012781993,1.0840195623768061e+25,2.094015391632752e+25,1.0070301663006702e-14,4.6701993579600266e-24,5.90962036214296e-24,5.547178958013074e-26,1.2427129195920599e-25,6.47069065765325e-17,8.519246376292416e-17,3.6097930535165645e-15
3.22e+22,0.001838174261379171,0.9981607009899923,6.713094554952083e-07,2.759354962748174e-07,1.7750367669467447e-07,8420.518508938016,7.40531159008148,1.361619299708111,5.293237886479811e+25,1.61632629426192e+25,1.763838731892489e-14,3.571021832685641e-21,5.5294148075448746e-21,1.2294398917623922e-22,1.3125273658837003e-22,8.71723237699298e-16,1.0549846955874316e-15,2.469899821921876e-14
3.22e+22,0.0025014906993972193,0.9974969275909257,9.093026329886345e-07,3.3162776633652535e-07,3.407792779286292e-07,8417.050597994003,0.7005920712751199,1.0742145151219682,6.213588742352943e+24,1.8819057058623536e+25,1.2792498570381029e-14,1.196178255560879e-22,1.6805867374685946e-22,2.5776094950406643e-24,1.8053594014666586e-24,2.226698267251706e-16,2.8151367978700873e-16,8.909961153733353e-15
3.22e+22,0.0017515759687811603,0.9982475567853629,4.864556653852148e-07,1.654061843891855e-07,2.1538400627223982e-07,7965.8708131921,1.8456884135487388,1.0634059740452084,1.7065333590487104e+25,1.8936913954170253e+25,1.2619562470356174e-14,9.899417470668199e-23,1.374037311724746e-22,1.985305118033899e-24,1.1947344219491565e-24,2.086276057644171e-16,2.643202879033172e-16,8.492099990207908e-15
3.22e+22,0.0005959691277327728,0.9994038696176022,7.725495122735252e-08,2.2840342256873608e-08,6.115937160116281e-08,6810.034584981895,4.099315107556449,1.104952578360203,4.054640014711682e+25,1.849202089653608e+25,1.3287619437825908e-14,1.606122659104004e-22,2.183903605932001e-22,2.7775326915995463e-24,8.980596186519714e-25,2.6599100818543515e-16,3.343704742412273e-16,1.0163701703426468e-14
3.22e+22,0.0005739505862423394,0.9994257999308448,1.5486428973012805e-07,6.855787237734276e-08,2.6060750765546052e-08,7758.045231174975,11.594688147762689,1.527988992085233,8.288054282957818e+25,1.4944909065633534e+25,2.0676231417910292e-14,1.1718354164793402e-20,1.8032749188068932e-20,3.805672111104066e-22,2.8779771615962228e-22,1.5297510383425773e-15,1.819301674572704e-15,3.79239297180655e-14
3.22e+22,0.0015269156888066894,0.9984723490401066,4.2383954042761176e-07,1.5384912325699516e-07,1.5758242300604696e-07,8006.107876912932,2.292954719400064,1.0904061049433684,2.0923674525113607e+25,1.864535055590616e+25,1.3052719740845769e-14,1.4690688321378833e-22,2.0547416616292005e-22,3.0562712111989063e-24,1.7189182959092204e-24,2.4488694117693194e-16,3.086511853775749e-16,9.558731510831638e-15
3.22e+22,0.0018458224349310003,0.9981530727499552,6.567404385706744e-07,2.6517790192349906e-07,1.828967731132473e-07,8385.31583295734,7.012067613953529,1.3438407830427532,5.077640684922594e+25,1.6305082114888572e+25,1.7324022883713304e-14,3.018742108866114e-21,4.648619206709999e-21,1.0134996189050165e-22,1.0449528900484475e-22,8.1428956014558255e-16,9.875999146584385e-16,2.345820344097237e-14
3.22e+22,0.0007867923315039338,0.9992129369187032,1.24027435878704e-07,3.508564487875924e-08,1.1163671215226412e-07,6766.7866001473485,0.40399765006881877,0.8767472865726851,4.923810380286203e+24,2.1254765025225334e+25,9.726794280267453e-15,2.8225663601508573e-24,3.536435015975382e-24,3.216388530638055e-26,1.1429802554969728e-25,5.3209877635588516e-17,7.051206271513776e-17,3.133267758918228e-15
3.22e+22,0.0025705628808975756,0.9974278155027679,9.236250918064459e-07,3.281111104853404e-07,3.698801321361118e-07,8377.773429540717,1.5897933365086478,1.0905981765931283,1.3846573620433078e+25,1.8643326440748019e+25,1.30558283160792e-14,1.5292590626114056e-22,2.1644284431871107e-22,3.424914363462485e-24,2.4229418710793047e-24,2.451765924266628e-16,3.090022973864801e-16,9.566815515001562e-15
3.22e+22,0.000741913552679522,0.9992578372628588,1.1322183791421064e-07,3.200109188096296e-08,1.0396153182031354e-07,6716.683538839222,1.2138801489691813,0.8988697571380909,1.450069444430217e+25,2.094861271165731e+25,1.006088030265524e-14,4.561632508884135e-24,5.7530561539488335e-24,5.288351963553808e-26,1.1485644628920076e-25,6.436742505385861e-17,8.47605657982376e-17,3.596116250851852e-15
3.22e+22,0.00042910538355446634,0.9995707901932203,4.580842393736659e-08,1.3030621966112135e-08,4.55841794310155e-08,6439.082652922221,4.396152776271782,1.1037070246019414,4.508544346408511e+25,1.8504917259259964e+25,1.3267366366237967e-14,1.481456388141119e-22,1.9806175857333063e-22,2.2943264849718652e-24,5.72342004219753e-25,2.640201036784352e-16,3.3198321378098797e-16,1.010937450440843e-14
3.22e+22,0.0016566915020873492,0.9983423228754773,5.912786262243947e-07,2.465715141388464e-07,1.4777229485922796e-07,8366.703512583945,7.154535001960565,1.352230431793825,5.202994445415638e+25,1.6237823145365742e+25,1.747209337797591e-14,3.234280596546312e-21,4.9768284114246784e-21,1.0797165298742593e-22,1.0809611315522355e-22,8.410414660066874e-16,1.0190099609175284e-15,2.4039011715196142e-14
3.22e+22,0.00030414932153471176,0.9996957849061957,2.7162950391989746e-08,7.631970705293493e-09,3.097734848420706e-08,6155.689346881037,5.232978280014773,1.1536792796559707,5.324454703770361e+25,1.7997281645946703e+25,1.4083144090638384e-14,2.67460083065471e-22,3.563780863352141e-22,3.988383555213797e-24,7.804783400542932e-25,3.4598101926842866e-16,4.312920374442517e-16,1.2358327371991049e-14
3.22e+22,0.0003524217379200204,0.9996474538080102,4.6755433702868767e-08,1.2804234229788283e-08,6.489440166696421e-08,5773.505407915913,2.1131718009797447,0.8632064015223455,2.8560367256846223e+25,2.1446830008262333e+25,9.523366056770634e-15,1.8340259105991188e-24,2.207226901408253e-24,1.563394417620891e-26,5.359906673958594e-26,4.7106217264332833e-17,6.268059950734859e-17,2.87006733842824e-15
3.22e+22,0.0002522100848559165,0.9997477320562732,2.2397404093025574e-08,6.188384373547008e-09,2.9273082369897925e-08,5878.416115898301,8.685715087207036,1.367472497428603,7.562469029978021e+25,1.61152335882264e+25,1.7740108103244933e-14,2.527610355201084e-21,3.533817478979862e-21,4.8893695076842294e-23,1.2948322961472999e-23,8.880863169244546e-16,1.0744817610168787e-15,2.508193859252408e-14
3.22e+22,0.00012377114416774312,0.9998762149371048,5.9798528421252595e-09,1.7689095114578917e-09,6.169965204194961e-09,5994.163947300298,12.686009393791924,1.5915656330385,1.0074974154867335e+26,1.4518752518862632e+25,2.187453979685458e-14,1.075601470155661e-20,1.4862951431914608e-20,1.8787665456421446e-22,3.3363075730264096e-23,1.8278378847262622e-15,2.163262087552657e-15,4.360181772678558e-14
3.22e+22,0.001381519159932696,0.9986178967191258,3.1496739775411725e-07,1.0042110003768766e-07,1.6873244367431025e-07,7625.221614117502,0.41686770008273394,0.9828687472367453,4.2730070852223007e+24,1.9867388069556074e+25,1.1350335701085203e-14,2.5368260675911143e-23,3.381570875903106e-23,4.067231526311542e-25,3.2600845948478603e-25,1.2302102600585944e-16,1.5857168140126953e-16,5.762046126249763e-15
3.22e+22,0.00036812496278901236,0.9996317579023268,4.528473232667009e-08,1.2476837445931408e-08,5.937331423072194e-08,5920.963478147436,2.5854117232146328,0.9164400111634565,3.2657386278106306e+25,2.0711995920333605e+25,1.0327780318095645e-14,5.9059861591964824e-24,7.277660909177943e-24,5.638822590118566e-26,6.231553274346813e-26,7.435679452866357e-17,9.745310353833423e-17,3.99376928703425e-15
3.22e+22,0.00041477997454830885,0.9995850988028758,4.915666127714602e-08,1.365658180082662e-08,5.840933274936661e-08,6144.955666413787,6.0139950315489425,1.200778615283771,5.680876082027577e+25,1.7545103178568958e+25,1.486541112343697e-14,5.153889448810552e-22,7.104377284520326e-22,9.452139278646553e-24,2.7449409424206603e-24,4.3807252773285416e-16,5.419580341725214e-16,1.473296818387899e-14
3.22e+22,0.0005442475250367145,0.9994555478848887,8.232538275664946e-08,2.280189583308987e-08,9.946279604967007e-08,6156.313220551813,0.07403984085602064,0.7950914863571333,1.0397591751203185e+24,2.2472494866204016e+25,8.512604913735035e-15,3.567775038618553e-25,4.356342774345985e-25,4.401538936699501e-27,7.384476221693323e-26,2.4118802279780558e-17,3.2819441913625414e-17,1.7738441151275001e-15
3.22e+22,0.0023827895276306004,0.9976157199210725,8.623993593351857e-07,3.206233717482671e-07,3.075285659612801e-07,8415.775291729058,3.756106037244645,1.1889679177519477,3.010423034836727e+25,1.7656798669546833e+25,1.4668520521411386e-14,5.717381710655049e-22,8.400242344433408e-22,1.5429694086596824e-23,1.2455981507982262e-23,4.142405089264365e-16,5.133289098691486e-16,1.4122576698417686e-14
3.22e+22,0.0008822735053675482,0.9991174362625902,1.5589344497423207e-07,5.056022677117466e-08,8.377837042759096e-08,7352.7433849605295,4.388337163341467,1.1607113664092978,3.965571561175965e+25,1.7928691622780952e+25,1.419950283949984e-14,3.620006123336231e-22,5.107761520667741e-22,7.754881208744687e-24,3.614611084099912e-24,3.5929688345930585e-16,4.472965128557997e-16,1.2703793435116048e-14
3.22e+22,0.0015544095623285816,0.9984446395750874,5.750151260309582e-07,2.4836223060070314e-07,1.2748522739010008e-07,8393.836531887924,8.407898292565495,1.4042190912030899,5.9220383068780625e+25,1.583324949526048e+25,1.839973964464045e-14,5.156620567684574e-21,8.0445381909395e-21,1.8303765852754087e-22,1.9746319713163025e-22,1.0193889745091455e-15,1.227641448655584e-15,2.7810693995991787e-14
3.22e+22,0.001277452115110682,0.9987218787403902,4.030704577849477e-07,1.673068185463587e-07,9.876722282905854e-08,8158.221280212768,7.349038909840894,1.357966238875487,5.460925418324442e+25,1.6192095486529428e+25,1.7573503921385377e-14,3.311130803122555e-21,5.057799528288566e-21,1.0620123235280982e-22,9.507976880022279e-23,8.595325236000749e-16,1.0407163329021543e-15,2.44393631824661e-14
3.22e+22,0.0006022453810345885,0.9993975363781337,9.075759452487569e-08,2.520739375520896e-08,1.0227584350632991e-07,6318.345109751739,0.36023154621786396,0.8193176368611773,4.847141571707787e+24,2.209602464517609e+25,8.869767512058763e-15,6.852412546048814e-25,8.374535838176835e-25,7.536960295497192e-27,8.180695413479469e-26,3.0988802958823306e-17,4.181392709890818e-17,2.122832742572789e-15
3.22e+22,0.0002802437642803023,0.9997197083796011,2.4344933859637796e-08,7.871636956041049e-09,1.563954766679805e-08,6654.495715001164,11.281040453619397,1.5142772706803114,8.738423260970439e+25,1.5036762041129116e+25,2.0416899252650387e-14,8.68458247835394e-21,1.2683004793115378e-20,2.126833904561297e-22,8.549170548300632e-23,1.4636445759813996e-15,1.743413101519863e-15,3.669275349375509e-14
3.22e+22,0.0013027662082093316,0.9986965708693721,3.967602740054877e-07,1.6083125719761514e-07,1.0533088726180197e-07,8120.727066056786,7.553437842926027,1.3641791118108892,5.575991243786018e+25,1.6142941871330004e+25,1.768368797811043e-14,3.5168713365867094e-21,5.386121801570743e-21,1.14236348809874e-22,1.0459662790493058e-22,8.800069795511879e-16,1.0647150655207578e-15,2.4878601810609062e-14
3.22e+22,0.0006713414760985513,0.9993284687306093,9.411122238212814e-08,2.8379510328813207e-08,6.730255926803311e-08,6965.647576855278,5.1544619842856205,1.1865809076879985,4.684923224659955e+25,1.7679222652208422e+25,1.4628520852798717e-14,4.795759139301068e-22,6.748572011402074e-22,1.0030849774607807e-23,4.136486216942402e-24,4.0913273756851026e-16,5.072312573816386e-16,1.3996101174854002e-14
3.22e+22,0.0004946279491003918,0.9995052388559821,7.652070807023957e-08,2.802054095106733e-08,2.8653668407273895e-08,7251.5047087149915,9.803327329049383,1.452413149065569,7.4915590449767545e+25,1.5474725412914863e+25,1.9273782623628082e-14,6.337770824356363e-21,9.48561492947039e-21,1.7933681561223915e-22,1.0581416516951954e-22,1.2021543305165767e-15,1.4404966795657952e-15,3.154743466343488e-14
3.22e+22,0.0005208901710983349,0.9994789790180122,7.134196074898615e-08,2.4186818409012098e-08,3.528211037871595e-08,7120.010102148394,7.363584760886103,1.3326631836192535,6.109840093768146e+25,1.639496200273439e+25,1.7126733469976932e-14,2.2328188881199553e-21,3.2458693800651656e-21,5.474608237753674e-23,2.6295490821587902e-23,7.784963890968015e-16,9.456375266255794e-16,2.2685759019531078e-14
3.22e+22,0.0001902805393044218,0.9998096932882706,1.205098649656008e-08,3.669709845477875e-09,1.0451728635647798e-08,6291.775903369964,12.196260257596826,1.5576411378707353,9.520254765921907e+25,1.474285386756363e+25,2.1231402470591882e-14,1.0285790660357981e-20,1.468659152798248e-20,2.199257453234668e-22,5.321449743252485e-23,1.6638045648090062e-15,1.9743348341610876e-15,4.051424764950555e-14
3.22e+22,0.0004538195852698941,0.9995460770291291,5.153083794874938e-08,1.608051902789215e-08,3.5774244000752316e-08,6795.872028408009,8.257591338114244,1.3668859572035852,6.77245774581636e+25,1.6120864862881565e+25,1.7730868014196772e-14,2.9773231126381312e-21,4.333776555207026e-21,7.309770433369739e-23,3.3828103212065167e-23,8.877422651848518e-16,1.0739175178457924e-15,2.5057856738076016e-14
3.22e+22,0.00048526969210125866,0.9995145366632031,7.51110693201509e-08,2.072396380694151e-08,9.780966265448319e-08,5968.343504099086,0.08547035469837119,0.7710238310705482,1.2560692166655351e+24,2.2860078315671314e+25,8.160320736862781e-15,1.7953083966441234e-25,2.2114866716526716e-25,2.7230391742523508e-27,6.293405902770683e-26,1.8521237450524246e-17,2.5428263925982865e-17,1.468888915586942e-15
3.22e+22,0.0006174423888311562,0.9993823377636174,9.24751394833697e-08,2.571622785860558e-08,1.0165618414268442e-07,6371.738765512265,0.6312292882261945,0.8332030054616063,8.321922101892767e+24,2.18861876965601e+25,9.075637740824004e-15,9.765485466827544e-25,1.1966334546229231e-24,1.0407280519127824e-26,8.554049690084951e-26,3.554883254204977e-17,4.7746749726970956e-17,2.342851136056176e-15
3.22e+22,0.0005173207876688585,0.9994824786999597,7.924846365105654e-08,2.191275982733274e-08,9.935114811461802e-08,6066.620136006446,0.1826604567997892,0.7844521819785152,2.616699455183506e+24,2.264212351791807e+25,8.356562257385604e-15,2.6452570513476816e-25,3.236966241792658e-25,3.5273122802451344e-27,6.903984055911929e-26,2.1502844004957306e-17,2.9373291074320525e-17,1.634055708682521e-15
3.22e+22,0.0006759961847877416,0.9993237618561553,1.0402485341109881e-07,2.8996402461847937e-08,1.0893780096510739e-07,6480.77924527707,0.6339247715317916,0.8466675975048688,8.139905140105332e+24,2.1686709987166135e+25,9.276083007496401e-15,1.3734852817451094e-24,1.6944986982886882e-24,1.4827688979791457e-26,9.480313135166392e-26,4.044321475507187e-17,5.4086652859528004e-17,2.570695847126334e-15
3.22e+22,0.0005090876677663014,0.9994907116029138,1.2440408943927903e-07,5.400371057726483e-08,2.232152003513018e-08,7641.643323030849,11.78315906455193,1.5358757360511313,8.479321361223471e+25,1.4891399043304016e+25,2.0824353745104967e-14,1.2058438180776879e-20,1.845474741633673e-20,3.802174488904494e-22,2.668465048411211e-22,1.566151702804067e-15,1.8612860477047574e-15,3.8618299373922455e-14
3.22e+22,0.0003635210894448348,0.9996363756627743,6.28127512890711e-08,2.5378861673835456e-08,1.5056167880087594e-08,7284.130597117385,12.23301163126091,1.5558808542829277,8.97998614463854e+25,1.4757018178278248e+25,2.1201456046503023e-14,1.2690923242459627e-20,1.9075707090274438e-20,3.6273352257020823e-22,2.004477032751598e-22,1.6602122668995581e-15,1.9696990295758837e-15,4.040216808243037e-14
3.22e+22,0.00047439664203949246,0.9995253909032715,8.025222654658175e-08,2.2056474220190765e-08,1.1014598829804901e-07,5828.6425354335,2.968614623836785,0.936264296792245,3.5648944162702373e+25,2.045193390996923e+25,1.0630705025235606e-14,9.18302761645221e-24,1.1548536655119174e-23,1.0051521434884796e-25,8.516015363925202e-26,8.702072617786016e-17,1.1345909746712032e-16,4.477301218176649e-15
3.22e+22,0.0014193482865320346,0.9985800130523058,3.63068485849962e-07,1.2754305371765068e-07,1.480496224454737e-07,7879.2991542756845,0.7454037173867466,1.020126645255969,7.333869919532667e+24,1.942506982694538e+25,1.1933343333488267e-14,4.860012444538008e-23,6.588940413587783e-23,8.54511575992194e-25,5.215245791077678e-25,1.586472721154032e-16,2.0279840134584956e-16,6.9423517983324594e-15
3.22e+22,0.0005055077025865708,0.9994942954598598,7.736862649778022e-08,2.1381565644113515e-08,9.808736132472551e-08,6036.655882292778,0.06014846777433588,0.7796782735397693,8.694991833005201e+23,2.271911100036357e+25,8.286706167491676e-15,2.3078641408738225e-25,2.8291629393199483e-25,3.208662295596877e-27,6.686873123242844e-26,2.0403205027970153e-17,2.792059061307612e-17,1.573919193693444e-15
3.22e+22,0.00015489377551958724,0.9998450871514195,9.235831759186768e-09,2.939129617970872e-09,6.898099476728641e-09,6294.966279162447,13.053447268172183,1.6017574152081275,1.0081911658055914e+26,1.4455013829583286e+25,2.2072442414456816e-14,1.2712769366089195e-20,1.798366637184532e-20,2.5603719618233023e-22,6.248230430739985e-23,1.883581585004755e-15,2.226886216135081e-15,4.4596476008940284e-14
3.22e+22,0.00019551105221112913,0.9998044584347031,1.269119637853732e-08,3.631538041279837e-09,1.4190351260094145e-08,6065.080632391578,7.999099573175875,1.3462990719228,7.267365135149625e+25,1.6283190780171513e+25,1.736494305934307e-14,1.9155076549055553e-21,2.6118211161590493e-21,3.1796404504460334e-23,6.00628180601623e-24,8.187404145737637e-16,9.931741753696028e-16,2.3591037882692827e-14
3.22e+22,0.0007837825340390825,0.9992159643995361,1.2105966810098622e-07,3.520285207740647e-08,9.680390452498111e-08,6909.276357098345,2.07438358213966,0.9691934035033742,2.279422735083658e+25,2.003517179126197e+25,1.1138071965911047e-14,1.8638968611880455e-23,2.4272852224636956e-23,2.5641617386031734e-25,1.727044579709557e-25,1.1150928470673052e-16,1.4419972658384414e-16,5.3632321682010995e-15
3.22e+22,0.001148434757513101,0.9988511291776706,2.2788295857344401e-07,7.021673280363414e-08,1.379651249536566e-07,7399.910158531712,1.3897320259288473,0.9846716006365702,1.4467140025266043e+25,1.9845479500348116e+25,1.1378380493812487e-14,2.5772778249434613e-23,3.420842578307594e-23,4.0082371631500773e-25,2.834013773282598e-25,1.2459141262565737e-16,1.6052974847905992e-16,5.815858064053072e-15
3.22e+22,0.0012406517857388743,0.998758856333602,2.594395495313965e-07,8.053720247610299e-08,1.5190390698473455e-07,7476.873111959101,0.4378304492344613,0.965336606578532,4.6183529198817326e+24,2.008308474234353e+25,1.1078397000080884e-14,1.8219666762982878e-23,2.4031561518788592e-23,2.7477934615272517e-25,2.5287074176009576e-25,1.0843416072910253e-16,1.403499752420774e-16,5.2544901322918475e-15
3.22e+22,0.00044935242891436017,0.9995505425055136,4.8266766269588024e-08,1.4040026813715224e-08,4.275877911041847e-08,6593.5466428128675,4.983375562320191,1.1573061189481884,4.845839324382341e+25,1.796183882801589e+25,1.4143117621849251e-14,3.0779544544813113e-22,4.202842914037284e-22,5.3786629772107075e-24,1.5211798639603501e-24,3.5280241112645146e-16,4.394942117977095e-16,1.2535786684402799e-14
3.22e+22,0.0024241389460550504,0.9975742798411491,9.239408812173558e-07,3.56086777848074e-07,3.011851368822456e-07,8512.837382881738,5.069639730057142,1.2573237448922943,3.829442742635602e+25,1.7032885338282503e+25,1.5822489383604446e-14,1.2696044546308593e-21,1.9131771658035068e-21,3.87255972266458e-23,3.679276787989174e-23,5.693278777750985e-16,6.983797346116687e-16,1.791615475903188e-14
3.22e+22,0.0007856101819202781,0.9992141494353332,1.2206332947975933e-07,3.7224871663897727e-08,8.10945453037318e-08,7114.070735095846,3.6841002464339523,1.0967613085596453,3.5676147438803035e+25,1.857801636252165e+25,1.3155188599739557e-14,1.4927820038256314e-22,2.047717574124593e-22,2.7397440202147313e-24,1.0625587480461009e-24,2.539399994183698e-16,3.196942772575888e-16,9.820012427491554e-15
3.22e+22,0.0006751331737922126,0.9993246777441763,9.887780815433033e-08,3.141234774102855e-08,5.8791875639075994e-08,7131.857367256941,5.1829856937117285,1.200254622759687,4.653951739835968e+25,1.7550314705408387e+25,1.485691983208268e-14,5.668407257144501e-22,8.016029130189048e-22,1.217085744438232e-23,5.205862253633942e-24,4.3733241581308136e-16,5.41035154658139e-16,1.4709844624851394e-14
3.22e+22,0.0025778274926625136,0.9974204760666758,9.829893514302144e-07,3.691375174190582e-07,3.443137926604093e-07,8507.67966813764,4.559004674692185,1.2311196815911876,3.4997555934519028e+25,1.7266608379529988e+25,1.5376798762202255e-14,9.495536675725348e-22,1.41952592560043e-21,2.791469298575066e-23,2.553841305896959e-23,5.060116813459222e-16,6.230489910606975e-16,1.6400734691821067e-14
3.22e+22,0.00043177987753828425,0.9995680423535257,6.714646405840025e-08,1.8438176105898153e-08,9.218429593758525e-08,5819.374251398427,0.8269794980335509,0.7743504019357189,1.2255806344050716e+25,2.2805667072213695e+25,8.208858693051372e-15,1.9377140607663535e-25,2.3597443157645994e-25,2.6594320691071943e-27,5.768537252768548e-26,1.9225688561821012e-17,2.6362372374379983e-17,1.508599737596101e-15
3.22e+22,0.0019872096963167094,0.9980115885203867,7.097917070574721e-07,2.806136442388399e-07,2.1137794540220313e-07,8401.210075592651,5.446272654595637,1.2739664136074333,4.135082841689461e+25,1.688776823085107e+25,1.6107709954721728e-14,1.4968519595552668e-21,2.257236375365943e-21,4.563693114814487e-23,4.1695823017164865e-23,6.12084490767725e-16,7.491040578177552e-16,1.8917816548972607e-14
3.22e+22,0.0017248319752053642,0.9982742905037695,5.027626456502147e-07,1.79955615638686e-07,1.9480276401926944e-07,8068.518128626374,3.0005274556904937,1.1292918314252485,2.6116282975385185e+25,1.8241734374451079e+25,1.3683604451437479e-14,2.571522758470103e-22,3.664232419314954e-22,5.9099348526479306e-24,3.6941044492065345e-24,3.0449919226313235e-16,3.8109230505345255e-16,1.1232554788374209e-14
3.22e+22,0.0004642189772808207,0.9995355920272244,7.24302681775413e-08,1.994881689445049e-08,9.661640967965591e-08,5902.241429290025,0.02220442803539646,0.762308568423509,3.319602347848922e+23,2.300388502298371e+25,8.033378976048693e-15,1.3879470454933967e-25,1.7249974155473564e-25,2.3657802066957683e-27,6.037911699935129e-26,1.6765408428843318e-17,2.309537109331253e-17,1.3682155110818005e-15
3.22e+22,0.0004588261558814005,0.9995409956090179,6.881353232182668e-08,1.896922249383737e-08,9.045234590344452e-08,5938.67280330982,1.0019258194163312,0.7978186195011003,1.428391048927903e+25,2.242942655481613e+25,8.552678066703108e-15,3.743500282348783e-25,4.517587308578082e-25,4.134362495951747e-27,6.205447802196081e-26,2.4823683197233335e-17,3.374623585001629e-17,1.8108900359157327e-15
3.22e+22,0.0009053079520317924,0.9990943913639388,1.608913376349046e-07,5.177256581506583e-08,8.80201257956514e-08,7357.059864560974,3.7610447308231536,1.1205864827979997,3.5126348991706715e+25,1.833041548186473e+25,1.3541578542775555e-14,2.129968033181098e-22,2.9644188292279314e-22,4.247952447668834e-24,1.8606534016384406e-24,2.9029777184332084e-16,3.638870121281967e-16,1.0842658996487965e-14
3.22e+22,0.0002887328510714829,0.9997111920791362,2.9008107368021924e-08,7.999343856980096e-09,3.8062341067298256e-08,5888.501620108234,4.058185293640372,1.0424049472603207,4.610825041721976e+25,1.9170099250067315e+25,1.2285111867346886e-14,5.405017795440671e-23,6.906758435652366e-23,6.272685830944352e-25,1.2316834234521029e-25,1.8288389316740373e-16,2.327273751956991e-16,7.711418073357187e-15
3.22e+22,0.000547372682845359,0.9994523927936347,9.16379452118829e-08,2.5327227619172318e-08,1.175583471505425e-07,6018.066461134036,1.7900940277359145,0.8578720260781271,2.3181874546958603e+25,2.1523604082693e+25,9.443482699972975e-15,1.73922488707283e-24,2.1334187529841118e-24,1.7447028179423493e-26,8.002939826103498e-26,4.4879828777691515e-17,5.981297996195411e-17,2.7712051476886518e-15
3.22e+22,0.001289450642258294,0.9987098303796677,4.3599028957462087e-07,1.8705102198214195e-07,9.593676252806071e-08,8236.5517915008,8.77038897648084,1.417271198104914,6.235465265680639e+25,1.5734739055041808e+25,1.8635234203973413e-14,5.641258990625233e-21,8.773191243567463e-21,1.9660489498137379e-22,1.9879830457093745e-22,1.067398167221878e-15,1.2836208365528048e-15,2.880187479751646e-14
3.22e+22,0.000582398286981341,0.9994174511974673,7.643155874825018e-08,2.3796003749240725e-08,5.028798885993491e-08,6971.03543077982,6.784293460704453,1.2898256126767806,5.751949796858091e+25,1.675140291278862e+25,1.6380635598178184e-14,1.4901614137925224e-21,2.1521682270452406e-21,3.548745113737031e-23,1.683635644954982e-23,6.540945103752427e-16,7.989049220642178e-16,1.989386475829439e-14
3.22e+22,0.0005220926488732821,0.9994777075051472,7.935416657389448e-08,2.195032277186305e-08,9.854149034546972e-08,6090.599786378795,0.03129213317882535,0.7865217622201258,4.465662615969498e+23,2.2608917670354092e+25,8.386877338636138e-15,2.8060258054289053e-25,3.433587437931755e-25,3.703009934266784e-27,7.09425687493192e-26,2.1993711292482595e-17,3.0020942662663324e-17,1.6606229162301097e-15
3.22e+22,0.0014520795818271453,0.9985472864209166,3.4624999523854714e-07,1.1246334959281104e-07,1.7528391128928337e-07,7711.3905263936595,1.1681407979691074,1.0109063794161643,1.1576911167085704e+25,1.953255631858372e+25,1.1788407550678189e-14,4.164405386663222e-23,5.626513842241951e-23,7.19285147987562e-25,4.683275826189258e-25,1.4921800933831013e-16,1.9112740669421875e-16,6.637155293544081e-15
3.22e+22,0.000705333664201807,0.9992944501494946,1.0212587535768696e-07,2.9624276697933274e-08,8.443615147099439e-08,6827.210498076818,3.5166988218928736,1.0615498856459313,3.559525713142795e+25,1.8957215134462768e+25,1.258986217651147e-14,8.700111715044998e-23,1.172155697623464e-22,1.4402069928423085e-24,5.192179463077836e-25,2.0619969138051907e-16,2.613524257615406e-16,8.42041585581485e-15
3.22e+22,0.0018502900200729191,0.9981485654144956,6.837890855406799e-07,2.826240167299832e-07,1.7815232905266993e-07,8437.207869430773,6.989325600332229,1.3454814016680794,5.05369431430236e+25,1.6291892631528524e+25,1.735295228201055e-14,3.06757224709573e-21,4.726670113302368e-21,1.0328146922688032e-22,1.069680630635237e-22,8.194906181114007e-16,9.937075775925921e-16,2.3571307841766397e-14
3.22e+22,0.0004466350766866027,0.9995531769699144,7.109574957215779e-08,1.9535810143841212e-08,9.732183934904738e-08,5831.065041613732,0.12040462200031074,0.7536412598372125,1.8303086844709708e+24,2.3148768314493833e+25,7.907466814546254e-15,1.0700647597609466e-25,1.3458762823522823e-25,2.071758499484689e-27,5.73078780456536e-26,1.5150769264755426e-17,2.0942882000065382e-17,1.2730372529202349e-15
3.22e+22,0.001686403052100994,0.9983125530993359,6.284632939321341e-07,2.6745167005445405e-07,1.479335991172499e-07,8426.077164598371,8.11075287884641,1.3918900701582246,5.7175951100695015e+25,1.5927381986912604e+25,1.8178223222155546e-14,4.666464818638135e-21,7.273235444340265e-21,1.6523933854429018e-22,1.805435701960888e-22,9.751944293499271e-16,1.17605018344964e-15,2.6890235726830237e-14
3.22e+22,0.001113802557686205,0.9988857370334776,2.668654010950244e-07,9.828650339029592e-08,9.52569316130832e-08,7801.303019401988,5.95016465832531,1.2767222305663628,4.770726224861768e+25,1.6863868450798156e+25,1.6154977266612683e-14,1.4471129371807312e-21,2.1435116387267857e-21,3.992563955283545e-23,2.789281483903419e-23,6.191825421564033e-16,7.575347913999065e-16,1.90847070035894e-14
3.22e+22,0.0012434483559781767,0.9987560578584054,2.6334471050866945e-07,8.301053637720566e-08,1.4743036958563552e-07,7520.831086921034,1.5580675218026954,1.0052985543356432,1.5756887062305111e+25,1.9598550330375827e+25,1.1700466576060155e-14,3.731586963965184e-23,5.0086933050303385e-23,6.186695255241292e-25,3.831300692475299e-25,1.4368011624508732e-16,1.8426236038204312e-16,6.455717101976028e-15
3.22e+22,0.0019919514937529487,0.9980069050375299,6.658625923048057e-07,2.504129536610448e-07,2.2719317114927722e-07,8292.848566639392,4.237872997150169,1.2080746691501207,3.3965477719073536e+25,1.7477673556807295e+25,1.4988242873232566e-14,7.110591712919415e-22,1.047650889205292e-21,1.938473210413939e-23,1.5238345179901167e-23,4.543022475050861e-16,5.613137506331642e-16,1.513058560014774e-14
3.22e+22,0.0006073319409868569,0.9993924793901677,8.304079627733822e-08,2.3350530116678978e-08,8.227751904122487e-08,6544.803145190175,2.217593132287627,0.9429902192379614,2.5738925895718344e+25,2.0365355421086045e+25,1.0733936392235482e-14,1.0950612656340973e-23,1.3964224570774177e-23,1.3200728052603574e-25,1.1312739961051767e-25,9.169263902431668e-17,1.1934066596199907e-16,4.650314133474561e-15
3.22e+22,0.0006802580125470185,0.999319504276845,1.0328825137801829e-07,2.8849924134301937e-08,1.0557243241385216e-07,6524.105394959652,0.10842905496251379,0.8423416167496623,1.3989102038493092e+24,2.1750380750491346e+25,9.211596588413537e-15,1.2382305468738835e-24,1.5267519828171264e-24,1.3485747510671842e-26,9.601275660221528e-26,3.881945573069136e-17,5.1986154696489246e-17,2.4959394257166685e-15
3.22e+22,0.0005855235782240957,0.9994142630606954,8.799651898826467e-08,2.44241719340412e-08,1.0094038959788256e-07,6277.541208330476,0.0428278940754322,0.8105295454953662,5.846549196212146e+23,2.2231045422434497e+25,8.739909182578425e-15,5.436486841056988e-25,6.637552797557456e-25,6.1748293695301956e-27,7.92876823155583e-26,2.834328440930051e-17,3.835899921537973e-17,1.9912037611488428e-15
3.22e+22,0.001000671905633335,0.9989989766998757,1.8790561138106835e-07,6.010425167034242e-08,1.0338462800086578e-07,7409.419483101866,2.207004896598177,1.0282591679257176,2.2271976061126027e+25,1.9331277534719933e+25,1.2061525126082963e-14,5.372567377183744e-23,7.234464752610787e-23,8.992786341284977e-25,4.360075911431739e-25,1.6728805513783817e-16,2.1347632091266751e-16,7.218431710099365e-15
3.22e+22,0.0027599133483356283,0.997238261750564,1.0415932588810765e-06,3.7400213160043856e-07,4.093057096845376e-07,8463.034598037368,0.6195477968158982,1.0753707632986904,5.4439336386581e+24,1.8806540898876589e+25,1.2811035534760847e-14,1.2239235008581557e-22,1.723503997428236e-22,2.6740775040774892e-24,1.9476959839062487e-24,2.2420989785196673e-16,2.8339719909110143e-16,8.9553907245918e-15
3.22e+22,0.0008097424393228406,0.9991899783761707,1.291411797225974e-07,3.665396673939945e-08,1.1338936007801504e-07,6811.779756391792,0.09545276899470784,0.8789155415438377,1.1569962971715175e+24,2.1224338128261167e+25,9.759440927634975e-15,2.9734372535405347e-24,3.732458512311086e-24,3.4256125176490685e-26,1.1862448435842953e-25,5.4235017538035765e-17,7.182488957920882e-17,3.176772102005574e-15
3.22e+22,0.0018096518194106422,0.9981893001851,6.20430010722266e-07,2.460021344204643e-07,1.815633441414249e-07,8330.003228070564,6.600006680081843,1.3241874502861724,4.860871167338144e+25,1.6464801351893893e+25,1.6978821092282837e-14,2.48771300262781e-21,3.804444435448629e-21,8.085530259118071e-23,7.931582184425669e-23,7.536481240595919e-16,9.16292845613931e-16,2.2126699277265253e-14
3.22e+22,0.0005487297321380224,0.9994510880523937,7.612220698477258e-08,2.1186212855825146e-08,8.490704829871351e-08,6316.806428986675,1.7110367563005395,0.8845093507204621,2.1454622384637283e+25,2.114623003885269e+25,9.843748511776405e-15,3.2034710342656874e-24,3.9693217294251605e-24,3.30900632333764e-26,8.373500630449039e-26,5.693309381704353e-17,7.527788384993678e-17,3.290582014909521e-15
3.22e+22,0.0006070180908278755,0.9993927380602502,9.875049052766162e-08,2.7366760930166355e-08,1.1773167043652425e-07,6202.654423582841,0.6038436451720051,0.8110801009050896,8.205884844729836e+24,2.222253141916773e+25,8.748033401849927e-15,5.533215143074607e-25,6.767964958181026e-25,6.366235549831625e-27,8.220382888244086e-26,2.850271913230226e-17,3.8567616356082096e-17,1.9992556503913855e-15
3.22e+22,0.0023002173875874984,0.997698301696064,8.69441286463222e-07,3.3990998470847363e-07,2.7156507715413683e-07,8498.003284123946,5.981512008499845,1.2988446118901564,4.3911389870519e+25,1.667554106091e+25,1.6537308932475078e-14,1.9678686814125925e-21,3.004348005792867e-21,6.375602748211042e-23,6.518733401858928e-23,6.798898231155741e-16,8.293116817623852e-16,2.047313228996211e-14
3.22e+22,0.00046631475665710845,0.9995335635651067,5.3078115266981305e-08,1.501180429194468e-08,5.358831660479162e-08,6444.488069875206,6.308736799923613,1.2360285824089812,5.715444888321127e+25,1.7221807747172162e+25,1.545945731894324e-14,7.960760482346481e-22,1.117184396312819e-21,1.6171290363155074e-23,5.6604597940907056e-24,5.168059133508708e-16,6.359862356625157e-16,1.6670623313659967e-14
3.22e+22,0.0020675845760538226,0.9979312731192477,6.48509733451165e-07,2.2677115254471266e-07,2.670238124803382e-07,8162.538175765952,2.189854253374265,1.095962785104329,1.9336698747465605e+25,1.8586531801547872e+25,1.3142365445300994e-14,1.6308257482628335e-22,2.3029761137578983e-22,3.593431274267847e-24,2.329400686922032e-24,2.528705664305817e-16,3.1838146179459475e-16,9.788046198627515e-15
3.22e+22,0.0005716688161189239,0.9994281217711181,8.577416361195047e-08,2.379208681911087e-08,9.98465124842784e-08,6242.968404708242,0.641503070771653,0.8176534349688198,8.698512187299775e+24,2.21214566150942e+25,8.845149092638415e-15,6.519674842711411e-25,7.948013009325307e-25,7.081335837706552e-27,7.826336441182007e-26,3.047288038307211e-17,4.114105463707602e-17,2.0974353352987752e-15
3.22e+22,0.0007924125670385313,0.999207325333469,1.2338344829354202e-07,3.5421915210797364e-08,1.0329412885268476e-07,6864.046424004666,0.6725760762191582,0.8954439932120425,8.012646988561762e+24,2.0995410199216294e+25,1.000900208638297e-14,4.272203218190881e-24,5.393314744695046e-24,5.011306811690571e-26,1.2043845420637902e-25,6.253776940956784e-17,8.242965259614643e-17,3.5216942905619343e-15
3.22e+22,0.0006062374108582635,0.9993935681332966,1.1451152757382147e-07,4.382924695143305e-08,3.611507076773458e-08,7456.923502283211,8.856683791727354,1.4139089205742676,6.813879309482072e+25,1.5759441351441736e+25,1.857376973159153e-14,4.821035873002073e-21,7.229038148829423e-21,1.386109913283312e-22,8.836528503817863e-23,1.0538733429855795e-15,1.2679763318837752e-15,2.853463072518145e-14
3.22e+22,0.0006394513808653485,0.9993603070142048,1.0066414155215529e-07,2.7953605848810426e-08,1.1298718254272875e-07,6338.221320120211,0.6186830621278218,0.8284406958706922,8.175986292729445e+24,2.1957678183261896e+25,9.004933925596778e-15,8.70041971346071e-25,1.067057333875831e-24,9.502322263672377e-27,8.779220030024452e-26,3.393064368697768e-17,4.5644476297125727e-17,2.265701444842819e-15
3.22e+22,0.0015691122383582072,0.9984301164183811,4.4478994154893135e-07,1.622202592725708e-07,1.6433305990891376e-07,8029.82539880127,3.730996081287972,1.1663611100180664,3.1700428770749984e+25,1.7873692711123124e+25,1.4292963281516107e-14,4.160967543338509e-22,5.998318034055596e-22,1.01214115056213e-23,6.5206271428424825e-24,3.699360940555647e-16,4.600984251136201e-16,1.2981343561650077e-14
3.22e+22,0.0020956449774059147,0.9979030133929795,7.958358319161988e-07,3.2237195748200034e-07,2.2342182530881381e-07,8496.701023785345,6.661035458339052,1.3308908990446844,4.811821676688079e+25,1.6409997821537657e+25,1.7096324647053127e-14,2.6944172084688614e-21,4.147253831671789e-21,9.049390669548834e-23,9.56403275381307e-23,7.740465569424337e-16,9.402920269283314e-16,2.2576597554155532e-14
3.22e+22,0.0009999330944017654,0.9989997081607491,1.982828462056264e-07,6.666468487551611e-08,9.379731817091535e-08,7530.21331234837,3.826034233218292,1.1378817830521764,3.483357164800438e+25,1.8154985078892239e+25,1.3824062773593068e-14,2.7295143686886172e-22,3.837469992089378e-22,5.761870724803486e-24,2.7621286339534518e-24,3.188325576318704e-16,3.984470485589105e-16,1.1623617828527467e-14
3.22e+22,0.0007174847976361906,0.9992822693442468,1.0937186646797466e-07,3.070288959123622e-08,1.0578336088539753e-07,6629.796022669218,0.6494191886190036,0.8656796276674081,8.096604337090409e+24,2.1411544850163344e+25,9.560484955185634e-15,2.1687575145352328e-24,2.697491668326416e-24,2.3851189291766893e-26,1.0356142174919326e-25,4.820338133225303e-17,6.408820908801463e-17,2.917474168435519e-15
3.22e+22,0.0011132459793003608,0.998886222537698,3.194514618213166e-07,1.3030152939968177e-07,8.17300104421242e-08,8020.686604667821,7.373953663324428,1.3563689035947504,5.56235127774598e+25,1.6204729694630584e+25,1.754515287944759e-14,3.202184604468455e-21,4.862849477573888e-21,9.957963951432193e-23,8.267918981067806e-23,8.542268754298198e-16,1.034505142590109e-15,2.4326189545629933e-14
3.22e+22,0.0008643699967005454,0.999135277058889,2.1140628940517948e-07,8.433547230308976e-08,5.720264873463187e-08,7797.666276969301,8.313569204674534,1.3938678292950113,6.259189496669842e+25,1.5911896955637669e+25,1.8213311111681896e-14,4.331837564985069e-21,6.577874095533526e-21,1.33741720323219e-22,1.0357859049734042e-22,9.816346557662345e-16,1.183639501421574e-15,2.7031184515849466e-14
3.22e+22,0.0026096416082118314,0.9973886875061201,9.54248355868843e-07,3.421999227911634e-07,3.7443738948910357e-07,8410.881885245706,0.5971103154115487,1.0706655587652554,5.295436556565547e+24,1.8857586759299652e+25,1.2735649003740517e-14,1.136082266856288e-22,1.5950119475195147e-22,2.4411682671747325e-24,1.7441824542646784e-24,2.1799212595673256e-16,2.7578974250952583e-16,8.771441391372523e-15
3.22e+22,0.0006453163286974624,0.999354465476795,9.460236723277734e-08,2.6449113927188248e-08,9.714302650074509e-08,6502.159816889665,2.416086215926807,0.9520882078356113,2.758940270868528e+25,2.0249385050434225e+25,1.0873873464791912e-14,1.315235981754828e-23,1.6877070313011814e-23,1.6480632053011648e-25,1.2669988336477377e-25,9.824772076926833e-17,1.275819362254922e-16,4.89026409600452e-15
3.22e+22,0.000886594510161558,0.9991129339420086,2.90656240702261e-07,1.3093131084224825e-07,4.996027825697326e-08,8075.836012937114,10.340183335428161,1.4794306253018603,7.3107665705054844e+25,1.5281809358018034e+25,1.9771788538249168e-14,8.865566277150904e-21,1.3797993980134253e-20,3.0717627721744316e-22,2.8362728900861384e-22,1.3151260404832087e-15,1.5713024950829661e-15,3.3771287035222254e-14
3.22e+22,0.002337221988852121,0.9976613486437038,8.237090555660321e-07,3.017955962352568e-07,3.038627920511346e-07,8367.499088336985,0.7170910175112921,1.0704158841496343,6.420343005053633e+24,1.8860302891089635e+25,1.2731651368162417e-14,1.1245916152527074e-22,1.5754179174404845e-22,2.3835676637017913e-24,1.6290121206512264e-24,2.1766460117557783e-16,2.753889896945892e-16,8.76173521225583e-15
3.22e+22,0.0006815079626209625,0.999318259305274,1.0206612927776057e-07,2.8572592167896958e-08,1.0209338355189126e-07,6561.2326452082425,0.9989238652330844,0.8705855649092645,1.2446342421014457e+25,2.134173851938421e+25,9.634133826343427e-15,2.4122535983772334e-24,2.9994107209409183e-24,2.620256419122492e-26,9.929289473586924e-26,5.037426772296164e-17,6.687650421102193e-17,3.011796857968379e-15
3.22e+22,0.0009437418949196168,0.9990557961304104,2.8203231570111604e-07,1.211491228158037e-07,5.879323132342394e-08,8015.347444547764,9.055741477516582,1.4293938199690424,6.587752040142633e+25,1.5644213830281015e+25,1.8854791164576414e-14,5.97120452390036e-21,9.195568762473708e-21,1.9738379600752295e-22,1.7253672071955642e-22,1.113004560714736e-15,1.3367519914473773e-15,2.973669700725646e-14
3.22e+22,0.0012757423044483854,0.9987237278141581,2.968475496035062e-07,1.0136078004982863e-07,1.3167306398051508e-07,7738.537750864162,0.7401988628656613,1.0036755919305864,7.480035233097252e+24,1.961774920241107e+25,1.167505159505453e-14,3.6400050919234166e-23,4.886159043112469e-23,6.043358280814609e-25,3.8558586927040997e-25,1.421124861009706e-16,1.8231677225785307e-16,6.403915955124177e-15
3.22e+22,0.0008173832341069276,0.9991823527471012,1.2866358947838752e-07,3.774862197564205e-08,9.760658040487655e-08,6994.605613779532,2.378488139749496,0.9971099348945727,2.527698661719283e+25,1.96957551419622e+25,1.1572328345550878e-14,3.092985812667133e-23,4.0822504880492794e-23,4.5945242821151405e-25,2.3774792233152173e-25,1.3584617847722132e-16,1.7453790736246994e-16,6.19625903643308e-15
3.22e+22,0.0022561089361530034,0.9977424812135282,8.239538769866942e-07,3.159987748302481e-07,2.6989766703655006e-07,8439.376540699415,5.510358089133372,1.275011023637404,4.1304379375639755e+25,1.687875872437457e+25,1.6125685528897364e-14,1.5297260689979304e-21,2.315336490872034e-21,4.7577771681970526e-23,4.580096538425107e-23,6.148599639644908e-16,7.523897402208989e-16,1.8981959760170778e-14
3.22e+22,0.000511441598042129,0.9994883605168792,7.808560672687481e-08,2.15864106513299e-08,9.821306131860108e-08,6055.8558715829795,0.5656622936639985,0.7918920892368263,8.031990998874158e+24,2.2523219901995312e+25,8.465627376748502e-15,3.240063402556988e-25,3.944081361221995e-25,3.966022928205722e-27,6.832427502690649e-26,2.3306704433821122e-17,3.175111633603451e-17,1.7309396514946332e-15
3.22e+22,0.0005339562075894393,0.9994658812508884,6.980006306724031e-08,1.9620482642043693e-08,7.312097641806226e-08,6407.442466513792,4.749788022625058,1.1226064786747514,4.677060396860663e+25,1.8309570413781323e+25,1.35743494894757e-14,2.0080620610027542e-22,2.733077100986343e-22,3.474075318330425e-24,1.0567227364795924e-24,2.9336790541883776e-16,3.6762751428556075e-16,1.092988213242528e-14
3.22e+22,0.00031090894150993993,0.9996890036905706,3.361276024892313e-08,9.255764167940292e-09,4.4499394982228604e-08,5878.576062615244,7.202472180638158,1.272315065160979,6.611242785935016e+25,1.6901020163367185e+25,1.607825456835e-14,1.064084864295354e-21,1.4717707150983032e-21,1.9606924359885676e-23,5.155693570652095e-24,6.063002466247879e-16,7.424000092343808e-16,1.880018094946788e-14
3.22e+22,0.001102473616409742,0.9988971112721196,2.2841042123841633e-07,7.59165509494782e-08,1.1078449860149202e-07,7571.906686543613,2.241307622757702,1.0463854208610823,2.2007387784027395e+25,1.9125723474535756e+25,1.2348502186765896e-14,7.276602325936112e-23,9.902847689623995e-23,1.2951032664626855e-24,6.276769918695039e-25,1.8779549082130743e-16,2.387442189000802e-16,7.859086622417909e-15
3.22e+22,0.0005221352116629698,0.9994776242567722,9.182937774507321e-08,2.5312717123420908e-08,1.2338946990583593e-07,5894.796542398276,1.747202155045562,0.8420650287530517,2.319152296937682e+25,2.1754424131209507e+25,9.207463082954762e-15,1.1824509758211159e-24,1.4404772730706754e-24,1.1694760849517944e-26,7.451539866122985e-26,3.870510121762675e-17,5.183942505724287e-17,2.4909454815253103e-15
3.22e+22,0.002218877128532261,0.9977797895744229,7.718053182862512e-07,2.863323212646504e-07,2.7515940531630184e-07,8352.080520401665,3.660452129775838,1.1812849611541314,2.972521063510282e+25,1.7729897785458346e+25,1.4540556326650985e-14,5.171059668246107e-22,7.563330106706063e-22,1.362918737138518e-23,1.0523181766195774e-23,3.9881137238815946e-16,4.948117567594142e-16,1.3728483012509806e-14
3.22e+22,0.0015713547620162217,0.9984277970480808,5.032605313085472e-07,1.9952371033123458e-07,1.4540566117473052e-07,8217.40582747613,5.607173907254402,1.2766656382717112,4.345324611475925e+25,1.6864437834562452e+25,1.6154093286133076e-14,1.506385031051774e-21,2.2580861229585492e-21,4.441302070621653e-23,3.688053433355187e-23,6.191584266261507e-16,7.574916911176102e-16,1.908261179612334e-14
3.22e+22,0.0021043707876442688,0.9978944009922804,7.118828316446822e-07,2.641639404759679e-07,2.5217330315092113e-07,8310.260682145876,2.242859379529538,1.1134582046217905,1.945232790962202e+25,1.8403848415649404e+25,1.3425711916988328e-14,2.097153078268794e-22,2.983809004454297e-22,4.8047996377040956e-24,3.1941285511079045e-24,2.791550626167152e-16,3.50352980930194e-16,1.0531429587342834e-14
3.22e+22,0.0003462891050076297,0.9996536446565404,3.2231358772132935e-08,9.923941046001264e-09,2.4083152175569767e-08,6645.845084475102,9.71580325438314,1.4393319714670072,7.76813725836772e+25,1.5569604104538891e+25,1.9034011636885762e-14,5.1826065832129384e-21,7.551843432175399e-21,1.2657247857040296e-22,5.378543443549499e-23,1.149166546730796e-15,1.3790591240830929e-15,3.0493352812732487e-14
3.22e+22,0.00019878746097155693,0.9998011753198038,1.4449181384022177e-08,4.011056811336653e-09,1.875898641512957e-08,5851.954636361188,10.120107468915204,1.4500408472628654,8.487625283600317e+25,1.5489732758069612e+25,1.922754281197572e-14,4.695011181343997e-21,6.571035816437506e-21,9.027249647800033e-23,2.1936727721115215e-23,1.1886977013598704e-15,1.425269800718843e-15,3.13161966228682e-14
3.22e+22,0.0006444667787992775,0.9993553048523586,9.72647287807264e-08,2.7082481368547802e-08,1.0402163204671709e-07,6432.586089204499,0.24954529603307996,0.8319918559945453,3.280213772405829e+24,2.190432597144698e+25,9.057648040962217e-15,9.527668913628069e-25,1.1694668174776717e-24,1.0335376695339932e-26,8.855375318952545e-26,3.5132886743282583e-17,4.720656638159451e-17,2.3230852519008536e-15
3.22e+22,0.00021766701018409998,0.9997822975102393,1.955674943514604e-08,6.8689692564889915e-09,9.053857918618625e-09,6699.931573717306,12.627927117846694,1.578806045110901,9.592543746824424e+25,1.460475077040619e+25,2.1635210568016162e-14,1.2523836217821043e-20,1.817338280568638e-20,2.9348398587868024e-22,9.132128230915909e-23,1.7698818130698147e-15,2.096086620341467e-15,4.2474488992553356e-14
3.22e+22,0.0003279040533037721,0.9996720351077166,3.04653715843263e-08,9.62985137471267e-09,2.0743756781978804e-08,6686.970388692381,8.18513915727052,1.3689616288198534,6.929716263994097e+25,1.6104157904227487e+25,1.776730577018487e-14,2.7890318520353667e-21,3.9773322420835425e-21,6.075448328737043e-23,2.1178030903188042e-23,8.940479141989662e-16,1.0813711145542384e-15,2.5199237848858988e-14
3.22e+22,0.00030334201616411064,0.9996965994902932,3.229879343306733e-08,1.1283423222651385e-08,1.4911325829028658e-08,6872.64995878272,10.38324144080568,1.4818448758854976,8.162627762660629e+25,1.5263020877459788e+25,1.9814197029054348e-14,6.990297748737116e-21,1.0194731626389417e-20,1.70557677903258e-22,6.970638503380572e-23,1.3221111400804584e-15,1.5797440733200144e-15,3.394053066374688e-14
3.22e+22,0.0019120982209118614,0.9980868743039015,5.875983794365506e-07,2.0972598266217195e-07,2.301508244427511e-07,8140.952381361107,2.4213005341994442,1.105930625715271,2.1330128071012053e+25,1.848197868217832e+25,1.3303587520046661e-14,1.871746174181365e-22,2.649203064253517e-22,4.1654768528877754e-24,2.6346157256327082e-24,2.6762053884004507e-16,3.363356565868668e-16,1.0207470990587936e-14
3.22e+22,0.001784007455961333,0.9982148887059158,6.616373010978165e-07,2.768012155017936e-07,1.6539960632530804e-07,8434.53832570067,7.773912663700805,1.3776431743539133,5.507074750445916e+25,1.6037540264242377e+25,1.7923432018384345e-14,4.127967985790849e-21,6.417717793935314e-21,1.4467532926384694e-22,1.5749764092218166e-22,9.2560218693222e-16,1.1180760062881457e-15,2.5846675525950606e-14
3.22e+22,0.00020445200031821877,0.9997955172024642,1.3679359933159236e-08,4.054623339620816e-09,1.3063234252922664e-08,6232.932782613806,10.490428430028867,1.4805414903677345,8.582811330648732e+25,1.5270975208063146e+25,1.9788460153985907e-14,6.040631614754471e-21,8.535562345856002e-21,1.2255209806752408e-22,3.290147378198707e-23,1.3142804539327284e-15,1.5709060526521474e-15,3.380848441762463e-14
3.22e+22,0.0012403861941317528,0.9987589053651467,4.3164322392587246e-07,1.892408848000585e-07,8.75566128262681e-08,8254.499335152352,8.85157762071135,1.4221902293340685,6.295721773386179e+25,1.5697940135419257e+25,1.872428472189322e-14,5.853315945583853e-21,9.101966753630847e-21,2.037076635863466e-22,2.0387929376673398e-22,1.0858712083812211e-15,1.3051371511788568e-15,2.9180382629348903e-14
3.22e+22,0.001431141368252944,0.9985680297970784,5.010082962519678e-07,2.1405524720922457e-07,1.1377112522516862e-07,8304.911995286035,7.966051575935557,1.3863310414875505,5.731343088960823e+25,1.597012386643611e+25,1.8078577873895505e-14,4.3566609336699756e-21,6.740414539207107e-21,1.4863909689395958e-22,1.4898922304526745e-22,9.555393082896068e-16,1.1530978882919607e-15,2.6479347071758068e-14
3.22e+22,0.0004926756488640275,0.9995072092598749,5.858086542282821e-08,1.8404015614768544e-08,3.8106380174527134e-08,6907.3043870995225,6.297432358736316,1.2623134422079143,5.552656149379919e+25,1.6988633940144645e+25,1.590732311705234e-14,1.0779506029244187e-21,1.530058643373383e-21,2.3311725547499027e-23,9.111360992029573e-24,5.812490837045909e-16,7.126098981391007e-16,1.820543507121026e-14
3.22e+22,0.0004890502194851236,0.9995107708301141,7.089017564318092e-08,1.9602253014829628e-08,8.845797221271963e-08,6069.330352197832,1.223089650103514,0.8258078082764645,1.669148992595577e+25,2.1997397530093124e+25,8.965882154413486e-15,7.851492627144245e-25,9.505089535157406e-25,7.796192943991358e-27,6.892728031835558e-26,3.305570164818048e-17,4.4506943499532666e-17,2.2236998493772147e-15
3.22e+22,0.0008315051360810735,0.9991682081204789,1.3405308230673225e-07,3.8215633117085836e-08,1.1447472455295502e-07,6858.693934218137,0.4568357677565735,0.8892849177479022,5.45534968504808e+24,2.1080097123649612e+25,9.915861438488868e-15,3.753992894421943e-24,4.735219102912185e-24,4.414390664667155e-26,1.2359873461079484e-25,5.934055413043758e-17,7.835174779133206e-17,3.3903827967386936e-15
3.22e+22,0.0002786004134203225,0.9997213393216368,3.5514980032414235e-08,1.3528897263899698e-08,1.122106563931363e-08,7000.927830677806,12.70944294810967,1.57725895833696,9.438480949795332e+25,1.4615839361586772e+25,2.1607087617024637e-14,1.3520384796854611e-20,2.001429168693176e-20,3.546299207709974e-22,1.5909003376935616e-22,1.7641653368225145e-15,2.089312778504392e-15,4.235036244557546e-14
3.22e+22,0.000499336889769262,0.9995004156091407,9.255850376654596e-08,2.541746397216364e-08,1.2952512239026787e-07,5779.155397954728,1.7062922802165639,0.8271632353099677,2.3192239640279492e+25,2.1976901983935187e+25,8.98597364166298e-15,8.112901174644857e-25,9.83001598698297e-25,8.072329734087437e-27,6.966670771975013e-26,3.34961370353892e-17,4.508051921495437e-17,2.2450796106348313e-15
3.22e+22,0.0006397471310721966,0.9993600393223575,9.278219286230315e-08,2.5957289609506706e-08,9.480708774881608e-08,6507.855991892904,1.4205362164631357,0.8864368370611426,1.7483847504423677e+25,2.1119485719106087e+25,9.872842164296313e-15,3.4156743799104935e-24,4.262618030460682e-24,3.7191557388688895e-26,9.90059312644605e-26,5.789623623150367e-17,7.650809538086761e-17,3.33063146551229e-15
3.22e+22,0.0004519650537107005,0.9995478840433686,6.013435694971902e-08,1.6640593494509888e-08,7.412797030987767e-08,6086.035145082925,1.9872767671617548,0.8818092264560373,2.5534681772826496e+25,2.1183813742733763e+25,9.803020048670372e-15,2.9262347842951428e-24,3.590890409069977e-24,2.8165454797758604e-26,7.002179277750108e-26,5.560300402382354e-17,7.357794883314413e-17,3.235000915710411e-15
3.22e+22,0.00019567661910928046,0.9998042953422283,1.4470154207389023e-08,4.796946463714644e-09,8.7715617372516e-09,6521.09330053818,12.723078603490027,1.582889354254949,9.73634837189381e+25,1.4577704166167745e+25,2.1712485463649047e-14,1.2354194856765318e-20,1.777872968991832e-20,2.758208428755994e-22,7.743263049140109e-23,1.7894039801056576e-15,2.1186036954830565e-15,4.284448450622857e-14
3.22e+22,0.0004326264903682847,0.9995671866549825,6.998399312330785e-08,1.9187803822409944e-08,9.768285247936757e-08,5774.981694805661,0.3884765796782561,0.7512915407750087,5.946610975595449e+24,2.318836871337342e+25,7.873388399882642e-15,9.926440075977779e-26,1.2505547672937704e-25,1.968238920091426e-27,5.531218328306285e-26,1.4734367468846136e-17,2.0386602806044654e-17,1.2480566214867991e-15
3.22e+22,0.0026428258356807396,0.9973554600122383,9.815961150867684e-07,3.551148180158145e-07,3.7744114791841813e-07,8443.601019690142,1.8772039931680913,1.1067198175664126,1.6063152765089642e+25,1.8473765088826526e+25,1.3316385115610771e-14,1.9341958006508855e-22,2.7572965559856572e-22,4.496633512741471e-24,3.2500181180757485e-24,2.688257759872231e-16,3.377997470006649e-16,1.0241294245516231e-14
3.22e+22,0.0004709222376595032,0.9995289692946757,5.242629917914724e-08,1.5768405124231844e-08,4.027296044941459e-08,6751.556722512469,5.619962311806386,1.2107906580591106,5.193839756582232e+25,1.7452128773679026e+25,1.503349421969705e-14,5.987975129924394e-22,8.342850260606034e-22,1.1707069673097425e-23,3.894459048668952e-24,4.597041280063997e-16,5.678270327582836e-16,1.5271160631727525e-14
3.22e+22,0.0021549647385194597,0.9978438064654727,7.000356510503045e-07,2.476050319477754e-07,2.8115532478978447e-07,8219.35950153105,0.8031469901954456,1.0560984352809102,7.343493264728501e+24,1.901750531158543e+25,1.2503009500934317e-14,8.968442749705324e-23,1.2467174224942712e-22,1.8223926309802027e-24,1.2194991936179573e-24,1.9950913546297684e-16,2.531341610073938e-16,8.216799605209599e-15
3.22e+22,0.00040399894270907056,0.9995958435062187,5.944989772791673e-08,1.631176063226189e-08,8.17894138621386e-08,5808.019205975761,1.3274662615019417,0.8041358963946227,1.9037816116502626e+25,2.233034388178263e+25,8.645636017472062e-15,4.342472643792524e-25,5.197948474693597e-25,4.3461440601613444e-27,5.623517521463359e-26,2.6522483212132753e-17,3.5975806773773644e-17,1.89888625849701e-15
3.22e+22,0.00035599213725315694,0.9996439224722787,3.555640731646346e-08,9.985672236020598e-09,3.984838852670421e-08,6213.969981113843,7.607925202965298,1.310792747355606,6.6778149280559e+25,1.6574519244340625e+25,1.6743865846572106e-14,1.6386254682905269e-21,2.3123518999933347e-21,3.3879567134070566e-23,1.1151388475043536e-23,7.125434062829736e-16,8.680153360573277e-16,2.1227100550579653e-14
3.22e+22,0.0006636789028800455,0.9993361211599042,9.247869813460369e-08,2.6500734784319036e-08,8.09577829002386e-08,6742.980687161205,2.701113216474252,0.9962412756180509,2.93547830200418e+25,1.970610398821931e+25,1.1558742243707695e-14,2.9614912519844575e-23,3.87652666274699e-23,4.15729006318607e-25,1.911480643404385e-25,1.350187054650809e-16,1.7351123582941152e-16,6.168890608784935e-15
3.22e+22,0.0022743774705417464,0.9977242732556043,7.718949079086353e-07,2.767581656652058e-07,3.0062078045075226e-07,8292.714875425998,1.9619517524108525,1.0981336243068738,1.714460051668003e+25,1.8563660102594964e+25,1.3177434175449674e-14,1.6939840186080516e-22,2.399209268643679e-22,3.7975848308297456e-24,2.568650383390394e-24,2.5603855509787785e-16,3.2223979468635174e-16,9.878543571276673e-15
3.22e+22,0.0019870582277891004,0.9980118626221787,6.133276048092923e-07,2.1550626831040432e-07,2.503161590892189e-07,8136.760006920556,0.7586121213472644,1.0469319490703026,7.049011486979071e+24,1.911962392269289e+25,1.2357199698068537e-14,7.719195681799721e-23,1.067056579748456e-22,1.5199503389104826e-24,9.99655021490429e-25,1.8846240276588593e-16,2.395618541665576e-16,7.87925128827295e-15
3.22e+22,0.0026396500432944543,0.9973586239728284,9.922447285535179e-07,3.6349299628366995e-07,3.7024615237538726e-07,8470.818303506896,3.160594762233195,1.1624268150912866,2.569739907756483e+25,1.7912046409927618e+25,1.4227944392182815e-14,4.118194520101415e-22,6.002583974946661e-22,1.0705736655546854e-23,8.470415345873579e-24,3.6261604047755503e-16,4.512790500569188e-16,1.2789059819378457e-14
3.22e+22,0.0013544805941576397,0.9986449533218387,3.0601303573702435e-07,9.800887891962064e-08,1.62062088896348e-07,7625.393725581595,1.365296398824218,1.0085767647674564,1.3650878287787887e+25,1.9559913824523396e+25,1.1751855405951781e-14,3.9782295669623597e-23,5.359830313382975e-23,6.751667243822744e-25,4.298681814988492e-25,1.4689914660777101e-16,1.882538527778212e-16,6.5613933535655086e-15
3.22e+22,0.0024569093345491273,0.997541561156455,8.768034983675092e-07,3.169875617889685e-07,3.3571793580941396e-07,8378.797932220881,2.4499560852179423,1.1247374412577602,2.0743218463426334e+25,1.8288068812903967e+25,1.360929090403948e-14,2.4790731449195125e-22,3.55486791881898e-22,5.929576566086175e-24,4.262315461168276e-24,2.970684031289178e-16,3.7208653078536505e-16,1.1028274820800537e-14
3.22e+22,0.0004929955680082474,0.9995068077527517,7.652421088846327e-08,2.1123676236930865e-08,9.90313529799835e-08,5984.706290095723,0.34503124192939816,0.7767345691098487,5.021791813235321e+24,2.276685412395238e+25,8.243680452108655e-15,2.1155705311689023e-25,2.59355917771571e-25,2.9910010084500636e-27,6.420367286426633e-26,1.9746827517800398e-17,2.7052279958263132e-17,1.537612482621635e-15
3.22e+22,0.0007167490222285467,0.9992830291460273,1.2471152692980033e-07,4.373152291225442e-08,5.33886944300267e-08,7389.548454640236,7.105588746995397,1.3242032895011306,5.742490044112736e+25,1.6464335167064677e+25,1.6978710270648284e-14,2.1917126300420738e-21,3.2322466938253142e-21,5.840295693245928e-23,3.4692962414588026e-23,7.531426499343777e-16,9.157610696344854e-16,2.2121899560038033e-14
3.22e+22,0.0012224289253418385,0.9987770109768179,3.297764162961034e-07,1.26711064383782e-07,1.0361035961597364e-07,7950.458330279699,5.618654127346181,1.2667670487182225,4.4986491215891405e+25,1.6950139179561254e+25,1.5984018200666393e-14,1.316764499848392e-21,1.9508077878584373e-21,3.64543268497046e-23,2.616966762498077e-23,5.931969866468232e-16,7.267281163727264e-16,1.8479192857072876e-14
3.22e+22,0.000913270310959015,0.9990863625967304,2.1753616631048746e-07,8.457874130131897e-08,6.497740284719689e-08,7772.825712742362,7.314735076751559,1.3471763731474533,5.668084739765721e+25,1.6278045345693672e+25,1.7382569022543264e-14,2.8505747698299577e-21,4.2809445230742855e-21,8.361274020410128e-23,6.084767012811662e-23,8.244648892287064e-16,9.995972409266313e-16,2.3684156391606163e-14
3.22e+22,0.0005911297887562508,0.999408641799164,9.292623985231354e-08,2.576162081010859e-08,1.0972421918428146e-07,6218.319855449738,1.8580047601654284,0.8833572986670857,2.314389026134182e+25,2.1162255744816135e+25,9.826369657354913e-15,3.1500754766462765e-24,3.913134394847903e-24,3.3255993127575607e-26,9.000994979777414e-26,5.636535118974274e-17,7.455215837798507e-17,3.2668426219215358e-15
3.22e+22,0.0004026788557720663,0.9995972138463454,4.444408704290525e-08,1.2414299247530622e-08,5.0439496338772024e-08,6224.723663096946,3.623665312854302,1.0274457976300948,4.026482898798193e+25,1.9340425375161158e+25,1.2048576106184422e-14,4.592838480314443e-23,5.948377392526552e-23,5.898373816482573e-25,1.5903613313660797e-25,1.6627590533862008e-16,2.1224008401191009e-16,7.18843584300755e-15
3.22e+22,0.0002522689390722255,0.999747684978547,2.59858402970426e-08,9.322468948472606e-09,1.0774071432025612e-08,6827.4776411531675,11.821489254747787,1.545409485945578,9.056063189145326e+25,1.48255280166429e+25,2.1001664056816535e-14,1.0500329281262061e-20,1.5316140585571253e-20,2.544388898632551e-22,9.760805899928713e-23,1.6075082948873085e-15,1.909304425647314e-15,3.9434207551817545e-14
3.22e+22,0.0018158699857652304,0.9981831453909067,5.723020048867413e-07,2.1335590333206086e-07,1.989654198413794e-07,8199.007166406958,4.073695261658519,1.1948831506765856,3.3305827499462053e+25,1.760092157042975e+25,1.4767256319442706e-14,6.018249259824731e-22,8.803112414484087e-22,1.5800495739980607e-23,1.15900721084971e-23,4.2635739972997815e-16,5.278595887855266e-16,1.4430080697631148e-14
3.22e+22,0.0011536646826821805,0.9988458951074812,2.2806079670145588e-07,6.951125963777496e-08,1.4263778024622833e-07,7370.188483439788,0.3902713903339303,0.951639738704961,4.206888068590737e+24,2.025512520606464e+25,1.0866993886546617e-14,1.396341432796382e-23,1.827034757245642e-23,2.0108404594178355e-25,2.1519903932870182e-25,9.794729787687513e-17,1.2720143915525724e-16,4.878781099355663e-15
3.22e+22,0.00015294317333931214,0.9998470380678577,8.528931959719487e-09,2.5919015040944218e-09,7.63796963849722e-09,6178.420974971298,11.181695591712941,1.5229794119502527,9.131074239453713e+25,1.497481581997853e+25,2.0576645377500703e-14,7.387864367549466e-21,1.0271744369069021e-20,1.3506524946555946e-22,2.330325629086498e-23,1.4986936791566363e-15,1.7843062618937544e-15,3.7405665144899845e-14
3.22e+22,0.0003804419601845993,0.9996194454089677,4.458936399511596e-08,1.2336544710245133e-08,5.570493903876624e-08,6033.037433373817,2.9599315009684717,0.9575005235873533,3.5592192537150517e+25,2.0180967975864135e+25,1.0957264509073305e-14,1.3326976344267913e-23,1.6733561088916967e-23,1.4203916672027725e-25,7.666725050680323e-26,1.0225639920048255e-16,1.3261802591542677e-16,5.035886237224108e-15
3.22e+22,0.0008162729069647293,0.9991833440999494,2.347878218657978e-07,1.0158139932458216e-07,4.6623864788365286e-08,7931.255002407549,10.01505154617751,1.4663463516095883,7.204991846341135e+25,1.5374882698966107e+25,1.9530337542961613e-14,7.877833291281186e-21,1.2168561421211317e-20,2.6305399937898717e-22,2.256724584432976e-22,1.2601223517125391e-15,1.5076101762799905e-15,3.268928291020398e-14
3.22e+22,0.0017639058124122602,0.9982351743030962,5.30346956727844e-07,1.9287437394515048e-07,1.9666316086752394e-07,8121.719612524843,0.7453907453460903,1.0469613108763902,6.99944078503202e+24,1.9119294476497784e+25,1.2357665562959594e-14,7.659958787176654e-23,1.0560848889066622e-22,1.482858623255407e-24,9.201134770770278e-25,1.884963632470432e-16,2.396037519071477e-16,7.8803114302362e-15
3.22e+22,0.002717255574490173,0.9972809407761818,1.0359317697766634e-06,3.790179402989645e-07,3.8869961784769074e-07,8493.612640657182,3.181556604844103,1.1643436618435807,2.57585842411512e+25,1.789335551499453e+25,1.4259627499493486e-14,4.2288232898040933e-22,6.172012907884504e-22,1.1071642933033476e-23,8.88555333387747e-24,3.661919286368045e-16,4.555853595207992e-16,1.2882790230250909e-14
3.22e+22,0.002516865517688319,0.9974815126463389,9.374797896234776e-07,3.485650351407863e-07,3.357911478822514e-07,8463.20856603317,3.8365688154712094,1.1948003911926182,3.044422665528486e+25,1.7601723407251524e+25,1.476589610696098e-14,6.16473765377837e-22,9.08833024231843e-22,1.6933508206824282e-23,1.41315423018848e-23,4.2621762556500455e-16,5.276881527594593e-16,1.442610919973095e-14
3.22e+22,0.0004428315633469604,0.9995569798080053,7.109441471652645e-08,1.9521356182079093e-08,9.801287682592641e-08,5810.652997583689,0.1966480460902868,0.7518711513382327,2.9997988482170236e+24,2.3178588838498765e+25,7.881792651999045e-15,1.013870532621133e-25,1.2785878571183142e-25,2.0147350585029973e-27,5.652232978261506e-26,1.483646399931793e-17,2.052301849178972e-17,1.2541921032282417e-15
3.22e+22,0.002321640811411588,0.9976769900557468,7.76206541466198e-07,2.711982156181581e-07,3.2172808459298865e-07,8253.171062780575,0.4581185950135143,1.0531179279282648,4.1744792936085727e+24,1.9050583189204057e+25,1.2455551199097755e-14,8.59775981195942e-23,1.1954520209000226e-22,1.7521081084542624e-24,1.2217652518599798e-24,1.9586983945826463e-16,2.486653548406705e-16,8.106095073987285e-15
3.22e+22,0.000565924875291337,0.9994338658371633,8.528439256349443e-08,2.3643957443437417e-08,1.0035919536570631e-07,6220.154643379315,0.08240554571351752,0.8033153014694877,1.139822616035624e+24,2.2343192487554497e+25,8.633559528371745e-15,4.4732735553379495e-25,5.458942243841992e-25,5.250684164658111e-27,7.672063617328283e-26,2.6303824913795747e-17,3.568834794456616e-17,1.887456173847796e-15
3.22e+22,0.0009013563902298226,0.9990983286527892,1.7742687363010917e-07,6.196223406897298e-08,7.556787313143714e-08,7535.612119887501,5.489258731282584,1.2399003530610746,4.630815948371874e+25,1.7187387952771977e+25,1.552550222001165e-14,9.40036720402188e-22,1.3642181976884742e-21,2.328628139004983e-23,1.3222850066248723e-23,5.264360157295458e-16,6.474080501458304e-16,1.689727079575648e-14
3.22e+22,0.0010080744550502512,0.9989915622606572,1.810537104421597e-07,5.3455641537764695e-08,1.287749406799209e-07,7163.800980712248,0.3078813442022408,0.9250380346265877,3.4624156445252824e+24,2.059846323126921e+25,1.0458989171686409e-14,8.149394963988875e-24,1.0498453239708477e-23,1.0740848590786279e-25,1.644876504942452e-25,7.972660621796447e-17,1.0424411407657979e-16,4.200075738983808e-15
3.22e+22,0.00015101037127176426,0.9998489660520635,9.066855289530484e-09,2.5204202271105116e-09,1.1989389100168473e-08,5767.47731582472,11.388557844717058,1.518663942986785,9.339660642050435e+25,1.500401412556053e+25,2.0495418404555904e-14,7.090275843372088e-21,9.832664305101433e-21,1.2761376842514616e-22,1.6165089778958e-23,1.4785145360005638e-15,1.7610646410513804e-15,3.702359699125246e-14
3.22e+22,0.001031966629099492,0.9989676635246807,1.9817326659162795e-07,6.353420249438803e-08,1.0813875082735848e-07,7430.427126642436,3.4036313861296477,1.1020955050450378,3.1907634081587277e+25,1.8522005682903957e+25,1.3241450884257132e-14,1.670000636474136e-22,2.3187486898108922e-22,3.3034128511125512e-24,1.5238162355255648e-24,2.6182399432145567e-16,3.292896511155524e-16,1.0044122800109596e-14
3.22e+22,0.0004976712944979361,0.9995021318546171,7.686608407597154e-08,2.1226907441629716e-08,9.875789355255309e-08,6003.735947262669,0.16409300108823416,0.7761976960596971,2.3876051057305273e+24,2.277558575644597e+25,8.235837934560196e-15,2.087616222006612e-25,2.5644206053325258e-25,3.011205870712352e-27,6.570507923322048e-26,1.9629234401362182e-17,2.6896581144138798e-17,1.531063291193153e-15
3.22e+22,0.0005173810696345837,0.9994824702525592,6.434303438632286e-08,1.8087874112888242e-08,6.624689773957175e-08,6441.454192731615,2.9679626740053657,0.9907209596543349,3.3309020459070893e+25,1.977227334441913e+25,1.1472563908384785e-14,2.5842498052336387e-23,3.339194820045645e-23,3.323200447163463e-25,1.3874830439570407e-25,1.2992485620644597e-16,1.6717826863703137e-16,5.998076923865294e-15
3.22e+22,0.0005323499233137338,0.9994674471097882,8.100324149185016e-08,2.2418240333195143e-08,9.954541620563798e-08,6116.017383006852,0.1528722566749624,0.7904675078708421,2.1654025635755665e+24,2.254588952582249e+25,8.444725950354752e-15,3.1346633418893653e-25,3.8274661843323862e-25,3.9598205457004436e-27,7.055290362648648e-26,2.2953304261292552e-17,3.128568392706436e-17,1.7121036259029287e-15
3.22e+22,0.0006942615768229832,0.9993054968471072,1.0577207786150368e-07,2.9586240253255408e-08,1.0621775175234392e-07,6558.7223681047035,0.4058372112705476,0.850596852932405,5.171538160435297e+24,2.1629226983414182e+25,9.334729548891098e-15,1.5149589358740775e-24,1.873021819786009e-24,1.6455862716242173e-26,9.751811547846668e-26,4.1964131931761103e-17,5.6051398679573e-17,2.6399476252460416e-15
3.22e+22,0.0008250471280993612,0.9991746523790769,1.7585861446398222e-07,6.625273340450849e-08,5.8381475729892745e-08,7641.096906770699,7.367657228432137,1.3459660100390112,5.773606175487623e+25,1.6287706604060316e+25,1.7361152433546688e-14,2.771402077033842e-21,4.1413904740388686e-21,7.912523824099764e-23,5.397438540891889e-23,8.205255491484201e-16,9.949816363739679e-16,2.359956939502972e-14
3.22e+22,0.0004642099216112866,0.9995355999614793,7.277286636456928e-08,2.0039989960723313e-08,9.730405305665004e-08,5896.286351183374,0.0921992228462484,0.7618108229372907,1.3793692082402307e+24,2.301215455901367e+25,8.026139124371215e-15,1.3679287571767785e-25,1.7015424410296125e-25,2.3519313393994795e-27,6.036973051550556e-26,1.6669177842333418e-17,2.2967288225246852e-17,1.362616893757168e-15
3.22e+22,0.0004722400947024588,0.9995275676158075,7.391276214119554e-08,2.0368101098635494e-08,9.800862668650179e-08,5919.537340343025,0.40902727179604426,0.7700688392916597,6.037204773717112e+24,2.2875742676561412e+25,8.146393968315114e-15,1.7392224295052288e-25,2.139882112054475e-25,2.6318179450628484e-27,6.115341268499092e-26,1.8321679144623543e-17,2.5163556254570188e-17,1.4575982164785064e-15
3.22e+22,0.0006279775321519741,0.9993717986281259,9.453483559112778e-08,2.6300172770644855e-08,1.0300471385632316e-07,6391.4151216191985,0.10554275615083583,0.8253676938540893,1.4029188021890927e+24,2.200407648780794e+25,8.959364684566335e-15,8.040658620282206e-25,9.85254290389783e-25,8.82712639562595e-27,8.69537902119624e-26,3.2917744962595876e-17,4.4326783218506275e-17,2.2168800393409953e-15
3.22e+22,0.0008699117247619365,0.9991297941720269,1.428588601939387e-07,4.169342634609235e-08,1.0955092468934993e-07,7005.393423129389,1.6730040900854635,0.9551841285349048,1.8465926252062595e+25,2.0210284085082903e+25,1.092160257194099e-14,1.451257348991262e-23,1.885306363531532e-23,1.9810293932055593e-25,1.7123498380877564e-25,1.0057599519197758e-16,1.3050256131884045e-16,4.974090163052794e-15
3.22e+22,0.0012926783790630349,0.9987067900252953,2.927244967864333e-07,9.68317472094639e-08,1.4203939764358157e-07,7672.973286168228,2.9908597606657135,1.0962315613444524,2.757639043518367e+25,1.8583668073881664e+25,1.3146683157558564e-14,1.5733856605175364e-22,2.1953433950035624e-22,3.2168148059593948e-24,1.6694395801965014e-24,2.5323215101388736e-16,3.1882526365516473e-16,9.798835367205318e-15
3.22e+22,0.0011131040572570816,0.9988864591555497,2.473907029677701e-07,8.65976971997677e-08,1.0279879314779623e-07,7696.351697257802,3.8780522701954716,1.1532515182939294,3.446094370761871e+25,1.8002020890373757e+25,1.4076527013110965e-14,3.3883819483291175e-22,4.809059481682239e-22,7.539518657461933e-24,3.965761936996631e-24,3.457537639241286e-16,4.309627174384041e-16,1.2345093480485073e-14
3.22e+22,0.0007691055194415006,0.999230661592438,1.2402656164545282e-07,4.000164920704492e-08,6.88599096582035e-08,7255.001770363192,5.3400783493053074,1.2156298195657183,4.670669603047244e+25,1.7407701017242058e+25,1.5115088401328262e-14,6.945547565684193e-22,9.930981918140868e-22,1.5866872529880026e-23,7.691255240701426e-24,4.705923802240637e-16,5.808137488936956e-16,1.553749929020701e-14
3.22e+22,0.0005252764898986458,0.9994745276531264,7.838754515040404e-08,2.169929025779849e-08,9.57701395587395e-08,6126.192464074931,0.8440725992706112,0.8117329013977523,1.1639550726338896e+25,2.2212444707675965e+25,8.757667996186748e-15,5.525412469808748e-25,6.705991791019483e-25,5.940732384380979e-27,7.132011421230602e-26,2.869256764880606e-17,3.881599159099044e-17,2.008830129921869e-15
3.22e+22,0.0006789777356638961,0.9993207121188022,1.9157514316856965e-07,8.445448287121591e-08,3.411590776015374e-08,7849.743815708708,10.860213030010001,1.499675968026578,7.78018364256237e+25,1.5139519279260287e+25,2.0146979386074436e-14,9.848548993005853e-21,1.519607268192406e-20,3.2549678609339765e-22,2.632585355689152e-22,1.4021473601914199e-15,1.6720057291965595e-15,3.54723214338692e-14
3.22e+22,0.000500714119833736,0.9994990985425246,7.438167863114128e-08,2.0566594641880983e-08,9.238936843735168e-08,6067.265171244297,3.6433064048830253,1.0115562861051006,4.016718097538594e+25,1.9524772496070757e+25,1.1798512846491122e-14,3.666996673284298e-23,4.770066642050408e-23,4.891740923769946e-25,1.6866413880814848e-25,1.497570803929731e-16,1.91806759158627e-16,6.6566023341030475e-15
3.22e+22,0.00042639278274110765,0.9995734530955159,5.959740483504384e-08,1.64255393941178e-08,7.80987987913782e-08,5938.488254644742,1.6197573828357905,0.8391123570122457,2.2069153717336045e+25,2.179812243150922e+25,9.163497855264549e-15,1.0696849230070943e-24,1.289680374408346e-24,9.808722249951313e-27,6.13618445954757e-26,3.762637375807876e-17,5.0442404196317087e-17,2.4408157184258057e-15
3.22e+22,0.002087655278006287,0.9979111650605711,6.756791617922813e-07,2.421153937700465e-07,2.618668671889518e-07,8223.908944468723,3.3477306716328323,1.1563826021103338,2.7943244982518614e+25,1.797124242065207e+25,1.4128172232702573e-14,3.746533359223657e-22,5.420252988021784e-22,9.340134442840147e-24,6.6731956744998e-24,3.5148493866793356e-16,4.37866933830587e-16,1.2496024563136318e-14
3.22e+22,0.0012268805456869417,0.9987725508749415,3.3615791020196384e-07,1.3039131885418872e-07,1.0203014246543132e-07,7984.996697565923,6.760872117598542,1.3242622891219487,5.17397067505246e+25,1.6464087936570041e+25,1.6980015437690453e-14,2.3825449430218182e-21,3.596151129241433e-21,7.216066395590207e-23,5.895028572861949e-23,7.537052872784408e-16,9.16380208810148e-16,2.2129952218709384e-14
3.22e+22,0.0002800318333672644,0.9997199110469979,2.355713896360177e-08,6.634042932537093e-09,2.6928453049795704e-08,6133.000951274199,9.043484620871366,1.3940323614287284,7.636124465632857e+25,1.590915772881607e+25,1.821447131555377e-14,3.3122459911703177e-21,4.699226515535511e-21,6.970380698921048e-23,2.1889596907400618e-23,9.797110610752755e-16,1.1816541500878217e-15,2.701691614700993e-14
3.22e+22,0.0008261020802378316,0.9991736385446988,1.3343684292423295e-07,4.11355037877271e-08,8.480271687867722e-08,7179.996631371924,3.6861527286087536,1.101798639033378,3.5348544139099807e+25,1.8525082227346728e+25,1.323662204073803e-14,1.6159286070675354e-22,2.225280098121509e-22,3.0346485826253138e-24,1.2225860082629312e-24,2.613508850380416e-16,3.2871728604350184e-16,1.0031157483284322e-14
3.22e+22,0.0018507103076016173,0.9981483445273306,5.298490345380008e-07,1.7990423336854215e-07,2.3541179999841775e-07,8003.309959449218,0.7299054724894682,1.0313878916839472,6.931692661290319e+24,1.92954890187744e+25,1.2110955090837904e-14,5.97491670670974e-23,8.191667881692395e-23,1.1241978903152018e-24,7.496176494536049e-25,1.7073034005949276e-16,2.1772179261881442e-16,7.326905310817055e-15
3.22e+22,0.0003430270385630532,0.9996569055798579,3.573249297008322e-08,1.1909871760836865e-08,1.9739214431557133e-08,6837.635495690198,9.541729661615076,1.4393853307656022,7.635979685490437e+25,1.5569244495111019e+25,1.9035027300486566e-14,5.177333571430547e-21,7.540120078892187e-21,1.2605214919980985e-22,5.316636862998173e-23,1.1494307019083852e-15,1.3793619488831055e-15,3.049820248568442e-14
3.22e+22,0.0010024024851552223,0.9989972382466092,1.7942509813991292e-07,5.308904456392296e-08,1.267540927584497e-07,7168.945800241205,0.8585884574057565,0.9378672074215401,9.523690350327354e+24,2.043133191637894e+25,1.0655334172341183e-14,1.053230430784468e-23,1.3641540338856307e-23,1.4265794496303269e-25,1.748421514856183e-25,8.816838505591918e-17,1.1489967932411728e-16,4.519051786647809e-15
3.22e+22,0.0017244201416284127,0.9982747403821588,4.669904061204446e-07,1.5612598890125278e-07,2.1635981764215557e-07,7912.588123507655,0.33093709022409534,1.0154089352543416,3.214274273790577e+24,1.9479912483164443e+25,1.1859132384453066e-14,4.555921432575923e-23,6.193265294113308e-23,8.175354390488773e-25,5.676841447236736e-25,1.5377404829710405e-16,1.9676909903848693e-16,6.7851516774393e-15
3.22e+22,0.0008548761085681384,0.9991448277736087,1.3960691829570636e-07,3.992170755950476e-08,1.1658919724029945e-07,6899.948739471853,0.10762165281749245,0.8901507188640873,1.2803269076759757e+24,2.1068150043392293e+25,9.92894474837757e-15,3.837623465528028e-24,4.847068965617393e-24,4.552723558927842e-26,1.274628413041344e-25,5.978318713745475e-17,7.891664627030233e-17,3.4086545790820367e-15
3.22e+22,0.0015528500723691744,0.9984464428007651,3.892045808194586e-07,1.2785219753965313e-07,1.9007008745240594e-07,7789.691606857461,0.9077699768525874,1.0118521695394955,8.932790888113178e+24,1.9521474244551268e+25,1.1803255961501803e-14,4.25511291748305e-23,5.761093471094321e-23,7.448711048981281e-25,5.003434218127975e-25,1.5016789674526758e-16,1.9230398261719876e-16,6.668086431984359e-15
3.22e+22,0.002749862361944248,0.9972483150087902,1.0426361897513232e-06,3.769349440963666e-07,4.0305813181544794e-07,8475.788002367251,1.8984150689932695,1.1095360183370384,1.6147424628636193e+25,1.8444479660295799e+25,1.33620485663024e-14,2.017829850302376e-22,2.881986794817121e-22,4.740222424100731e-24,3.48835207469788e-24,2.7311380633140065e-16,3.43012324718704e-16,1.0362000122773391e-14
3.22e+22,0.00043103678341389255,0.9995687797273083,6.886251121084803e-08,1.8887579314170276e-08,9.573918742649173e-08,5785.150058966376,0.017510345321256105,0.747245648249309,2.6972387498703178e+23,2.3256889232155015e+25,7.814768819570236e-15,8.809029296643344e-26,1.1228330830914658e-25,1.918194372504038e-27,5.6112836551361e-26,1.403948188871271e-17,1.9456993502045492e-17,1.205892452497189e-15
3.22e+22,0.000733714991174408,0.9992660324162772,1.1296184207106458e-07,3.1739805618447705e-08,1.078909006780319e-07,6655.884654627604,0.5873720480574665,0.8670922244775398,7.293803317303325e+24,2.139139759948086e+25,9.581680923651455e-15,2.2464875226458785e-24,2.7978768779730528e-24,2.489125060154111e-26,1.0586864997531084e-25,4.882195436742396e-17,6.488302448638067e-17,2.944442942679767e-15
3.22e+22,0.0021556158868819473,0.9978430641624952,7.724282175593716e-07,2.971678878320678e-07,2.503545173130013e-07,8404.382606012647,5.150611392402286,1.2577650281960742,3.931866620595832e+25,1.7028992920277894e+25,1.5830017408505183e-14,1.2641327200500078e-21,1.8997100746883035e-21,3.797448953593921e-23,3.454503109503274e-23,5.704172366440575e-16,6.99675808737747e-16,1.794212238175252e-14
3.22e+22,0.0005633793661270941,0.9994364108133628,8.526013120892032e-08,2.363197496479525e-08,1.0092840398982809e-07,6206.5630155449135,0.3063800702487956,0.8041224007898675,4.235322639207104e+24,2.2330585668663116e+25,8.645445853581934e-15,4.566420581123703e-25,5.568413876190135e-25,5.2984877991730394e-27,7.562435479534217e-26,2.6525943409233702e-17,3.5979561794241905e-17,1.898865873865976e-15
3.22e+22,0.00010598356434389997,0.9998940045944779,4.756859087784718e-09,1.3613710958394786e-09,5.722948138935208e-09,5799.72875545095,12.738211195708866,1.5967794722353394,1.0226017007102762e+26,1.448391830182206e+25,2.1972687749444813e-14,1.0322346834444288e-20,1.4058301943287714e-20,1.6441633376722757e-22,2.355720471759749e-23,1.852024679828289e-15,2.1912502287803546e-15,4.4067948708118624e-14
3.22e+22,0.00045039645092676353,0.9995494146126531,7.161380402196599e-08,1.968653854539386e-08,9.763607758902003e-08,5842.341214764358,0.4369143312365155,0.7611431258832719,6.564838549186674e+24,2.3023254464149198e+25,8.01642830904031e-15,1.334798110382827e-25,1.6577283508695062e-25,2.2819989836318483e-27,5.867945537708772e-26,1.6540270707240025e-17,2.279572959109354e-17,1.3551189818887803e-15
3.22e+22,0.00013918053205062142,0.9998608032161842,7.328186565961322e-09,2.2228181627874304e-09,6.700760490292898e-09,6126.648574383704,11.698035190414274,1.5483683035850972,9.468476593252225e+25,1.4802906104592475e+25,2.105370699700225e-14,8.486984158437635e-21,1.1759789446171871e-20,1.5151400957161853e-22,2.900169037229678e-23,1.6161456571326835e-15,1.9197864292300353e-15,3.964594712739266e-14
3.22e+22,0.00048131929406114204,0.9995185321803842,6.136567299064285e-08,1.7067802693964373e-08,7.009207911650168e-08,6250.913432214622,2.426310327748675,0.9315809449092965,2.924179065496687e+25,2.0512781261136578e+25,1.0558992610183552e-14,8.430345299803819e-24,1.0591458111535751e-23,9.190052056668956e-26,8.465588740874936e-26,8.391572939854588e-17,1.0954010799180268e-16,4.360148773129455e-15
3.22e+22,0.0014628107752177827,0.9985364933151405,4.028244984706144e-07,1.4781854716644029e-07,1.4526659600563358e-07,7995.36121803381,5.0797159622417105,1.2372746226661386,4.092213846038728e+25,1.721105539623795e+25,1.548104343090808e-14,9.698960808930291e-22,1.4312540971923052e-21,2.6458126697066196e-23,1.9409253808728985e-23,5.20349590568735e-16,6.401434826005253e-16,1.67488002835366e-14
3.22e+22,0.000739502967703928,0.9992602416483396,1.1433766992749206e-07,3.213055327536752e-08,1.0891573333084904e-07,6662.503708221347,0.16347229280791087,0.8603543335481243,2.0449997187949533e+24,2.1487869466636485e+25,9.480661989312333e-15,1.922926322972005e-24,2.3904008510428404e-24,2.1304188801204968e-26,1.057361618923011e-25,4.5926635337033787e-17,6.115961964854059e-17,2.8173546791868e-15
3.22e+22,0.0007313896544582567,0.9992683910605373,1.0710444433658245e-07,3.165518279625814e-08,8.052537729041677e-08,6959.510509709646,3.2604836622762,1.0549140880985235,3.3088541836370273e+25,1.9030545713727557e+25,1.2484084490947457e-14,7.898874586459433e-23,1.063038402577364e-22,1.3016503231180194e-24,4.849894262982426e-25,1.9798264910928577e-16,2.512681694434773e-16,8.171615059752583e-15
3.22e+22,0.0009171579864626611,0.9990825240937952,1.5512405152470865e-07,4.523854831603046e-08,1.1755714224040596e-07,7048.381825179814,1.1772203341779377,0.9355337217514618,1.3206317015622582e+25,2.0461508994152985e+25,1.0619560487636918e-14,9.96348923171432e-24,1.2855826528148248e-23,1.3157433056330798e-25,1.6010291055762315e-25,8.658332224967618e-17,1.1290187269600354e-16,4.459840085125744e-15
3.22e+22,0.0007687391286887512,0.9992309959615288,1.2030845400844746e-07,3.3949481168030756e-08,1.1065184725462659e-07,6726.683996962192,0.08472800467059935,0.8680546261935138,1.0459323170611776e+24,2.13776969479622e+25,9.596127778544922e-15,2.309477696731897e-24,2.8824930972434753e-24,2.5979519360052335e-26,1.1145412272520753e-25,4.9247686319201704e-17,6.542976784283827e-17,2.9629309808112315e-15
3.22e+22,0.00043213777117728503,0.9995677200307941,8.727932200207412e-08,3.6280827367498823e-08,1.8637879241960582e-08,7447.100430276541,11.777431276417708,1.5372341305263715,8.606345283954009e+25,1.4881911364413451e+25,2.0849490791918067e-14,1.167610416789248e-20,1.7686174750096265e-20,3.4856909608676244e-22,2.1569544878988313e-22,1.5718520418378812e-15,1.8679266987075837e-15,3.873268942371672e-14
3.22e+22,0.0005071947113105616,0.9994926778909885,5.8870108776968246e-08,1.707939907839809e-08,5.144819330695569e-08,6652.70787451993,6.504691132656851,1.2586503805508482,5.734909945831665e+25,1.7020731981008214e+25,1.5844647912567168e-14,1.0409568525594743e-21,1.478071741540451e-21,2.2579366073117413e-23,8.943305108796714e-24,5.719606535338901e-16,7.015832623605845e-16,1.7986819051975324e-14
3.22e+22,0.0007172669755749088,0.9992825014552219,1.0610881867347112e-07,3.0151073314130596e-08,9.53093112827704e-08,6735.988546957729,1.8434069760179959,0.9367462335591026,2.1171440519694734e+25,2.044579331883573e+25,1.0638134910734954e-14,9.912639502460307e-24,1.2688416147108847e-23,1.2341700191256859e-25,1.2832116665478726e-25,8.739255522272151e-17,1.1392321210403393e-16,4.490334547792899e-15
3.22e+22,0.0009149274389230647,0.9990847678110979,1.5741597956137483e-07,4.8458739160021475e-08,9.887526036073891e-08,7242.798441035301,2.1668588860800826,1.0090691581317446,2.2491671734992313e+25,1.9554100873995664e+25,1.1759564470524322e-14,3.856270351031064e-23,5.135739014288764e-23,6.052512084650934e-25,3.073697405654348e-25,1.473701049589805e-16,1.8883944178017325e-16,6.577098103616497e-15
3.22e+22,0.001247599453190437,0.998751862920426,3.096443794346917e-07,1.1214635555961264e-07,1.1583564858486417e-07,7852.227878669629,3.9140082936187626,1.1663060392676077,3.4001799330037254e+25,1.7874205074986209e+25,1.4292031029161747e-14,4.0625791633704685e-22,5.815805254013342e-22,9.480642168265706e-24,5.4544170692488045e-24,3.6980417131304794e-16,4.599429127197277e-16,1.2978290503872855e-14
3.22e+22,0.00032575328789170724,0.9996741861280856,2.8901896549378856e-08,8.784091676605104e-09,2.2898034539070444e-08,6572.9697741842265,7.410333766722086,1.3209904946644822,6.5127205758886e+25,1.6490053750618746e+25,1.6921741742474645e-14,1.7736451201365337e-21,2.4958270931813505e-21,3.5976823660003584e-23,1.1175322354153032e-23,7.424637853930883e-16,9.03294912572992e-16,2.1896534011738354e-14
3.22e+22,0.0015864773428473956,0.9984127711939977,4.227842722513174e-07,1.4560125006076235e-07,1.8307763267718146e-07,7909.388569831724,0.506378441830814,1.0182373187141276,4.9409796065415e+24,1.944699394477682e+25,1.1903610378733375e-14,4.7497800649716126e-23,6.452146034958107e-23,8.469340044219483e-25,5.542756289556334e-25,1.566831550884119e-16,2.003689905767029e-16,6.879131283167222e-15
3.22e+22,0.0011344493688633332,0.9988651224658576,2.2829449270637503e-07,7.231752838187822e-08,1.275532578544869e-07,7465.449319482147,2.540009175809923,1.051482787705664,2.4747753158779203e+25,1.9068747926894745e+25,1.2429510914017653e-14,7.905668513363563e-23,1.0790607256715135e-22,1.4310322197787122e-24,6.992381630005596e-25,1.9386340178480627e-16,2.4620386556686074e-16,8.045333483298649e-15
3.22e+22,0.00245245323953794,0.9975460479681991,8.518040662868356e-07,3.0007454950178115e-07,3.46913647086975e-07,8318.89451824225,0.9913519962619509,1.0686574250869652,8.85495765637388e+24,1.887946085378483e+25,1.2703510075964386e-14,1.0977761826320185e-22,1.53811956116488e-22,2.3312084581556655e-24,1.6249486525699451e-24,2.1537425098411587e-16,2.725848689041068e-16,8.693630532258155e-15
3.22e+22,0.0004205852395068334,0.9995792313310096,6.827767518873736e-08,1.8688209320570722e-08,9.646359897162197e-08,5739.0254189573625,0.08569316392460834,0.7415645469205191,1.3346667638911406e+24,2.3353803263057734e+25,7.732578843260683e-15,7.394250345106161e-26,9.53363523201967e-26,1.7645687416719e-27,5.354664405005043e-26,1.310685645891712e-17,1.820696857124602e-17,1.1483976869452895e-15
3.22e+22,0.0003336891845158355,0.9996662380851233,4.158317146475401e-08,1.521911200945725e-08,1.5928077382958654e-08,7009.3415904855165,11.655043361875741,1.5316086790306396,8.770018941233795e+25,1.4919181754777829e+25,2.0742652827262822e-14,1.0412953235831048e-20,1.5469208940493033e-20,2.7997792375530543e-22,1.3725257611088772e-22,1.544158978909325e-15,1.8361661606154716e-15,3.8220560854736875e-14
3.22e+22,0.00031634317933636023,0.9996835948699039,2.7394902780859206e-08,7.93996935085952e-09,2.6615887540507895e-08,6370.561586678255,6.282470833361642,1.240621518948283,5.907436569546027e+25,1.7180300434261118e+25,1.5537134024181885e-14,7.630179029751361e-22,1.0472519307534586e-21,1.348573061921159e-23,3.352378376332381e-24,5.273426627828092e-16,6.485713970863686e-16,1.6928830615472525e-14
3.22e+22,0.0006101450316585779,0.999389635752563,9.16750691948086e-08,2.5475990003351246e-08,1.0206471930091571e-07,6345.302806883302,0.04775343228145694,0.8192234787061898,6.417468043811852e+23,2.2097463569577986e+25,8.86837481252145e-15,6.848997915807056e-25,8.378051793754491e-25,7.602739595617022e-27,8.389293108248378e-26,3.095987495150486e-17,4.1776161134230076e-17,2.1214001429333293e-15
3.22e+22,0.0008450645617657698,0.9991545682733654,2.2264084897140562e-07,9.230025882276219e-08,5.222376108984853e-08,7863.720022641431,8.972014813111457,1.4239242985816718,6.626012627791604e+25,1.568476939396315e+25,1.875541342407909e-14,5.596219346440168e-21,8.560411763544614e-21,1.787445435503168e-22,1.4476957618254029e-22,1.0919804581883385e-15,1.312302742934672e-15,2.931005389311526e-14
3.22e+22,0.0005178370945348304,0.9994819921499027,1.0325551875682625e-07,4.16235669462821e-08,2.587647663056878e-08,7487.821372887777,10.452266416693156,1.4840734754286875,7.777390176296545e+25,1.5248352832175706e+25,1.985682202208263e-14,8.229874519429356e-21,1.2451208724870886e-20,2.4577110666467755e-22,1.5941197643473144e-22,1.3336221240647815e-15,1.5928547280711075e-15,3.414652821918829e-14
3.22e+22,0.0010136247861739528,0.9989860135540422,1.8385884741033614e-07,5.533210885269583e-08,1.224688275139289e-07,7235.9211765077935,1.6532519482413166,0.9790483759237713,1.7522635695964576e+25,1.991395039409682e+25,1.1290940554570443e-14,2.2994931131705695e-23,3.033301131783988e-23,3.438893466976157e-25,2.401178146458762e-25,1.1971832818762316e-16,1.5445347405007666e-16,5.648712602935464e-15
3.22e+22,0.00014797600844362673,0.9998520050285656,8.090486801495273e-09,2.3701761021982624e-09,8.502327697008072e-09,6045.946346942307,11.977346868323712,1.5543087548007142,9.598222351740307e+25,1.476360936665652e+25,2.1166430776802884e-14,9.066620382924278e-21,1.2648706976650352e-20,1.687006740766718e-22,3.537375757032809e-23,1.6451143943805709e-15,1.9530828077557618e-15,4.018658391139911e-14
3.22e+22,0.0026840005525918093,0.9973142662801999,9.86275741570899e-07,3.5003633919086086e-07,3.968551276119953e-07,8414.553811119647,0.5510029910575218,1.0695979123269441,4.880300431138375e+24,1.8869210660859725e+25,1.2718560091454968e-14,1.1194317278110982e-22,1.57171581311106e-22,2.407373675349925e-24,1.7384490163078938e-24,2.165986077724013e-16,2.74083772566917e-16,8.730032618598617e-15
3.22e+22,0.0005650267397105309,0.9994347223884475,9.787007948644452e-08,2.705151801023026e-08,1.259502444865381e-07,6013.9468811284,0.5826183309987012,0.7868751227012476,8.23998326910085e+24,2.26032538718019e+25,8.392054046638289e-15,2.85725035429772e-25,3.5115320907370545e-25,3.8848937348805914e-27,7.531741613410151e-26,2.2077446298379718e-17,3.013147642645028e-17,1.6651659140577391e-15
3.22e+22,0.0004597334613497193,0.9995400751724659,7.289335005114754e-08,2.005782214611112e-08,9.841501229424687e-08,5870.405908413433,0.21877535463375197,0.7598310865960598,3.2857856212231006e+24,2.304510666882671e+25,7.997354045463932e-15,1.2886374194953502e-25,1.605310165233031e-25,2.2610090688647005e-27,5.895076009389363e-26,1.6290666632314433e-17,2.2463251658434052e-17,1.3405088019745261e-15
3.22e+22,0.0017171451660911174,0.9982819069431024,5.587680653151487e-07,2.1763059974925792e-07,1.714921414036381e-07,8246.529473825185,5.803309691081309,1.2851786094960143,4.428675249812773e+25,1.679140922727678e+25,1.6300811649535832e-14,1.66294317239565e-21,2.5066877461509415e-21,5.0448249881052573e-23,4.443049637409033e-23,6.42019049820833e-16,7.845528588188634e-16,1.9609733474786187e-14
3.22e+22,0.0016100135262794772,0.9983892292423084,4.2279700062355963e-07,1.4264517747695946e-07,1.9178923410303997e-07,7881.732561321205,2.1329699870426033,1.0685242784966704,1.9775675144964517e+25,1.8880898767267182e+25,1.2701369043887178e-14,1.0636102532488584e-22,1.4763828279981491e-22,2.129019231858896e-24,1.2277079635298092e-24,2.1518765440270667e-16,2.7235802626918e-16,8.688299859358366e-15
3.22e+22,0.0012299043526458261,0.9987695913658835,2.8348503050826877e-07,9.765656360488768e-08,1.2313987642966257e-07,7726.795978460024,4.213130584626249,1.173274200622287,3.6431018398039418e+25,1.7806737404015524e+25,1.4407451109013752e-14,4.429116896890536e-22,6.353512112863158e-22,1.0440302126709875e-23,6.052457450387233e-24,3.8307429122687627e-16,4.759095006248964e-16,1.3323707270011996e-14
3.22e+22,0.0002849870347851396,0.999714958348868,3.060517927944e-08,1.0885250510127093e-08,1.3125917184979495e-08,6876.329918040807,11.01676178669063,1.510317403300497,8.543065644216074e+25,1.50641264435919e+25,2.0343073983257687e-14,8.493275003065745e-21,1.2410043146036352e-20,2.0870243234878325e-22,8.476883067294014e-23,1.4460677965170914e-15,1.7230992045385115e-15,3.635267340059258e-14
3.22e+22,0.00037084869572181437,0.9996290254369449,4.806909515088629e-08,1.3214852904438068e-08,6.45833853673253e-08,5862.160450646377,5.727212735275138,1.16510433294694,5.646137273326313e+25,1.7885391683814727e+25,1.427172597219109e-14,3.237599207924006e-22,4.382127405598137e-22,5.335433775901617e-24,1.2886880564339276e-24,3.670009442807631e-16,4.566232540294396e-16,1.2912099113036445e-14
3.22e+22,0.0005914966879264499,0.9994082983675758,8.601341768285777e-08,2.392355363743631e-08,9.500752643251161e-08,6353.807137405462,1.1647818170332098,0.8546331476373001,1.501884623832626e+25,2.1570498453584055e+25,9.395039658215751e-15,1.6337436951312547e-24,2.0089078374247003e-24,1.6820735999440956e-26,8.496933440946272e-26,4.356580090913817e-17,5.811850774669865e-17,2.7122846466160608e-15
3.22e+22,0.001404914675717628,0.9985944225116735,3.856684453616351e-07,1.433847631873926e-07,1.3375940033978808e-07,7994.841851089383,3.93118540654589,1.1767569097906168,3.3454173185252687e+25,1.7773242652342314e+25,1.4465269444135622e-14,4.69580732872322e-22,6.773438986617165e-22,1.142540238677545e-23,7.146595682286716e-24,3.898585736545644e-16,4.840620474093164e-16,1.3498762384877771e-14
3.22e+22,0.001445555176929425,0.9985538054990017,3.5616534810203995e-07,1.199473262083808e-07,1.6321139438205637e-07,7797.148941555028,2.8275195995912585,1.0972398182510203,2.576960101029452e+25,1.8573048086067805e+25,1.3162974526652082e-14,1.6138181955312466e-22,2.259922365688177e-22,3.3736201914468965e-24,1.854533771453739e-24,2.547083321403243e-16,3.206225049034659e-16,9.840924076867285e-15
3.22e+22,0.0009344027286930112,0.9990652683119632,1.6009777267949886e-07,4.655939900589867e-08,1.2230217215987254e-07,7046.101815736069,0.35656930529964953,0.9109974413474718,4.1045301082403844e+24,2.0784767622047257e+25,1.0244989987046913e-14,6.053936046101836e-24,7.7344327198339e-24,7.61919055749652e-26,1.470352032203456e-25,7.11861247577615e-17,9.34267652152521e-17,3.8683558416681785e-15
3.22e+22,0.00018738803552553716,0.9998125853962404,1.1608229487143832e-08,3.4168884572531097e-09,1.1543116229929635e-08,6171.572917449415,9.173839688289128,1.4179006293186174,7.925461775062045e+25,1.5727233448489781e+25,1.8643189658077265e-14,3.5471577151766666e-21,4.904877719562025e-21,6.358731742233505e-23,1.347587794890294e-23,1.0649145229202593e-15,1.281232112170461e-15,2.879992995245906e-14
3.22e+22,0.000563223693823754,0.9994365755334005,8.255812447922444e-08,2.2909455948507378e-08,9.530519549165395e-08,6258.845438783833,1.022360664205271,0.8361328545211044,1.3560461343314935e+25,2.1842442203442845e+25,9.119182957266652e-15,1.0372583181982994e-24,1.2664393806888893e-24,1.0629690802451216e-26,7.897358958554142e-26,3.657077926551367e-17,4.9073037473827016e-17,2.3911475134400207e-15
