n0,ne/n0,(Ar)/n0,(Ar*(1))/n0,(Ar*(2))/n0,(Ar*(3))/n0,Tg,E,energy,mobility,diffusion,C0,C1,C2,C3,C4,C5,C6,C7
3.22e+22,2.91323813945468e-05,0.9999708543977723,4.476018898414619e-09,4.7232292122961e-10,8.272491345349164e-09,3573.117698728673,6.720198040853346,1.1923742729807567,8.580950516913074e+25,1.7612199770090003e+25,1.471569166788828e-14,1.24694821976694e-22,1.342654115723405e-22,3.4389696957685873e-25,1.3461385114342949e-27,4.092471787797934e-16,5.083918413200206e-16,1.4136687950604802e-14
3.22e+22,0.00015557039646747824,0.9998442828333968,4.820714318843581e-08,9.704148407976461e-09,8.88588442649457e-08,4336.523484019445,0.18163881492387748,0.5632223269939545,4.37737967924841e+24,2.684741897983224e+25,5.232912352783787e-15,9.481117309480766e-27,2.5522617441099386e-26,1.90512491207902e-27,1.4824726791431176e-26,7.674403352923097e-19,1.176137008296367e-18,1.5734967478501829e-16
3.22e+22,0.00021054187019924297,0.9997892749363244,6.041659779006139e-08,1.3688826392890083e-08,1.0908805214345664e-07,4624.092756070129,2.0281856237267925e-12,0.5975768918213141,43777401356951.56,2.6104175058049257e+25,5.7007868777730495e-15,1.1964419480891476e-26,3.2132553807606215e-26,2.4018059467162845e-27,1.8804694253149288e-26,1.5065916059708673e-18,2.2548308291147036e-18,2.51176303436676e-16
3.22e+22,8.207783608876034e-05,0.9999178340900101,2.9849120819040815e-08,3.018255452881503e-09,5.5206524724375284e-08,3575.474806712115,0.10486062948115615,0.4638555864518187,3.5174396417390066e+24,2.915701381940626e+25,3.932076251278669e-15,5.540271744103342e-27,1.473532220298509e-26,1.0874988689686866e-27,8.364990283836161e-27,6.319504135404206e-20,1.0589771631432102e-19,2.845886636609999e-17
3.22e+22,6.967576314118764e-05,0.9999302896392708,1.1414000980471583e-08,2.1276158923722178e-09,2.1055970979078853e-08,4172.410520587252,2.9451795022776777,0.839859859452677,5.040006793439201e+25,2.1785929969444216e+25,9.17429897262926e-15,6.109950509003216e-25,6.510934356804388e-25,2.2732915917757074e-27,5.026673965872974e-27,3.7618307730978046e-17,5.04581956601408e-17,2.4470790313173686e-15
3.22e+22,0.00014760574239568435,0.9998522534818669,4.626031550252935e-08,9.076660999699732e-09,8.543876097171079e-08,4286.326672393656,0.27132422130007244,0.5602383930755964,6.62870501459661e+24,2.6913513302750167e+25,5.192648009776506e-15,9.201747023108343e-27,2.4747807904509371e-26,1.8454919359466e-27,1.4346637621961936e-26,7.209697520286027e-19,1.1073647317391738e-18,1.5070534292218592e-16
3.22e+22,0.00013050592347083753,0.9998694656869175,1.005458907582716e-08,2.6619728746567847e-09,1.5673049630329335e-08,5381.418261012239,8.480980991781399,1.3568640217765449,7.966514286635815e+25,1.6197293595255557e+25,1.7549939566732865e-14,1.7873402964430983e-21,2.359268484040955e-21,2.389270458255671e-23,2.6589605294457437e-24,8.504646272523009e-16,1.0306065982672546e-15,2.4300784252690852e-14
3.22e+22,0.00030027753234954823,0.9996994991535121,7.541914294914843e-08,1.889844593955046e-08,1.2899654959592445e-07,5006.111020876614,3.5890933308959494,0.9324382775863473,4.557925188032988e+25,2.050140895510034e+25,1.057201886930083e-14,7.705383846987805e-24,9.451937278619294e-24,7.026815757258664e-26,1.9030710234161132e-26,8.43833396594129e-17,1.101360836228883e-16,4.3796005931192565e-15
3.22e+22,0.00025547460776823873,0.9997444002935594,4.316691786933313e-08,1.1217956910888e-08,7.071379754136325e-08,5210.002048931697,1.3911565467470564,0.7477289109356111,2.278539413603135e+25,2.3248633527779248e+25,7.821752952971002e-15,8.926368311403016e-26,1.1734059402937516e-25,2.6858508111780874e-27,1.8452088800574095e-26,1.411279206175118e-17,1.9554873237789134e-17,1.2105994456039049e-15
3.22e+22,0.00010006288914870354,0.9998998100097476,4.294912731719451e-08,4.6719786119774845e-09,7.947999771905063e-08,3620.3953948670214,1.5878534544667587e-12,0.46798901119608477,51081375313015.81,2.905769652226945e+25,3.984256236988822e-15,6.562201643598076e-27,1.7534322500566913e-26,1.2991349572453232e-27,1.0020147651035009e-26,7.157672728773629e-20,1.1940233378927777e-19,3.0969623291653314e-17
3.22e+22,5.3408774625191595e-05,0.9999465505273303,1.3999515174295375e-08,1.125687642796966e-09,2.557284147763334e-08,3432.2496813508956,0.8359955021943685,0.5254096842062836,2.5795920886145656e+25,2.770188249767392e+25,4.727585834274369e-15,3.9471403697835775e-27,1.0378017795078969e-26,7.588433024348707e-28,5.812529108795255e-27,3.291261059342022e-19,5.199963832191266e-19,8.798273338930688e-17
3.22e+22,0.00010468844021274305,0.9998951792395524,4.4520563193716476e-08,5.292475464850368e-09,8.25071961638796e-08,3685.1556524593366,1.6162255023224585e-12,0.4763567373820892,50516467044096.33,2.8857076720535995e+25,4.090487796984012e-15,6.822491676473827e-27,1.8247902771703378e-26,1.3531472782960813e-27,1.0445035128429687e-26,9.149254947960566e-20,1.5127718198959456e-19,3.6595887808216424e-17
3.22e+22,0.0003017480023011939,0.999698101677642,5.26261667753569e-08,1.3915200242168409e-08,8.377868977121234e-08,5329.1910631326555,0.9546880554010051,0.7255004569699276,1.5833265352566855e+25,2.363234075368329e+25,7.500949452382463e-15,5.287938445029373e-26,7.998597990631654e-26,2.923153908095851e-27,2.1759491125397026e-26,1.0728623998292733e-17,1.5004553371961707e-17,9.963349516940043e-16
3.22e+22,0.00019120232746070278,0.9998086573504774,4.6399167920686665e-08,1.0694555149268045e-08,8.322833895024516e-08,4679.290216526509,0.6574387437115478,0.6308894892216447,1.3505546589329628e+25,2.5415595832563443e+25,6.161372828845339e-15,1.1653712488700537e-26,2.9871181404436626e-26,2.1675582165889384e-27,1.6938769890113852e-26,2.7051409379239183e-18,3.966988406721687e-18,3.778085753065787e-16
3.22e+22,6.394341842025521e-05,0.9999359982051347,2.001805516979755e-08,1.5032033297889011e-09,3.6855186626912624e-08,3424.233591179686,0.411964416124886,0.468733155800983,1.4200032535362356e+25,2.9039807910606206e+25,3.9936655779318285e-15,4.5161355842256386e-27,1.1940115055767006e-26,8.769316943040366e-28,6.725755357711763e-27,7.305965911658813e-20,1.2180404329471715e-19,3.1425641113862633e-17
3.22e+22,9.50348892575513e-05,0.9999048514513762,3.839411492134362e-08,4.226675836457193e-09,7.103857535535932e-08,3628.387038410532,1.5913010603353476e-12,0.4690224982055102,51457794894591.34,2.9032883772404997e+25,3.997333816888795e-15,6.2812725319204894e-27,1.6763174730648848e-26,1.2407005420577562e-27,9.562742493702247e-27,7.381423406966575e-20,1.229979162929732e-19,3.1624244953025166e-17
3.22e+22,0.0001909122468963142,0.9998089207919596,5.494959984759723e-08,1.2112655889592071e-08,9.989888845237596e-08,4547.853170377353,0.006968969529633183,0.5877588189782965,1.553473050610434e+23,2.6313197745390924e+25,5.566296010026527e-15,1.1063105982134416e-26,2.976444489190205e-26,2.2251106529972693e-27,1.7386930593155627e-26,1.2522279336772017e-18,1.886318835505665e-18,2.2089003082045668e-16
3.22e+22,0.0003796192756107048,0.9996202022553783,6.468701015176216e-08,1.753267981394292e-08,9.624932094979837e-08,5575.596172538409,0.1480221375049012,0.7211360207971678,2.4048033463439924e+24,2.3709210938012197e+25,7.438225060687164e-15,5.1395854400834033e-26,8.29648873009483e-26,3.473271478328479e-27,2.6271367901893904e-26,1.0148968628981288e-17,1.422044927052347e-17,9.577730840693495e-16
3.22e+22,9.17593139328866e-05,0.9999081321235767,3.674944326735517e-08,3.784820445225232e-09,6.802822660302993e-08,3589.404374743966,1.5741906757175351e-12,0.4639850994453603,51872720679371.625,2.915390113760931e+25,3.933708440325961e-15,6.04302352134063e-27,1.611478198740134e-26,1.1919311834254565e-27,9.181687889503507e-27,6.344960131374015e-20,1.0630787597764543e-19,2.853559731799591e-17
3.22e+22,8.337346524106516e-05,0.9999165263528886,3.457230939359366e-08,2.4857734428056566e-09,6.312378748759344e-08,3391.882577485927,1.4875904745581436e-12,0.4384580165884868,53415738283511.91,2.976837019434462e+25,3.61609260069734e-15,5.43356164634191e-27,1.4460508972519603e-26,1.067823903620238e-27,8.21200098293607e-27,2.797664908235151e-20,4.829029817122268e-20,1.6389631479830593e-17
3.22e+22,7.424772882278264e-05,0.9999256902605679,2.0751023118599034e-08,2.7923871636103397e-09,3.846719924637548e-08,3780.833183678585,5.88901065939381,1.100710018376879,7.3920092000909815e+25,1.8532988084816452e+25,1.3216685631281306e-14,7.308775134225972e-23,8.516856707019387e-23,4.0960171308586456e-25,9.029479878326604e-27,2.569620794425027e-16,3.236254474956194e-16,9.944173217053486e-15
3.22e+22,0.0001405190962844378,0.9998592954497119,6.15737728853891e-08,9.67108023193791e-09,1.142091506510323e-07,3946.5550841336985,3.59512381328471,0.8763677605566916,5.348808765504879e+25,2.125935391837604e+25,9.720822497983113e-15,1.8636676012958425e-24,2.126037586779281e-24,1.0391106749511403e-26,8.715298818441693e-27,5.27873083468168e-17,6.99926119723905e-17,3.1205587936444634e-15
3.22e+22,0.00023473388956865,0.9997651189323817,4.948693661462693e-08,1.2266376068165044e-08,8.542473686724896e-08,4949.697455435003,0.725726212792351,0.666686699990098,1.3636407285000265e+25,2.4711344052127016e+25,6.6630579310816555e-15,1.660808559896921e-26,3.751806845495443e-26,2.4783323789289823e-27,1.9373998181567794e-26,4.764095443711526e-18,6.8508474929846566e-18,5.617608305896686e-16
3.22e+22,3.608452724210442e-05,0.9999639035604053,3.935151282527419e-09,6.81733503549206e-10,7.295467723142387e-09,4097.435533913102,8.344524175166242,1.336330749582022,9.107087011010318e+25,1.6351862943416352e+25,1.717750043420117e-14,6.912045034686408e-22,7.914826257390606e-22,3.1650521624444046e-24,2.3913344397052262e-26,7.720676279970238e-16,9.396288976397172e-16,2.27225671480368e-14
3.22e+22,0.0001625188195788267,0.9998373044445935,5.809036827682447e-08,1.1231925357863144e-08,1.07413533985746e-07,4257.255537160224,1.867215846924863e-12,0.5502377745720446,45974836429559.18,2.7136770417684613e+25,5.0581716129793584e-15,9.847728519995495e-27,2.6573608033269e-26,1.9870392625264916e-27,1.5469969252200478e-26,5.822235726967155e-19,9.01030866880539e-19,1.3002068163951752e-16
3.22e+22,0.00028430647506981585,0.9997155140858279,6.107690419318877e-08,1.5597470799253428e-08,1.027647272335632e-07,5091.20454670804,0.0032908605388871125,0.657827799556841,6.127684883840363e+22,2.4882231079663014e+25,6.538293214768239e-15,1.7305761477714655e-26,4.169602105204611e-26,2.90168025649448e-27,2.280594008475187e-26,4.165937296442758e-18,6.018329941160303e-18,5.111753863926793e-16
3.22e+22,8.68668065101559e-05,0.9999130364809612,3.2718255045198685e-08,3.4680720153490367e-09,6.052620150247858e-08,3603.92749636472,0.033633912742595654,0.4660303603279748,1.1117105367516598e+24,2.910474400091584e+25,3.959505633971918e-15,5.794332858196867e-27,1.543134117275663e-26,1.1401145927561035e-27,8.776434247444386e-27,6.749502166437567e-20,1.1283317028000262e-19,2.9758849058019325e-17
3.22e+22,0.00012429965237708944,0.9998755399933006,5.3407854711035743e-08,7.804231301083412e-09,9.914223624892526e-08,3865.7445748012974,1.6954890059478076e-12,0.49968367817757275,48708712138358.805,2.83024461681103e+25,4.390584226909948e-15,7.86064507019866e-27,2.110552884705542e-26,1.570329520848031e-27,1.2158375433001915e-26,1.7385140309939538e-19,2.808879878635902e-19,5.669979215957696e-17
3.22e+22,0.00016370049899812697,0.9998361189453652,5.9348998214502065e-08,1.1441432899119966e-08,1.0976520567346158e-07,4251.812010206072,1.8648301712763717e-12,0.5495328613610461,45939654457756.14,2.715260585755292e+25,5.048720431060929e-15,9.968921898592145e-27,2.6906942587888345e-26,2.0123581076337413e-27,1.566885200668547e-26,5.733479074204496e-19,8.877777370820838e-19,1.286501586405072e-16
3.22e+22,0.00017787094947897743,0.9998219729504138,5.131949048770065e-08,1.1072608420385354e-08,9.370800849644013e-08,4493.159558295878,0.08444645346111662,0.5812404877196596,1.9253720180446828e+24,2.64534807418292e+25,5.477341733736835e-15,1.0596974972266284e-26,2.8520055388599245e-26,2.1311342361145836e-27,1.6629081959877146e-26,1.1038281360072418e-18,1.6701526906651163e-18,2.0237893380342954e-16
3.22e+22,0.00012004527213249073,0.9998797508514116,7.03610660902272e-08,5.427312718974243e-09,1.2808807725032665e-07,3410.4269979010146,1.1299918052331224,0.5549080576044466,2.876537898363899e+25,2.7032083705989226e+25,5.120865060300628e-15,7.795752103122435e-27,2.08742052597145e-26,1.5501649195857744e-27,1.2006938267651285e-26,6.419734094023268e-19,9.903334574873728e-19,1.3926312684809858e-16
3.22e+22,2.6104150013838343e-05,0.9999738860748331,3.301708438684883e-09,3.098821656075676e-10,6.163562288989372e-09,3536.042204689484,3.880636461178453,0.9264828121275095,6.77804223233173e+25,2.057374775843679e+25,1.0478901159248737e-14,1.9676064443603035e-24,1.9363170037609988e-24,2.680320037261676e-27,1.641789671712625e-27,7.850418088553198e-17,1.0290000447111331e-16,4.193743626657272e-15
3.22e+22,0.00036128055141765276,0.9996384557085227,9.039190086914231e-08,2.3361081924086445e-08,1.499870768393882e-07,5164.879871865472,2.5567179831461324,0.8458922846209993,3.519966450392227e+25,2.169797467261017e+25,9.264477371474641e-15,1.2184604628488445e-24,1.466477997570579e-24,1.1427468292333066e-26,2.0447508379713792e-26,4.0112100393491786e-17,5.3659917980774116e-17,2.5563300284225983e-15
3.22e+22,0.00010425456391106977,0.9998956116333666,4.510705147069898e-08,5.200631756860448e-09,8.34950390343668e-08,3659.7615641586203,1.6050667738759745e-12,0.4730753685295162,50630395090022.66,2.893566883999599e+25,4.048735722005858e-15,6.731337300422506e-27,1.8002833230144461e-26,1.3348984090576387e-27,1.0302947645032376e-26,8.317945291600589e-20,1.3800600041787635e-19,3.429947633279767e-17
3.22e+22,0.000402284724463785,0.9995975342395269,6.659662978187032e-08,1.8159580891745487e-08,9.627979852909064e-08,5667.839191945922,0.09211064905458467,0.7324603094465071,1.4614158827706655e+24,2.3510857192992992e+25,7.601164942058091e-15,6.830204390341677e-26,1.0299775667979378e-25,3.659754030571517e-27,2.70367697220555e-26,1.1715321491633883e-17,1.63350982500191e-17,1.060367146811509e-15
3.22e+22,0.000360182731862048,0.9996396414609267,6.29564940450084e-08,1.6955885461992842e-08,9.589483167261597e-08,5496.2446055902765,0.05081723098576786,0.7101516759747842,8.447575694430283e+23,2.3904859379333396e+25,7.280731996305262e-15,3.981197889943019e-26,6.928465685987086e-26,3.339455323515839e-27,2.565346240778128e-26,8.792751198749497e-18,1.2380635300820452e-17,8.652889229879184e-16
3.22e+22,0.00012714597721459882,0.9998727258064033,4.2275806178533156e-08,7.52142931994337e-09,7.841914676258928e-08,4118.071513160905,0.31159266062152263,0.5414488214224813,8.098691125881326e+24,2.733511303894981e+25,4.940600373757646e-15,8.141301791074834e-27,2.1848787877969987e-26,1.6253400763448768e-27,1.2598825924207792e-26,4.792834484155747e-19,7.46870792077465e-19,1.1371282329993635e-16
3.22e+22,6.462202316001498e-05,0.9999353337285461,1.4764654059193744e-08,2.092535690823872e-09,2.7391104103670427e-08,3830.064794026048,1.616928474335659,0.660457135225809,3.68452053738711e+25,2.483085845878735e+25,6.5752111725394635e-15,6.652487647752561e-27,1.3616204993190088e-26,8.35907142829851e-28,6.4043225921526624e-27,4.310022468583643e-18,6.222339873376009e-18,5.248005743263864e-16
3.22e+22,0.0001605879695165673,0.9998391351011505,9.246168193939215e-08,1.2906730477358552e-08,1.7156092043430774e-07,3819.4526731868377,1.8926182947305432,0.6786829480427253,3.6648854805223803e+25,2.448332030477067e+25,6.832598544683204e-15,1.512204982747495e-26,3.0227711293507957e-26,1.78438248299572e-27,1.3801612577225193e-26,5.669845634007218e-18,8.106334963107402e-18,6.355823911596306e-16
3.22e+22,0.00013618464302468119,0.9998636027722093,7.130117414475734e-08,9.156080599113986e-09,1.321275112181744e-07,3742.236144751299,2.632165224792739,0.7609072320854525,4.588817649143061e+25,2.3026738925385447e+25,8.012895809657513e-15,1.0013602638564517e-25,1.183806031606669e-25,1.6692352655187885e-27,1.0642331852482408e-26,1.6425090606966112e-17,2.26486445298062e-17,1.3505337169166498e-15
3.22e+22,0.00026181275080115453,0.9997379719588474,7.168739364807953e-08,1.7273708301551547e-08,1.2632924957630713e-07,4827.442499595417,2.1175044343222697e-12,0.6237618484098814,42306083931832.6,2.5560245817524975e+25,6.062296328274518e-15,1.4301094478090248e-26,3.773029910469066e-26,2.7951183339163437e-27,2.197683650668731e-26,2.3996816296263213e-18,3.533616953433668e-18,3.474153037872135e-16
3.22e+22,0.00022575842520640893,0.9997740662734937,5.8164063413302667e-08,1.3753533424249245e-08,1.0338370297644792e-07,4760.321688585715,0.003272601075083473,0.6151619310336179,6.769850000991831e+22,2.5736706090814513e+25,5.9431280691150065e-15,1.2810738671660316e-26,3.3984662054826996e-26,2.523123882811972e-27,1.9783620775359083e-26,2.068260102888305e-18,3.061387386519433e-18,3.1318777949962057e-16
3.22e+22,0.00013077703985945222,0.9998690619511948,5.338046075342866e-08,8.49501250653493e-09,9.913347216016317e-08,3963.015989693716,1.7381162744568826e-12,0.5122481016798246,48090553666808.58,2.8007499447500653e+25,4.554441783294677e-15,8.391276393861245e-27,2.2554095031066455e-26,1.679728335091724e-27,1.301919189912864e-26,2.399208899737667e-19,3.831896462540988e-19,7.06834877798455e-17
3.22e+22,0.00019476835490292606,0.9998051764414306,1.9712063021638974e-08,5.263761388295313e-09,3.022784193384953e-08,5451.588808526683,4.18332854421364,1.0288229320935507,5.041270042722001e+25,1.9324206658999104e+25,1.2070067229988828e-14,3.883498257612727e-23,4.811824283250067e-23,3.6073584663951527e-25,3.1406719709770856e-26,1.674925466024273e-16,2.1376276282311357e-16,7.231251541067479e-15
3.22e+22,0.00025442597005449107,0.9997453806550858,6.4563896464213e-08,1.57043250976176e-08,1.1310663828308788e-07,4864.850203391788,2.133885359874119e-12,0.6286175412891404,42411049248954.95,2.5461557508795154e+25,6.129763921328655e-15,1.4279987851842114e-26,3.7333272596121e-26,2.7491811549053203e-27,2.1602902162758488e-26,2.605201215198671e-18,3.8253081654453686e-18,3.679418562072133e-16
3.22e+22,0.0001279333326420224,0.999871903169638,5.4353708102311486e-08,8.228307128999167e-09,1.0091570476051128e-07,3904.188803391279,1.712325557495249e-12,0.5046489681219906,48398935571691.58,2.818552590380611e+25,4.455162384520231e-15,8.144086741477902e-27,2.1880339541867538e-26,1.6289025754972633e-27,1.261888978474161e-26,1.9782122624841804e-19,3.181391361768381e-19,6.193614508588632e-17
3.22e+22,0.00024675141413088315,0.9997530814957222,5.6065850308558974e-08,1.3847680007039012e-08,9.717661672314938e-08,4929.224143306216,0.052665908438383806,0.6371189596492004,1.0348948890825722e+24,2.529041370475947e+25,6.248197502566859e-15,1.4230932564181286e-26,3.645052335663746e-26,2.6479666733846396e-27,2.0790246804441027e-26,2.9995029541320715e-18,4.382780463557753e-18,4.060524708527829e-16
3.22e+22,7.548242225970749e-05,0.9999244371728759,2.752516386099479e-08,2.1051450391893694e-09,5.0774555263911223e-08,3438.1474953546203,0.021661617801417923,0.44451758614420694,7.766446172445614e+23,2.9622559508566014e+25,3.690724357101498e-15,5.070317195594498e-27,1.3461567186068097e-26,9.920856886200465e-28,7.621012109858284e-27,3.4262564581724755e-20,5.870534986974239e-20,1.8795948494156453e-17
3.22e+22,9.928407079927548e-05,0.9999006447005311,2.347869399049003e-08,4.376439684541209e-09,4.33735359504091e-08,4191.863640090312,6.577708595971423,1.170670198244406,7.462804621582865e+25,1.7828815000666542e+25,1.43618221734008e-14,2.1470149813998196e-22,2.6281325689827487e-22,1.7386629083776757e-24,6.967029015311468e-26,3.7501353277467773e-16,4.66491802073942e-16,1.3152404893966248e-14
3.22e+22,0.00017104570154989846,0.99982880058147,5.050477771406829e-08,1.0686048403965007e-08,9.252615403102239e-08,4445.938854765452,0.09427786705624211,0.575299814380256,2.1871643947975708e+24,2.6582371520454696e+25,5.396511098370755e-15,1.0219028509748953e-26,2.751641945641675e-26,2.0559918917199945e-27,1.6029570570465166e-26,9.81577021153238e-19,1.4913206612814131e-18,1.8656510192120766e-16
3.22e+22,9.54556836170488e-05,0.9999044370792269,3.601413718067635e-08,4.4960795208680685e-09,6.672693923114367e-08,3720.4994794384247,0.04350619001985906,0.4811803640862932,1.3620999828504183e+24,2.8741764129061025e+25,4.15207770278591e-15,6.359654911746891e-27,1.6972136533190834e-26,1.2561311252415937e-27,9.684245908253284e-27,1.0500110447920377e-19,1.7275261653109184e-19,4.019347678220387e-17
3.22e+22,8.219873006140102e-05,0.9999177042170458,3.3458603091765906e-08,2.432557320234389e-09,6.11617324288375e-08,3398.4859633391816,1.4904740523878197e-12,0.4393113232308751,53507621341449.484,2.9747848967563664e+25,3.626572010700987e-15,5.4136655272639335e-27,1.4402667213922345e-26,1.0632509441214235e-27,8.175497676933074e-27,2.879622435497226e-20,4.965265096087415e-20,1.671244046914054e-17
3.22e+22,9.022439931727926e-05,0.9999096904232709,2.8400914358581346e-08,4.086559550336235e-09,5.268993790822754e-08,3852.2960105518814,0.6529023765040397,0.5405212659012084,1.7902586886082074e+25,2.7356122051089206e+25,4.92822025789707e-15,6.1870501058994884e-27,1.646537104199046e-26,1.2159572927460291e-27,9.375566862125887e-27,4.68761393367999e-19,7.31132771651475e-19,1.1204730073459448e-16
3.22e+22,8.385295818254487e-05,0.9999160467113744,3.4542400040656616e-08,2.562543763697823e-09,6.322549935833016e-08,3409.1315325488517,1.4951005322816674e-12,0.4406873325182122,53294989052582.76,2.971474794739602e+25,3.643491727387842e-15,5.4186363533460636e-27,1.4422411171614522e-26,1.0651057466517073e-27,8.191980126462701e-27,3.0161647957642707e-20,5.191931673083397e-20,1.724387435581938e-17
3.22e+22,0.0002954537978208913,0.9997043558908679,6.485611576389864e-08,1.6608185630570754e-08,1.0884700969605434e-07,5105.2273512464335,2.239367480005873e-12,0.6596131250748485,41375126783723.18,2.484761658763039e+25,6.563405899496951e-15,1.7620086822235415e-26,4.214990575912121e-26,2.917608789000952e-27,2.2940533732500136e-26,4.281580988734622e-18,6.1795506664320674e-18,5.210971629788007e-16
3.22e+22,0.00010626924987980941,0.9998936106063293,4.007919961236842e-08,5.7011619724778874e-09,7.436342941848283e-08,3838.3698364926627,0.027197224646988115,0.4962448744054736,8.06561625758134e+23,2.8383680549953188e+25,4.345998275220152e-15,7.01612626003981e-27,1.8768847512695796e-26,1.3919528983382227e-27,1.0750734430371195e-26,1.5873996910387264e-19,2.5731122052543925e-19,5.3283756387335995e-17
3.22e+22,0.0003171680761222208,0.9996824787301337,1.1694683994717876e-07,2.7536505143705103e-08,2.087103988137975e-07,4743.078055242579,1.2934813114833366,0.6888032561672845,2.2577017675945253e+25,2.4294405047825094e+25,6.976224520247533e-15,2.5517343283815296e-26,5.1669526319731504e-26,3.0633913249920214e-27,2.3911278560554774e-26,6.5654945512290045e-18,9.337964795829688e-18,7.041599821686852e-16
3.22e+22,0.00013331862287888028,0.9998665238774391,5.207691847286441e-08,8.678944531335544e-09,9.67438189441807e-08,4022.835382301772,1.764390906672115e-12,0.5199753136726758,47808543260705.03,2.7827689546495596e+25,4.655927679001804e-15,8.481921218274852e-27,2.2805280724952766e-26,1.6989875098496553e-27,1.3174615700066022e-26,2.902851131427585e-19,4.604848102849216e-19,8.054913681772372e-17
3.22e+22,0.00022871274286857007,0.999771198642104,3.108056809918967e-08,8.13831632741565e-09,4.939614319423682e-08,5324.834182628131,7.017198741619644,1.2389123066961716,6.840265006744349e+25,1.7195024068606734e+25,1.55075397359998e-14,6.734058368182888e-22,9.026296951820808e-22,1.0203989368491357e-23,1.726385201702444e-24,5.225485389292537e-16,6.429182856905763e-16,1.682156834432641e-14
3.22e+22,0.00034420576465981966,0.9996556197424246,6.184192742305347e-08,1.654437059401345e-08,9.610661763454412e-08,5424.661975406415,0.03255472931854337,0.7008685676859898,5.520077167500522e+23,2.4072738091381484e+25,7.148062978038781e-15,3.262322089438759e-26,6.064018556285551e-26,3.230357342433943e-27,2.503273234749098e-26,7.762457493783574e-18,1.0976624576439465e-17,7.923187214206022e-16
3.22e+22,0.00011155864429021886,0.9998883181092446,4.095500428195932e-08,6.25297828938035e-09,7.603848256234754e-08,3914.172306417674,0.06124742540175395,0.506377802683739,1.7592497420604865e+24,2.8144924199701737e+25,4.477702002086256e-15,7.312493436933937e-27,1.9581830721229343e-26,1.4535599709233596e-27,1.1236785252903726e-26,2.0679802115227713e-19,3.320481630400088e-19,6.38463259532639e-17
3.22e+22,0.0003707309513993385,0.9996290806857221,6.736919008124399e-08,1.8096228530960904e-08,1.0289745992722671e-07,5487.343661647979,4.009460757751509,1.001740644030597,4.614874723536085e+25,1.96404054333813e+25,1.1644602318398121e-14,2.912070626831783e-23,3.7168182624369853e-23,3.4054248287745486e-25,5.683121163207427e-26,1.40075099794762e-16,1.7980015745684327e-16,6.339382526584811e-15
3.22e+22,0.00010125224389023144,0.9998986179442226,4.385966234880154e-08,4.79043417916832e-09,8.116179070737621e-08,3622.9954401106947,1.5889881842570481e-12,0.468324826270179,50980376819965.71,2.9049633068499623e+25,3.988504238832445e-15,6.536250066095305e-27,1.7469774895603855e-26,1.2946575187576254e-27,9.987341779898601e-27,7.2297205665291e-20,1.2056056625429924e-19,3.118112157839839e-17
3.22e+22,9.885441114844229e-05,0.9999010223536292,4.1631314482636466e-08,4.573572891336752e-09,7.703033504417213e-08,3626.67628528182,1.5905754034782416e-12,0.4688009077699209,51153902768176.31,2.9038203152410204e+25,3.994528812274242e-15,6.51113878874877e-27,1.7392792310994466e-26,1.2883240087251625e-27,9.935205062768096e-27,7.33295508471255e-20,1.222193319152279e-19,3.1482956602297435e-17
3.22e+22,0.00032788536821629023,0.9996719450118903,5.964638466799569e-08,1.5854570904208463e-08,9.41189378759804e-08,5366.821761316969,0.5193373117335072,0.7049695982347792,8.800299594184297e+24,2.399827897332131e+25,7.20662221232047e-15,3.455696283907601e-26,6.1707579635346e-26,3.105980564363278e-27,2.394525309897718e-26,8.204327254006761e-18,1.1579579791380327e-17,8.239578318290103e-16
3.22e+22,0.0001515866356755456,0.9998481283887493,9.618792455282872e-08,1.0734556142492184e-08,1.780530944663194e-07,3638.378790119031,0.7132702712160759,0.5217945149451572,1.8895612188124297e+25,2.7785516236656765e+25,4.679890848604628e-15,9.420891098253866e-27,2.5407573080663628e-26,1.898154894825477e-27,1.475085870805971e-26,3.029819749986952e-19,4.799445432943459e-19,8.299271415225637e-17
3.22e+22,0.0001492905177502987,0.9998505590317401,4.945714231301838e-08,9.52941871526482e-09,9.146394845329091e-08,4251.472632367998,0.024195609976301765,0.5495575735038668,6.0376962247586834e+23,2.7152050476015444e+25,5.049051695240147e-15,9.282874347397261e-27,2.4998360047828706e-26,1.8657243916590692e-27,1.450377454324223e-26,5.736572589003795e-19,8.88239858577769e-19,1.2869802307713558e-16
3.22e+22,0.0002190388192654851,0.9997807308507889,7.571716763848467e-08,1.646882277539819e-08,1.3814395505286856e-07,4512.472923250782,1.9793420200318893e-12,0.5831311918795647,43725860127788.85,2.641266715772934e+25,5.503115682023931e-15,1.2361951250427354e-26,3.344237943345338e-26,2.5111575317507376e-27,1.9670032094604292e-26,1.1452908478587585e-18,1.73064450820886e-18,2.0762139057841166e-16
3.22e+22,0.0002272755636302536,0.9997723519380244,1.225002070032014e-07,2.2830939773700145e-08,2.2716719861715119e-07,4193.037323620416,1.207843323618429,0.6286187116297377,2.4354657813969925e+25,2.546147770938658e+25,6.129771041529258e-15,1.2989289912287636e-26,3.3795230784628987e-26,2.4790230700897878e-27,1.943916015173878e-26,2.6023778743169184e-18,3.821657836868139e-18,3.6782430778709044e-16
3.22e+22,0.00028962490979983415,0.9997102045480386,5.847653579592664e-08,1.5111901381288134e-08,9.695372427674084e-08,5160.694807781755,0.06085056018432696,0.6669898537274312,1.1130867376100928e+24,2.470555554744153e+25,6.667337793284819e-15,1.8796179658624725e-26,4.3321789531713555e-26,2.9100644531533286e-27,2.284320224492729e-26,4.787214151254453e-18,6.8827737524378685e-18,5.636090668210659e-16
3.22e+22,0.00034489190313584346,0.9996547740182152,1.11773236676133e-07,2.7513479284723025e-08,1.947919329750691e-07,4910.048262645625,1.3639751116675598,0.7116035445982106,2.273892463176127e+25,2.3878770771616368e+25,7.301508603840654e-15,3.997782021285743e-26,6.850659970378972e-26,3.22363710495049e-27,2.470802544139826e-26,8.958248705940961e-18,1.2606203663519257e-17,8.76971107813109e-16
3.22e+22,0.00021248337254782274,0.9997873608792444,5.168777604829835e-08,1.2208070198410682e-08,9.185236157807105e-08,4757.81958986847,0.4202783827474409,0.6256171236443073,8.595780959157207e+24,2.552245096824983e+25,6.0880579427369144e-15,1.2360881781266804e-26,3.2196557608446645e-26,2.3621772877102518e-27,1.8499052160119022e-26,2.4762286123784694e-18,3.642399003826106e-18,3.5513848611441075e-16
3.22e+22,0.00010266675058617345,0.9998972157770427,3.930957468805628e-08,5.285058974728072e-09,7.287773732106745e-08,3783.9871601080995,0.013349904599227183,0.48915119739549956,4.050602423742847e+23,2.8551875128696625e+25,4.25439431746861e-15,6.688481158922442e-27,1.7879071826449531e-26,1.325115123196747e-27,1.0228065861315347e-26,1.3107265493424314e-19,2.1393100701125495e-19,4.675345701721934e-17
3.22e+22,1.7259936535864094e-05,0.9999827345157858,1.898747757934539e-09,1.5830107933769563e-10,3.4906296451166188e-09,3426.133702251188,8.041587025420268,1.3111390242884668,9.690342915546955e+25,1.6544129105589439e+25,1.6723986756784936e-14,2.698659666367045e-22,2.791478485191703e-22,4.986014654160014e-25,3.929419270032907e-28,6.805380759500101e-16,8.33001101083892e-16,2.083821372111159e-14
3.22e+22,4.953192858279004e-05,0.999950458350451,3.2221665379827093e-09,7.393655441236738e-10,5.759433943483663e-09,4705.931902507389,9.688835195285854,1.4405503515377212,9.38935059553443e+25,1.554946571531675e+25,1.9042823206501214e-14,2.158992286487021e-21,2.625880601518298e-21,1.5778802475988626e-23,3.7434273933023367e-25,1.1359733133512955e-15,1.3653227769845695e-15,3.039277837140561e-14
3.22e+22,0.0002783595025247444,0.9997212689950609,1.220532953964045e-07,2.6537151543674255e-08,2.2291196732403464e-07,4511.349195422752,1.260175771474932,0.6633647576505929,2.3306006879219626e+25,2.4775126357997737e+25,6.6162209002030724e-15,1.7704971557789643e-26,4.1562215543732475e-26,2.8343650559864512e-27,2.225220997863805e-26,4.529484331132999e-18,6.525085400215114e-18,5.422787304074353e-16
3.22e+22,0.00024504140487084213,0.9997547552821113,6.748434993796373e-08,1.6012211043858614e-08,1.1981645687952132e-07,4771.532891968815,2.0929467668477926e-12,0.6165701791247346,42729772175180.08,2.570766405261319e+25,5.962613339274987e-15,1.3593109816775882e-26,3.611682661838714e-26,2.6858561988032367e-27,2.1092105891108145e-26,2.119798284390578e-18,3.1349833538337246e-18,3.186105454839796e-16
3.22e+22,0.0004224217134649433,0.9995773470572686,8.318225415220457e-08,2.248639808020507e-08,1.2556061411121164e-07,5535.160429032956,2.791570934758001,0.8969916009526754,3.5502380388773185e+25,2.0974133282474795e+25,1.0032384084735217e-14,4.006191702011148e-24,4.935168760589153e-24,3.932810102663904e-26,2.335334602627716e-26,6.331452524661956e-17,8.342077081609337e-17,3.554228050073332e-15
3.22e+22,0.0002227050379158857,0.999777132394766,5.405674479077738e-08,1.291086647986494e-08,9.559970680542072e-08,4796.253320436458,0.1896503770799644,0.6220211205922266,3.880587132277838e+24,2.5595789492262664e+25,6.038141379895527e-15,1.2734509884133395e-26,3.344575418545597e-26,2.4675253007972195e-27,1.934222422454444e-26,2.32925250540157e-18,3.433471726282819e-18,3.402677076672735e-16
3.22e+22,7.763759832970829e-05,0.9999222861292768,2.5761174202228885e-08,2.8295874212177782e-09,4.768163200636905e-08,3626.3744537213624,0.43925793843672073,0.4937731290974869,1.3760633193661843e+25,2.8442172859887876e+25,4.314017625609921e-15,5.403565878589781e-27,1.4347765840487213e-26,1.05737755853832e-27,8.131015760266775e-27,1.4840132844448488e-19,2.4116115474952956e-19,5.091369452795915e-17
3.22e+22,0.0003008234742716971,0.999699002980443,5.981467856693385e-08,1.557094696508423e-08,9.815965975358352e-08,5207.069771507632,0.03168722688706179,0.672826297766775,5.713563328782898e+23,2.459424997478302e+25,6.749759736309593e-15,2.043959842829511e-26,4.577161367747662e-26,2.9991179952890447e-27,2.352714499896982e-26,5.220457034439189e-18,7.48329859994798e-18,5.990155013790769e-16
3.22e+22,4.632260490843434e-05,0.9999536700097069,2.4570840387555016e-09,5.869696773779167e-10,4.341330884372168e-09,4765.215844722354,12.071061110761384,1.5799927494584172,1.0578802166756996e+26,1.4581560326449777e+25,2.1636775187287607e-14,5.68566871222517e-21,7.047192017258649e-21,4.710672347732066e-23,1.4178650487291765e-24,1.7468616862119263e-15,2.0722370484479498e-15,4.229144818936823e-14
3.22e+22,0.00017145256520279052,0.9998283453732283,6.641181791592904e-08,1.270246430087905e-08,1.2294728662272314e-07,4237.723221045402,1.858731831789726e-12,0.5477019080880183,45677926728619.81,2.7193797123457263e+25,5.024189151121625e-15,1.0375826589665295e-26,2.8040282488976767e-26,2.0994630925161306e-27,1.6359788293648905e-26,5.508215726112847e-19,8.541090112216192e-19,1.2514266333078202e-16
3.22e+22,0.00020186078678869178,0.9997979168320631,7.302069069327345e-08,1.525802386066192e-08,1.3410243372071627e-07,4416.361377314397,1.9371491513329894e-12,0.5707404733208374,44355991892233.72,2.6681958892234792e+25,5.334634576956639e-15,1.1669139728776197e-26,3.15879249358768e-26,2.3709013890008075e-27,1.8538721917470537e-26,8.955821631465483e-19,1.3650640771527208e-18,1.7508622776869486e-16
3.22e+22,0.00016384862295402319,0.9998359617860713,6.235079961769576e-08,1.1772250599902053e-08,1.1546792431728756e-07,4214.586735593594,1.848501415413329e-12,0.5447222205118343,46009564148353.53,2.7261015700965185e+25,4.984321144722243e-15,9.991393497439176e-27,2.6975935061170616e-26,2.0178864399047965e-27,1.5710529514884533e-26,5.157503208873374e-19,8.015934023057091e-19,1.1959391323268582e-16
3.22e+22,7.595475844383706e-05,0.9999239599417411,2.996297433740405e-08,2.1198905088977775e-09,5.321695026368003e-08,3326.0736267440243,1.4586801625859776e-12,0.42995171817976957,54490563073946.914,2.997260992953305e+25,3.5121852545029206e-15,4.948551607183275e-27,1.314224584854347e-26,9.688232880497308e-28,7.441229767573588e-27,2.0851362488308338e-20,3.6379793727940967e-20,1.3440529175017636e-17
3.22e+22,0.00010931275144028081,0.9998905589570377,4.281289657639589e-08,6.037318262964747e-09,7.944130714291285e-08,3829.5808364834447,0.0003104367228788071,0.49501782774705383,9.195007158424984e+21,2.8412716058224956e+25,4.330116964342418e-15,7.056821629206241e-27,1.8890624919855307e-26,1.4018200519466724e-27,1.0831265974571852e-26,1.536265558007437e-19,2.4931550880335296e-19,5.2105244282051044e-17
3.22e+22,0.0001951401632473914,0.999804701473096,5.2230305472478e-08,1.1814570350239308e-08,9.431878077403042e-08,4620.058734082091,0.12038688833287027,0.5980813765921753,2.622253789673676e+24,2.60935084862479e+25,5.707713425692791e-15,1.134001378973638e-26,3.0374241480558204e-26,2.265287141069479e-27,1.7710911793873943e-26,1.5207109638880256e-18,2.275222635125071e-18,2.52812388925188e-16
3.22e+22,0.000370507262140388,0.999629330052072,5.937839685913101e-08,1.61286521841704e-08,8.717873855385224e-08,5615.416265001322,0.9578564721767729,0.7580577315507466,1.478114149114451e+25,2.3074701148996834e+25,7.971579986809516e-15,1.290205971357067e-25,1.6996485818095523e-25,3.671990725936187e-27,2.4263301777531156e-26,1.5955410492437436e-17,2.201540567946406e-17,1.3208246123182638e-15
3.22e+22,6.924168667880457e-05,0.9999306883079861,2.432153709614611e-08,1.730172854933619e-09,4.395362502733924e-08,3364.753753233894,0.046203421471633255,0.4353460951924044,1.7244531396615749e+24,2.9843164818021045e+25,3.577960717004809e-15,4.6396166648626756e-27,1.2294407429878715e-26,9.046733854777596e-28,6.9416952679695e-27,2.515598198060426e-20,4.359059517760291e-20,1.525501078690497e-17
3.22e+22,0.00023694464779519013,0.9997628906777772,5.505163911116379e-08,1.3435900486073579e-08,9.618688812558491e-08,4879.167840099952,0.11934991344499123,0.6313431804110454,2.3819270159205986e+24,2.5406459197479796e+25,6.1676921314805454e-15,1.353076528202886e-26,3.5036610202136833e-26,2.5628399341206977e-27,2.01099556158171e-26,2.7266903625978125e-18,3.997364415460984e-18,3.79854166814532e-16
3.22e+22,8.333048320185726e-05,0.9999166029329943,2.211443903516359e-08,3.4359968352037885e-09,4.103336782405777e-08,3935.49303259322,1.161483610226983,0.6091876832536558,2.7980912158007683e+25,2.586038447735996e+25,5.860565654210435e-15,5.8939706752669736e-27,1.5146824816550944e-26,1.0958443039210634e-27,8.445276233799852e-27,1.8546410576488885e-18,2.7564182102776565e-18,2.906563616397012e-16
3.22e+22,8.281126249575837e-05,0.9999170977557147,3.0889270648623486e-08,2.9861218234380462e-09,5.710639706309025e-08,3550.0485136036195,0.03683156573348374,0.45911075150138286,1.2496473987409105e+24,2.9271152925340468e+25,3.872427838197383e-15,5.584069025757882e-27,1.4855648549103444e-26,1.0966253612507112e-27,8.435533965098621e-27,5.463863234454093e-20,9.204299873226175e-20,2.578280097377927e-17
3.22e+22,0.00013731516870586535,0.9998624331893164,8.559523126364655e-08,7.861555239948774e-09,1.5818519125549686e-07,3523.6580625154816,0.6873636819035785,0.5076351157035904,1.9092574088363842e+25,2.8115403788944307e+25,4.494106020337051e-15,8.670452593345509e-27,2.3333591278849123e-26,1.7397227641419924e-27,1.3493252543129154e-26,2.1323811604381723e-19,3.420553759064746e-19,6.523864895056308e-17
3.22e+22,0.00010726958654559091,0.9998926144096549,3.858017271531208e-08,5.798946843771772e-09,7.162467980241437e-08,3896.4616744920304,0.18930443760420096,0.5077630178316853,5.451510796029914e+24,2.811243166770797e+25,4.4957812705260034e-15,7.104816017720583e-27,1.900754892258428e-26,1.409756566113199e-27,1.0891933249465065e-26,2.1421298694359447e-19,3.4352447134433663e-19,6.54080445218447e-17
3.22e+22,0.0002583031980826631,0.9997415293496709,5.650343314060365e-08,1.4165173307682914e-08,9.67836399647313e-08,4997.070037381012,0.10902370984384906,0.6463614244301732,2.0955448728228292e+24,2.5106717191080184e+25,6.377392946216235e-15,1.5200326026773296e-26,3.7996693927176237e-26,2.7154071261236675e-27,2.132730639750018e-26,3.4818917575607385e-18,5.061414109824319e-18,4.507504432194408e-16
3.22e+22,0.00012128434475551943,0.9998785595254173,5.205951751406828e-08,7.441015558949405e-09,9.662929406366658e-08,3842.9600394644003,1.6855020610957571e-12,0.49674123034777956,48948722413301.836,2.8371942616947536e+25,4.352426688147244e-15,7.769004337020458e-27,2.084798636153924e-26,1.5504044693490605e-27,1.1998788993650384e-26,1.6084976534334003e-19,2.606073669998361e-19,5.376648537060302e-17
3.22e+22,0.00036479380226821635,0.9996348555283944,1.1774073180224249e-07,2.9306010545654354e-08,2.0362259486059647e-07,4958.196085992408,0.44705926802913487,0.6506562947720158,8.179068080312802e+24,2.502218760144271e+25,6.4375801647649786e-15,1.9492231738354962e-26,4.9281248322203515e-26,3.5569792733264895e-27,2.811008385657044e-26,3.726233903663983e-18,5.4039387233605125e-18,4.72712638887087e-16
3.22e+22,0.00019888856573923417,0.9998009942553916,3.918076751753625e-08,9.532827465001032e-09,6.846527414286508e-08,4873.829948636301,1.2468198206582224,0.7018895124352706,2.2600993178323293e+25,2.4054092386453666e+25,7.162621337211871e-15,2.639856262046183e-26,4.472035606275573e-26,2.1073656009597105e-27,1.6111769244025058e-26,7.863926948879278e-18,1.111595553125697e-17,7.998940726090405e-16
3.22e+22,0.00028023858492970687,0.9997195920843348,5.777955917351484e-08,1.481508575509982e-08,9.673609063487863e-08,5114.440348649996,0.2740583776735691,0.6646421780993725,5.053406696157084e+24,2.4750597257837484e+25,6.6342311716589574e-15,1.805735278641525e-26,4.2013142591066506e-26,2.8441741600072914e-27,2.2322272430978552e-26,4.621176060326362e-18,6.652163161142492e-18,5.498058442352132e-16
3.22e+22,0.0004059938085085782,0.9995938248168048,6.689368711580999e-08,1.825574669220583e-08,9.622525297101633e-08,5683.032939636269,0.4706670108573849,0.742282673821143,7.352424911428207e+24,2.334151539798121e+25,7.742959114652265e-15,8.738147033997651e-26,1.246063284161842e-25,3.734500411372295e-27,2.6744545333222264e-26,1.3222257029893074e-17,1.8360634078489626e-17,1.155520811729124e-15
3.22e+22,0.000145938975390385,0.9998539314632656,4.2790006658472815e-08,8.302376736524912e-09,7.846896048663323e-08,4295.5391244540715,5.124235648359024,1.042213148018461,6.300929691551199e+25,1.9171332110615655e+25,1.2281526726368145e-14,4.244238122672474e-23,5.161128966656512e-23,3.4047864947610535e-25,2.0806014144803375e-26,1.8204007841943576e-16,2.3174105580594985e-16,7.694559982141905e-15
3.22e+22,0.0002053162435908764,0.9997944909706399,6.343765802345538e-08,1.399168666331013e-08,1.153564245458746e-07,4548.9804481596775,1.9952500215260846e-12,0.5878761825707766,44036999119621.17,2.6310682913743534e+25,5.567900129217557e-15,1.1734750065354658e-26,3.1637371544251295e-26,2.3695413798307833e-27,1.8540412234506553e-26,1.2550423677837868e-18,1.8904096580474257e-18,2.212346847100905e-16
3.22e+22,0.0003529325779236554,0.9996468949298627,6.160839194629521e-08,1.6563988344643523e-08,9.431983347803485e-08,5477.55852948999,0.5426239574150793,0.7195770171715319,8.912048675329378e+24,2.3736776996098544e+25,7.4158374047162e-15,4.8313945759209697e-26,7.788239894790483e-26,3.262807920272268e-27,2.4688237502786676e-26,9.946238807650033e-18,1.3946072278277964e-17,9.442088086729226e-16
3.22e+22,0.0003182934807251186,0.9996815320251933,6.077151696909909e-08,1.6015710542144172e-08,9.770685411655448e-08,5294.323433071872,0.09141875280341466,0.6844103667446528,1.606348768500168e+24,2.437616911829203e+25,6.913841196042655e-15,2.4146296960915793e-26,5.0340589965077124e-26,3.078688196600532e-27,2.4075757720061433e-26,6.173616600968624e-18,8.798729069491756e-18,6.740976662736148e-16
3.22e+22,0.0001517581088728399,0.9998480605085303,5.976441838991912e-08,1.069497653065204e-08,1.1092320195388361e-07,4126.170026170758,1.809751336426635e-12,0.5333107759745356,46695626200779.836,2.752050513174716e+25,4.832273164602562e-15,9.404041178804055e-27,2.535492419662205e-26,1.8938979148747733e-27,1.4722026436546146e-26,3.982366436751398e-19,6.246573943831153e-19,1.0009049781835309e-16
3.22e+22,0.00014263908797859784,0.9998571860979732,5.775108174186127e-08,9.806876825029663e-09,1.0725608947522038e-07,4049.1207323006124,1.775951925883019e-12,0.5233641198233574,47284858603654.97,2.7749242188889996e+25,4.700598926487809e-15,8.965438031710777e-27,2.414264463681116e-26,1.8011771085574834e-27,1.3983668650738474e-26,3.1504020944889854e-19,4.982980913790001e-19,8.52030031183703e-17
3.22e+22,0.00027804100389216125,0.9997217884753875,5.807838500780105e-08,1.4844738061959771e-08,9.759759727525476e-08,5096.589252535148,0.04866707208704463,0.6586617472453109,9.07404157015853e+23,2.486605084960876e+25,6.550021647908277e-15,1.7157461097530358e-26,4.1093010297885523e-26,2.8465008819260977e-27,2.2359691145535279e-26,4.219634598174458e-18,6.093209292503366e-18,5.15792280530383e-16
3.22e+22,9.707876557684134e-05,0.9999028018170896,4.0335713470767805e-08,4.370081583669994e-09,7.471153865585526e-08,3620.8894508982553,1.588046267581565e-12,0.4680532835672548,51316276132647.93,2.905615317287571e+25,3.985069170880648e-15,6.378274785002532e-27,1.703073070163863e-26,1.2610534980264636e-27,9.72231506390614e-27,7.171409336465305e-20,1.1962324403037465e-19,3.101001631572771e-17
3.22e+22,0.00015744887858440412,0.9998424206274769,4.288682668217755e-08,9.060274195578205e-09,7.85468377341639e-08,4444.580968301535,0.6327806979180068,0.6023776922049839,1.4075485499082814e+25,2.6002947855984863e+25,5.7667613186923775e-15,9.677454355728632e-27,2.5661012270557088e-26,1.8990408880367273e-27,1.4789364807195633e-26,1.6447947942287716e-18,2.4542356252574238e-18,2.6704498561903457e-16
3.22e+22,0.00028506519631725123,0.9997145363882923,1.30865571735565e-07,2.8229984395792387e-08,2.3931983432514395e-07,4493.284637155575,0.41546666556860323,0.5920816724822542,8.72056100702668e+24,2.622082235177927e+25,5.625437041395102e-15,1.5014607878754822e-26,4.079611184006066e-26,3.0788462447200274e-27,2.4236534050392135e-26,1.3592648051795217e-18,2.041701210874384e-18,2.338509236502493e-16
3.22e+22,0.00033677823196907853,0.9996630465320381,6.175857013446477e-08,1.6451895942151412e-08,9.702552679537586e-08,5384.105212257213,0.24556150621840203,0.6982367304059947,4.191964470753404e+24,2.41207581295724e+25,7.110522683578167e-15,3.0832893079656577e-26,5.833676797990433e-26,3.1836413890725353e-27,2.4714015068122248e-26,7.488448322052188e-18,1.0602214446258884e-17,7.724666980033311e-16
3.22e+22,0.00023949253899930938,0.9997603388594279,5.6354370410721255e-08,1.3748853410155158e-08,9.849834895823349e-08,4877.516170621053,0.026665712043416778,0.6303303578135795,5.324239371361711e+23,2.542690845823517e+25,6.15359366866726e-15,1.3636703847389464e-26,3.541069736496568e-26,2.5951271052570284e-27,2.0368039636352127e-26,2.681034510505613e-18,3.932734826261082e-18,3.753951152230772e-16
3.22e+22,0.00012779907728662084,0.9998720448332421,5.1783359780014655e-08,8.143452531251154e-09,9.616265901988361e-08,3948.4991680560315,1.7317492971897516e-12,0.5103743763453895,48289389915306.17,2.805128874772216e+25,4.529913248785173e-15,8.223218851320437e-27,2.209085678476543e-26,1.6444506813464794e-27,1.2740550621490227e-26,2.288931577863949e-19,3.6619229717849204e-19,6.844136368002903e-17
3.22e+22,0.00030790299254363304,0.9996919140761865,6.300150185231358e-08,1.6390050096785015e-08,1.0353971773737988e-07,5201.917703647036,0.0007521447207991632,0.6720922588208721,1.3540210230186952e+22,2.460819584046069e+25,6.7393844751056224e-15,2.049741568419282e-26,4.621011115475063e-26,3.0457894634155603e-27,2.3908967598835606e-26,5.1642993745735726e-18,7.405555900955171e-18,5.944749151240965e-16
3.22e+22,0.00027412274887139726,0.9997257182098473,5.4364009333391496e-08,1.396920502176339e-08,9.070806704873436e-08,5128.811199658343,0.6099964881633112,0.6805324063552919,1.098503952676187e+25,2.444874595163654e+25,6.858837984191094e-15,2.126572848662602e-26,4.4717631036086254e-26,2.7620229117443195e-27,2.1568852883905735e-26,5.839214221184789e-18,8.338185285201418e-18,6.482029522112346e-16
3.22e+22,0.00015482862413818252,0.9998450677909204,3.415054173197282e-08,7.644845777368661e-09,6.17895540564111e-08,4593.943404317324,1.2606418240517936,0.6769512411978013,2.4603812137804393e+25,2.4516069212613294e+25,6.808096069577023e-15,1.478195898611665e-26,2.9556766048171184e-26,1.7451855498354213e-27,1.3490030513942013e-26,5.53778957141443e-18,7.92294543497117e-18,6.247434958396536e-16
3.22e+22,0.00033454374023671223,0.9996652821865626,6.130027622797526e-08,1.6319788886914182e-08,9.64531356934092e-08,5378.702252985653,0.03246575514657634,0.6949470606528325,5.5756066725264504e+23,2.418105074146828e+25,7.063645259838786e-15,2.9123715346474763e-26,5.654058578314588e-26,3.1883089138633525e-27,2.4810069796854738e-26,7.157169465979789e-18,1.0148893010979567e-17,7.481750215939457e-16
3.22e+22,0.0001190111238085241,0.9998809004494534,2.905854999006125e-08,5.787498034470118e-09,5.358068994766036e-08,4315.479442456143,1.2605199521891886,0.6523728121035276,2.66162344859006e+25,2.498843008584936e+25,6.461641275769373e-15,9.350186455129794e-27,2.1362278781121186e-26,1.4271256990235588e-27,1.1039750691928927e-26,3.820256436260605e-18,5.5364170510744744e-18,4.814176527429224e-16
3.22e+22,3.513889386353867e-05,0.9999648547478526,2.090736570356381e-09,4.542194059354094e-10,3.813328046151681e-09,4469.88803658781,11.165593212493656,1.5350858575439539,1.0381146141242296e+26,1.4875045444592732e+25,2.0781169899550644e-14,3.431616046680981e-21,4.07986452665688e-21,2.072671406616695e-23,2.8532502705115934e-25,1.5238152862610169e-15,1.8159369152942643e-15,3.814713119274727e-14
3.22e+22,0.00025004213309237275,0.9997495537761232,1.326687218358731e-07,2.5972866162368984e-08,2.454491964094015e-07,4281.656626782594,0.40447795401821185,0.565775023387807,9.10046873559186e+24,2.679106174045086e+25,5.267406363037275e-15,1.370477017402267e-26,3.7324828636750574e-26,2.8169245145663737e-27,2.2108738003802163e-26,8.089989246631808e-19,1.2375360181466324e-18,1.6320226402709827e-16
3.22e+22,0.00016357014277296615,0.9998362607583221,5.554854341469536e-08,1.1001296761504231e-08,1.025490645374246e-07,4303.338603268653,1.887412349128812e-12,0.5561916206492648,45842761636572.945,2.7003538885613772e+25,5.1381447339834315e-15,9.979656787556055e-27,2.6921147885264674e-26,2.0127846088886495e-27,1.5674151207320558e-26,6.618838564262616e-19,1.0196755873944275e-18,1.420533471478549e-16
3.22e+22,0.00010107344352589166,0.9998988004076533,4.255016043864614e-08,4.860274094254153e-09,7.87383861627514e-08,3652.837203622911,1.6020214901218432e-12,0.47218126716879416,50892130341924.78,2.895710235819809e+25,4.037380006641233e-15,6.597926428142339e-27,1.7633308769650668e-26,1.306686658712591e-27,1.0080567993438916e-26,8.103014806573413e-20,1.3456727028527983e-19,3.369423805269643e-17
3.22e+22,0.0002149146739664928,0.999784921750338,5.4220053592120465e-08,1.2738875433162059e-08,9.661676652916165e-08,4738.858817148311,0.0834585946359771,0.6128528339408084,1.7450806656557453e+24,2.5784449878841825e+25,5.911202733518689e-15,1.2386447328139631e-26,3.288525777105753e-26,2.4416746780297324e-27,1.912713743332835e-26,1.9859635155861294e-18,2.9437389724484006e-18,3.0444646722500747e-16
3.22e+22,0.0002972092187816136,0.999702426734975,1.1993913156209474e-07,2.719498518141778e-08,2.169121266126245e-07,4624.307254111408,1.272208635480794,0.6752978718216802,2.287937021198039e+25,2.454735926841952e+25,6.784705414989772e-15,2.067668786906586e-26,4.5645523290215387e-26,2.9532423773154035e-27,2.3150547037993055e-26,5.4093898467566934e-18,7.745088140609611e-18,6.143589410571039e-16
3.22e+22,9.113004712431103e-05,0.9999087689546088,3.400518916798992e-08,4.020318296968333e-09,6.297275952164872e-08,3678.6098182192495,0.07008669452596082,0.4761970985983726,2.2386644371568582e+24,2.8860897163481187e+25,4.088453695321546e-15,6.117106420478376e-27,1.630774477930408e-26,1.2058924762162738e-27,9.290234437501438e-27,9.106936293989587e-20,1.5060323691102599e-19,3.6481104018269433e-17
3.22e+22,0.00011417119906402584,0.999885694659043,4.4667340638706817e-08,6.562379587755272e-09,8.29121725453198e-08,3873.923485458734,0.0026414442527747045,0.5007465337461607,7.66461686527177e+22,2.8277380628452594e+25,4.4043878756844135e-15,7.395303227665579e-27,1.981592078386279e-26,1.4717351104677034e-27,1.138015463480464e-26,1.7876286468214498e-19,2.8853496360584297e-19,5.779002393816116e-17
3.22e+22,0.00046041252731100665,0.9995393242033092,9.517118786280644e-08,2.5824799837506404e-08,1.4227339211915174e-07,5572.352368445397,1.6311444645441373,0.8003090448345644,2.3168247294586953e+25,2.2390248160967716e+25,8.589297765405732e-15,4.091498330932024e-25,5.046745486388435e-25,6.0149907450173294e-27,2.6536662531376594e-26,2.547994810449001e-17,3.460665532366169e-17,1.845102998852744e-15
3.22e+22,0.00025366887034255575,0.9997459548073075,1.235015638027483e-07,2.5144580767537882e-08,2.2767620527060067e-07,4360.11752917673,1.2385855238291847,0.6470684838599484,2.3831718255036826e+25,2.509271390830218e+25,6.387286373545156e-15,1.5055123306902822e-26,3.758640337429153e-26,2.683677008058435e-27,2.107226294733927e-26,3.518015916653801e-18,5.112487327501485e-18,4.541874642450121e-16
3.22e+22,6.796428425911428e-05,0.9999319759254034,2.0227597493791417e-08,2.1254499895359063e-09,3.7437290132420703e-08,3596.695692838324,0.6936443351375554,0.5203967403048559,2.081975501567766e+25,2.781785182955786e+25,4.661464501264043e-15,4.8758614091146155e-27,1.2897808229041244e-26,9.476032797124259e-28,7.277419846214796e-27,2.924402275370046e-19,4.638943667234402e-19,8.1051412108275e-17
3.22e+22,0.00023465207459858828,0.9997651849684809,5.445330610128715e-08,1.3267181058033283e-08,9.523643343168325e-08,4872.517783368734,0.3214188748702871,0.6356199876782044,6.373653029462538e+24,2.5320434501267915e+25,6.22728630792599e-15,1.3721235454196877e-26,3.5182910921410215e-26,2.5568730117444284e-27,2.005695676341583e-26,2.926458081565255e-18,4.279732703530823e-18,3.991192114638473e-16
3.22e+22,9.782837708863949e-05,0.9999021577912678,5.046189380222318e-09,1.3714460879607024e-09,7.414008099465463e-09,5485.452129465931,11.290016682088133,1.5261824103207395,9.600078266759055e+25,1.4949875037304129e+25,2.063256445552863e-14,6.120379686001005e-21,8.155562336947339e-21,8.507332532249752e-23,9.224014484428805e-24,1.5076914259067214e-15,1.7951909202871763e-15,3.762756564993794e-14
3.22e+22,7.137226991236293e-05,0.9999285556560107,2.4665511455874727e-08,1.8653704117205767e-09,4.554319511703172e-08,3435.785976795764,0.17176538965589244,0.44913451564039764,6.133992982795601e+24,2.9511375169567397e+25,3.747915703756618e-15,4.8228423784982804e-27,1.2787077625842737e-26,9.413203506468075e-28,7.22675525478963e-27,3.982909702353289e-20,6.787210327137501e-20,2.081398235159463e-17
3.22e+22,0.00011031710524615177,0.9998895684998803,3.7926921359065344e-08,6.044187231069982e-09,7.042376505615663e-08,3965.431458351803,0.34286037820556836,0.5248568957052568,9.446132616513922e+24,2.771475812191247e+25,4.72030599422952e-15,7.263204535310756e-27,1.943764766542008e-26,1.4421466261898009e-27,1.1150193078460472e-26,3.2636930085802934e-19,5.155855269559369e-19,8.730910226823846e-17
3.22e+22,0.0001505375611888457,0.9998493161382356,4.807029809354134e-08,9.44025951811318e-09,8.879001783539491e-08,4287.358449426954,0.08929390147289086,0.5548312883142877,2.2005530554924503e+24,2.703389696651966e+25,5.119849537154293e-15,9.307899305949048e-27,2.5059934542183338e-26,1.8702060904387205e-27,1.45422386721068e-26,6.429153263684586e-19,9.91473088068269e-19,1.392305426583578e-16
3.22e+22,0.0003512661107613146,0.999648557028974,6.2886492111035e-08,1.6862590951844432e-08,9.711118144210669e-08,5447.758191835354,0.19281340124824925,0.7053742383409819,3.238628681731684e+24,2.399096346350042e+25,7.212405603850185e-15,3.578037073095164e-26,6.435254697081652e-26,3.268570351653887e-27,2.5229460929506344e-26,8.249688923179666e-18,1.1641334473123128e-17,8.271506985288644e-16
3.22e+22,0.00010610463323336227,0.9998937960877676,3.283733329983108e-08,5.483417338657468e-09,6.095824835154837e-08,4025.374036991617,0.6715071508099166,0.5603450178085031,1.7209961170142291e+25,2.691111131625552e+25,5.194079655072649e-15,7.035390705668832e-27,1.876208317692745e-26,1.3887758697525688e-27,1.073718067836995e-26,7.218140086298987e-19,1.108716209008942e-18,1.5089174145397878e-16
3.22e+22,0.00012476736940343803,0.9998750821197103,4.996393096619311e-08,7.778413445617867e-09,9.276854183671624e-08,3936.2627050523297,1.7263737297523689e-12,0.5087952471260263,48490839568750.53,2.8088248371811697e+25,4.5092659907158936e-15,7.965208902968802e-27,2.138594475651793e-26,1.591187738646922e-27,1.2322763881991309e-26,2.1993599458357715e-19,3.523651530734659e-19,6.659568187547772e-17
3.22e+22,0.00029565215543964627,0.9997041992856659,5.194736983898627e-08,1.3594758323138967e-08,8.301676623615091e-08,5306.90880297915,5.135663781236489,1.088381010667785,5.56579023065034e+25,1.8666324048252584e+25,1.3019689388317264e-14,1.0793920495089865e-22,1.4039336750867095e-22,1.3917781084172362e-24,2.033796720640573e-25,2.415409108183653e-16,3.046098435305954e-16,9.46886979884664e-15
3.22e+22,0.00019356777663019056,0.9998061196766855,1.0320537332248153e-07,1.7719898454909377e-08,1.9162141226343607e-07,4065.079965576749,1.9893939514317474,0.706113214709984,3.59493310181573e+25,2.3977426042824674e+25,7.222933266757607e-15,2.791112209604438e-26,4.58633931571438e-26,2.05657391253132e-27,1.5667294939357086e-26,8.313157030415373e-18,1.1729954997443999e-17,8.323711968399262e-16
3.22e+22,0.00019069646103446204,0.9998090972349376,6.774061123951187e-08,1.3966932520778293e-08,1.2459648429590998e-07,4386.8339310740275,1.9241383498308623e-12,0.566943096249799,44743769239446.93,2.67653399713319e+25,5.28320657679665e-15,1.1145628412881605e-26,3.0144452973529486e-26,2.2602329659036164e-27,1.7653647041022317e-26,8.288231995913658e-19,1.2667611587122988e-18,1.6594661743133142e-16
3.22e+22,0.00020428227089117786,0.9997955570308152,5.311449801926013e-08,1.224314075841282e-08,9.534065485025515e-08,4676.899469179083,0.10655167862923624,0.6051703938045724,2.275646881336503e+24,2.5944403370763476e+25,5.805209209088245e-15,1.1776878097538076e-26,3.1432786432026214e-26,2.340263056782332e-27,1.8314252801519508e-26,1.7312796938772374e-18,2.5785497083287807e-18,2.766862454303838e-16
3.22e+22,0.00012104756844816993,0.9998787407132811,7.363625132018765e-08,5.257897621566262e-09,1.3282412154148438e-07,3362.271918435505,0.31464076402689134,0.4500193616835173,1.0330603065802803e+25,2.9490061142646038e+25,3.7589077059434096e-15,7.499846282879278e-27,2.0131325820899152e-26,1.4975141534525844e-27,1.1578343916744781e-26,4.097325885165471e-20,6.975080517771363e-20,2.1218861064410406e-17
3.22e+22,8.416235058032719e-05,0.9999157363673246,3.4883637499953114e-08,2.5711826559991053e-09,6.382727504138707e-08,3405.9081099621303,1.4936893776052626e-12,0.44027078603181796,53277357593440.5,2.97247694485999e+25,3.638367049917608e-15,5.544077569708431e-27,1.4757617523688297e-26,1.0899435187440664e-27,8.38334586970855e-27,2.974263049051821e-20,5.1224049061459834e-20,1.7081568805477157e-17
3.22e+22,0.00015878726790406164,0.9998410643526165,4.873255362436132e-08,9.919613820602682e-09,8.972731188985614e-08,4359.731489959283,0.14020883696219738,0.5650952075422886,3.3561436107116654e+24,2.6806056631493676e+25,5.258216302548046e-15,9.659588641083091e-27,2.600980667633747e-26,1.9421235607418686e-27,1.5118660515676077e-26,7.978433373254973e-19,1.2210540764722972e-18,1.6163279580799178e-16
3.22e+22,0.00015575993869334378,0.999844052392234,6.182010039278583e-08,1.1161528041462595e-08,1.1468744422022625e-07,4139.886888428821,1.8157698671831973e-12,0.5350791424891033,46495149739462.08,2.748008393061473e+25,4.855767738092958e-15,9.658231225636874e-27,2.605516019335983e-26,1.9472615567924263e-27,1.5144190102648977e-26,4.1480984319648664e-19,6.497112354219042e-19,1.029376278970821e-16
3.22e+22,0.00029742934108463996,0.9997023992216755,5.9035180490161e-08,1.5348489679505384e-08,9.70535697099861e-08,5198.676391825155,0.18343301389560152,0.6733362966952112,3.3092853023892085e+24,2.458456864453284e+25,6.75696970099158e-15,2.0350055741676355e-26,4.5331987746588175e-26,2.9565193682161693e-27,2.3183450311381648e-26,5.259689582339309e-18,7.537602549351413e-18,6.021826245040912e-16
3.22e+22,0.00010310393224872161,0.9998967664747721,4.366239007032209e-08,5.112444175675529e-09,8.081814490709217e-08,3670.6093015252673,1.6098155796259286e-12,0.4744774509895289,50679830586886.21,2.890207385219303e+25,4.066561168551129e-15,6.76458684646383e-27,1.808682468542616e-26,1.3408080175436738e-27,1.0347162253169172e-26,8.664858050333393e-20,1.4354966298529226e-19,3.526612183476201e-17
3.22e+22,0.00024702694388812024,0.9997528070337818,5.573807885756839e-08,1.3787068978020066e-08,9.649718230424494e-08,4935.70746526116,0.19155149858822665,0.6398696323242657,3.7451597742886055e+24,2.52354849986981e+25,6.286600277733525e-15,1.4341909846742512e-26,3.646289111011921e-26,2.635721355557177e-27,2.069190082902649e-26,3.13693631832787e-18,4.576487907751292e-18,4.1899002055487315e-16
3.22e+22,0.00011226785338705408,0.99988755695704,6.020365778524673e-08,4.949852700369098e-09,1.1003606244477583e-07,3448.2545936346673,2.00979053726272,0.6713949952851749,4.141234243864085e+25,2.4621110135357466e+25,6.729471246690824e-15,1.08984554662963e-26,2.210047201860935e-26,1.3323707910249763e-27,1.0266389102009455e-26,5.08587915357192e-18,7.299913766875038e-18,5.892569610079711e-16
3.22e+22,0.00041623961858290365,0.9995834669791598,1.0215572583415e-07,2.7015258514466087e-08,1.6423127295379014e-07,5307.3056501239425,1.273137080171759,0.744535990920603,1.976644303890578e+25,2.3302992936182595e+25,7.775542705926687e-15,9.241124133111678e-26,1.3074548885037665e-25,3.805746642219737e-27,2.708017757803581e-26,1.3584717329251701e-17,1.8847071434803715e-17,1.1780753418456044e-15
3.22e+22,0.0001459694511343684,0.9998538486677719,6.006872351210985e-08,1.02494713614183e-08,1.1156289877258834e-07,4055.27097831357,1.778664655657009e-12,0.5241557314631885,47115767983807.72,2.7730954270754955e+25,4.711048075217286e-15,9.135764157150036e-27,2.461446621800881e-26,1.8372826813313846e-27,1.4269754683912267e-26,3.2107289936357975e-19,5.074968062959254e-19,8.631992577266386e-17
3.22e+22,0.0001066175521095939,0.9998932464186482,4.575003422404209e-08,5.5358556413064925e-09,8.474335233560475e-08,3696.4383320207635,1.6211686138002498e-12,0.477814252888165,50340819439301.24,2.8822204980062605e+25,4.1090712855376064e-15,6.959412107377136e-27,1.862189155868897e-26,1.3813777292598569e-27,1.066606367731617e-26,9.540769838969985e-20,1.575122033845518e-19,3.765461724007579e-17
3.22e+22,0.00015831614227153354,0.9998415303754932,5.0415131485199276e-08,1.010708542450937e-08,9.296001838532585e-08,4328.478853805967,0.029786429568105635,0.5595216766584743,7.216658615661354e+23,2.6929429369345963e+25,5.182987091835666e-15,9.662298079775565e-27,2.603432660979865e-26,1.9446280041804196e-27,1.5135695802543107e-26,7.102756244750097e-19,1.091502304913692e-18,1.4914895056008243e-16
3.22e+22,0.00025548906618006335,0.9997443373668622,5.8346444159735625e-08,1.448842577823229e-08,1.0073208773371707e-07,4952.775983920176,0.01198251112804946,0.6399958264508389,2.3322937654035753e+23,2.5232971558009167e+25,6.2883632867104694e-15,1.4680928114579112e-26,3.739069692005228e-26,2.7065710032784797e-27,2.126174573637837e-26,3.1434378513797037e-18,4.585635099188932e-18,4.195939284033807e-16
3.22e+22,0.00013432887382878108,0.9998656038546706,2.2322359636089452e-08,5.172844148468867e-09,3.977629674611826e-08,4699.8158069148085,7.411957954659958,1.2506842788273573,7.5745179017872815e+25,1.708871201980977e+25,1.5706486784316497e-14,6.243620549198942e-22,8.036453614870964e-22,7.163037265677855e-24,6.096912345306928e-25,5.493382920132016e-16,6.749527935438297e-16,1.7482060511947406e-14
3.22e+22,0.00019923390133926735,0.9998005614063084,6.724687135950361e-08,1.4311275625015575e-08,1.2313420539826128e-07,4458.959224303194,1.9557553065317956e-12,0.5762507922295498,44358550438211.516,2.6561672987329734e+25,5.409434805222177e-15,1.1542839982545687e-26,3.120192773927785e-26,2.3397779647337765e-27,1.8293177963678378e-26,1.0003636345308028e-18,1.518848779257236e-18,1.8903115048735223e-16
3.22e+22,0.0002705110385363392,0.9997293923692129,3.4824984782245797e-08,9.377258328340202e-09,5.2390007762693526e-08,5524.3100727174715,2.543676802699657,0.881052658277674,3.4706911141258803e+25,2.1194271416051124e+25,9.791574151699431e-15,2.5994344271407047e-24,3.1103117715248313e-24,2.0928904131155797e-26,1.5711559505174996e-26,5.519875953705483e-17,7.306161830126457e-17,3.2187346044736433e-15
3.22e+22,0.0003031475149364862,0.9996966829255565,5.866273849870902e-08,1.5338354207592173e-08,9.555841442158771e-08,5237.957488999244,0.4083746335429109,0.6845399570487162,7.216601552114451e+24,2.4373746361759133e+25,6.915679635393644e-15,2.3571704069322512e-26,4.875422199149891e-26,2.958237064185513e-27,2.3108076268324415e-26,6.1846285616132216e-18,8.81392944114389e-18,6.749614957910417e-16
3.22e+22,8.298888088141326e-05,0.9999169121901955,3.4105616727572256e-08,2.478160157202892e-09,6.234514612118562e-08,3398.320270409681,1.4904067096780792e-12,0.43928998525698226,53427868361047.75,2.974836218169223e+25,3.6263098381376244e-15,5.410763806832002e-27,1.4398167257612567e-26,1.0631161814755117e-27,8.17543305505983e-27,2.877543467613582e-20,4.961813330648128e-20,1.6704304544875212e-17
3.22e+22,0.00024633020525180975,0.9997534150658994,8.39951902783777e-08,1.8895204260737573e-08,1.5183845432052314e-07,4609.479327727508,3.2189368066657384,0.8718339433933964,4.491266589539765e+25,2.132375470531921e+25,9.65278418373574e-15,2.0279699340688936e-24,2.4027050870042127e-24,1.5465023569888083e-26,1.446103375971392e-26,5.0837718077691224e-17,6.747871994395869e-17,3.0339673531875234e-15
3.22e+22,0.00028442906919174554,0.999715372226123,6.711656676916925e-08,1.688829653327889e-08,1.1469982208060051e-07,5012.891478458829,2.198893327511296e-12,0.6476948032422192,41663446802299.37,2.5080419239897674e+25,6.396068619485328e-15,1.6258185635397378e-26,4.073661235577208e-26,2.917531407809622e-27,2.2955029630099692e-26,3.556423648181889e-18,5.165965886824782e-18,4.574899641839752e-16
3.22e+22,0.00016612400996883476,0.9998336878327098,6.185210584733466e-08,1.1863703651681184e-08,1.1444151189452717e-07,4242.674539047532,1.8608156526011398e-12,0.5483489333366868,45864602268190.27,2.717923100810653e+25,5.032855179603648e-15,9.940723260027534e-27,2.6842159849238664e-26,2.008253056882024e-27,1.5640539109393063e-26,5.586956462339039e-19,8.658833532215062e-19,1.2637356274984452e-16
3.22e+22,0.00021756951262758245,0.9997820403712628,1.2871078413228392e-07,2.22837552439038e-08,2.3912157006922437e-07,4077.088231382344,0.3905434813171254,0.5402885353303678,9.447562390628456e+24,2.736144554698828e+25,4.925123655930129e-15,1.2355454352905278e-26,3.35925624061173e-26,2.529295895993384e-27,1.9789228023103653e-26,4.669370564367026e-19,7.283038706619466e-19,1.116865774614785e-16
3.22e+22,0.00026857877897723027,0.9997312521166771,5.7331882938682755e-08,1.4525260835261571e-08,9.724720178404821e-08,5049.441670848161,0.10506263168916985,0.65304811490097,1.9863793436145546e+24,2.497534884057005e+25,6.471140939549719e-15,1.6174222347925386e-26,3.956767894419431e-26,2.7846030798799498e-27,2.18741152999503e-26,3.868684308547462e-18,5.603217254922019e-18,4.853004879366473e-16
3.22e+22,0.00020355058384989778,0.9997962493322115,6.57794369709856e-08,1.4283898136283382e-08,1.200206035581927e-07,4508.595673156711,1.9775267492215997e-12,0.5826589173766795,44151286954041.22,2.642285255835094e+25,5.496675516514334e-15,1.1691610687187513e-26,3.156957052275223e-26,2.3663555572567114e-27,1.8510678344660022e-26,1.1348182056020692e-18,1.7153724036263538e-18,2.0630243481864822e-16
3.22e+22,6.812265201978606e-05,0.9999318081083045,2.4457005815820333e-08,1.746280038967455e-09,4.3036389808928956e-08,3308.742562060755,0.02109870006427225,0.4277971704696302,8.072218628767632e+23,3.0024218149266588e+25,3.486031595856802e-15,4.51131460868614e-27,1.1950908525784956e-26,8.792055158694876e-28,6.744340477786177e-27,1.9319977272663042e-20,3.380222748859301e-20,1.2766959147713505e-17
3.22e+22,9.486500067154593e-05,0.9999050339341123,3.382454779829216e-08,4.518438346475821e-09,6.272222986259774e-08,3778.7551744139337,0.26933105719118267,0.4973898278205437,8.103999404274787e+24,2.8356604105152623e+25,4.360829043500911e-15,6.409505893105695e-27,1.7099602572546663e-26,1.2651949412146242e-27,9.755817382108619e-27,1.635834556785325e-19,2.6488469047225946e-19,5.4397089471881247e-17
3.22e+22,0.00013309120205637473,0.9998667613427539,4.868606545513069e-08,8.420667175727195e-09,9.034845706275723e-08,4074.212580692577,1.7868243054350356e-12,0.5266147795613854,47694409350541.85,2.767423601384496e+25,4.743540855479695e-15,8.469111807737382e-27,2.2766542280166634e-26,1.6958756693138502e-27,1.3151832831209697e-26,3.4043946833560086e-19,5.369867231166335e-19,8.986300682560086e-17
3.22e+22,0.00016534954981715073,0.9998344938376577,5.14385561995574e-08,1.0568760821289376e-08,9.460520822153214e-08,4379.811658859237,0.023723345302533914,0.5661182334095468,5.634718613863163e+23,2.678350410742995e+25,5.272048541403352e-15,9.995679717610082e-27,2.6938856782781937e-26,2.013231639193627e-27,1.568382901130099e-26,8.148849910905964e-19,1.246202992362064e-18,1.6401089538171718e-16
3.22e+22,0.00010309275542133797,0.9998967938374355,3.783276918699455e-08,5.372585858526908e-09,7.020178808559629e-08,3836.510285625941,0.11250814640844475,0.4974543894171054,3.341965030966291e+24,2.8355083944198886e+25,4.36166695396826e-15,6.809812177308471e-27,1.820353294884639e-26,1.3491658734877318e-27,1.0415819538166487e-26,1.639130352348043e-19,2.6539217764494763e-19,5.446527745490665e-17
3.22e+22,0.00018293322944491384,0.9998169150852466,4.9936714647452014e-08,1.1040783697904426e-08,9.070781020436801e-08,4556.32784157874,0.3226003117577939,0.5961581653953199,7.114630979698358e+24,2.613420406195524e+25,5.681315074156666e-15,1.081474477041453e-26,2.894314727967064e-26,2.1562870148641202e-27,1.6838067403720772e-26,1.4672271294542348e-18,2.1979739473315774e-18,2.4660659177403142e-16
3.22e+22,7.874178614161861e-05,0.9999212270269073,1.0272947473628556e-08,2.1909239143276356e-09,1.872307970455468e-08,4466.71362932816,8.93373109346627,1.362685116335623,8.797480322951082e+25,1.6147957690757433e+25,1.764960066113707e-14,1.4524375373439896e-21,1.8255596114206185e-21,1.3754362051412558e-23,6.602003973364632e-25,8.649471677017941e-16,1.0480027862207673e-15,2.4657855923065586e-14
3.22e+22,0.0004627945059700554,0.9995369172621342,1.0304832657011641e-07,2.7808282860024524e-08,1.5737528622714017e-07,5501.774638005966,0.5219423856945387,0.7210213982730336,8.292428754866116e+24,2.3711231801454406e+25,7.436577905397932e-15,5.425511318139259e-26,9.028840039356155e-26,3.987115159052357e-27,3.034735478212371e-26,1.0133470007265713e-17,1.4199534282018773e-17,9.567566469913427e-16
3.22e+22,2.124949216652663e-05,0.9999787451605651,1.7792070526099033e-09,2.495446119834563e-10,3.318516813641269e-09,3814.055316201399,9.941727238222875,1.4567495723484778,1.03152113350509e+26,1.541259779884691e+25,1.9317097081388564e-14,1.2302264860913926e-21,1.3499444595977535e-21,3.823881723700502e-24,8.979373290513392e-27,1.1717478434704434e-15,1.4092455774418645e-15,3.1364295364541183e-14
3.22e+22,9.777654457734094e-05,0.9999021117560895,3.749157589764135e-08,4.734038001943957e-09,6.947371920671183e-08,3729.732636966047,0.009077762280003216,0.4821296246809502,2.8247380251805647e+23,2.8719104895974593e+25,4.164227774451666e-15,6.498340385368232e-27,1.735195851760365e-26,1.284855563581536e-27,9.909196900998263e-27,1.0785286630227253e-19,1.7727294831433158e-19,4.093377709303698e-17
3.22e+22,0.00018498418810021237,0.9998146657535224,1.1652301409310019e-07,1.7114535506499714e-08,2.1642082760046063e-07,3872.034287700063,0.5649797073152796,0.5305258150371003,1.4273255888222028e+25,2.7584300916668226e+25,4.795320808786933e-15,1.0992471830732314e-26,2.978060366013344e-26,2.234415940401595e-27,1.7427753885376138e-26,3.7304466071064824e-19,5.865335923272e-19,9.57156513011263e-17
3.22e+22,6.476171460712955e-05,0.9999352238098717,4.8124362114814055e-09,1.1417033251261752e-09,8.521381802681839e-09,4767.046173552002,6.957125596618855,1.2456630165121496,7.7301495493017265e+25,1.7130642183048527e+25,1.5618655151809203e-14,4.1749024486378823e-22,5.005145862927225e-22,2.824358357924522e-24,6.469845434331276e-26,5.341523596755577e-16,6.571502037157468e-16,1.7151833890587068e-14
3.22e+22,0.00012423922409862312,0.9998756269663387,4.4229622543652214e-08,7.463775836911153e-09,8.211616436088373e-08,4040.2554555717643,0.05671390903831874,0.522567202027948,1.5433424574245272e+24,2.776766674668019e+25,4.690085076093953e-15,8.009955790158137e-27,2.149874229412405e-26,1.5991643632781014e-27,1.2386955393892175e-26,3.0906148186133325e-19,4.891760221039416e-19,8.408989373161654e-17
3.22e+22,0.0001632699208849736,0.9998365352669744,6.409357199010549e-08,1.1913998418361439e-08,1.1880457033162035e-07,4187.684438233083,1.8367653644870544e-12,0.5412464843512932,46089730172969.6,2.7339709371885922e+25,4.937901871972096e-15,9.913012733585836e-27,2.676638132064946e-26,2.0022377219112833e-27,1.5586558586180039e-26,4.772257881948249e-19,7.437621040406529e-19,1.133652297769116e-16
3.22e+22,0.00018107313168275036,0.999818719421995,6.81309591220995e-08,1.3488450091922086e-08,1.258269128322971e-07,4302.81050104305,1.8872965918160207e-12,0.5560992814437422,45212618837688.164,2.700559805250973e+25,5.136902434571589e-15,1.0699026597120693e-26,2.893460479430092e-26,2.1683841511436562e-27,1.6916414981092033e-26,6.605810569411187e-19,1.0177394808152186e-18,1.418603156438154e-16
3.22e+22,0.00025531628506030973,0.9997445216015399,5.4741160208680845e-08,1.374176246867647e-08,9.363047709177362e-08,5004.035765457691,0.450932058523818,0.6573138037362709,8.517327101401225e+24,2.489220668468636e+25,6.531065096380527e-15,1.6105646723366212e-26,3.851862702051077e-26,2.6646839859296738e-27,2.090043890333641e-26,4.1326501767121545e-18,5.971951397174202e-18,5.08327411106168e-16
3.22e+22,7.932089989308932e-05,0.9999205929024874,2.9370952834413864e-08,2.5287220640542227e-09,5.4297944594580657e-08,3493.347845160482,0.03513595561485803,0.451773624049677,1.2246867975961724e+24,2.9447815162436445e+25,3.7807327931813045e-15,5.2927536568561934e-27,1.4067441492647854e-26,1.0376494474690906e-27,7.976677275938191e-27,4.33703615612714e-20,7.367608750853519e-20,2.204691477008182e-17
3.22e+22,8.69788324972861e-05,0.9999129207430566,3.427126374319899e-08,3.3289485276329483e-09,6.282423368038281e-08,3527.8877860496177,3.89911856980002,0.8941721227463946,6.038406004324653e+25,2.1011327284374348e+25,9.989212989549781e-15,2.2114633247437798e-24,2.437649923579341e-24,8.926216411077136e-27,5.4443050843918615e-27,6.134447330996787e-17,8.095755619933819e-17,3.483706007087689e-15
3.22e+22,0.00023827693632157536,0.9997615127488141,6.957197376932848e-08,1.6185191000597013e-08,1.2455769942510915e-07,4704.896283120755,2.0636995118396743e-12,0.6079682171021038,42970766897896.86,2.5885954192257424e+25,5.843770404185001e-15,1.3163455893336538e-26,3.523855012781241e-26,2.631842389704184e-27,2.0656006947550048e-26,1.8207353397846908e-18,2.7070156796272035e-18,2.8656482924461937e-16
3.22e+22,0.00020573043168316903,0.9997941013453482,5.554637614727048e-08,1.2705954554019632e-08,9.9970638050865e-08,4653.1861681174405,0.011475316461719301,0.6013559633082307,2.466434333114119e+23,2.602445447180166e+25,5.752711618281629e-15,1.1819084138293942e-26,3.1644024321214385e-26,2.3604971220436244e-27,1.8474272094571835e-26,1.6152086398261122e-18,2.411513298766547e-18,2.6363832711559083e-16
3.22e+22,0.00023025050237860097,0.999769534203211,7.101997842331144e-08,1.616303684525836e-08,1.281113950188765e-07,4636.88567572475,2.033870777801197e-12,0.5991918172164963,43255556281844.71,2.607005761744022e+25,5.722965489483997e-15,1.2832479034365674e-26,3.4529780399461824e-26,2.5859867557213737e-27,2.02809034049957e-26,1.5522436904584667e-18,2.3207311066745635e-18,2.5644560389669944e-16
3.22e+22,0.0002289285458651331,0.9997709057596662,5.518530298150315e-08,1.3275945159548893e-08,9.723322055083341e-08,4823.018786906646,0.06408379647392835,0.6235122023626896,1.303028147326628e+24,2.556533799761794e+25,6.058831128050898e-15,1.3108838664082514e-26,3.439869676902887e-26,2.536969985050903e-27,1.9896815671204086e-26,2.389481607753373e-18,3.519118914086636e-18,3.4638361395255134e-16
3.22e+22,0.00013270073316549522,0.999867133573354,5.4933334701950795e-08,8.743026957188736e-09,1.0201711896511218e-07,3963.314185421732,1.7382386271030644e-12,0.512285286561331,47987887578997.23,2.800663115470089e+25,4.5549288832308235e-15,8.456835787656029e-27,2.2738172097237355e-26,1.693965835950491e-27,1.313267293003543e-26,2.401441469088409e-19,3.835334742793962e-19,7.072855759439674e-17
3.22e+22,9.295476292040996e-05,0.9999070227217541,7.618406845887356e-09,1.901238358684168e-09,1.2995680209475347e-08,4968.301836392721,10.525510870501382,1.470559143750371,9.370452717247312e+25,1.5337476129578638e+25,1.9598650549536533e-14,3.9202753347648615e-21,5.134642218382186e-21,4.88700536650816e-23,4.2386020202475725e-24,1.2647844024983093e-15,1.514235864231376e-15,3.290148317548889e-14
3.22e+22,0.00017974972387927278,0.9998200841323983,5.4599160868278436e-08,1.1627520580528912e-08,9.991704101603735e-08,4460.990208295207,0.0031017691401393635,0.5765455711216214,7.1290886571563004e+22,2.6555261966385897e+25,5.4134420272914345e-15,1.0578605487088e-26,2.851374539303599e-26,2.1327020894767412e-27,1.6643008771285618e-26,1.0062455755701732e-18,1.5274643050995284e-18,1.898005199585332e-16
3.22e+22,0.00022075289359393575,0.9997790283745229,7.198846380729517e-08,1.5960082569008906e-08,1.3078333662243143e-07,4562.697385786909,2.0013449599346985e-12,0.5896201097407856,43602475839633.56,2.6273360792964105e+25,5.591746323311046e-15,1.2422543502218055e-26,3.353959698686731e-26,2.515777512635578e-27,1.9711623293258227e-26,1.2975014372624117e-18,1.9520852917251984e-18,2.2640537875767794e-16
3.22e+22,0.0001415395397591593,0.999858224150897,7.950602259436445e-08,9.562815254491749e-09,1.472405060212844e-07,3696.0345034940674,2.034417355743881,0.6881429894599197,3.946257299305915e+25,2.430642650746531e+25,6.966800058602794e-15,1.6526057009648585e-26,3.0137457538556176e-26,1.603525281001806e-27,1.2323584997152453e-26,6.485158727186547e-18,9.229852988469918e-18,6.988898552960525e-16
3.22e+22,0.00012381251063466275,0.999876151373727,1.2279664341371022e-08,3.1011105466525817e-09,2.0734863482460804e-08,5063.405551040309,4.749862394722015,1.0626615004699493,5.832687359472131e+25,1.894374690007413e+25,1.2606832902473101e-14,5.57791568826166e-23,6.748550168766128e-23,4.264266021218668e-25,2.074393607049829e-26,2.066974129333574e-16,2.6204267878786106e-16,8.448607888525708e-15
3.22e+22,0.00019116372478885133,0.9998086186825664,7.143751474098832e-08,1.4479290068343088e-08,1.3167583984561622e-07,4350.274072021675,1.908139243454372e-12,0.5622173201322114,44795917574854.84,2.6869655896367078e+25,5.219344512059987e-15,1.1056095386755863e-26,2.992178253284542e-26,2.2444053760590202e-27,1.752895944208515e-26,7.515787227963899e-19,1.1526719370764797e-18,1.550907419791772e-16
3.22e+22,0.00017520633816531448,0.9998245375310273,8.459286140006985e-08,1.4536918174781917e-08,1.5700102774856704e-07,4066.015017242599,2.8086715865304925,0.7975598253522068,4.498734907943305e+25,2.243315275957156e+25,8.54877885600782e-15,2.966577877882152e-25,3.422117128169821e-25,2.833816383264665e-27,1.2287391827997245e-26,2.4682175975682388e-17,3.35664102301651e-17,1.8054781272667345e-15
3.22e+22,0.00012982318247020726,0.9998700612868762,3.799173264834968e-08,7.270820608587812e-09,7.026810047413941e-08,4239.8109427589425,0.6719352580934188,0.5831489934902129,1.5950955101649985e+25,2.6412250732305195e+25,5.5033532003308475e-15,8.244092201857661e-27,2.1977058853338455e-26,1.6289420674622063e-27,1.2639904384895046e-26,1.144742613416523e-18,1.729965498141935e-18,2.07620589762209e-16
3.22e+22,8.074562559546427e-05,0.9999191609467034,3.2223643919093666e-08,2.3860800761508214e-09,5.881797719552198e-08,3402.359592363801,1.4921631295587547e-12,0.43981180998652963,53642327139510.086,2.97358106202749e+25,3.632723112400887e-15,5.31932472549449e-27,1.4145711318579647e-26,1.0439156511655389e-27,8.025119025955825e-27,2.928648748841993e-20,5.0466973691964084e-20,1.6904171468852555e-17
3.22e+22,0.00020024953190692118,0.9997993954579968,1.1740781821495742e-07,1.94310454101191e-08,2.1817123264368212e-07,4014.0599240251845,1.1688726888049423,0.6084711601582313,2.487356557403498e+25,2.5875410424739037e+25,5.8506973963038875e-15,1.161669909011294e-26,3.091876020816863e-26,2.297831886338625e-27,1.797629128653695e-26,1.8347440845438884e-18,2.727420433946854e-18,2.8825291311705747e-16
3.22e+22,0.00024463722892675626,0.999755036394223,1.0721112373580871e-07,2.22918571287424e-08,1.9687386954691268e-07,4409.978701328579,2.0993291694171012,0.7425131469884622,3.4835181914901758e+25,2.3337426436243638e+25,7.746259823793747e-15,7.499137668178539e-26,1.004719171239229e-25,2.5358165119821455e-27,1.785778965757289e-26,1.3238486129059111e-17,1.8384728254841595e-17,1.1572325883797586e-15
3.22e+22,0.00023901865809008624,0.999760805496263,5.8636029167227844e-08,1.4179938523719658e-08,1.0302967909511666e-07,4842.446640840091,0.0034022265775840222,0.6257549669662148,6.851421024106779e+22,2.5519654695947006e+25,6.089974013301272e-15,1.351790023934543e-26,3.540584061859009e-26,2.6090496763194147e-27,2.0478298157207182e-26,2.4823783220744575e-18,3.651086104757888e-18,3.5573402470964784e-16
3.22e+22,0.000326049765044263,0.9996737756879002,6.110143247222678e-08,1.6181758089733735e-08,9.726386521653795e-08,5333.207894451659,0.035143467280122256,0.6890913834659461,6.110985321927615e+23,2.428910700122175e+25,6.980327984303405e-15,2.6155174318444647e-26,5.286305933932821e-26,3.1259990592562332e-27,2.4399937412853397e-26,6.59625619085983e-18,9.37973222878295e-18,7.063118359877169e-16
3.22e+22,0.00023450714882247405,0.9997652644854285,7.528373617249403e-08,1.703502664053817e-08,1.3604698633781712e-07,4620.105318443062,2.0265735305180277e-12,0.5970134086645277,43179964229008.68,2.6116096932304814e+25,5.693052000739041e-15,1.3038203927305447e-26,3.514701860860209e-26,2.6354531359141076e-27,2.0675120915221088e-26,1.4909221750024807e-18,2.2321959481548915e-18,2.493570803009812e-16
3.22e+22,0.0003301822632428693,0.9996696811977881,4.949123651014192e-08,1.3388868388595735e-08,7.365886408522322e-08,5566.658189117732,1.5112090429187237,0.7931482652629014,2.251486462269379e+25,2.2503237231844275e+25,8.484053257416778e-15,3.206657125626717e-25,3.893923510535604e-25,4.460942688070882e-27,2.0903234241842526e-26,2.3613750631080438e-17,3.215447537072409e-17,1.7474164511997152e-15
3.22e+22,0.000244659286212397,0.9997551779063695,5.466355498883555e-08,1.3521464046214033e-08,9.462239911295097e-08,4935.716971314299,0.3790115448874693,0.6457421067894473,7.343128421655759e+24,2.5118944759843213e+25,6.368721012537873e-15,1.4740285811981696e-26,3.681281273755968e-26,2.6283541118974565e-27,2.062329363176549e-26,3.447432800595635e-18,5.013083081669483e-18,4.476344873853925e-16
3.22e+22,0.0002730580559379408,0.9997267344134589,6.954402885977542e-08,1.71389054229151e-08,1.2084766887044373e-07,4917.9438288291785,2.1572285920645875e-12,0.6354403871242892,41978465579544.05,2.5324040043525767e+25,6.2247823169095906e-15,1.51962623502111e-26,3.931556711393854e-26,2.8771105057445205e-27,2.2634468702619836e-26,2.9180329464504803e-18,4.267813453395806e-18,3.9830397173729295e-16
3.22e+22,0.00018590500204313068,0.9998139371589291,5.195146000674177e-08,1.1462572482402474e-08,9.442499527149732e-08,4550.734093081086,0.07636067333380304,0.5885568431129183,1.705592231861708e+24,2.6296105446059767e+25,5.57720505518083e-15,1.0865111051534314e-26,2.920010236785856e-26,2.1810376178952297e-27,1.7034440823214604e-26,1.2714689620332906e-18,1.9142801603569817e-18,2.2324164022360204e-16
3.22e+22,0.0002169990268121972,0.9997828216928029,5.927020973343108e-08,1.369778161222656e-08,1.0631239356366039e-07,4684.36832906004,2.054599707460806e-12,0.6053578312706019,43517691511075.68,2.594048102631518e+25,5.807791204240203e-15,1.2341083453089754e-26,3.3003731420158426e-26,2.4614065239364255e-27,1.928413867834799e-26,1.7371742938279395e-18,2.5870196206602763e-18,2.773406763128016e-16
3.22e+22,5.389514202448878e-05,0.9999460861843122,6.159328725979833e-09,1.2156398435448334e-09,1.1298694779382983e-08,4248.524209618169,4.818534018509403,1.040702460142812,6.694264075381826e+25,1.918609840776581e+25,1.2256362315097807e-14,2.590962579625114e-23,2.8748323674470287e-23,9.778535097914751e-26,2.817122190273024e-27,1.7892376615918236e-16,2.2803094868131527e-16,7.61826925089503e-15
3.22e+22,0.0002675892092568531,0.9997322265457507,6.205414376018078e-08,1.5494491353741844e-08,1.0669635749675137e-07,4977.516917811903,6.250967003751959e-05,0.6431600534766553,1.2029160908891876e+21,2.5170067113557224e+25,6.332591765090914e-15,1.5396142220435834e-26,3.898756045210747e-26,2.8119169552403017e-27,2.2105325592384586e-26,3.308175734505507e-18,4.817420439694609e-18,4.3487385165757317e-16
3.22e+22,6.51039170912304e-05,0.9999348879052866,2.8662949689143197e-09,7.547642408111018e-10,4.556563009650189e-09,5213.47958356612,12.132023584299748,1.5791254737452003,1.031404090174524e+26,1.459276372403298e+25,2.1627705168112912e-14,7.043600797613017e-21,9.079691275686564e-21,7.756914720889082e-23,4.693965842186874e-24,1.7526230290263762e-15,2.0779899387034255e-15,4.231537349162823e-14
3.22e+22,0.00038938732861497924,0.9996102946690355,1.0854663893145257e-07,2.7978117371375155e-08,1.8147759324455018e-07,5134.378731401974,0.9632558170039689,0.7023753086282073,1.6061480828501805e+25,2.404531174778747e+25,7.169565679567376e-15,3.506394748850824e-26,6.576515405443434e-26,3.539163747101224e-27,2.747954751434707e-26,7.920745064453758e-18,1.1192953974045397e-17,8.037814707217825e-16
3.22e+22,0.00017137441489038316,0.9998284761972448,4.910142698368143e-08,1.049310220255913e-08,8.979333560854459e-08,4469.860565355249,0.3088379376850029,0.5847856770844218,7.027422320050667e+24,2.6377030047808106e+25,5.52568759745891e-15,1.0256809841585724e-26,2.754281656172734e-26,2.0547996854131972e-27,1.6023553542871132e-26,1.1824694732169618e-18,1.7848415094898404e-18,2.1228532588675396e-16
3.22e+22,0.00010256068966705447,0.9998972971517277,4.859624212381195e-08,4.4035535715860135e-09,8.915880965617544e-08,3501.581601502264,2.9110707209081226,0.7824886312551638,5.113468193856438e+25,2.267297313703145e+25,8.327634195551859e-15,1.5965509897081563e-25,1.7772772664541085e-25,1.4768528064038115e-27,7.993065777552266e-27,2.091007301133268e-17,2.8603375195471105e-17,1.6056016291916903e-15
3.22e+22,0.00016726866229634348,0.9998324145288872,1.0614169979974245e-07,1.3825328062793732e-08,1.9684178856415352e-07,3757.296941031253,0.7370761000748235,0.5361633734650664,1.8642001710154332e+25,2.7455309914921837e+25,4.870180340528272e-15,1.0111685816943203e-26,2.732517575216412e-26,2.0454328339178886e-27,1.5927484811200525e-26,4.2479762624322986e-19,6.648543081758796e-19,1.0468230442470615e-16
3.22e+22,0.00016540903140481656,0.9998344062620479,6.071235641422635e-08,1.1695160818287297e-08,1.1229903003813886e-07,4250.444410905764,1.8642279239959066e-12,0.5493539517306061,45876410062666.59,2.7156626999326856e+25,5.046322275476057e-15,1.0071710900816494e-26,2.719169831747894e-26,2.034150227063175e-27,1.5841369527787064e-26,5.711132733352107e-19,8.844398576298559e-19,1.2830409985612243e-16
3.22e+22,0.0001226266649380867,0.9998772289665853,4.791482573510804e-08,7.497965514186119e-09,8.895568521176287e-08,3942.407880198526,1.729054721947525e-12,0.5095906687049557,48597596639115.76,2.8069625238148904e+25,4.5196633540225484e-15,7.932269358918979e-27,2.1288537285022907e-26,1.5833475582710473e-27,1.2258878425737609e-26,2.2440997202805914e-19,3.592740679723229e-19,6.752039829200104e-17
3.22e+22,0.00014979901176915924,0.9998500157318709,6.112345865234976e-08,1.0642897904960662e-08,1.1349000335001604e-07,4084.476355116188,1.7914770771287643e-12,0.527925671586277,46875743619676.086,2.7644056933857867e+25,4.7608830945407705e-15,9.357524559002463e-27,2.522544748381859e-26,1.8838576162501487e-27,1.4639072002946991e-26,3.511594383672692e-19,5.532845529309972e-19,9.179772520268585e-17
3.22e+22,7.225579805661227e-05,0.999927668081235,2.643975694807299e-08,1.871440136779909e-09,4.7809511380781526e-08,3364.978349776607,0.01669794905509403,0.4350308151370296,6.19508887125119e+23,2.985073839703404e+25,3.574105064206568e-15,4.792827029875777e-27,1.2713131160045007e-26,9.362452143926846e-28,7.187384493967952e-27,2.4885254834806657e-20,4.3138371614319055e-20,1.5143827531400524e-17
3.22e+22,0.00016661349185830574,0.9998332189898758,5.5025649764502725e-08,1.1089861978350734e-08,1.0140275409405187e-07,4338.235690876965,1.902708726520614e-12,0.5606978867334637,45659383643875.99,2.690332398812561e+25,5.1988448595772934e-15,1.0050829599089665e-26,2.711251000111384e-26,2.0274002960803494e-27,1.5794608507868034e-26,7.280595096938011e-19,1.117854794595382e-18,1.517196092951508e-16
3.22e+22,0.00032646112245098984,0.9996731617795783,1.2482048914343548e-07,2.932271039412202e-08,2.2295477089322262e-07,4736.738471337067,0.42237721857530924,0.6222417037493309,8.236320889744935e+24,2.559127717870612e+25,6.0412007672047955e-15,1.668113264430852e-26,4.4522943544316656e-26,3.3284603863536145e-27,2.627554442801639e-26,2.3379026840834294e-18,3.445799088579419e-18,3.411595219566981e-16
3.22e+22,0.00019571693287998406,0.9998041263872612,5.1699844379165123e-08,1.1742119390495988e-08,9.323789507719899e-08,4632.143032957412,0.28418345772428744,0.6040699219608123,6.116841281905435e+24,2.5967452037785197e+25,5.7900540956501345e-15,1.1423807382991302e-26,3.0474492275393236e-26,2.267376029505286e-27,1.772945758425011e-26,1.6969837300991141e-18,2.529252091792131e-18,2.728666810239698e-16
3.22e+22,2.7454402756154157e-05,0.9999725396153837,1.9688090436305646e-09,3.6132165623984104e-10,3.6517294492632898e-09,4123.384009646164,11.072496628737667,1.528759181343313,1.0581350845044272e+26,1.4911701445737552e+25,2.0654696905058128e-14,2.673171225877482e-21,3.0756960586696147e-21,1.2374231263308553e-23,8.454409638207686e-26,1.4845401510017573e-15,1.7714203167599813e-15,3.7478997203359764e-14
3.22e+22,0.0002074070647351115,0.9997924057782118,6.165293506253643e-08,1.3781749708261056e-08,1.1172236814363235e-07,4585.315487944607,2.0111857344803065e-12,0.5925698083523633,43922122975958.77,2.6210430507582718e+25,5.632123515531419e-15,1.1882575022277792e-26,3.19833084961544e-26,2.393400638510056e-27,1.8732184729242296e-26,1.372021082931431e-18,2.060164109544334e-18,2.3536052415761577e-16
3.22e+22,0.00013195904396738482,0.999867900165254,4.643903603864841e-08,8.180431382762987e-09,8.617131132718187e-08,4101.947731581132,0.02663028679035889,0.5302696973023765,7.058191619028994e+23,2.7590193107300355e+25,4.791928514942084e-15,8.438196387776166e-27,2.2676450960570173e-26,1.6887429785675593e-27,1.3095604410259258e-26,3.710390204183318e-19,5.834623721441006e-19,9.533851765474885e-17
3.22e+22,8.403901543293186e-05,0.9999158658989055,3.233825708718647e-08,2.9741169047033724e-09,5.977328754658772e-08,3523.8328864403024,0.00047371890126308763,0.455511162363242,1.6193825204819085e+22,2.9357806848448143e+25,3.827358709163299e-15,5.620731484120169e-27,1.4958918533733458e-26,1.104609337826078e-27,8.498060727424118e-27,4.883028575211056e-20,8.259448545262366e-20,2.389098949548835e-17
3.22e+22,4.01138558042805e-05,0.9999598636859109,7.651739325370204e-09,6.976265868638094e-10,1.4108919023689835e-08,3498.2555586659364,1.8684098168016288,0.6763315909751705,4.457141226783024e+25,2.4526883837763883e+25,6.799169905426484e-15,6.003200282384947e-27,1.0302399770925746e-26,5.369837518878479e-28,4.0877526341809766e-27,5.4252067835674594e-18,7.774515610274548e-18,6.185060458518579e-16
3.22e+22,0.00019836916026840822,0.9998014405656714,6.27329941813257e-08,1.3405294570538149e-08,1.1413577135748794e-07,4494.188513666206,4.222808586198124,0.9645738589333859,5.434617199630715e+25,2.009192777216657e+25,1.1066284648047985e-14,1.263554489577271e-23,1.5285444207317497e-23,1.0113458163408168e-25,1.422052694932112e-26,1.0749010447736073e-16,1.391970386404024e-16,5.227037193958247e-15
3.22e+22,0.00010049243318201596,0.9998993956930843,3.740802078559428e-08,5.085471317625118e-09,6.938024173655522e-08,3794.3378842635875,0.06969843376322017,0.4910801777786658,2.1114678271303855e+24,2.8506058583631443e+25,4.279254014835882e-15,6.682402827038433e-27,1.785339052627553e-26,1.3226068634881285e-27,1.0205882179100947e-26,1.3815045579867866e-19,2.2505742211059417e-19,4.84621233548189e-17
3.22e+22,0.00012657655136727932,0.9998732783694132,4.803399552008904e-08,7.86210399352678e-09,8.91831200848394e-08,3998.4832023086346,1.7536505905294376e-12,0.51683396414817,48229138340838.07,2.7900634129803205e+25,4.614607063548653e-15,8.151727407427904e-27,2.189158645104106e-26,1.6291650415992736e-27,1.2621748102304097e-26,2.6882706035545625e-19,4.276158384412234e-19,7.64158053156506e-17
3.22e+22,0.00024925578737833363,0.9997505220092001,7.3589156213161e-08,1.7254714959629486e-08,1.3135955027744425e-07,4730.7040431350115,2.0750749121344443e-12,0.6112808814465341,42692593460215.65,2.5817040712741712e+25,5.889486746349648e-15,1.3568568934744243e-26,3.62702933626311e-26,2.707617122495767e-27,2.126912066419e-26,1.9315053502144425e-18,2.865793588090544e-18,2.9860266213896975e-16
3.22e+22,0.00011677560806292569,0.9998830759710303,4.9567706335969395e-08,6.88465402343484e-09,9.196854661820425e-08,3815.223834026371,1.6733807078569184e-12,0.4931595168527032,49304402592534.695,2.8456736586920856e+25,4.3060937410107705e-15,7.483757321434472e-27,2.0065239974001848e-26,1.491055873357421e-27,1.1531920189782293e-26,1.461496648860691e-19,2.376069040797593e-19,5.0359892616715066e-17
3.22e+22,0.0001955185389219442,0.9998043190657298,5.353012308507673e-08,1.2043247588301185e-08,9.682197762481966e-08,4604.260211994196,0.03218190575769552,0.5951117656739273,7.048489645993387e+23,2.615639801679884e+25,5.666962706730496e-15,1.1345322126918872e-26,3.044260622322187e-26,2.272788098037058e-27,1.7769451253298972e-26,1.4390404282742153e-18,2.1571915478539194e-18,2.4329193408916345e-16
3.22e+22,0.00015297065670312736,0.9998468424961207,6.159891875788616e-08,1.0928689650153238e-08,1.1431956761256159e-07,4112.51239011227,1.8037685842132613e-12,0.5315450866117829,46674004760301.13,2.7560940081744285e+25,4.808839373059264e-15,9.521935676148559e-27,2.567911275633337e-26,1.918512931261745e-27,1.4914849532760972e-26,3.8224830504838516e-19,6.004528886433652e-19,9.730943940953515e-17
3.22e+22,8.555024230259245e-05,0.9999143488732016,3.446618165303175e-08,2.912216914766895e-09,6.350609721753175e-08,3479.6813636060656,1.5260914251169629e-12,0.44980518077018566,52850299754359.06,2.949522524998709e+25,3.756247599052323e-15,5.641524436349245e-27,1.5021387953194714e-26,1.109674369278686e-27,8.538194574215238e-27,4.071417583962097e-20,6.93227494419281e-20,2.1123175608263052e-17
3.22e+22,0.000163892152983361,0.9998359575888426,4.935212444319917e-08,1.0227778886084067e-08,9.067827076731326e-08,4398.537452080731,0.14045884005014242,0.5700672767157609,3.313080394911201e+24,2.6696710720585132e+25,5.325510094638823e-15,9.913149373108057e-27,2.669227737285285e-26,1.9936297154587674e-27,1.5529865261514035e-26,8.834070478510167e-19,1.3471591289094943e-18,1.7343696982076093e-16
3.22e+22,0.00017142946917200324,0.999828405454566,5.421852919765679e-08,1.1216398024068567e-08,9.96413348628385e-08,4394.45196941845,0.0030422147941912255,0.5679573758552174,7.162541394564041e+22,2.674303021709869e+25,5.2969333233026514e-15,1.0192516346139155e-26,2.7486278763580775e-26,2.0555247208761227e-27,1.6024257446528666e-26,8.462365869977484e-19,1.292428103027493e-18,1.683510730175417e-16
3.22e+22,0.00013257279162678655,0.999867290719725,4.497291428162802e-08,8.103313989359938e-09,8.341241997497609e-08,4136.962223045558,0.12592346207391966,0.5362483687899774,3.290805742533773e+24,2.7453398397256905e+25,4.8713157024693764e-15,8.390295764987408e-27,2.2545376153086832e-26,1.6789304826649257e-27,1.3022002120325016e-26,4.260673501465003e-19,6.667115959042152e-19,1.0485346034134641e-16
3.22e+22,0.00020927273262655454,0.9997904596865321,8.789763011678801e-08,1.758102892376626e-08,1.6210218217585362e-07,4325.270015449837,2.9595635463354086,0.8283373989957068,4.44914161874422e+25,2.195891337722046e+25,9.003303504166002e-15,6.904132569036e-25,8.019276908627054e-25,5.40160080785642e-27,1.3553770091667534e-26,3.3813029914686497e-17,4.549809979160709e-17,2.2620908058556343e-15
3.22e+22,8.307184430253884e-05,0.999916828342788,3.449680769074003e-08,2.4531999705031763e-09,6.286290166056543e-08,3383.6512367913583,1.4839751063899546e-12,0.4373941667621046,53480090690389.086,2.97939479446026e+25,3.603041597094612e-15,5.395668844042231e-27,1.435859533613905e-26,1.0602348018255648e-27,8.153129060982595e-27,2.698329170884441e-20,4.663713630865534e-20,1.5994304460830307e-17
3.22e+22,0.00011697477632974378,0.9998828984802258,4.199317403048702e-08,6.768658888672068e-09,7.798161154076575e-08,3979.452674602927,0.09760370231617524,0.515415467071807,2.7247228988622653e+24,2.7933641653696907e+25,4.595976673929475e-15,7.594049159537475e-27,2.0355948933006978e-26,1.5123679241829697e-27,1.1701883764429717e-26,2.5957854049443974e-19,4.134222320996009e-19,7.46043157144888e-17
3.22e+22,0.00014099993890346433,0.9998588517011159,4.884845912845293e-08,8.978660463929826e-09,9.053286108158143e-08,4169.200155150281,0.012076498874975358,0.5388959018345064,3.1097800139392235e+23,2.73931001840131e+25,4.906562424718578e-15,8.81942734541251e-27,2.3731370243615422e-26,1.769526125997036e-27,1.3739578540454755e-26,4.52567377124724e-19,7.066608227333388e-19,1.0929826277330425e-16
3.22e+22,0.00012475335749871026,0.9998751818647721,2.142963751794692e-08,4.811211193946481e-09,3.8536880585687004e-08,4606.22464435087,2.3184228843760306,0.7929093703919239,3.908055595315894e+25,2.2506697596737264e+25,8.480463735761658e-15,2.4200157899032245e-25,2.7234454292526403e-25,2.0325965569621874e-27,9.312904134771574e-27,2.348992092862731e-17,3.19982840423539e-17,1.7426329140444019e-15
3.22e+22,0.00013832972051069396,0.999861503332202,5.51805950354225e-08,9.279208156824777e-09,1.024874840093115e-07,4035.488387296689,1.7699583556530784e-12,0.5216063696891613,47525046840256.77,2.778990036843164e+25,4.677415972462082e-15,8.758115117120388e-27,2.3567920026307122e-26,1.757168703349053e-27,1.3634528954254075e-26,3.0198629102366317e-19,4.78371886910153e-19,8.276345262231639e-17
3.22e+22,1.3140008159515975e-05,0.999986857277285,9.165879370255962e-10,8.468957181802815e-11,1.7132781545893268e-09,3506.8770548520615,10.077456768552562,1.474635922264839,1.0759530608282396e+26,1.526369989516293e+25,1.9622025854317772e-14,8.388056213414117e-22,8.640851059796776e-22,1.4497384301896074e-24,4.358963048710307e-28,1.2140194808277664e-15,1.4607620131275768e-15,3.2471796476267316e-14
3.22e+22,5.6324752152745934e-05,0.9999436286522706,1.6032817679153042e-08,1.316977294362668e-09,2.9245781627137823e-08,3431.358030968976,5.2293293782306165,1.0315904736746688,7.297041002521873e+25,1.9289125740862237e+25,1.2111962785627985e-14,2.1852512548144668e-23,2.4210767548316136e-23,8.191733011412717e-26,2.9114685494733672e-27,1.6846743975938039e-16,2.1515765829323939e-16,7.293539373297756e-15
3.22e+22,0.0001963632802871561,0.9998035506798694,2.9324945455259293e-08,7.471301332453324e-09,4.924359683859139e-08,5091.794387529028,2.267075330419089,0.8214472897732431,3.4664775537105776e+25,2.2063365755310495e+25,8.901227085051676e-15,5.864067195655013e-25,6.788287530544299e-25,4.63542308965235e-27,1.2996940340948916e-26,3.1607721359006995e-17,4.262393530967141e-17,2.154400826816723e-15
3.22e+22,8.28318771057926e-05,0.9999170811929179,2.9369433361771678e-08,3.2082966051190804e-09,5.4352246240926744e-08,3623.3251491734195,0.24865901461544967,0.47706518185823776,8.043956755413739e+24,2.884011773575792e+25,4.099516159203515e-15,5.652149227431246e-27,1.503407005056831e-26,1.1095925261963898e-27,8.537602960410068e-27,9.333821989811467e-20,1.5422365847948462e-19,3.710320245079967e-17
3.22e+22,0.00021075266503301976,0.9997890250050329,7.305150892170037e-08,1.5692059419006494e-08,1.3358636577837954e-07,4481.67487450857,1.9658104829557694e-12,0.5791660017197413,43995709120214.305,2.6498377689773535e+25,5.44908933333629e-15,1.1956432270624413e-26,3.234524542916575e-26,2.427880221613098e-27,1.9002684395640062e-26,1.059788557079137e-18,1.605812704570633e-18,1.9674492434650417e-16
3.22e+22,0.0001396729586324412,0.9998601859876978,4.6410975185325634e-08,8.66977745634195e-09,8.597291721939985e-08,4196.554622765542,0.10915816124736315,0.5435164224022867,2.786205673926951e+24,2.7288280737216063e+25,4.968206760118366e-15,8.810147050755338e-27,2.369557912088146e-26,1.766254359352154e-27,1.3713222335222054e-26,5.020880045634151e-19,7.811038815169654e-19,1.1740283045663968e-16
3.22e+22,0.00015983287851423792,0.9998399771727697,6.251664122240507e-08,1.1520558576485978e-08,1.159115162983091e-07,4173.2627370296295,1.830406492569842e-12,0.5393870917856779,46255865944647.96,2.7381932007414425e+25,4.913107703500024e-15,9.781117666617293e-27,2.639879945079478e-26,1.973892034483935e-27,1.5359582440254634e-26,4.576291192256122e-19,7.142823757231811e-19,1.101385278790952e-16
3.22e+22,0.0001620172397807327,0.9998378105362504,5.65950895648752e-08,1.1035899181427232e-08,1.045929801575824e-07,4273.273962606253,1.8742352369729934e-12,0.5523083709374494,45962510532598.62,2.7090330484670592e+25,5.0859546594028785e-15,9.881598560225377e-27,2.665907596166314e-26,1.993125402615816e-27,1.5517185866566705e-26,6.089628002952955e-19,9.409154878589171e-19,1.3411199228117638e-16
3.22e+22,0.00029868160623029645,0.9997010136936606,1.0108808745097431e-07,2.38751237810975e-08,1.797368977673888e-07,4762.6069473538,2.2793020724211472,0.7875726607892846,3.462712483183474e+25,2.2591970820039325e+25,8.4022425764247e-15,2.6630689139986096e-25,3.2289311589360746e-25,3.8702105214373625e-27,1.950386815654404e-26,2.2219906783659138e-17,3.032044021517792e-17,1.6735178607964452e-15
3.22e+22,0.0003107080189781706,0.9996891190067608,6.000529622359085e-08,1.574550106087455e-08,9.722346383571143e-08,5261.947676344376,0.06592505920340717,0.680058525789664,1.1700300466757711e+24,2.4457656108621284e+25,6.852123909681904e-15,2.25141057079979e-26,4.823869407393439e-26,3.0330385334052376e-27,2.3750585511884146e-26,5.800446000141348e-18,8.28460983094608e-18,6.45126851796037e-16
3.22e+22,0.00010231746525154996,0.9998975511259578,4.437107425673205e-08,4.927148009362885e-09,8.211056821808943e-08,3633.861371437308,1.5937316260742399e-12,0.46972882808692556,50861827698581.61,2.9015930729187103e+25,4.006278653924572e-15,6.625549135179619e-27,1.7712593587743025e-26,1.3129146387947751e-27,1.012994221713106e-26,7.537789193457351e-20,1.255082020744919e-19,3.2077990711134305e-17
3.22e+22,0.00010182107166515633,0.9998980481554018,4.417371109339142e-08,4.857878289587505e-09,8.174134362267509e-08,3627.438466148522,1.5909225457295053e-12,0.46889890838143183,50921394320253.66,2.9035850550059324e+25,3.995769283924108e-15,6.585411944598428e-27,1.7603403230796293e-26,1.3047018643931982e-27,1.006572992260817e-26,7.354352967916309e-20,1.2256307051221866e-19,3.1545373777052497e-17
