n0,ne/n0,(Ar)/n0,(Ar*(1))/n0,(Ar*(2))/n0,(Ar*(3))/n0,Tg,E,energy,mobility,diffusion,C0,C1,C2,C3,C4,C5,C6,C7
3.22e+22,2.91323813945468e-05,0.9999708543977723,4.476018898414619e-09,4.7232292122961e-10,8.272491345349164e-09,3573.117698728673,6.720198040853346,1.2156002347464907,5.304583729268879e+25,1.472930281807001e+25,1.454613680801376e-14,3.18794690687951e-30,1.9406558372862784e-30,-2.956121257806727e-33,-2.2455197329257717e-32,8.157905587053285e-18,1.3139850530620441e-17,2.1037267315858425e-15
3.22e+22,0.00015557039646747824,0.9998442828333968,4.820714318843581e-08,9.704148407976461e-09,8.88588442649457e-08,4336.523484019445,0.18163881492387748,0.6062567899780574,7.659826342674881e+24,2.602360482909982e+25,5.672540538817355e-15,1.0135837310151885e-29,6.71129459871488e-30,-2.3781279188200145e-34,-2.4633515757590347e-33,8.0469210662195885e-19,1.2364941872439468e-18,1.6880605344242148e-16
3.22e+22,0.00021054187019924297,0.9997892749363244,6.041659779006139e-08,1.3688826392890083e-08,1.0908805214345664e-07,4624.092756070129,2.0281856237267925e-12,0.5977799413890049,132800846959044.16,2.6100315087410967e+25,5.703085386217599e-15,5.818574033693249e-29,3.938276477551181e-29,-2.8254693688983086e-33,-2.659694241663006e-32,1.4912907521347383e-18,2.2336831068463976e-18,2.5031123092301873e-16
3.22e+22,8.207783608876034e-05,0.9999178340900101,2.9849120819040815e-08,3.018255452881503e-09,5.5206524724375284e-08,3575.474806712115,0.10486062948115615,0.4954751828798295,6.89674430432899e+24,2.884569662753011e+25,4.21085843605625e-15,2.619856147060609e-32,3.419868326531936e-32,1.692230744423187e-33,1.2806114985790642e-32,6.623450108312053e-20,1.112426829803986e-19,3.041609282841862e-17
3.22e+22,6.967576314118764e-05,0.9999302896392708,1.1414000980471583e-08,2.1276158923722178e-09,2.1055970979078853e-08,4172.410520587252,2.9451795022776777,0.9202237631326163,3.4903410180707714e+25,1.8020005281572281e+25,1.0117766245505699e-14,1.7331102229612412e-29,1.1312300898878285e-29,-1.56252181857041e-33,-1.2768371594274445e-32,2.61755639054615e-18,4.061603635065448e-18,5.766650072721989e-16
3.22e+22,0.00014760574239568435,0.9998522534818669,4.626031550252935e-08,9.076660999699732e-09,8.543876097171079e-08,4286.326672393656,0.27132422130007244,0.6188997856509802,9.6056476824351e+24,2.558420184268453e+25,5.804060569594125e-15,7.543689067459782e-30,4.975497659408615e-30,-7.330218529220874e-35,-1.0207974564425343e-33,7.414786197241277e-19,1.144853182540936e-18,1.622049196229951e-16
3.22e+22,0.00013050592347083753,0.9998694656869175,1.005458907582716e-08,2.6619728746567847e-09,1.5673049630329335e-08,5381.418261012239,8.480980991781399,1.4868220761862945,5.390404803136479e+25,1.3032586781747632e+25,1.8806364038773838e-14,8.052564781682145e-26,5.753902706154095e-26,1.9445425712434212e-30,-2.5998756875022824e-31,1.4127799496625314e-16,1.9562220904050869e-16,1.0840880550251024e-14
3.22e+22,0.00030027753234954823,0.9996994991535121,7.541914294914843e-08,1.889844593955046e-08,1.2899654959592445e-07,5006.111020876614,3.5890933308959494,1.0524844589399498,3.6325245806507763e+25,1.6582054783762292e+25,1.211723092291073e-14,2.351505661756585e-27,1.636511757083648e-27,-4.121249687650809e-32,-6.197761868013307e-31,1.5549996113837707e-17,2.2491844288399867e-17,1.867446167555136e-15
3.22e+22,0.00025547460776823873,0.9997444002935594,4.316691786933313e-08,1.1217956910888e-08,7.071379754136325e-08,5210.002048931697,1.3911565467470564,0.8572090587439216,2.1089690802156723e+25,1.9790654471971218e+25,9.202463497543322e-15,2.310378919266453e-27,1.629233954334951e-27,3.1238000734727184e-32,-1.2364603905272488e-31,8.671003156361442e-18,1.2422602642275015e-17,9.85706824001621e-16
3.22e+22,0.00010006288914870354,0.9998998100097476,4.294912731719451e-08,4.6719786119774845e-09,7.947999771905063e-08,3620.3953948670214,1.5878534544667587e-12,0.4680040049414263,147895422763958.3,2.905769171298189e+25,3.984395363636596e-15,3.8689342237008705e-32,5.247780601630649e-32,2.6776058836893953e-33,2.0263361093245997e-32,7.106906556507979e-20,1.1863198197259092e-19,3.0907848164168576e-17
3.22e+22,5.3408774625191595e-05,0.9999465505273303,1.3999515174295375e-08,1.125687642796966e-09,2.557284147763334e-08,3432.2496813508956,0.8359955021943685,0.6172279593262954,2.0061216594136085e+25,2.446862604580506e+25,5.652095966742193e-15,1.0896126049573479e-32,1.4163935600684107e-32,7.046266647900542e-34,5.332167910076953e-33,6.994983840176394e-20,1.199030247431844e-19,3.828834874771039e-17
3.22e+22,0.00010468844021274305,0.9998951792395524,4.4520563193716476e-08,5.292475464850368e-09,8.25071961638796e-08,3685.1556524593366,1.6162255023224585e-12,0.47637689969988717,146870108473622.3,2.885697393486002e+25,4.090681762876753e-15,5.944799404557353e-32,6.580274112924977e-32,2.7028747890532615e-33,2.0454216785882374e-32,9.081150463691052e-20,1.5025052063865387e-19,3.6517431394403016e-17
3.22e+22,0.0003017480023011939,0.999698101677642,5.26261667753569e-08,1.3915200242168409e-08,8.377868977121234e-08,5329.1910631326555,0.9546880554010051,0.8229154849672258,1.6634761310338791e+25,2.0722218157831643e+25,8.709028441587357e-15,3.32807769981576e-27,2.3642499252098014e-27,5.512900851978579e-32,-1.5598567188253377e-31,9.018962441110814e-18,1.2830104018531947e-17,9.67320893689708e-16
3.22e+22,0.00019120232746070278,0.9998086573504774,4.6399167920686665e-08,1.0694555149268045e-08,8.322833895024516e-08,4679.290216526509,0.6574387437115478,0.7190316580209931,1.4607744300190167e+25,2.2787053927087327e+25,7.181412082429732e-15,1.1119272621830658e-28,7.558632874671204e-29,-3.7567021637771394e-33,-3.897600961807838e-32,2.3123424415284068e-18,3.4461177083655784e-18,3.71012526989097e-16
3.22e+22,6.394341842025521e-05,0.9999359982051347,2.001805516979755e-08,1.5032033297889011e-09,3.6855186626912624e-08,3424.233591179686,0.411964416124886,0.5514766729676536,1.4165839598145894e+25,2.6966504497290413e+25,4.777630134332225e-15,1.0792314502120729e-32,1.841383780726094e-32,1.1075668989817716e-33,8.381510318120341e-33,4.792618829118407e-20,8.231311293895633e-20,2.6802828714095305e-17
3.22e+22,9.50348892575513e-05,0.9999048514513762,3.839411492134362e-08,4.226675836457193e-09,7.103857535535932e-08,3628.387038410532,1.5913010603353476e-12,0.46903511028813805,147765347931071.0,2.903291769522341e+25,3.997448637518727e-15,3.8569027530551604e-32,4.853847693818527e-32,2.3131495109276467e-33,1.7505110081476615e-32,7.335141867400031e-20,1.2229655142207966e-19,3.156861437294887e-17
3.22e+22,0.0001909122468963142,0.9998089207919596,5.494959984759723e-08,1.2112655889592071e-08,9.989888845237596e-08,4547.853170377353,0.006968969529633183,0.5881070141536648,4.667310857934665e+23,2.6307959519254084e+25,5.569977548297487e-15,3.643839311191814e-29,2.4523186593023626e-29,-1.672344424458152e-33,-1.566959158089308e-32,1.2409867874500736e-18,1.870744081316638e-18,2.202777163812943e-16
3.22e+22,0.0003796192756107048,0.9996202022553783,6.468701015176216e-08,1.753267981394292e-08,9.624932094979837e-08,5575.596172538409,0.1480221375049012,0.7472728686165321,5.168676020765032e+24,2.3201391841450425e+25,7.733743167942678e-15,7.265941576136427e-27,5.237562803515395e-27,1.7382327987765829e-31,-2.0728371261485666e-31,1.0444759737513955e-17,1.4648583932012466e-17,9.937534727802529e-16
3.22e+22,9.17593139328866e-05,0.9999081321235767,3.674944326735517e-08,3.784820445225232e-09,6.802822660302993e-08,3589.404374743966,1.5741906757175351e-12,0.46399480938304344,148380739273731.4,2.915398818973049e+25,3.933792998799617e-15,2.992165316816582e-32,4.2244535248333596e-32,2.2301130118993552e-33,1.6876798768217365e-32,6.30724670878205e-20,1.0573424060490894e-19,2.848884230442397e-17
3.22e+22,8.337346524106516e-05,0.9999165263528886,3.457230939359366e-08,2.4857734428056566e-09,6.312378748759344e-08,3391.882577485927,1.4875904745581436e-12,0.4384591225669328,151511837881781.16,2.9768610888347834e+25,3.616089581223546e-15,1.4705069575839815e-32,3.24157103775692e-32,2.1934976641273452e-33,1.6599430585350136e-32,2.782705675592492e-20,4.8059058866719534e-20,1.6367967504242202e-17
3.22e+22,7.424772882278264e-05,0.9999256902605679,2.0751023118599034e-08,2.7923871636103397e-09,3.846719924637548e-08,3780.833183678585,5.88901065939381,1.1603057945128517,4.958617391219271e+25,1.5214786575303332e+25,1.3716869631610577e-14,8.24927847647037e-30,5.06834563738767e-30,-1.3326033382659077e-32,-1.011351821265959e-31,7.150341466032226e-18,1.1346555050484238e-17,1.7089251113304416e-15
3.22e+22,0.0001405190962844378,0.9998592954497119,6.15737728853891e-08,9.67108023193791e-09,1.142091506510323e-07,3946.5550841336985,3.59512381328471,0.9649444699470267,3.913583344726625e+25,1.7313656207181636e+25,1.078559995020594e-14,5.32397444268496e-30,3.231789093642431e-30,-1.7045840593629916e-32,-1.2923481521279382e-31,2.3905351185583106e-18,3.7897754823868546e-18,6.201540217293356e-16
3.22e+22,0.00023473388956865,0.9997651189323817,4.948693661462693e-08,1.2266376068165044e-08,8.542473686724896e-08,4949.697455435003,0.725726212792351,0.7563376931467687,1.4868017232683222e+25,2.204292314244249e+25,7.729335098745997e-15,5.006881510646397e-28,3.470361050941144e-28,-2.0588732196732975e-33,-7.736523672969647e-32,4.164898962641577e-18,6.078977239752162e-18,5.577120520888791e-16
3.22e+22,3.608452724210442e-05,0.9999639035604053,3.935151282527419e-09,6.81733503549206e-10,7.295467723142387e-09,4097.435533913102,8.344524175166242,1.3825499926244924,5.667848122742678e+25,1.3587626360818356e+25,1.7104275852009998e-14,2.821503433457083e-28,1.8376896478341165e-28,-5.601051391063764e-33,-5.703299893896449e-32,3.8339549429936784e-17,5.772071162300881e-17,5.530226776123093e-15
3.22e+22,0.0001625188195788267,0.9998373044445935,5.809036827682447e-08,1.1231925357863144e-08,1.07413533985746e-07,4257.255537160224,1.867215846924863e-12,0.5503477419539134,138087437965175.36,2.7134853856808875e+25,5.059372339299654e-15,5.144086844545233e-30,3.3947172462742766e-30,9.21314973879009e-34,6.666549613510934e-33,5.7629746202721e-19,8.9258616856426e-19,1.2958812008145225e-16
3.22e+22,0.00028430647506981585,0.9997155140858279,6.107690419318877e-08,1.5597470799253428e-08,1.027647272335632e-07,5091.20454670804,0.0032908605388871125,0.6582125138522945,1.863870513013779e+23,2.48748267530344e+25,6.542755419886426e-15,7.648058815300879e-28,5.351236063376796e-28,1.750210746765951e-33,-9.409225802339882e-32,4.128913621235797e-18,5.968865142248233e-18,5.096345161340324e-16
3.22e+22,8.68668065101559e-05,0.9999130364809612,3.2718255045198685e-08,3.4680720153490367e-09,6.052620150247858e-08,3603.92749636472,0.033633912742595654,0.4718400428141982,2.9606804867433083e+24,2.907791195815843e+25,4.009537153411896e-15,3.1174889079425776e-32,3.9629825541328736e-32,1.9101021387134143e-33,1.445491737350396e-32,6.80270838542079e-20,1.137982739480389e-19,3.0155677986748134e-17
3.22e+22,0.00012429965237708944,0.9998755399933006,5.3407854711035743e-08,7.804231301083412e-09,9.914223624892526e-08,3865.7445748012974,1.6954890059478076e-12,0.49972748036052606,144043741307929.22,2.8301887749534017e+25,4.391033785678764e-15,2.466200526661058e-31,1.8779162009558332e-31,2.9449389465493415e-33,2.2279858456988784e-32,1.7224691243824788e-19,2.785136292213156e-19,5.654062172218443e-17
3.22e+22,0.00016370049899812697,0.9998361189453652,5.9348998214502065e-08,1.1441432899119966e-08,1.0976520567346158e-07,4251.812010206072,1.8648301712763717e-12,0.5496444002971785,138166856573691.75,2.715066058400217e+25,5.049937970979109e-15,4.9428834256598676e-30,3.2616833520866155e-30,1.002971359665023e-33,7.298512145405521e-33,5.67378272039638e-19,8.792668772284627e-19,1.2821260219474933e-16
3.22e+22,0.00017787094947897743,0.9998219729504138,5.131949048770065e-08,1.1072608420385354e-08,9.370800849644013e-08,4493.159558295878,0.08444645346111662,0.5992598554543953,4.631332533632823e+24,2.6191018902857517e+25,5.659064047199271e-15,2.6876317362968085e-29,1.8012049478456203e-29,-1.2399280380800728e-33,-1.1479435527312019e-32,1.1295788844533977e-18,1.7109019609986162e-18,2.089710598418998e-16
3.22e+22,0.00012004527213249073,0.9998797508514116,7.03610660902272e-08,5.427312718974243e-09,1.2808807725032665e-07,3410.4269979010146,1.1299918052331224,0.654157129946945,2.336808978570194e+25,2.323060939436277e+25,6.172904463834514e-15,3.3700486429317834e-32,7.038453668113514e-32,4.6619889610778946e-33,3.5280496556768994e-32,8.146219985412285e-20,1.4014291714734434e-19,4.580046144291789e-17
3.22e+22,2.6104150013838343e-05,0.9999738860748331,3.301708438684883e-09,3.098821656075676e-10,6.163562288989372e-09,3536.042204689484,3.880636461178453,0.9602028693418287,4.171612089195569e+25,1.724761810666785e+25,1.0712189743492265e-14,2.6067178858660767e-31,1.5824987843088344e-31,-1.9202535930125071e-34,-1.4596012559813764e-33,1.1436106171207497e-18,1.9011998423497453e-18,4.3716838983919776e-16
3.22e+22,0.00036128055141765276,0.9996384557085227,9.039190086914231e-08,2.3361081924086445e-08,1.499870768393882e-07,5164.879871865472,2.5567179831461324,0.9692909242266072,2.9945813104394357e+25,1.7750154497980217e+25,1.0869643034107614e-14,2.9872704360735283e-27,2.100272720249631e-27,-2.1989865897760007e-32,-6.154398356396397e-31,1.2705829835271882e-17,1.8235514756932072e-17,1.4507332608289526e-15
3.22e+22,0.00010425456391106977,0.9998956116333666,4.510705147069898e-08,5.200631756860448e-09,8.34950390343668e-08,3659.7615641586203,1.6050667738759745e-12,0.47309421380610117,147268279756157.12,2.893559274820808e+25,4.048915432064049e-15,5.045523067258908e-32,6.123993702210511e-32,2.807137611687952e-33,2.1243493190333757e-32,8.255406452070195e-20,1.3706066242421415e-19,3.422578863708014e-17
3.22e+22,0.000402284724463785,0.9995975342395269,6.659662978187032e-08,1.8159580891745487e-08,9.627979852909064e-08,5667.839191945922,0.09211064905458467,0.7470020757566637,3.6652224332282644e+24,2.3255267791981465e+25,7.764766062000821e-15,1.0336831877724737e-26,7.490376307542733e-27,2.762502611805149e-31,-2.328606080249647e-31,1.1873811696492975e-17,1.6567322782280377e-17,1.0811749955789198e-15
3.22e+22,0.000360182731862048,0.9996396414609267,6.29564940450084e-08,1.6955885461992842e-08,9.589483167261597e-08,5496.2446055902765,0.05081723098576786,0.716460326699118,2.3726412338872533e+24,2.380279735875004e+25,7.350529874128593e-15,5.018268219782872e-27,3.600703552685083e-27,1.0726368106418272e-31,-1.7693814103563374e-31,8.80624590455042e-18,1.240727116329446e-17,8.713552024163102e-16
3.22e+22,0.00012714597721459882,0.9998727258064033,4.2275806178533156e-08,7.52142931994337e-09,7.841914676258928e-08,4118.071513160905,0.31159266062152263,0.6074889087227981,1.0697073430753413e+25,2.5768782995367167e+25,5.622188690423125e-15,2.2726191725698454e-30,1.486358465292645e-30,8.135037748116314e-34,6.042462155768678e-33,4.756599509628942e-19,7.471185631301204e-19,1.2090846141424533e-16
3.22e+22,6.462202316001498e-05,0.9999353337285461,1.4764654059193744e-08,2.092535690823872e-09,2.7391104103670427e-08,3830.064794026048,1.616928474335659,0.7503281495431012,2.660392408137265e+25,2.1009289091356604e+25,7.586321738129243e-15,5.3933462951602185e-31,3.3968264169899175e-31,-1.7907544932080228e-34,-1.3743294391864875e-33,4.732598864499358e-19,7.663647978844829e-19,1.551160536133075e-16
3.22e+22,0.0001605879695165673,0.9998391351011505,9.246168193939215e-08,1.2906730477358552e-08,1.7156092043430774e-07,3819.4526731868377,1.8926182947305432,0.7802122730556285,2.8848987046868447e+25,2.0328638197939976e+25,8.027212553598632e-15,5.670865043015341e-31,3.3890962345672602e-31,-1.8789841933653063e-33,-1.4241031393922645e-32,5.486175469285267e-19,8.89908150308023e-19,1.8142028752718074e-16
3.22e+22,0.00013618464302468119,0.9998636027722093,7.130117414475734e-08,9.156080599113986e-09,1.321275112181744e-07,3742.236144751299,2.632165224792739,0.8525083907334621,3.4204172675456874e+25,1.8904684792307202e+25,9.102059919342305e-15,5.128760219012343e-31,2.715855626038361e-31,-4.7645462256275405e-33,-3.6076202120646514e-32,7.595938117372885e-19,1.2399157007735914e-18,2.6036941233206205e-16
3.22e+22,0.00026181275080115453,0.9997379719588474,7.168739364807953e-08,1.7273708301551547e-08,1.2632924957630713e-07,4827.442499595417,2.1175044343222697e-12,0.6240759552986423,129983055129529.69,2.5554106945733138e+25,6.0659119252085784e-15,1.8885230131304055e-28,1.2974085511799954e-28,-6.337224451140929e-33,-6.87105496069122e-32,2.371994008661521e-18,3.495927626031488e-18,3.460421839913343e-16
3.22e+22,0.00022575842520640893,0.9997740662734937,5.8164063413302667e-08,1.3753533424249245e-08,1.0338370297644792e-07,4760.321688585715,0.003272601075083473,0.6154317716439466,2.0511381199424614e+23,2.573174478068641e+25,5.946168995681886e-15,1.3030344070007958e-28,8.910330126742829e-29,-3.586828049574378e-33,-4.054740691701784e-32,2.04880972360993e-18,3.0347966803504055e-18,3.121965072840931e-16
3.22e+22,0.00013077703985945222,0.9998690619511948,5.338046075342866e-08,8.49501250653493e-09,9.913347216016317e-08,3963.015989693716,1.7381162744568826e-12,0.512303300208048,142536140020210.5,2.8006707920278566e+25,4.555018765624017e-15,5.4193521070909094e-31,3.7425779631081128e-31,2.5407326080432708e-33,1.920751511709463e-32,2.376920492705923e-19,3.7992389362859826e-19,7.047940668775308e-17
3.22e+22,0.00019476835490292606,0.9998051764414306,1.9712063021638974e-08,5.263761388295313e-09,3.022784193384953e-08,5451.588808526683,4.18332854421364,1.1450747205499217,3.8162055365877983e+25,1.5705246725482578e+25,1.3532707227452063e-14,1.9923099555897473e-26,1.426726383434325e-26,4.832079386079224e-31,-1.6213501756246606e-31,3.613533748616154e-17,5.0708554373565965e-17,3.341248611464551e-15
3.22e+22,0.00025442597005449107,0.9997453806550858,6.4563896464213e-08,1.57043250976176e-08,1.1310663828308788e-07,4864.850203391788,2.133885359874119e-12,0.6289114199694035,129496811624638.44,2.545581703352204e+25,6.133152894161558e-15,2.332650039916857e-28,1.6070038089424065e-28,-4.923524110270383e-33,-6.382687586774771e-32,2.578498563403911e-18,3.7890558144679925e-18,3.666482770861328e-16
3.22e+22,0.0001279333326420224,0.999871903169638,5.4353708102311486e-08,8.228307128999167e-09,1.0091570476051128e-07,3904.188803391279,1.712325557495249e-12,0.5046981585480798,143444601797443.97,2.8184859967020746e+25,4.4556714526975625e-15,3.36932421697371e-31,2.451585558663244e-31,2.8723511705584108e-33,2.1726720850940913e-32,1.9595542324404367e-19,3.1538894892835666e-19,6.175682549662376e-17
3.22e+22,0.00024675141413088315,0.9997530814957222,5.6065850308558974e-08,1.3847680007039012e-08,9.717661672314938e-08,4929.224143306216,0.052665908438383806,0.6448875290188679,2.8523233681147326e+24,2.5175736453237994e+25,6.329812433574443e-15,3.3742579761685025e-28,2.3353379799220266e-28,-2.617728820404758e-33,-6.064930650130302e-32,3.0124727631526827e-18,4.405015585467601e-18,4.1046371006094965e-16
3.22e+22,7.548242225970749e-05,0.9999244371728759,2.752516386099479e-08,2.1051450391893694e-09,5.0774555263911223e-08,3438.1474953546203,0.021661617801417923,0.44728504378603523,2.103955781926519e+24,2.961801030396685e+25,3.71359298966136e-15,1.3026969361659386e-32,2.565031824376895e-32,1.65611087738283e-33,1.2532756577788648e-32,3.4343999781678063e-20,5.887614778088444e-20,1.8916146599210547e-17
3.22e+22,9.928407079927548e-05,0.9999006447005311,2.347869399049003e-08,4.376439684541209e-09,4.33735359504091e-08,4191.863640090312,6.577708595971423,1.2485348081488283,5.096893371126664e+25,1.4551539856429396e+25,1.5060380017391495e-14,1.7899822618366445e-28,1.1710611951255508e-28,-2.8880957498541114e-32,-2.288047670573082e-31,1.9415881374033696e-17,2.943442379803282e-17,3.152538115156999e-15
3.22e+22,0.00017104570154989846,0.99982880058147,5.050477771406829e-08,1.0686048403965007e-08,9.252615403102239e-08,4445.938854765452,0.09427786705624211,0.5964033096240248,5.054250099125532e+24,2.626769671386508e+25,5.6087766685320626e-15,1.992604324514009e-29,1.33054955607586e-29,-8.702328030832872e-34,-8.061390812096919e-33,1.0095554724728476e-18,1.535600591902005e-18,1.9379893786122378e-16
3.22e+22,9.54556836170488e-05,0.9999044370792269,3.601413718067635e-08,4.4960795208680685e-09,6.672693923114367e-08,3720.4994794384247,0.04350619001985906,0.48984347739150325,3.545027032202924e+24,2.8684651096330953e+25,4.228716073378815e-15,7.476956648189831e-32,6.777667628553228e-32,1.974619647397032e-33,1.4942132765166812e-32,1.0635447647944462e-19,1.7511566843685908e-19,4.0976189886100557e-17
3.22e+22,8.219873006140102e-05,0.9999177042170458,3.3458603091765906e-08,2.432557320234389e-09,6.11617324288375e-08,3398.4859633391816,1.4904740523878197e-12,0.4393122400775616,151406325284686.53,2.9748092127679586e+25,3.626567107154291e-15,1.4395088574188502e-32,3.1358183816437076e-32,2.112246235066551e-33,1.598456476990859e-32,2.864757160911899e-20,4.94231047173007e-20,1.6691108727103334e-17
3.22e+22,9.022439931727926e-05,0.9999096904232709,2.8400914358581346e-08,4.086559550336235e-09,5.268993790822754e-08,3852.2960105518814,0.6529023765040397,0.6326045455832815,1.6555538157239287e+25,2.4478266985003704e+25,5.903702768427752e-15,3.3606427182559633e-31,2.230887235976656e-31,9.298793407283375e-34,7.025573409904946e-33,2.631943650205639e-19,4.259413508944236e-19,8.686682865096088e-17
3.22e+22,8.385295818254487e-05,0.9999160467113744,3.4542400040656616e-08,2.562543763697823e-09,6.322549935833016e-08,3409.1315325488517,1.4951005322816674e-12,0.440688981317852,151233352425935.22,2.9714979323826536e+25,3.643494091840821e-15,1.5148504244673765e-32,3.269440037377375e-32,2.1941339090718002e-33,1.660429297151151e-32,2.999996256980419e-20,5.166963238787147e-20,1.7220756318538185e-17
3.22e+22,0.0002954537978208913,0.9997043558908679,6.485611576389864e-08,1.6608185630570754e-08,1.0884700969605434e-07,5105.2273512464335,2.239367480005873e-12,0.6599925614652037,126342849168092.55,2.484011193080891e+25,6.567849127735341e-15,8.183082701578568e-28,5.730724526785428e-28,1.3627127170572488e-33,-1.0597812194058113e-31,4.241073815525169e-18,6.1254530857584866e-18,5.194035334543198e-16
3.22e+22,0.00010626924987980941,0.9998936106063293,4.007919961236842e-08,5.7011619724778874e-09,7.436342941848283e-08,3838.3698364926627,0.027197224646988115,0.4998213862543751,2.2442084150535834e+24,2.8358667529846557e+25,4.378229774198672e-15,1.954330656432026e-31,1.4551379683087084e-31,2.0501405383152106e-33,1.550947238008445e-32,1.5890119122085708e-19,2.5774324810493478e-19,5.363168430353367e-17
3.22e+22,0.0003171680761222208,0.9996824787301337,1.1694683994717876e-07,2.7536505143705103e-08,2.087103988137975e-07,4743.078055242579,1.2934813114833366,0.7998270637251624,2.1312879798189357e+25,2.06400558782399e+25,8.340881148946045e-15,2.0401159372698612e-28,1.3899400099845812e-28,-3.9050563747235175e-32,-3.1625914403384225e-31,3.4528549906323822e-18,5.1218504591793825e-18,5.298673480496605e-16
3.22e+22,0.00013331862287888028,0.9998665238774391,5.207691847286441e-08,8.678944531335544e-09,9.67438189441807e-08,4022.835382301772,1.764390906672115e-12,0.5200365614362692,141622743185460.66,2.7826769741127775e+25,4.656573859353031e-15,8.748119528250061e-31,5.870681426005877e-31,2.1903318562748615e-33,1.6538918359574359e-32,2.87649435300901e-19,4.566457491072288e-19,8.031918850681529e-17
3.22e+22,0.00022871274286857007,0.999771198642104,3.108056809918967e-08,8.13831632741565e-09,4.939614319423682e-08,5324.834182628131,7.017198741619644,1.3700450602233534,4.9627044971968396e+25,1.3798545998322465e+25,1.6975424814788334e-14,3.7964436728865895e-26,2.7012311597369474e-26,7.949595978661044e-31,-6.550244959893638e-31,8.474430771998433e-17,1.1853844166208724e-16,7.249559298994806e-15
3.22e+22,0.00034420576465981966,0.9996556197424246,6.184192742305347e-08,1.654437059401345e-08,9.610661763454412e-08,5424.661975406415,0.03255472931854337,0.704007686176219,1.6172265130749307e+24,2.4022719124206055e+25,7.18274595920082e-15,3.662264786686904e-27,2.6166163442695353e-27,6.924515667469263e-32,-1.5754112247829683e-31,7.735534197272453e-18,1.0945126876705659e-17,7.937834472838812e-16
3.22e+22,0.00011155864429021886,0.9998883181092446,4.095500428195932e-08,6.25297828938035e-09,7.603848256234754e-08,3914.172306417674,0.06124742540175395,0.520278325360294,4.3600189991825646e+24,2.801115133056096e+25,4.6058528345998605e-15,3.765231161130923e-31,2.6003989016892203e-31,1.868017889696231e-33,1.412352358355105e-32,2.111882242986267e-19,3.3942816873279854e-19,6.574326256986831e-17
3.22e+22,0.0003707309513993385,0.9996290806857221,6.736919008124399e-08,1.8096228530960904e-08,1.0289745992722671e-07,5487.343661647979,4.009460757751509,1.1321879276431674,3.726683959509092e+25,1.584679416906405e+25,1.3337998375342091e-14,2.0733380177865057e-26,1.4877242129804564e-26,4.346731148816678e-31,-7.977342970583249e-31,3.499252254136158e-17,4.9059277706806613e-17,3.219983566999689e-15
3.22e+22,0.00010125224389023144,0.9998986179442226,4.385966234880154e-08,4.79043417916832e-09,8.116179070737621e-08,3622.9954401106947,1.5889881842570481e-12,0.4683405531491729,147853509617826.7,2.9049615456316013e+25,3.988650992126904e-15,3.9735087373797595e-32,5.395020477247608e-32,2.7546575973279384e-33,2.0846490682426972e-32,7.177250517344135e-20,1.1976445232522418e-19,3.111735288476757e-17
3.22e+22,9.885441114844229e-05,0.9999010223536292,4.1631314482636466e-08,4.573572891336752e-09,7.703033504417213e-08,3626.67628528182,1.5905754034782416e-12,0.4688154409144786,147793568489138.72,2.9038205153586496e+25,3.994663323245968e-15,3.960359497742868e-32,5.194087777900236e-32,2.5729025852614533e-33,1.947093959950181e-32,7.282667373918538e-20,1.2145684850620802e-19,3.1422184598968577e-17
3.22e+22,0.00032788536821629023,0.9996719450118903,5.964638466799569e-08,1.5854570904208463e-08,9.41189378759804e-08,5366.821761316969,0.5193373117335072,0.7770901744774057,1.1458826179648394e+25,2.205114263702556e+25,8.066929719787111e-15,3.3765048989453636e-27,2.4040759113987332e-27,5.72586647325466e-32,-1.663368044652454e-31,8.303598651514819e-18,1.1788896312033528e-17,8.767583498114303e-16
3.22e+22,0.0001515866356755456,0.9998481283887493,9.618792455282872e-08,1.0734556142492184e-08,1.780530944663194e-07,3638.378790119031,0.7132702712160759,0.619884951603379,1.7936010625298715e+25,2.463806483736249e+25,5.707304644177251e-15,8.952693917510539e-32,1.3234971668854998e-31,7.216457273284805e-33,5.461392513225666e-32,1.3313925458428463e-19,2.2176407646299866e-19,5.65838818788964e-17
3.22e+22,0.0001492905177502987,0.9998505590317401,4.945714231301838e-08,9.52941871526482e-09,9.146394845329091e-08,4251.472632367998,0.024195609976301765,0.5520366379951998,1.7442068812524058e+24,2.712586250105211e+25,5.073003479800053e-15,4.9893337880189345e-30,3.2897987892101184e-30,7.756825157055434e-34,5.575431484901771e-33,5.714928218566826e-19,8.855317100335678e-19,1.290060841779907e-16
3.22e+22,0.0002190388192654851,0.9997807308507889,7.571716763848467e-08,1.646882277539819e-08,1.3814395505286856e-07,4512.472923250782,1.9793420200318893e-12,0.5833519325532786,134358356151535.9,2.6408490471446403e+25,5.50559630351371e-15,2.872103653061456e-29,1.9264425752705358e-29,-2.510842802959946e-33,-2.129091836697537e-32,1.1303295907614735e-18,1.7097831255010111e-18,2.0670920894193516e-16
3.22e+22,0.0002272755636302536,0.9997723519380244,1.225002070032014e-07,2.2830939773700145e-08,2.2716719861715119e-07,4193.037323620416,1.207843323618429,0.7365803446531131,2.1900292976344005e+25,2.1677336037325093e+25,7.397023815782615e-15,6.2165170654459166e-30,3.978345123193074e-30,-8.648365728274519e-33,-6.580696928441186e-32,9.501977320679437e-19,1.4813184868433559e-18,2.2467573891262714e-16
3.22e+22,0.00028962490979983415,0.9997102045480386,5.847653579592664e-08,1.5111901381288134e-08,9.695372427674084e-08,5160.694807781755,0.06085056018432696,0.6761233513207813,3.0169508497753745e+24,2.4562204165035865e+25,6.765534086414785e-15,1.0976184089936176e-27,7.714846802487005e-28,8.337555443269133e-33,-1.0067083226060604e-31,4.816947013795198e-18,6.93049499732283e-18,5.706856945647241e-16
3.22e+22,0.00034489190313584346,0.9996547740182152,1.11773236676133e-07,2.7513479284723025e-08,1.947919329750691e-07,4910.048262645625,1.3639751116675598,0.8240286309214088,2.1555804310648544e+25,2.023920347333394e+25,8.70210583128373e-15,5.141827791575227e-28,3.550109367816392e-28,-4.3792642394206724e-32,-3.9270665298893612e-31,4.938196588771459e-18,7.230997422160306e-18,6.774119729724362e-16
3.22e+22,0.00021248337254782274,0.9997873608792444,5.168777604829835e-08,1.2208070198410682e-08,9.185236157807105e-08,4757.81958986847,0.4202783827474409,0.6957987743095818,1.1176175957745834e+25,2.366164225726373e+25,6.878552790721409e-15,1.567752991739204e-28,1.071896821326388e-28,-4.0752804031006726e-33,-4.69278684296378e-32,2.4781830815499658e-18,3.6708321047166355e-18,3.774406627836082e-16
3.22e+22,0.00010266675058617345,0.9998972157770427,3.930957468805628e-08,5.285058974728072e-09,7.287773732106745e-08,3783.9871601080995,0.013349904599227183,0.4900980873567838,1.1572662459349834e+24,2.854621274075813e+25,4.26283692636503e-15,1.2379449282876708e-31,1.0036279276939715e-31,2.1094341974225124e-33,1.5960874531653356e-32,1.3048334209220582e-19,2.1309508046957597e-19,4.676903218235415e-17
3.22e+22,1.7259936535864094e-05,0.9999827345157858,1.898747757934539e-09,1.5830107933769563e-10,3.4906296451166188e-09,3426.133702251188,8.041587025420268,1.3122422973711232,5.752889299218866e+25,1.400278635735128e+25,1.6005197178295464e-14,2.5900897771025343e-30,1.557894369960465e-30,-1.9517359498080342e-33,-1.4827784834211006e-32,1.3587331375511829e-17,2.1909566161336055e-17,3.2950805444756274e-15
3.22e+22,4.953192858279004e-05,0.999950458350451,3.2221665379827093e-09,7.393655441236738e-10,5.759433943483663e-09,4705.931902507389,9.688835195285854,1.5257081198256164,5.873337373292668e+25,1.274358582609116e+25,1.937068988320832e-14,1.0266387552432722e-26,7.025935550114161e-27,1.2785090489660401e-31,-8.921848877880121e-32,1.1618175039369063e-16,1.6577637918304775e-16,1.0822285025952398e-14
3.22e+22,0.0002783595025247444,0.9997212689950609,1.220532953964045e-07,2.6537151543674255e-08,2.2291196732403464e-07,4511.349195422752,1.260175771474932,0.773371250174655,2.157613850638495e+25,2.1053782887451764e+25,7.945196734789339e-15,5.206876177604947e-29,3.469074785743772e-29,-2.696128432062046e-32,-2.0823539174844685e-31,2.0799706478602785e-18,3.1459861600973755e-18,3.778560857531949e-16
3.22e+22,0.00024504140487084213,0.9997547552821113,6.748434993796373e-08,1.6012211043858614e-08,1.1981645687952132e-07,4771.532891968815,2.0929467668477926e-12,0.6168460424341098,130752146523501.69,2.5702307440037275e+25,5.9657747581461885e-15,1.381304174944365e-28,9.451670393131607e-29,-5.1343757688293914e-33,-5.322602647228648e-32,2.0964591984326586e-18,3.1030835057141213e-18,3.174113007354386e-16
3.22e+22,0.0004224217134649433,0.9995773470572686,8.318225415220457e-08,2.248639808020507e-08,1.2556061411121164e-07,5535.160429032956,2.791570934758001,1.0258170104507573,3.052315842187015e+25,1.7127069273498734e+25,1.173049924203956e-14,1.5296042125492756e-26,1.1002823970919204e-26,3.132660446212018e-31,-7.477295738566897e-31,2.373708635149228e-17,3.3288333275592677e-17,2.2232509847549216e-15
3.22e+22,0.0002227050379158857,0.999777132394766,5.405674479077738e-08,1.291086647986494e-08,9.559970680542072e-08,4796.253320436458,0.1896503770799644,0.6619079853397356,7.083000426131007e+24,2.478293362263175e+25,6.466590583510313e-15,1.75642275074858e-28,1.2042516762228116e-28,-3.723183415079338e-33,-4.6892664388716516e-32,2.4360268583371855e-18,3.59792117435284e-18,3.6194399216045833e-16
3.22e+22,7.763759832970829e-05,0.9999222861292768,2.5761174202228885e-08,2.8295874212177782e-09,4.768163200636905e-08,3626.3744537213624,0.43925793843672073,0.5769484786564907,1.4056771475676492e+25,2.623599725975485e+25,5.136583320985741e-15,4.36166282090919e-32,4.076277708533968e-32,1.2883029693771426e-33,9.748771404464442e-33,1.0599716138764667e-19,1.767052799980343e-19,4.551823203055723e-17
3.22e+22,0.0003008234742716971,0.999699002980443,5.981467856693385e-08,1.557094696508423e-08,9.815965975358352e-08,5207.069771507632,0.03168722688706179,0.6759500139666462,1.6754708366566748e+24,2.4546335412726274e+25,6.783591925992419e-15,1.3549310287103249e-27,9.551681604764191e-28,1.3146028287467614e-32,-1.109523133002287e-31,5.200806558420418e-18,7.459976324442312e-18,6.001805647797937e-16
3.22e+22,4.632260490843434e-05,0.9999536700097069,2.4570840387555016e-09,5.869696773779167e-10,4.341330884372168e-09,4765.215844722354,12.071061110761384,1.6936168710315072,6.395877186432126e+25,1.1810168649634515e+25,2.2075697200426336e-14,3.328077383937312e-26,2.2922478288405312e-26,4.791391973248736e-31,-1.1575714509868374e-31,2.433219905012929e-16,3.401745532937883e-16,1.8458443752344017e-14
3.22e+22,0.00017145256520279052,0.9998283453732283,6.641181791592904e-08,1.270246430087905e-08,1.2294728662272314e-07,4237.723221045402,1.858731831789726e-12,0.5478252074694806,138374247638608.22,2.7191629057272958e+25,5.0255353547016726e-15,4.4459790378952136e-30,2.9345612185364893e-30,1.3085287939655371e-33,9.645169117441824e-33,5.443682739476599e-19,8.448968329761301e-19,1.2466436533535277e-16
3.22e+22,0.00020186078678869178,0.9997979168320631,7.302069069327345e-08,1.525802386066192e-08,1.3410243372071627e-07,4416.361377314397,1.9371491513329894e-12,0.5709243350496332,135744575230362.33,2.667854524696472e+25,5.3366820884748244e-15,1.5349743892910064e-29,1.022358266016745e-29,-8.636897152838573e-34,-7.636685832902512e-33,8.841673034946481e-19,1.3490208716367092e-18,1.7434238960435512e-16
3.22e+22,0.00016384862295402319,0.9998359617860713,6.235079961769576e-08,1.1772250599902053e-08,1.1546792431728756e-07,4214.586735593594,1.848501415413329e-12,0.5448324665080523,138717339077206.34,2.7259107237158447e+25,4.985520355957729e-15,3.765429412678393e-30,2.4838467044682213e-30,1.4234271709272254e-33,1.0560416611102144e-32,5.100883385063423e-19,7.934939293368007e-19,1.1916713021540142e-16
3.22e+22,7.595475844383706e-05,0.9999239599417411,2.996297433740405e-08,2.1198905088977775e-09,5.321695026368003e-08,3326.0736267440243,1.4586801625859776e-12,0.42994949675568483,152547115599867.22,2.9972901757953835e+25,3.5121499512259156e-15,1.1321520907487375e-32,2.6104050110884717e-32,1.796381965526401e-33,1.359403678886183e-32,2.0759953121423097e-20,3.6238587816758955e-20,1.3427044239004391e-17
3.22e+22,0.00010931275144028081,0.9998905589570377,4.281289657639589e-08,6.037318262964747e-09,7.944130714291285e-08,3829.5808364834447,0.0003104367228788071,0.4950479735125051,2.672777927446912e+22,2.841241727300213e+25,4.330419298116074e-15,1.8082485202934964e-31,1.3838479181036183e-31,2.260246984223701e-33,1.710023247459793e-32,1.5251307317264371e-19,2.4766212242238413e-19,5.1991981711414834e-17
3.22e+22,0.0001951401632473914,0.999804701473096,5.2230305472478e-08,1.1814570350239308e-08,9.431878077403042e-08,4620.058734082091,0.12038688833287027,0.6248523366763692,5.646755303194912e+24,2.5640585696180514e+25,5.9846150243939804e-15,6.070266458258988e-29,4.107926186308711e-29,-2.4628881448885456e-33,-2.405479721916089e-32,1.5740935619445598e-18,2.3581825895985504e-18,2.6466560139240707e-16
3.22e+22,0.000370507262140388,0.999629330052072,5.937839685913101e-08,1.61286521841704e-08,8.717873855385224e-08,5615.416265001322,0.9578564721767729,0.8538019363626288,1.6090193908401528e+25,2.030329563079546e+25,9.176287680829834e-15,1.0991288542326375e-26,7.941318074955391e-27,2.8179157560175894e-31,-2.430574513750631e-31,1.4254878568540012e-17,1.9939897534460458e-17,1.323911760482784e-15
3.22e+22,6.924168667880457e-05,0.9999306883079861,2.432153709614611e-08,1.730172854933619e-09,4.395362502733924e-08,3364.753753233894,0.046203421471633255,0.4464517244463604,4.2249518848399694e+24,2.981933274856593e+25,3.668832634397543e-15,9.785617976703556e-33,2.1204255366688826e-32,1.4258124560714993e-33,1.0789815106364161e-32,2.5692906789568257e-20,4.4560752427742076e-20,1.5691229212903243e-17
3.22e+22,0.00023694464779519013,0.9997628906777772,5.505163911116379e-08,1.3435900486073579e-08,9.618688812558491e-08,4879.167840099952,0.11934991344499123,0.6560106239210058,5.272136800144183e+24,2.4974535608091065e+25,6.42949535404887e-15,2.675027579907508e-28,1.8449525970833051e-28,-3.249902924649661e-33,-5.547473756472883e-32,2.8103238868924488e-18,4.12464235154708e-18,3.953623022843859e-16
3.22e+22,8.333048320185726e-05,0.9999166029329943,2.211443903516359e-08,3.4359968352037885e-09,4.103336782405777e-08,3935.49303259322,1.161483610226983,0.7066263784097803,2.214217837460518e+25,2.2230620691658186e+25,6.952361993230958e-15,9.295030144044829e-31,5.971320367842116e-31,2.4225757051789566e-34,1.7960667949514977e-33,4.706161256439223e-19,7.53426300434804e-19,1.4053540573190401e-16
3.22e+22,8.281126249575837e-05,0.9999170977557147,3.0889270648623486e-08,2.9861218234380462e-09,5.710639706309025e-08,3550.0485136036195,0.03683156573348374,0.46609422879828616,3.2691524767026246e+24,2.924240788102768e+25,3.931922860496949e-15,2.2199276132606126e-32,3.3135175358521177e-32,1.825898899964912e-33,1.38177612200761e-32,5.523574269546059e-20,9.3113910629725e-20,2.6212049493599086e-17
3.22e+22,0.00013731516870586535,0.9998624331893164,8.559523126364655e-08,7.861555239948774e-09,1.5818519125549686e-07,3523.6580625154816,0.6873636819035785,0.6049845984131867,1.7930792211475233e+25,2.5025380008358196e+25,5.4920576613801776e-15,5.398654214229016e-32,1.047696327872394e-31,6.711018611970247e-33,5.078826123591691e-32,8.660792164749245e-20,1.4661903498679114e-19,4.249740555400836e-17
3.22e+22,0.00010726958654559091,0.9998926144096549,3.858017271531208e-08,5.798946843771772e-09,7.162467980241437e-08,3896.4616744920304,0.18930443760420096,0.5574206570109966,8.682992792925118e+24,2.7224610927856394e+25,4.975243405781551e-15,3.618648544140073e-31,2.4786799192540226e-31,1.636662871935278e-33,1.2373318542530624e-32,2.2310902558812776e-19,3.5932212823545544e-19,7.070651802049896e-17
3.22e+22,0.0002583031980826631,0.9997415293496709,5.650343314060365e-08,1.4165173307682914e-08,9.67836399647313e-08,4997.070037381012,0.10902370984384906,0.667846721218091,4.832945053682472e+24,2.4735378664057613e+25,6.607285042851503e-15,4.9621507847187766e-28,3.450290538892564e-28,-1.2991361821542815e-33,-7.379017387411799e-32,3.571171228925651e-18,5.196378751529544e-18,4.66329982056232e-16
3.22e+22,0.00012128434475551943,0.9998785595254173,5.205951751406828e-08,7.441015558949405e-09,9.662929406366658e-08,3842.9600394644003,1.6855020610957571e-12,0.4967812172410817,144399538309772.66,2.8371458589302006e+25,4.352834557192426e-15,2.048758588582191e-31,1.6081039955989858e-31,2.9265710341265913e-33,2.214246605517658e-32,1.5940781634673755e-19,2.584685959639028e-19,5.362074712665004e-17
3.22e+22,0.00036479380226821635,0.9996348555283944,1.1774073180224249e-07,2.9306010545654354e-08,2.0362259486059647e-07,4958.196085992408,0.44705926802913487,0.7217336220129589,1.119322754206275e+25,2.3125052957220005e+25,7.25576820272395e-15,4.500849184117854e-28,3.118238210064157e-28,-3.120017098606369e-32,-2.9217265059176267e-31,3.741112685608625e-18,5.463519162136931e-18,5.038820056223227e-16
3.22e+22,0.00019888856573923417,0.9998009942553916,3.918076751753625e-08,9.532827465001032e-09,6.846527414286508e-08,4873.829948636301,1.2468198206582224,0.807954988614949,2.0552952440394668e+25,2.058037305174777e+25,8.46553030880439e-15,4.231313244816362e-28,2.9177567095523693e-28,-2.1484263020791467e-33,-6.488997798812683e-32,4.462462812386166e-18,6.545683133172263e-18,6.218782890181392e-16
3.22e+22,0.00028023858492970687,0.9997195920843348,5.777955917351484e-08,1.481508575509982e-08,9.673609063487863e-08,5114.440348649996,0.2740583776735691,0.714427101137225,8.202374962361036e+24,2.3596127338203808e+25,7.194695485679236e-15,9.612791507328421e-28,6.736323143182348e-28,4.660963087701101e-33,-1.0245061861133895e-31,4.8334373650243154e-18,6.975682598402085e-18,5.879460325561014e-16
3.22e+22,0.0004059938085085782,0.9995938248168048,6.689368711580999e-08,1.825574669220583e-08,9.622525297101633e-08,5683.032939636269,0.4706670108573849,0.8070575035553866,1.0282948864339876e+25,2.166437652946449e+25,8.524418849473695e-15,1.2353358638906421e-26,8.959317876093455e-27,3.360806043139302e-31,-2.6532962166748694e-31,1.3674921624412154e-17,1.9063201903145887e-17,1.235149135044816e-15
3.22e+22,0.000145938975390385,0.9998539314632656,4.2790006658472815e-08,8.302376736524912e-09,7.846896048663323e-08,4295.5391244540715,5.124235648359024,1.132664461806498,4.526024769060552e+25,1.5555532007764193e+25,1.3310391257921608e-14,1.394052353507986e-28,9.176953389757907e-29,-3.6615413591694075e-32,-2.8601499814862567e-31,1.0981251923508399e-17,1.666522891021184e-17,1.889569393902666e-15
3.22e+22,0.0002053162435908764,0.9997944909706399,6.343765802345538e-08,1.399168666331013e-08,1.153564245458746e-07,4548.9804481596775,1.9952500215260846e-12,0.5880688608784637,133853510376990.42,2.630705093652323e+25,5.5700685359867306e-15,3.648793538123587e-29,2.4552910336649147e-29,-2.213218662381612e-33,-1.9771631643581288e-32,1.2414553502166587e-18,1.8715196625199224e-18,2.2042692157649035e-16
3.22e+22,0.0003529325779236554,0.9996468949298627,6.160839194629521e-08,1.6563988344643523e-08,9.431983347803485e-08,5477.55852948999,0.5426239574150793,0.7923711919680884,1.1572169451675684e+25,2.1770427972666817e+25,8.292292784045717e-15,5.479645628498964e-27,3.927475790208291e-27,1.1440795888759918e-31,-1.980986830177119e-31,1.0072662190757778e-17,1.420546842696256e-17,1.0044482174602717e-15
3.22e+22,0.0003182934807251186,0.9996815320251933,6.077151696909909e-08,1.6015710542144172e-08,9.770685411655448e-08,5294.323433071872,0.09141875280341466,0.7002627961167731,3.983047786916778e+24,2.4105388898827975e+25,7.0871465078906804e-15,2.0898582406982682e-27,1.4813527481594203e-27,2.8686558463091625e-32,-1.3240994833062488e-31,6.273721892521487e-18,8.948516438670286e-18,6.898151021220785e-16
3.22e+22,0.0001517581088728399,0.9998480605085303,5.976441838991912e-08,1.069497653065204e-08,1.1092320195388361e-07,4126.170026170758,1.809751336426635e-12,0.5333997891081192,140049448720578.22,2.751903146884361e+25,4.83322996531904e-15,1.948337629278387e-30,1.2888363382648663e-30,2.005176882206652e-33,1.507777594108718e-32,3.940471248911564e-19,6.186150115674921e-19,9.97528856812602e-17
3.22e+22,0.00014263908797859784,0.9998571860979732,5.775108174186127e-08,9.806876825029663e-09,1.0725608947522038e-07,4049.1207323006124,1.775951925883019e-12,0.5234373293500856,141219727326050.94,2.774809077437899e+25,4.701376743675661e-15,1.0749239114829426e-30,7.198277660234787e-31,2.3912411276267338e-33,1.8049120405468867e-32,3.1184728560764494e-19,4.9365904050244935e-19,8.492985177796016e-17
3.22e+22,0.00027804100389216125,0.9997217884753875,5.807838500780105e-08,1.4844738061959771e-08,9.759759727525476e-08,5096.589252535148,0.04866707208704463,0.665176540492177,2.5450415588863393e+24,2.476720611442594e+25,6.6195935129302255e-15,7.9674699893486015e-28,5.576805342444669e-28,3.087157543177666e-33,-8.899099040215425e-32,4.2278842220213424e-18,6.109405328378153e-18,5.199822386898184e-16
3.22e+22,9.707876557684134e-05,0.9999028018170896,4.0335713470767805e-08,4.370081583669994e-09,7.471153865585526e-08,3620.8894508982553,1.588046267581565e-12,0.4680667268820297,147886242552043.44,2.905617417867077e+25,3.98519240671588e-15,3.764125074844238e-32,4.963141354066297e-32,2.4711042172770474e-33,1.8700547134217653e-32,7.123903176818807e-20,1.1890259033705739e-19,3.095239894984568e-17
3.22e+22,0.00015744887858440412,0.9998424206274769,4.288682668217755e-08,9.060274195578205e-09,7.85468377341639e-08,4444.580968301535,0.6327806979180068,0.6909593112486248,1.4818001683524622e+25,2.3342683871178657e+25,6.7682836473298555e-15,2.630010708484304e-29,1.7552648025882467e-29,-1.8846180259022265e-33,-1.6208979509665826e-32,1.332659021043719e-18,2.0265858011399105e-18,2.549235194375055e-16
3.22e+22,0.00028506519631725123,0.9997145363882923,1.30865571735565e-07,2.8229984395792387e-08,2.3931983432514395e-07,4493.284637155575,0.41546666556860323,0.6656903879280833,1.1632357055032909e+25,2.426719945807059e+25,6.436801766526863e-15,3.0522645342155316e-29,2.0333896096407726e-29,-1.3065819347610306e-32,-1.0128506181710605e-31,1.3240732951972148e-18,2.0078296452660194e-18,2.472409920640985e-16
3.22e+22,0.00033677823196907853,0.9996630465320381,6.175857013446477e-08,1.6451895942151412e-08,9.702552679537586e-08,5384.105212257213,0.24556150621840203,0.7415274629700216,7.310478568663204e+24,2.3152518893704396e+25,7.604277128730722e-15,3.326846412817972e-27,2.3711754153682673e-27,5.774978069904053e-32,-1.6214066120425508e-31,7.822825291123355e-18,1.1095717863649737e-17,8.196355026746207e-16
3.22e+22,0.00023949253899930938,0.9997603388594279,5.6354370410721255e-08,1.3748853410155158e-08,9.849834895823349e-08,4877.516170621053,0.026665712043416778,0.6328278230653973,1.5682613774932246e+24,2.539148922790837e+25,6.179784357732375e-15,2.5243353498093153e-28,1.7408047987139265e-28,-3.221848363294831e-33,-5.347713049338723e-32,2.6679268816857715e-18,3.916238455981082e-18,3.758333306851445e-16
3.22e+22,0.00012779907728662084,0.9998720448332421,5.1783359780014655e-08,8.143452531251154e-09,9.616265901988361e-08,3948.4991680560315,1.7317492971897516e-12,0.5104258006970958,142760763362494.53,2.8050570620936106e+25,4.5304487956255055e-15,4.819191423065088e-31,3.35047893901289e-31,2.510270962894846e-33,1.8979748018865108e-32,2.268361591133903e-19,3.6317401233438346e-19,6.825086921652285e-17
3.22e+22,0.00030790299254363304,0.9996919140761865,6.300150185231358e-08,1.6390050096785015e-08,1.0353971773737988e-07,5201.917703647036,0.0007521447207991632,0.6724962123100778,4.12428952529551e+22,2.4600198059237167e+25,6.7441385229731775e-15,1.312582443349282e-27,9.249970796454035e-28,1.1122204450762157e-32,-1.1879520348545833e-31,5.118803430011146e-18,7.345176537246712e-18,5.926805890849227e-16
3.22e+22,0.00027412274887139726,0.9997257182098473,5.4364009333391496e-08,1.396920502176339e-08,9.070806704873436e-08,5128.811199658343,0.6099964881633112,0.7617467161839928,1.3076720649087412e+25,2.214470035728751e+25,7.824210106432103e-15,1.1667850621442912e-27,8.184311461229487e-28,7.674360812296661e-33,-1.1124402525361784e-31,5.607152013078711e-18,8.083016108641271e-18,6.748208093243712e-16
3.22e+22,0.00015482862413818252,0.9998450677909204,3.415054173197282e-08,7.644845777368661e-09,6.17895540564111e-08,4593.943404317324,1.2606418240517936,0.78171120447061,2.1365867124413286e+25,2.093276459858371e+25,8.070364731009718e-15,9.048925275974017e-29,6.112677535047683e-29,-3.242988897150861e-33,-3.2405613411319235e-32,2.5440405174259297e-18,3.815279742915856e-18,4.293544525970434e-16
3.22e+22,0.00033454374023671223,0.9996652821865626,6.130027622797526e-08,1.6319788886914182e-08,9.64531356934092e-08,5378.702252985653,0.03246575514657634,0.6980959645944015,1.6336102647312874e+24,2.4131244391330016e+25,7.098293018675379e-15,2.9892314677753934e-27,2.1298441684680047e-27,5.14421302720141e-32,-1.4668806025094131e-31,7.132073193939153e-18,1.0119484005865098e-17,7.495890129077803e-16
3.22e+22,0.0001190111238085241,0.9998809004494534,2.905854999006125e-08,5.787498034470118e-09,5.358068994766036e-08,4315.479442456143,1.2605199521891886,0.7545956924540302,2.2078566260287543e+25,2.133361032687527e+25,7.663910645272683e-15,1.586872965012132e-29,1.0478736175245972e-29,-1.468100759502475e-33,-1.2127252526436283e-32,1.353153963411077e-18,2.080734611973922e-18,2.838246680114091e-16
3.22e+22,3.513889386353867e-05,0.9999648547478526,2.090736570356381e-09,4.542194059354094e-10,3.813328046151681e-09,4469.88803658781,11.165593212493656,1.6127727064214832,6.275981555120392e+25,1.2232116600431937e+25,2.073998047854927e-14,6.96223198978723e-27,4.6889096867756616e-27,6.576802274290825e-32,-7.532983942014116e-32,1.5165308079226498e-16,2.170412142978443e-16,1.3855563223420735e-14
3.22e+22,0.00025004213309237275,0.9997495537761232,1.326687218358731e-07,2.5972866162368984e-08,2.454491964094015e-07,4281.656626782594,0.40447795401821185,0.6408671856985406,1.1910196634045688e+25,2.481380945263523e+25,6.076276013300322e-15,7.415712880585511e-30,4.863211426075487e-30,-2.5287377530443914e-33,-1.959688017986011e-32,7.708414341107811e-19,1.1923322806981564e-18,1.7116737291818735e-16
3.22e+22,0.00016357014277296615,0.9998362607583221,5.554854341469536e-08,1.1001296761504231e-08,1.025490645374246e-07,4303.338603268653,1.887412349128812e-12,0.5563050089471464,137408641754603.47,2.700154219156232e+25,5.139388307634846e-15,7.149720746716971e-30,4.728186667156708e-30,5.026027820788193e-34,3.354016517814772e-33,6.554691054723762e-19,1.0105718140547846e-18,1.416007267626831e-16
3.22e+22,0.00010107344352589166,0.9998988004076533,4.255016043864614e-08,4.860274094254153e-09,7.87383861627514e-08,3652.837203622911,1.6020214901218432e-12,0.4721979492183658,147377660830948.7,2.895706413670384e+25,4.0375372023475186e-15,4.703769116472366e-32,5.686710234368456e-32,2.5972264211334802e-33,1.965490566394521e-32,8.045920398932814e-20,1.3370381472425115e-19,3.3626719861360675e-17
3.22e+22,0.0002149146739664928,0.999784921750338,5.4220053592120465e-08,1.2738875433162059e-08,9.661676652916165e-08,4738.858817148311,0.0834585946359771,0.6292880410055024,4.298216765077201e+24,2.553092321703356e+25,6.081526231308342e-15,1.19635595720148e-28,8.168400301769181e-29,-3.208204033498966e-33,-3.632424606955326e-32,2.0242732270282526e-18,3.0033688283932e-18,3.128719381316343e-16
3.22e+22,0.0002972092187816136,0.999702426734975,1.1993913156209474e-07,2.719498518141778e-08,2.169121266126245e-07,4624.307254111408,1.272208635480794,0.7857736595143255,2.1406352432399773e+25,2.0861022394078227e+25,8.130720363930656e-15,1.028536623241247e-28,6.932634261604788e-29,-3.3326800960011925e-32,-2.615052471384885e-31,2.6730747169644505e-18,4.0039429795924524e-18,4.463159748063359e-16
3.22e+22,9.113004712431103e-05,0.9999087689546088,3.400518916798992e-08,4.020318296968333e-09,6.297275952164872e-08,3678.6098182192495,0.07008669452596082,0.4946604050974697,5.181717122113263e+24,2.871200771104664e+25,4.2520720725307124e-15,5.469972480280265e-32,5.418878312560423e-32,1.889953035396168e-33,1.4301910604967715e-32,9.396391632916773e-20,1.5557663756415342e-19,3.802566903543654e-17
3.22e+22,0.00011417119906402584,0.999885694659043,4.4667340638706817e-08,6.562379587755272e-09,8.29121725453198e-08,3873.923485458734,0.0026414442527747045,0.5008172722294322,2.236587117105295e+23,2.827673391010764e+25,4.405067775829891e-15,2.6108978338678767e-31,1.900632597010238e-31,2.2773698166360782e-33,1.722665487607588e-32,1.774139423772669e-19,2.8654305536444323e-19,5.766113408099536e-17
3.22e+22,0.00046041252731100665,0.9995393242033092,9.517118786280644e-08,2.5824799837506404e-08,1.4227339211915174e-07,5572.352368445397,1.6311444645441373,0.9178261281142558,2.231841694294426e+25,1.887588809186268e+25,1.0114074895737151e-14,1.1405838732203485e-26,8.220524806315552e-27,2.313215524370118e-31,-6.370933909360099e-31,1.6510089967255673e-17,2.3148009770462993e-17,1.5587419514750443e-15
3.22e+22,0.00025366887034255575,0.9997459548073075,1.235015638027483e-07,2.5144580767537882e-08,2.2767620527060067e-07,4360.11752917673,1.2385855238291847,0.7562276887999648,2.1757959931881727e+25,2.1334627184308773e+25,7.689375703818789e-15,1.9745373165159006e-29,1.2917196005024875e-29,-1.7961444680869246e-32,-1.3729047571273603e-31,1.455073516141271e-18,2.231435374137217e-18,2.9809200034066743e-16
3.22e+22,6.796428425911428e-05,0.9999319759254034,2.0227597493791417e-08,2.1254499895359063e-09,3.7437290132420703e-08,3596.695692838324,0.6936443351375554,0.6130125131431662,1.7800712389729267e+25,2.4830003368287807e+25,5.609102528457399e-15,3.8343978880660985e-32,3.3936130058138884e-32,9.600948353912812e-34,7.264988113605701e-33,1.1492862620913141e-19,1.9232017538370022e-19,5.093299309215763e-17
3.22e+22,0.00023465207459858828,0.9997651849684809,5.445330610128715e-08,1.3267181058033283e-08,9.523643343168325e-08,4872.517783368734,0.3214188748702871,0.6939908665606601,9.402423532391524e+24,2.38949246393721e+25,6.878645213521088e-15,2.8291180127801156e-28,1.9502945109972521e-28,-3.893940387352101e-33,-6.192337725147913e-32,3.0360982348760662e-18,4.4580027621000804e-18,4.2867332534704157e-16
3.22e+22,9.782837708863949e-05,0.9999021577912678,5.046189380222318e-09,1.3714460879607024e-09,7.414008099465463e-09,5485.452129465931,11.290016682088133,1.692306470841158,6.059722244834123e+25,1.1857566224074904e+25,2.2125777853883667e-14,2.878679246791375e-25,2.0735883445841983e-25,7.85235020162061e-30,-2.1972084860626987e-31,3.2017411188358545e-16,4.348084301063138e-16,2.0143228260602904e-14
3.22e+22,7.137226991236293e-05,0.9999285556560107,2.4665511455874727e-08,1.8653704117205767e-09,4.554319511703172e-08,3435.785976795764,0.17176538965589244,0.500920282126214,9.281840988608302e+24,2.880512065454457e+25,4.204950148077548e-15,1.2285139785119158e-32,2.2766915278601635e-32,1.4290090520959745e-33,1.0814104426589706e-32,4.066707954453151e-20,6.973604726507133e-20,2.2452125795596245e-17
3.22e+22,0.00011031710524615177,0.9998895684998803,3.7926921359065344e-08,6.044187231069982e-09,7.042376505615663e-08,3965.431458351803,0.34286037820556836,0.5963415208654744,1.159429068670215e+25,2.5969052788106964e+25,5.449076485353178e-15,7.031752297780908e-31,4.6414094748047155e-31,1.2466126572989516e-33,9.405794868900312e-33,3.0774201457278217e-19,4.915842792327224e-19,9.070494758439897e-17
3.22e+22,0.0001505375611888457,0.9998493161382356,4.807029809354134e-08,9.44025951811318e-09,8.879001783539491e-08,4287.358449426954,0.08929390147289086,0.5755345148386282,5.091803473675803e+24,2.674627520925046e+25,5.323634245530794e-15,6.756795684638572e-30,4.461303626168876e-30,3.610305461520609e-34,2.3149194085056936e-33,6.617089911919992e-19,1.0216587256488629e-18,1.4475770632319148e-16
3.22e+22,0.0003512661107613146,0.999648557028974,6.2886492111035e-08,1.6862590951844432e-08,9.711118144210669e-08,5447.758191835354,0.19281340124824925,0.7401750567526922,6.249096936275318e+24,2.3265152265934573e+25,7.606433685632639e-15,4.3095065549724034e-27,3.0833047971498233e-27,8.471327775755909e-32,-1.7594189256818292e-31,8.569866682956878e-18,1.21088320659185e-17,8.689422456205094e-16
3.22e+22,0.00010610463323336227,0.9998937960877676,3.283733329983108e-08,5.483417338657468e-09,6.095824835154837e-08,4025.374036991617,0.6715071508099166,0.6527281341556945,1.6345208686043132e+25,2.401989413298207e+25,6.1975316404912916e-15,1.3818782719028605e-30,8.972621977775196e-31,5.731195702965888e-34,4.2754606792887825e-33,4.491243700079844e-19,7.123143587525444e-19,1.2410184060214598e-16
3.22e+22,0.00012476736940343803,0.9998750821197103,4.996393096619311e-08,7.778413445617867e-09,9.276854183671624e-08,3936.2627050523297,1.7263737297523689e-12,0.5088430447608806,142949908838329.9,2.8087599939432596e+25,4.5097619761075234e-15,4.360921707619115e-31,3.0445406818941975e-31,2.4211658906853446e-33,1.8307426674673235e-32,2.1803540818033914e-19,3.4957299183331694e-19,6.641801338164664e-17
3.22e+22,0.00029565215543964627,0.9997041992856659,5.194736983898627e-08,1.3594758323138967e-08,8.301676623615091e-08,5306.90880297915,5.135663781236489,1.2146078840658714,4.276074929803939e+25,1.5013575037631442e+25,1.4584890269149912e-14,1.659026529002498e-26,1.1780785392317753e-26,2.783649778010081e-31,-7.340643127466207e-31,4.2911542536619056e-17,6.056250603715104e-17,4.09235779535473e-15
3.22e+22,0.00019356777663019056,0.9998061196766855,1.0320537332248153e-07,1.7719898454909377e-08,1.9162141226343607e-07,4065.079965576749,1.9893939514317474,0.8123148907681781,2.888566513078772e+25,1.9826271833300435e+25,8.506960967262406e-15,4.0763680805936554e-30,2.517109880361634e-30,-1.1596242913421686e-32,-8.796647478181945e-32,1.1120203248085897e-18,1.7533087894720568e-18,2.868367004560811e-16
3.22e+22,0.00019069646103446204,0.9998090972349376,6.774061123951187e-08,1.3966932520778293e-08,1.2459648429590998e-07,4386.8339310740275,1.9241383498308623e-12,0.5671049908698752,136177321999120.72,2.6762368367743605e+25,5.28500281033051e-15,1.26273168723109e-29,8.39446213208085e-30,-3.3698240320134502e-34,-3.425458938277246e-33,8.190157612642801e-19,1.2529426678948145e-18,1.6529424781975027e-16
3.22e+22,0.00020428227089117786,0.9997955570308152,5.311449801926013e-08,1.224314075841282e-08,9.534065485025515e-08,4676.899469179083,0.10655167862923624,0.6280544191087858,5.154262495475946e+24,2.5569501616547305e+25,6.0423498228247824e-15,8.455116261090482e-29,5.746445567193986e-29,-2.8742571774639602e-33,-2.9749512537526026e-32,1.7822814085561756e-18,2.6575529420661224e-18,2.8766745273793343e-16
3.22e+22,0.00012104756844816993,0.9998787407132811,7.363625132018765e-08,5.257897621566262e-09,1.3282412154148438e-07,3362.271918435505,0.31464076402689134,0.5267039380699522,1.2606976480845249e+25,2.7874595709497274e+25,4.4642504408588185e-15,3.659438669720204e-32,8.635499027784965e-32,5.989674209137982e-33,4.532777556178048e-32,3.382994149131701e-20,5.873491610098701e-20,2.0824219381663542e-17
3.22e+22,8.416235058032719e-05,0.9999157363673246,3.4883637499953114e-08,2.5711826559991053e-09,6.382727504138707e-08,3405.9081099621303,1.4936893776052626e-12,0.4402724296970789,151284550429587.12,2.97250013498912e+25,3.638369299946398e-15,1.517208227101181e-32,3.291636808671742e-32,2.213574133368164e-33,1.6751401395605734e-32,2.958132683185409e-20,5.0974932672386286e-20,1.7058436138823464e-17
3.22e+22,0.00015878726790406164,0.9998410643526165,4.873255362436132e-08,9.919613820602682e-09,8.972731188985614e-08,4359.731489959283,0.14020883696219738,0.5988768372140374,6.592940419423256e+24,2.6227396995810292e+25,5.599632903702571e-15,1.1568915255788452e-29,7.674368302683386e-30,-2.9483475613442086e-34,-3.008996647204405e-33,8.333967156531736e-19,1.2777947594375389e-18,1.7151357511540056e-16
3.22e+22,0.00015575993869334378,0.999844052392234,6.182010039278583e-08,1.1161528041462595e-08,1.1468744422022625e-07,4139.886888428821,1.8157698671831973e-12,0.5351741003613963,139840776846583.77,2.7478492742010153e+25,4.856790949722987e-15,2.159922005444659e-30,1.4281502063457192e-30,2.0013158730431123e-33,1.5035961230628285e-32,4.102899279374653e-19,6.432007036798786e-19,1.0257710548519485e-16
3.22e+22,0.00029742934108463996,0.9997023992216755,5.9035180490161e-08,1.5348489679505384e-08,9.70535697099861e-08,5198.676391825155,0.18343301389560152,0.708548243048839,6.380101556860703e+24,2.3863205499231425e+25,7.147601952900753e-15,1.392260292707461e-27,9.80962852961998e-28,1.310337660935407e-32,-1.1551978972368263e-31,5.472423811521842e-18,7.853723173875208e-18,6.34349361795829e-16
3.22e+22,0.00010310393224872161,0.9998967664747721,4.366239007032209e-08,5.112444175675529e-09,8.081814490709217e-08,3670.6093015252673,1.6098155796259286e-12,0.4744960007639143,147096928300791.75,2.890200112591235e+25,4.0667380454787406e-15,5.340516032480373e-32,6.14464322422742e-32,2.651217376968952e-33,2.0063393674294484e-32,8.60189631070351e-20,1.425991683719245e-19,3.5192728773493215e-17
3.22e+22,0.00024702694388812024,0.9997528070337818,5.573807885756839e-08,1.3787068978020066e-08,9.649718230424494e-08,4935.70746526116,0.19155149858822665,0.6787912536585796,6.914754336578188e+24,2.443382197364922e+25,6.7101174637924424e-15,3.7488220490137936e-28,2.5957239444936413e-28,-2.875867936773425e-33,-6.741390950616673e-32,3.2767846113719646e-18,4.7891294166781566e-18,4.445203239122996e-16
3.22e+22,0.00011226785338705408,0.99988755695704,6.020365778524673e-08,4.949852700369098e-09,1.1003606244477583e-07,3448.2545936346673,2.00979053726272,0.7614619338803134,3.0828713260579247e+25,2.049091524865905e+25,7.744069421609407e-15,3.2955075611584655e-32,4.061341994376828e-32,1.920854536917802e-33,1.4536057559203826e-32,1.9660733840932236e-19,3.351471391764874e-19,9.990679104269597e-17
3.22e+22,0.00041623961858290365,0.9995834669791598,1.0215572583415e-07,2.7015258514466087e-08,1.6423127295379014e-07,5307.3056501239425,1.273137080171759,0.8544063332465734,1.9812343332077683e+25,1.9943082876797762e+25,9.165598969102517e-15,3.299131069133503e-27,2.3400936940780867e-27,6.382019447097083e-33,-5.1008058356157046e-31,9.617141621427472e-18,1.3705633948523525e-17,1.0458856051094376e-15
3.22e+22,0.0001459694511343684,0.9998538486677719,6.006872351210985e-08,1.02494713614183e-08,1.1156289877258834e-07,4055.27097831357,1.778664655657009e-12,0.5242333664696528,141125362224789.0,2.772971778857043e+25,4.711874478266252e-15,1.1272229296269791e-30,7.551260108836373e-31,2.4961938059459174e-33,1.8840711694581905e-32,3.176808405523575e-19,5.025712863108602e-19,8.603102628511235e-17
3.22e+22,0.0001066175521095939,0.9998932464186482,4.575003422404209e-08,5.5358556413064925e-09,8.474335233560475e-08,3696.4383320207635,1.6211686138002498e-12,0.477836064072016,146691482568267.4,2.8822071947034654e+25,4.1092826563475234e-15,6.490915036327904e-32,7.010385894522129e-32,2.7835693626529734e-33,2.10648073192092e-32,9.467553132587438e-20,1.5640970868233698e-19,3.7571016202510785e-17
3.22e+22,0.00015831614227153354,0.9998415303754932,5.0415131485199276e-08,1.010708542450937e-08,9.296001838532585e-08,4328.478853805967,0.029786429568105635,0.5630494371537408,2.0659318191584038e+24,2.688991810117904e+25,5.217435302527003e-15,8.623300716117359e-30,5.7105469971555574e-30,2.31638478493788e-34,1.1942571745696726e-33,7.088836735284732e-19,1.0901772264178862e-18,1.4980762531107004e-16
3.22e+22,0.00025548906618006335,0.9997443373668622,5.8346444159735625e-08,1.448842577823229e-08,1.0073208773371707e-07,4952.775983920176,0.01198251112804946,0.6407450012039341,7.039096604555633e+23,2.52210468781014e+25,6.296515715022321e-15,3.763218921517404e-28,2.608719807624417e-28,-2.6334462455561488e-33,-6.64902108175482e-32,3.117752216062488e-18,4.551276614103427e-18,4.1865566196388074e-16
3.22e+22,0.00013432887382878108,0.9998656038546706,2.2322359636089452e-08,5.172844148468867e-09,3.977629674611826e-08,4699.8158069148085,7.411957954659958,1.3535040471408832,5.241901104852305e+25,1.384214751387257e+25,1.668514206920603e-14,3.643410274212342e-27,2.487619079815759e-27,-3.5222041181639315e-33,-3.9101333766178523e-31,5.1704828350763733e-17,7.495682476764615e-17,5.780113138771955e-15
3.22e+22,0.00019923390133926735,0.9998005614063084,6.724687135950361e-08,1.4311275625015575e-08,1.2313420539826128e-07,4458.959224303194,1.9557553065317956e-12,0.5764304422373895,135132452272235.42,2.655832752721508e+25,5.411441598160376e-15,2.0421137301342363e-29,1.3645805189459723e-29,-1.281435986636836e-33,-1.1232471920959855e-32,9.887108617722446e-19,1.5025292391076446e-18,1.8829426016926186e-16
3.22e+22,0.0002705110385363392,0.9997293923692129,3.4824984782245797e-08,9.377258328340202e-09,5.2390007762693526e-08,5524.3100727174715,2.543676802699657,1.0020020596073633,2.8979951043736615e+25,1.7457056501172326e+25,1.1371902106683138e-14,1.3684858823650907e-26,9.837860589684052e-27,3.4010884206952324e-31,-1.9001684120933598e-31,2.1629132584316306e-17,3.034535598583885e-17,2.037988652122942e-15
3.22e+22,0.0003031475149364862,0.9996966829255565,5.866273849870902e-08,1.5338354207592173e-08,9.555841442158771e-08,5237.957488999244,0.4083746335429109,0.7482636100462466,1.0132366820913653e+25,2.273076352322558e+25,7.657721249531684e-15,1.8171709114574523e-27,1.283546537258168e-27,2.0757791832056532e-32,-1.327158070743251e-31,6.3797322603582445e-18,9.131836431891821e-18,7.227692510522474e-16
3.22e+22,8.298888088141326e-05,0.9999169121901955,3.4105616727572256e-08,2.478160157202892e-09,6.234514612118562e-08,3398.320270409681,1.4904067096780792e-12,0.4392911329615456,151409355017195.38,2.9748601831978086e+25,3.6263072328838255e-15,1.4642412435801318e-32,3.1975221383405935e-32,2.155839279422059e-33,1.631445769728914e-32,2.862367793065352e-20,4.938368875340858e-20,1.6682466875394215e-17
3.22e+22,0.00024633020525180975,0.9997534150658994,8.39951902783777e-08,1.8895204260737573e-08,1.5183845432052314e-07,4609.479327727508,3.2189368066657384,0.9836906411542214,3.5330808247943977e+25,1.7302070124119847e+25,1.1074420425721622e-14,2.6974181538085446e-28,1.8203794431262435e-28,-5.369857971634435e-32,-4.304322245922718e-31,6.9283041194833255e-18,1.0335898079698186e-17,1.0865164482969306e-15
3.22e+22,0.00028442906919174554,0.999715372226123,6.711656676916925e-08,1.688829653327889e-08,1.1469982208060051e-07,5012.891478458829,2.198893327511296e-12,0.6480537621708384,127532315924333.44,2.5073339800633865e+25,6.4002493346895816e-15,5.119823558784944e-28,3.563417873856475e-28,-3.605924314086244e-33,-9.425078830769437e-32,3.520308480300164e-18,5.117436227702613e-18,4.558931438079139e-16
3.22e+22,0.00016612400996883476,0.9998336878327098,6.185210584733466e-08,1.1863703651681184e-08,1.1444151189452717e-07,4242.674539047532,1.8608156526011398e-12,0.5484638830521614,138299196388303.1,2.7177222557431985e+25,5.034109577898485e-15,4.620607041984184e-30,3.0488429604350698e-30,1.1438673820554778e-33,8.387028385725748e-33,5.526203168409915e-19,8.572146407092504e-19,1.2592514762145716e-16
3.22e+22,0.00021756951262758245,0.9997820403712628,1.2871078413228392e-07,2.22837552439038e-08,2.3912157006922437e-07,4077.088231382344,0.3905434813171254,0.6164770372304199,1.2143905958102777e+25,2.538913400562865e+25,5.724815652232008e-15,1.6744532536440645e-30,1.137926693493558e-30,5.0611826197408857e-33,3.8228495858544e-32,4.339828044189567e-19,6.856072476206339e-19,1.1596106561265058e-16
3.22e+22,0.00026857877897723027,0.9997312521166771,5.7331882938682755e-08,1.4525260835261571e-08,9.724720178404821e-08,5049.441670848161,0.10506263168916985,0.6732952411871728,4.6558578579717343e+24,2.4626862448716033e+25,6.688587764988182e-15,6.46979617660315e-28,4.514422378108283e-28,5.879728344281159e-34,-8.301200524414176e-32,3.95995552297268e-18,5.7408756994835e-18,5.008783164588335e-16
3.22e+22,0.00020355058384989778,0.9997962493322115,6.57794369709856e-08,1.4283898136283382e-08,1.200206035581927e-07,4508.595673156711,1.9775267492215997e-12,0.58284785949752,134423240115493.98,2.6419307187190225e+25,5.498795145053131e-15,2.819374600274702e-29,1.8911700137791773e-29,-1.8418114196164183e-33,-1.6175176038038988e-32,1.1219833328603898e-18,1.6974701798920229e-18,2.0551810288117594e-16
3.22e+22,6.812265201978606e-05,0.9999318081083045,2.4457005815820333e-08,1.746280038967455e-09,4.3036389808928956e-08,3308.742562060755,0.02109870006427225,0.43059053752770743,2.1586668656566247e+24,3.0025638329626397e+25,3.508357093235635e-15,8.896257194485737e-33,2.044885434650593e-32,1.4058213332453222e-33,1.0638424818492745e-32,1.9384536988401766e-20,3.3933278203025785e-20,1.2856857136944987e-17
3.22e+22,9.486500067154593e-05,0.9999050339341123,3.382454779829216e-08,4.518438346475821e-09,6.272222986259774e-08,3778.7551744139337,0.26933105719118267,0.5620725952701799,1.0663455837637057e+25,2.698580653832783e+25,4.990123138238424e-15,1.4245585768837641e-31,1.066307921706733e-31,1.5943075112207356e-33,1.2061575682897978e-32,1.6002271167424465e-19,2.6147069621983033e-19,5.759511118210104e-17
3.22e+22,0.00013309120205637473,0.9998667613427539,4.868606545513069e-08,8.420667175727195e-09,9.034845706275723e-08,4074.212580692577,1.7868243054350356e-12,0.5266777763143244,140834936279220.44,2.7673270145088192e+25,4.744209455562644e-15,1.3119678916135603e-30,8.682412744879743e-31,1.754382372481972e-33,1.321589570519504e-32,3.3755875318413897e-19,5.328116616021071e-19,8.962182316673137e-17
3.22e+22,0.00016534954981715073,0.9998344938376577,5.14385561995574e-08,1.0568760821289376e-08,9.460520822153214e-08,4379.811658859237,0.023723345302533914,0.568418402666273,1.640736631704089e+24,2.6757108433091105e+25,5.2947032363211496e-15,1.2226947837404537e-29,8.125684760576869e-30,-1.4825711040505456e-34,-1.9625292249563757e-33,8.111413190532565e-19,1.2413875589182807e-18,1.642826252162821e-16
3.22e+22,0.00010309275542133797,0.9998967938374355,3.783276918699455e-08,5.372585858526908e-09,7.020178808559629e-08,3836.510285625941,0.11250814640844475,0.528853120524626,6.663821048735757e+24,2.7957054254545396e+25,4.653173240468556e-15,2.0690119873002323e-31,1.503176024018689e-31,1.819058673253726e-33,1.376012604713903e-32,1.7155980866047537e-19,2.783270448313429e-19,5.799509218884553e-17
3.22e+22,0.00018293322944491384,0.9998169150852466,4.9936714647452014e-08,1.1040783697904426e-08,9.070781020436801e-08,4556.32784157874,0.3226003117577939,0.658288601391014,9.99862813715664e+24,2.4614597484565424e+25,6.35571242518812e-15,4.5694695342399454e-29,3.0769016812827314e-29,-2.4617962563349044e-33,-2.244473918073416e-32,1.5029672146132288e-18,2.263693804117739e-18,2.6466365730143846e-16
3.22e+22,7.874178614161861e-05,0.9999212270269073,1.0272947473628556e-08,2.1909239143276356e-09,1.872307970455468e-08,4466.71362932816,8.93373109346627,1.4531809351672322,5.738562872397218e+25,1.3165896831972941e+25,1.8216804080674528e-14,2.5378989728014736e-27,1.704969297199513e-27,-3.43772907942739e-33,-2.283466423609473e-31,7.182655261902485e-17,1.0466628377843889e-16,7.978771957044876e-15
3.22e+22,0.0004627945059700554,0.9995369172621342,1.0304832657011641e-07,2.7808282860024524e-08,1.5737528622714017e-07,5501.774638005966,0.5219423856945387,0.7924084398991939,1.1261257502264645e+25,2.180345018926262e+25,8.295849876587374e-15,5.892696901897424e-27,4.2291358904833384e-27,9.123020777092576e-32,-4.760219524701909e-31,1.0309196100537353e-17,1.4526501486876734e-17,1.0206241774849028e-15
3.22e+22,2.124949216652663e-05,0.9999787451605651,1.7792070526099033e-09,2.495446119834563e-10,3.318516813641269e-09,3814.055316201399,9.941727238222875,1.4820968363726608,6.156263514034418e+25,1.2944838247936956e+25,1.8631929050162982e-14,1.2877909587193992e-28,8.18523133085628e-29,-4.0502631981319164e-33,-3.5447969729635046e-32,5.4120140173187686e-17,8.210670366987744e-17,7.755015980193554e-15
3.22e+22,9.777654457734094e-05,0.9999021117560895,3.749157589764135e-08,4.734038001943957e-09,6.947371920671183e-08,3729.732636966047,0.009077762280003216,0.48258957762147514,8.073110164895241e+23,2.8716713862550983e+25,4.168287694432482e-15,7.946199630562086e-32,7.195003933175765e-32,2.0872268419089896e-33,1.5794242997808227e-32,1.0729332063378494e-19,1.7645142507907052e-19,4.0905443507133574e-17
3.22e+22,0.00018498418810021237,0.9998146657535224,1.1652301409310019e-07,1.7114535506499714e-08,2.1642082760046063e-07,3872.034287700063,0.5649797073152796,0.621894274991342,1.5299638479496406e+25,2.4891079680487387e+25,5.761654052835821e-15,3.933647923195122e-31,3.2840121569380153e-31,7.42016719211225e-33,5.614698826897379e-32,2.599781635454426e-19,4.203633308799646e-19,8.512846415823267e-17
3.22e+22,6.476171460712955e-05,0.9999352238098717,4.8124362114814055e-09,1.1417033251261752e-09,8.521381802681839e-09,4767.046173552002,6.957125596618855,1.3228763570581812,5.076774387978429e+25,1.406731539831291e+25,1.621758339262169e-14,4.0349569655589206e-27,2.7679157914099254e-27,4.837108660651549e-32,-6.33884515274626e-32,4.695583497833169e-17,6.793317448046255e-17,5.2311754537250035e-15
3.22e+22,0.00012423922409862312,0.9998756269663387,4.4229622543652214e-08,7.463775836911153e-09,8.211616436088373e-08,4040.2554555717643,0.05671390903831874,0.5343532731087612,3.9494908178840995e+24,2.7645700656450624e+25,4.800845679032233e-15,1.0381092488233952e-30,6.875186233721613e-31,1.6297452278076727e-33,1.2287575441187347e-32,3.1401894128553787e-19,4.974752632773456e-19,8.610180116735717e-17
3.22e+22,0.0001632699208849736,0.9998365352669744,6.409357199010549e-08,1.1913998418361439e-08,1.1880457033162035e-07,4187.684438233083,1.8367653644870544e-12,0.5413547468096989,139122564215282.08,2.733784787301076e+25,4.939076308997735e-15,3.0854603667902465e-30,2.036295073083571e-30,1.7030032942374318e-33,1.2720642044285446e-32,4.718294424596415e-19,7.360235292086946e-19,1.1295008589514337e-16
3.22e+22,0.00018107313168275036,0.999818719421995,6.81309591220995e-08,1.3488450091922086e-08,1.258269128322971e-07,4302.81050104305,1.8872965918160207e-12,0.5562412265798263,137409087350423.67,2.7003045601470733e+25,5.138463992119743e-15,7.068663389451447e-30,4.675820350313136e-30,6.399952441102108e-34,4.399407468611094e-33,6.526631537527071e-19,1.0065019047329917e-18,1.4130085225889136e-16
3.22e+22,0.00025531628506030973,0.9997445216015399,5.4741160208680845e-08,1.374176246867647e-08,9.363047709177362e-08,5004.035765457691,0.450932058523818,0.7275688639267011,1.1163880437537827e+25,2.301376057367334e+25,7.341606251272066e-15,5.929080104134387e-28,4.124602800868771e-28,-1.1656799506604062e-33,-8.574036820563102e-32,4.1685864930729245e-18,6.0619801073715515e-18,5.412015443689168e-16
3.22e+22,7.932089989308932e-05,0.9999205929024874,2.9370952834413864e-08,2.5287220640542227e-09,5.4297944594580657e-08,3493.347845160482,0.03513595561485803,0.4583604123083334,3.203823181597688e+24,2.9426498913426696e+25,3.836102586939401e-15,1.6546925811360474e-32,2.8898286923550694e-32,1.7572183056052546e-33,1.329798176850951e-32,4.382672215803334e-20,7.450221495783902e-20,2.2400356365117096e-17
3.22e+22,8.69788324972861e-05,0.9999129207430566,3.427126374319899e-08,3.3289485276329483e-09,6.282423368038281e-08,3527.8877860496177,3.89911856980002,0.9613042065546477,4.183463429014142e+25,1.7231222934468175e+25,1.072863200404693e-14,2.181627194077434e-31,8.82520099717312e-32,-4.2903100388839085e-33,-3.2473978451093866e-32,1.1299217823179789e-18,1.881144631473343e-18,4.367344543045332e-16
3.22e+22,0.00023827693632157536,0.9997615127488141,6.957197376932848e-08,1.6185191000597013e-08,1.2455769942510915e-07,4704.896283120755,2.0636995118396743e-12,0.6082304184110381,131661694051069.47,2.5880889374172112e+25,5.846761170936914e-15,9.378901786056019e-29,6.385591645880774e-29,-4.7784421581797904e-33,-4.529338969954224e-32,1.7997125733530785e-18,2.678139237645267e-18,2.8543729709935584e-16
3.22e+22,0.00020573043168316903,0.9997941013453482,5.554637614727048e-08,1.2705954554019632e-08,9.9970638050865e-08,4653.1861681174405,0.011475316461719301,0.6020221237816974,7.402381364301425e+23,2.6014943779634012e+25,5.759680756620331e-15,6.966005536363334e-29,4.7258892871787895e-29,-2.610596119610055e-33,-2.618795981560784e-32,1.601691010617466e-18,2.3930494223754383e-18,2.63056852636532e-16
3.22e+22,0.00023025050237860097,0.999769534203211,7.101997842331144e-08,1.616303684525836e-08,1.281113950188765e-07,4636.88567572475,2.033870777801197e-12,0.5994370537955904,132604646316754.0,2.6065352108188066e+25,5.725748468835319e-15,6.246733122319935e-29,4.231022411232838e-29,-4.037128723373314e-33,-3.622716843746004e-32,1.5336667281037936e-18,2.295081617815471e-18,2.5540388795973695e-16
3.22e+22,0.0002289285458651331,0.9997709057596662,5.518530298150315e-08,1.3275945159548893e-08,9.723322055083341e-08,4823.018786906646,0.06408379647392835,0.6344387797687103,3.4468863946952197e+24,2.5403316323262974e+25,6.1725641332331104e-15,1.9044108018204733e-28,1.3082414388485614e-28,-3.3706184354430145e-33,-4.6336985260016677e-32,2.4131186874216165e-18,3.55683673478424e-18,3.5229795995199757e-16
3.22e+22,0.00013270073316549522,0.999867133573354,5.4933334701950795e-08,8.743026957188736e-09,1.0201711896511218e-07,3963.314185421732,1.7382386271030644e-12,0.5123424929433393,142529815569664.94,2.8005802386242276e+25,4.555527496945947e-15,5.43401887451912e-31,3.763885021198766e-31,2.6529708475794435e-33,2.0056960084084108e-32,2.378444655736479e-19,3.801639434876588e-19,7.051795777291544e-17
3.22e+22,9.295476292040996e-05,0.9999070227217541,7.618406845887356e-09,1.901238358684168e-09,1.2995680209475347e-08,4968.301836392721,10.525510870501382,1.6032469487496408,6.012243930317347e+25,1.2314367034037854e+25,2.0627313567562778e-14,3.9825428994784174e-26,2.7770195407043064e-26,6.639222589317257e-31,-2.84582174931727e-31,1.8431632185288256e-16,2.5769446139238746e-16,1.4509854421680732e-14
3.22e+22,0.00017974972387927278,0.9998200841323983,5.4599160868278436e-08,1.1627520580528912e-08,9.991704101603735e-08,4460.990208295207,0.0031017691401393635,0.5767271403321689,2.1410956820833682e+23,2.655219772126826e+25,5.4154174364338056e-15,2.086161407383057e-29,1.3947142358005622e-29,-8.61133463879231e-34,-8.087478871506677e-33,9.968814219837019e-19,1.5143612476384003e-18,1.892198029276843e-16
3.22e+22,0.00022075289359393575,0.9997790283745229,7.198846380729517e-08,1.5960082569008906e-08,1.3078333662243143e-07,4562.697385786909,2.0013449599346985e-12,0.5898448789859331,133648398528648.4,2.6269086798434564e+25,5.594281916128722e-15,3.955275808255964e-29,2.663613099766855e-29,-3.0458892493458174e-33,-2.637642479420049e-32,1.2815368481732775e-18,1.9299143562922947e-18,2.2546474647017463e-16
3.22e+22,0.0001415395397591593,0.999858224150897,7.950602259436445e-08,9.562815254491749e-09,1.472405060212844e-07,3696.0345034940674,2.034417355743881,0.7851310852851181,3.0272708924617427e+25,2.014504088068391e+25,8.098330804931322e-15,2.248440959296654e-31,1.371710063778651e-31,-3.1487350339721673e-34,-2.389753409206225e-33,4.292987926935771e-19,7.068474074484417e-19,1.6115664268501323e-16
3.22e+22,0.00012381251063466275,0.999876151373727,1.2279664341371022e-08,3.1011105466525817e-09,2.0734863482460804e-08,5063.405551040309,4.749862394722015,1.161893634214791,4.169382715109077e+25,1.544346891582711e+25,1.3773794881343403e-14,5.350609051453828e-27,3.741083527399945e-27,8.549864007924374e-32,-9.397229868123404e-32,2.779263151143215e-17,3.985167199261544e-17,3.0381815772116576e-15
3.22e+22,0.00019116372478885133,0.9998086186825664,7.143751474098832e-08,1.4479290068343088e-08,1.3167583984561622e-07,4350.274072021675,1.908139243454372e-12,0.5623790367789728,136708819930384.94,2.6866700644212632e+25,5.221133461611115e-15,9.815186378425564e-30,6.509361409888062e-30,8.224400816711935e-35,-2.980787259496252e-35,7.421516397171248e-19,1.1393476287380914e-18,1.544469861987025e-16
3.22e+22,0.00017520633816531448,0.9998245375310273,8.459286140006985e-08,1.4536918174781917e-08,1.5700102774856704e-07,4066.015017242599,2.8086715865304925,0.8974563592050319,3.4387972729786912e+25,1.8320198616420221e+25,9.776113118898635e-15,7.196320365879819e-30,4.461090265778037e-30,-1.89510335206671e-32,-1.4378390048946832e-31,1.8774307655501827e-18,2.9503542533086333e-18,4.62371525971875e-16
3.22e+22,0.00012982318247020726,0.9998700612868762,3.799173264834968e-08,7.270820608587812e-09,7.026810047413941e-08,4239.8109427589425,0.6719352580934188,0.6747871561111681,1.5812097055013422e+25,2.357951880299443e+25,6.5234214617081855e-15,6.774694081038989e-30,4.4476586309927285e-30,-3.967169886831761e-34,-3.399261125420807e-33,8.116945226732892e-19,1.2585756918383257e-18,1.8396386144117083e-16
3.22e+22,8.074562559546427e-05,0.9999191609467034,3.2223643919093666e-08,2.3860800761508214e-09,5.881797719552198e-08,3402.359592363801,1.4921631295587547e-12,0.43981239027829533,151344308482359.62,2.973605851495659e+25,3.632714899476339e-15,1.3837185868228128e-32,2.9801903735661635e-32,1.9985130582586803e-33,1.5123874455078546e-32,2.914191297483709e-20,5.024391585522431e-20,1.6883586673331208e-17
3.22e+22,0.00020024953190692118,0.9997993954579968,1.1740781821495742e-07,1.94310454101191e-08,2.1817123264368212e-07,4014.0599240251845,1.1688726888049423,0.7148953031171039,2.200125928885972e+25,2.2080801089191416e+25,7.0752808053525805e-15,1.6292141858102995e-30,1.0406838682069664e-30,-8.530517354477174e-34,-6.529283020456982e-33,5.782295236051081e-19,9.188393551679356e-19,1.6165274113972994e-16
3.22e+22,0.00024463722892675626,0.999755036394223,1.0721112373580871e-07,2.22918571287424e-08,1.9687386954691268e-07,4409.978701328579,2.0993291694171012,0.854716304418388,2.8754769193456227e+25,1.9228121559792715e+25,9.142594993049759e-15,4.4627701060640124e-29,2.940345382275594e-29,-3.2434593994504113e-32,-2.487017633740912e-31,2.6068842659663737e-18,3.9712427254500605e-18,4.986039353671935e-16
3.22e+22,0.00023901865809008624,0.999760805496263,5.8636029167227844e-08,1.4179938523719658e-08,1.0302967909511666e-07,4842.446640840091,0.0034022265775840222,0.6260527246465335,2.078323393808071e+23,2.55141139188728e+25,6.093353456826706e-15,2.0692962100624326e-28,1.4234232430827874e-28,-3.794441431606859e-33,-5.177841392953534e-32,2.459365911485767e-18,3.619813690597503e-18,3.5462125170420023e-16
3.22e+22,0.000326049765044263,0.9996737756879002,6.110143247222678e-08,1.6181758089733735e-08,9.726386521653795e-08,5333.207894451659,0.035143467280122256,0.6927011692574526,1.7806480840542875e+24,2.4232523034982097e+25,7.0198328251526404e-15,2.4379124178286923e-27,1.7322132667770066e-27,3.745486500057866e-32,-1.3765888666672063e-31,6.577425308066675e-18,9.358825624724274e-18,7.082078349978265e-16
3.22e+22,0.00023450714882247405,0.9997652644854285,7.528373617249403e-08,1.703502664053817e-08,1.3604698633781712e-07,4620.105318443062,2.0265735305180277e-12,0.5972683809120171,132835219323286.02,2.611120257423065e+25,5.695942963650266e-15,5.626303257747035e-29,3.8053818840413045e-29,-4.26763222825174e-33,-3.7321143776568716e-32,1.4719171743372262e-18,2.2059214743163836e-18,2.4827935515480047e-16
3.22e+22,0.0003301822632428693,0.9996696811977881,4.949123651014192e-08,1.3388868388595735e-08,7.365886408522322e-08,5566.658189117732,1.5112090429187237,0.9056172320116739,2.1330315415776795e+25,1.9111108141314083e+25,9.933052503294084e-15,1.0956381918061527e-26,7.894465097847027e-27,2.7291095467511724e-31,-2.1721725932791105e-31,1.5895261756923546e-17,2.2282777142020678e-17,1.4997363592560898e-15
3.22e+22,0.000244659286212397,0.9997551779063695,5.466355498883555e-08,1.3521464046214033e-08,9.462239911295097e-08,4935.716971314299,0.3790115448874693,0.7098310428297013,1.0214162939610288e+25,2.347801012645046e+25,7.095529012696039e-15,4.051906392456059e-28,2.8055979211511286e-28,-3.1124808166586884e-33,-7.289862562743776e-32,3.538317200661792e-18,5.171023901100497e-18,4.795772641472403e-16
3.22e+22,0.0002730580559379408,0.9997267344134589,6.954402885977542e-08,1.71389054229151e-08,1.2084766887044373e-07,4917.9438288291785,2.1572285920645875e-12,0.6357773680232934,128775915058060.9,2.5317420570129086e+25,6.228684154017685e-15,3.1020132137081794e-28,2.144901256641902e-28,-5.854775770124152e-33,-8.146468986421344e-32,2.8862791198074304e-18,4.224865307418237e-18,3.9681571497610727e-16
3.22e+22,0.00018590500204313068,0.9998139371589291,5.195146000674177e-08,1.1462572482402474e-08,9.442499527149732e-08,4550.734093081086,0.07636067333380304,0.6039611010882624,4.244397485155436e+24,2.6074642859882477e+25,5.733249543859279e-15,3.849779470768664e-29,2.591525143117227e-29,-1.73416488766619e-33,-1.6317481911461803e-32,1.295249783683477e-18,1.9519567425954326e-18,2.2930506739068175e-16
3.22e+22,0.0002169990268121972,0.9997828216928029,5.927020973343108e-08,1.369778161222656e-08,1.0631239356366039e-07,4684.36832906004,2.054599707460806e-12,0.6055733316949952,131962968896001.33,2.5936356444356567e+25,5.810242003900651e-15,8.362375344824339e-29,5.686066102327869e-29,-3.2566375829581265e-33,-3.261691267572813e-32,1.7200942317476872e-18,2.5635214505317365e-18,2.764124315056378e-16
3.22e+22,5.389514202448878e-05,0.9999460861843122,6.159328725979833e-09,1.2156398435448334e-09,1.1298694779382983e-08,4248.524209618169,4.818534018509403,1.1022424014705579,4.4080457021412495e+25,1.5839807788046487e+25,1.285118228084147e-14,9.038153801280501e-29,5.948021711923794e-29,-2.3692311244725065e-33,-2.336224664548869e-32,8.752174884832519e-18,1.3355298048992046e-17,1.5898738949019801e-15
3.22e+22,0.0002675892092568531,0.9997322265457507,6.205414376018078e-08,1.5494491353741844e-08,1.0669635749675137e-07,4977.516917811903,6.250967003751959e-05,0.6434789516832489,3.6649741509549e+21,2.516380157443991e+25,6.336295772289291e-15,4.27288059144076e-28,2.9669416226057466e-28,-3.060442517684811e-33,-7.725656087158228e-32,3.2767924022660464e-18,4.775146389359921e-18,4.3345583842618394e-16
3.22e+22,6.51039170912304e-05,0.9999348879052866,2.8662949689143197e-09,7.547642408111018e-10,4.556563009650189e-09,5213.47958356612,12.132023584299748,1.7285896761976547,6.3011076744478984e+25,1.1649907991886218e+25,2.269618689047102e-14,1.6246806836132806e-25,1.1523447700701153e-25,3.590976182841355e-30,-1.4171018871761607e-31,3.3019127562971203e-16,4.516111110981692e-16,2.1485448255200704e-14
3.22e+22,0.00038938732861497924,0.9996102946690355,1.0854663893145257e-07,2.7978117371375155e-08,1.8147759324455018e-07,5134.378731401974,0.9632558170039689,0.8030603093488334,1.7141997981142294e+25,2.09894970061721e+25,8.408961384971665e-15,1.323655403744318e-27,9.284091120162312e-28,-2.9146579791141294e-32,-4.13790409415405e-31,6.357852676667667e-18,9.166874686798011e-18,7.653481692215785e-16
3.22e+22,0.00017137441489038316,0.9998284761972448,4.910142698368143e-08,1.049310220255913e-08,8.979333560854459e-08,4469.860565355249,0.3088379376850029,0.646248464922549,9.926943769542749e+24,2.48993149262558e+25,6.1851423864021984e-15,2.632743947554451e-29,1.760795982714384e-29,-1.6402860189446347e-33,-1.4415930404176393e-32,1.2113532647257168e-18,1.838428156465392e-18,2.27963899616611e-16
3.22e+22,0.00010256068966705447,0.9998972971517277,4.859624212381195e-08,4.4035535715860135e-09,8.915880965617544e-08,3501.581601502264,2.9110707209081226,0.8616540026327362,3.660351941444646e+25,1.864576359708024e+25,9.237399789585512e-15,7.354287072801974e-32,2.994676901156676e-32,-1.4121487757158746e-33,-1.0688748262106932e-32,4.879294389970897e-19,8.211271079279394e-19,2.1524885189834538e-16
3.22e+22,0.00016726866229634348,0.9998324145288872,1.0614169979974245e-07,1.3825328062793732e-08,1.9684178856415352e-07,3757.296941031253,0.7370761000748235,0.63488327260231,1.7903873824601398e+25,2.4267869294223705e+25,5.925079446365707e-15,1.8643196209148243e-31,1.9243288180277507e-31,7.101386949766761e-33,5.374119492320848e-32,2.0191490681346403e-19,3.310729075904241e-19,7.467866102081834e-17
3.22e+22,0.00016540903140481656,0.9998344062620479,6.071235641422635e-08,1.1695160818287297e-08,1.1229903003813886e-07,4250.444410905764,1.8642279239959066e-12,0.5494680748220117,138185409409886.73,2.715463215640395e+25,5.047568297374692e-15,4.890407448360216e-30,3.2271324935576354e-30,1.0352995111151204e-33,7.546794377550351e-33,5.650236844313925e-19,8.75756910265177e-19,1.278572362576138e-16
3.22e+22,0.0001226266649380867,0.9998772289665853,4.791482573510804e-08,7.497965514186119e-09,8.895568521176287e-08,3942.407880198526,1.729054721947525e-12,0.5096366554970618,142855278426612.66,2.806900874455188e+25,4.520140213150348e-15,4.582014378332603e-31,3.171231708773477e-31,2.2657097072746385e-33,1.7129801480500956e-32,2.2255489650087453e-19,3.565505720025359e-19,6.734796531508276e-17
3.22e+22,0.00014979901176915924,0.9998500157318709,6.112345865234976e-08,1.0642897904960662e-08,1.1349000335001604e-07,4084.476355116188,1.7914770771287643e-12,0.5280097352292356,140680527124164.56,2.764269018369029e+25,4.761782002467869e-15,1.414176493584492e-30,9.417792332051336e-31,2.375367830322158e-33,1.7910464444031015e-32,3.4737906059313757e-19,5.478105765250085e-19,9.148300059772898e-17
3.22e+22,7.225579805661227e-05,0.999927668081235,2.643975694807299e-08,1.871440136779909e-09,4.7809511380781526e-08,3364.978349776607,0.01669794905509403,0.43676599421075646,1.6883956362624055e+24,2.9850376432182243e+25,3.588161877852933e-15,1.0633399061395596e-32,2.3375468478845475e-32,1.580461572011112e-33,1.1960133027061802e-32,2.4893382276154334e-20,4.3174021206913315e-20,1.520254952365949e-17
3.22e+22,0.00016661349185830574,0.9998332189898758,5.5025649764502725e-08,1.1089861978350734e-08,1.0140275409405187e-07,4338.235690876965,1.902708726520614e-12,0.5608169285475035,136896375529014.28,2.690120688528661e+25,5.200155248874784e-15,9.124841829791157e-30,6.046979100915276e-30,1.989783862268458e-34,9.079043089521198e-34,7.210912852539867e-19,1.1079955364862656e-18,1.5124018541854244e-16
3.22e+22,0.00032646112245098984,0.9996731617795783,1.2482048914343548e-07,2.932271039412202e-08,2.2295477089322262e-07,4736.738471337067,0.42237721857530924,0.6936033390303455,1.124916549560936e+25,2.369866037262185e+25,6.845564556244294e-15,1.3294304151614415e-28,9.053089127496164e-29,-2.505264542536995e-32,-2.0300552768223674e-31,2.326869025547563e-18,3.4564197620182188e-18,3.631277189756728e-16
3.22e+22,0.00019571693287998406,0.9998041263872612,5.1699844379165123e-08,1.1742119390495988e-08,9.323789507719899e-08,4632.143032957412,0.28418345772428744,0.660438360942806,9.186701166381812e+24,2.4646933586268177e+25,6.400960297299849e-15,7.11048135110608e-29,4.816033064339645e-29,-3.054839231935058e-33,-2.9543389050747425e-32,1.7624607197065117e-18,2.6375896702297903e-18,2.935577923161668e-16
3.22e+22,2.7454402756154157e-05,0.9999725396153837,1.9688090436305646e-09,3.6132165623984104e-10,3.6517294492632898e-09,4123.384009646164,11.072496628737667,1.5828560600226307,6.340436961090383e+25,1.2380107872162755e+25,2.0236698471582714e-14,1.296680666763365e-27,8.490733237240978e-28,1.3695722106818917e-33,-6.175105585384956e-32,1.1043285830413326e-16,1.6175134518442086e-16,1.1885908362860337e-14
3.22e+22,0.0002074070647351115,0.9997924057782118,6.165293506253643e-08,1.3781749708261056e-08,1.1172236814363235e-07,4585.315487944607,2.0111857344803065e-12,0.5927664712265961,133343323762493.11,2.6206708660844415e+25,5.6343429676861994e-15,4.582720406712531e-29,3.092520918150123e-29,-2.5016181108198278e-33,-2.2876027211293895e-32,1.3576909495840165e-18,2.0402981043670674e-18,2.34529147431952e-16
3.22e+22,0.00013195904396738482,0.999867900165254,4.643903603864841e-08,8.180431382762987e-09,8.617131132718187e-08,4101.947731581132,0.02663028679035889,0.5333804710457861,2.0076695718472636e+24,2.756085887313252e+25,4.821276961094839e-15,1.6411655483496273e-30,1.0813641753793819e-30,1.4949921358143176e-33,1.1234158823734162e-32,3.7040181194707524e-19,5.828762692061841e-19,9.574961053951168e-17
3.22e+22,8.403901543293186e-05,0.9999158658989055,3.233825708718647e-08,2.9741169047033724e-09,5.977328754658772e-08,3523.8328864403024,0.00047371890126308763,0.4555171407191817,4.5800799366787596e+22,2.9357979687761433e+25,3.827402493136954e-15,1.9908949410144267e-32,3.3018738839372794e-32,1.9486191970772337e-33,1.474649721972101e-32,4.858180027219075e-20,8.221462454752199e-20,2.385882607025268e-17
3.22e+22,4.01138558042805e-05,0.9999598636859109,7.651739325370204e-09,6.976265868638094e-10,1.4108919023689835e-08,3498.2555586659364,1.8684098168016288,0.7498604678593739,2.960798792651892e+25,2.077913290634398e+25,7.57298657530669e-15,3.4394202685497523e-32,2.4149512184355502e-32,2.903948965187234e-34,2.1968474957635742e-33,2.077778141631245e-19,3.514785669615571e-19,9.91796639089633e-17
3.22e+22,0.00019836916026840822,0.9998014405656714,6.27329941813257e-08,1.3405294570538149e-08,1.1413577135748794e-07,4494.188513666206,4.222808586198124,1.0677687351137606,4.078223319960999e+25,1.6256196137610755e+25,1.2336515963677845e-14,2.5274597308503915e-28,1.691504982278091e-28,-4.9269798008332226e-32,-3.9289790132326566e-31,9.506811837359964e-18,1.4255849863365527e-17,1.5214980351276398e-15
3.22e+22,0.00010049243318201596,0.9998993956930843,3.740802078559428e-08,5.085471317625118e-09,6.938024173655522e-08,3794.3378842635875,0.06969843376322017,0.508633666150562,4.9751684890744e+24,2.8345248957224443e+25,4.438212305467075e-15,1.4003211255159183e-31,1.0866864007289426e-31,1.919211646700336e-33,1.452062189831812e-32,1.4216050565570894e-19,2.31852326307826e-19,5.035073486238594e-17
3.22e+22,0.00012657655136727932,0.9998732783694132,4.803399552008904e-08,7.86210399352678e-09,8.91831200848394e-08,3998.4832023086346,1.7536505905294376e-12,0.5168865080682585,141993557218000.0,2.7899882941659006e+25,4.615157594400558e-15,7.208602270861758e-31,4.853755658909895e-31,2.0554528261064364e-33,1.5525819149617605e-32,2.665912507566923e-19,4.2435158492226935e-19,7.621714178036289e-17
3.22e+22,0.00024925578737833363,0.9997505220092001,7.3589156213161e-08,1.7254714959629486e-08,1.3135955027744425e-07,4730.7040431350115,2.0750749121344443e-12,0.6115681900834501,131299653326659.6,2.5811465596572654e+25,5.892771662010381e-15,1.0877836388359486e-28,7.419789550888045e-29,-5.694619649796006e-33,-5.39653181848181e-32,1.9080265546435655e-18,2.833606181042667e-18,2.9736419990588524e-16
3.22e+22,0.00011677560806292569,0.9998830759710303,4.9567706335969395e-08,6.88465402343484e-09,9.196854661820425e-08,3815.223834026371,1.6733807078569184e-12,0.4931943471465351,144837108299779.2,2.8456351237549897e+25,4.306445797589359e-15,1.6311751443775832e-31,1.327800340640418e-31,2.803233244275575e-33,2.1210525125302553e-32,1.4491004473798693e-19,2.3576304118576234e-19,5.023176903529134e-17
3.22e+22,0.0001955185389219442,0.9998043190657298,5.353012308507673e-08,1.2043247588301185e-08,9.682197762481966e-08,4604.260211994196,0.03218190575769552,0.598824204700522,2.0324236542438811e+24,2.61085943233604e+25,5.7045661064245615e-15,5.218144593671105e-29,3.527133183107185e-29,-2.0895986710580405e-33,-2.0393356843070376e-32,1.4356383103014862e-18,2.1536869597716955e-18,2.442712207422425e-16
3.22e+22,0.00015297065670312736,0.9998468424961207,6.159891875788616e-08,1.0928689650153238e-08,1.1431956761256159e-07,4112.51239011227,1.8037685842132613e-12,0.531634748352047,140254801818750.1,2.7559458417208997e+25,4.809801969200593e-15,1.754051672648667e-30,1.1629452354306708e-30,2.1859373434157265e-33,1.6457318223597245e-32,3.7809906371715827e-19,5.944608316488271e-19,9.697143589442328e-17
3.22e+22,8.555024230259245e-05,0.9999143488732016,3.446618165303175e-08,2.912216914766895e-09,6.350609721753175e-08,3479.6813636060656,1.5260914251169629e-12,0.4498091826978385,150121012237290.3,2.949541533115067e+25,3.756273508462882e-15,1.781139565750955e-32,3.3860486070515263e-32,2.1496999996846586e-33,1.6268189896035517e-32,4.0493194264455004e-20,6.898339705971704e-20,2.1093304294862607e-17
3.22e+22,0.000163892152983361,0.9998359575888426,4.935212444319917e-08,1.0227778886084067e-08,9.067827076731326e-08,4398.537452080731,0.14045884005014242,0.6035486569641684,6.537143550496409e+24,2.6118324971536657e+25,5.665488394014778e-15,1.5028582538702236e-29,9.997969174545173e-30,-6.252838702210643e-34,-5.787882950181741e-33,9.22288667961919e-19,1.408958134014829e-18,1.8387342071160935e-16
3.22e+22,0.00017142946917200324,0.999828405454566,5.421852919765679e-08,1.1216398024068567e-08,9.96413348628385e-08,4394.45196941845,0.0030422147941912255,0.5681232506766962,2.1469643890312104e+23,2.6740304871516125e+25,5.298721684523384e-15,1.3408379083418615e-29,8.919995007403303e-30,-2.8461201102900766e-34,-3.091137336368232e-33,8.383610922208182e-19,1.2813467716787235e-18,1.6783964001710704e-16
3.22e+22,0.00013257279162678655,0.999867290719725,4.497291428162802e-08,8.103313989359938e-09,8.341241997497609e-08,4136.962223045558,0.12592346207391966,0.5685358645990998,6.55756674001897e+24,2.6956742492268e+25,5.1868012955601744e-15,2.3217838517512766e-30,1.523596210552057e-30,1.0798298890942902e-33,8.053117805600245e-33,4.45254106735421e-19,6.980306249562301e-19,1.113458773135333e-16
3.22e+22,0.00020927273262655454,0.9997904596865321,8.789763011678801e-08,1.758102892376626e-08,1.6210218217585362e-07,4325.270015449837,2.9595635463354086,0.9343357452055246,3.4588102363590476e+25,1.7875635260901455e+25,1.0330578560745308e-14,4.4403176003752977e-29,2.902436493219107e-29,-3.574123300372454e-32,-2.734282818617489e-31,3.5512373310132755e-18,5.435925786081417e-18,6.964463807433836e-16
3.22e+22,8.307184430253884e-05,0.999916828342788,3.449680769074003e-08,2.4531999705031763e-09,6.286290166056543e-08,3383.6512367913583,1.4839751063899546e-12,0.43739498994764026,151641502482132.9,2.9794193301381395e+25,3.603035806404356e-15,1.4485217763888722e-32,3.221243390760825e-32,2.1870729003937347e-33,1.655079034464514e-32,2.6839782504940568e-20,4.641519185609497e-20,1.5973400358693148e-17
3.22e+22,0.00011697477632974378,0.9998828984802258,4.199317403048702e-08,6.768658888672068e-09,7.798161154076575e-08,3979.452674602927,0.09760370231617524,0.540952614613074,5.879251510484156e+24,2.761113914875279e+25,4.8371900626242555e-15,6.630522975533973e-31,4.434212585522234e-31,1.67193677956194e-33,1.2626188007307324e-32,2.697286351863342e-19,4.3023340355796174e-19,7.852808612173329e-17
3.22e+22,0.00014099993890346433,0.9998588517011159,4.884845912845293e-08,8.978660463929826e-09,9.053286108158143e-08,4169.200155150281,0.012076498874975358,0.5396126094911594,9.140089917628552e+23,2.7385807304188244e+25,4.913459810212479e-15,2.7154381134708748e-30,1.7869416787671837e-30,1.2723655730774065e-33,9.484578528307371e-33,4.493192172103314e-19,7.020782952730478e-19,1.0915471318435214e-16
3.22e+22,0.00012475335749871026,0.9998751818647721,2.142963751794692e-08,4.811211193946481e-09,3.8536880585687004e-08,4606.22464435087,2.3184228843760306,0.8951923869035406,2.9763770096311793e+25,1.8629201723029173e+25,9.749299882447683e-15,1.6975327009009076e-28,1.1482994788707556e-28,-2.8574047117407867e-33,-3.659468578616097e-32,4.435592922628591e-18,6.6301340394781174e-18,7.184949011590548e-16
3.22e+22,0.00013832972051069396,0.999861503332202,5.51805950354225e-08,9.279208156824777e-09,1.024874840093115e-07,4035.488387296689,1.7699583556530784e-12,0.5216737890757235,141428539880695.47,2.778886156806087e+25,4.678129904304921e-15,9.662261941901764e-31,6.4792280296335425e-31,2.3055896770110153e-33,1.7406561450200942e-32,2.9907027102579613e-19,4.741296217070304e-19,8.251141116944133e-17
3.22e+22,1.3140008159515975e-05,0.999986857277285,9.165879370255962e-10,8.468957181802815e-11,1.7132781545893268e-09,3506.8770548520615,10.077456768552562,1.4713875764484974,6.265947249907905e+25,1.299057843950973e+25,1.8450338947048392e-14,1.8478717414250447e-29,1.1370296522023574e-29,-2.0696990564594938e-33,-1.6129071421820728e-32,4.077926166296516e-17,6.349162950340098e-17,6.961179845015327e-15
3.22e+22,5.6324752152745934e-05,0.9999436286522706,1.6032817679153042e-08,1.316977294362668e-09,2.9245781627137823e-08,3431.358030968976,5.2293293782306165,1.0769640657860353,4.798491077149105e+25,1.5922445451505773e+25,1.2460545387354357e-14,2.891089411778367e-31,1.2955790204896468e-31,-4.3267952721394535e-33,-3.275013890088722e-32,2.3853001935155876e-18,3.974608132769904e-18,8.687720021445893e-16
3.22e+22,0.0001963632802871561,0.9998035506798694,2.9324945455259293e-08,7.471301332453324e-09,4.924359683859139e-08,5091.794387529028,2.267075330419089,0.9346735916908476,2.818132524299394e+25,1.8252422115529654e+25,1.0349504990119089e-14,1.957508014030086e-27,1.3701763609721812e-27,2.368322403078581e-32,-9.631266908231469e-32,1.0187344231104777e-17,1.4687716698167854e-17,1.212964101840719e-15
3.22e+22,8.28318771057926e-05,0.9999170811929179,2.9369433361771678e-08,3.2082966051190804e-09,5.4352246240926744e-08,3623.3251491734195,0.24865901461544967,0.5406895556051118,1.0613778877325069e+25,2.759895833157486e+25,4.6987327419916695e-15,3.9320053825800516e-32,4.096157110072138e-32,1.558089110710572e-33,1.1790659974536098e-32,9.073780723074616e-20,1.5135981497950915e-19,3.921126923974586e-17
3.22e+22,0.00021075266503301976,0.9997890250050329,7.305150892170037e-08,1.5692059419006494e-08,1.3358636577837954e-07,4481.67487450857,1.9658104829557694e-12,0.5793691338385086,134802639365699.61,2.6494560483501163e+25,5.451365134666384e-15,2.3593457902443852e-29,1.5789760346767363e-29,-1.8425240091256586e-33,-1.5762365740673405e-32,1.0463843360238425e-18,1.5870754124302947e-18,1.9591030314666154e-16
3.22e+22,0.0001396729586324412,0.9998601859876978,4.6410975185325634e-08,8.66977745634195e-09,8.597291721939985e-08,4196.554622765542,0.10915816124736315,0.5706820133438921,5.931417753612921e+24,2.6890345524868802e+25,5.2342028113924555e-15,3.570417035773225e-30,2.3463717267751838e-30,8.435893555796202e-34,6.186791220765191e-33,5.217045086376304e-19,8.128443008441804e-19,1.235808106696402e-16
3.22e+22,0.00015983287851423792,0.9998399771727697,6.251664122240507e-08,1.1520558576485978e-08,1.159115162983091e-07,4173.2627370296295,1.830406492569842e-12,0.5394895731494858,139337888585590.8,2.738018616192806e+25,4.914216947695583e-15,2.7740907965701893e-30,1.830796808883724e-30,1.7442291371464102e-33,1.3052364783210088e-32,4.525856622482562e-19,7.070402593613371e-19,1.0974633770029187e-16
3.22e+22,0.0001620172397807327,0.9998378105362504,5.65950895648752e-08,1.1035899181427232e-08,1.045929801575824e-07,4273.273962606253,1.8742352369729934e-12,0.5524182379740581,137851572561243.06,2.7088411077452806e+25,5.087155928780533e-15,5.774526047085238e-30,3.8132797993501954e-30,7.890794947722671e-34,5.6214943325455756e-33,6.029352702709816e-19,9.323385298833915e-19,1.3367723274300477e-16
3.22e+22,0.00029868160623029645,0.9997010136936606,1.0108808745097431e-07,2.38751237810975e-08,1.797368977673888e-07,4762.6069473538,2.2793020724211472,0.9050977410058135,2.9106014292911313e+25,1.8549112251098593e+25,9.899924262657922e-15,3.708890693013862e-28,2.5327667764361807e-28,-5.232514674048434e-32,-4.344467467363491e-31,5.715189978528183e-18,8.447618787195153e-18,8.415310783727625e-16
3.22e+22,0.0003107080189781706,0.9996891190067608,6.000529622359085e-08,1.574550106087455e-08,9.722346383571143e-08,5261.947676344376,0.06592505920340717,0.690099108755432,3.1337588420114627e+24,2.429605528502289e+25,6.961112901256483e-15,1.7789701525427034e-27,1.2584472618069573e-27,2.204809296219583e-32,-1.2266662831604994e-31,5.84372582401976e-18,8.35236189277273e-18,6.540095897896455e-16
3.22e+22,0.00010231746525154996,0.9998975511259578,4.437107425673205e-08,4.927148009362885e-09,8.211056821808943e-08,3633.861371437308,1.5937316260742399e-12,0.46974553069459324,147679609095668.06,2.901589509106857e+25,4.0064356575078e-15,4.257223358091472e-32,5.595547736256148e-32,2.7759511124064572e-33,2.1007604898016066e-32,7.482306593528181e-20,1.2466730663746024e-19,3.201116664254782e-17
3.22e+22,0.00010182107166515633,0.9998980481554018,4.417371109339142e-08,4.857878289587505e-09,8.174134362267509e-08,3627.438466148522,1.5909225457295053e-12,0.46891509383027646,147781872405989.88,2.9035824593776036e+25,3.995920833410842e-15,4.0950934945666703e-32,5.497028711862391e-32,2.778968180550805e-33,2.103045894091701e-32,7.300529224122859e-20,1.2174677973773333e-19,3.1480194345677064e-17
