n0,ne/n0,(Ar)/n0,(Ar*(1))/n0,(Ar*(2))/n0,(Ar*(3))/n0,Tg,E,energy,mobility,diffusion,C0,C1,C2,C3,C4,C5,C6,C7
3.22e+22,0.0008810652654320017,0.9991186287560155,1.4604915797881973e-07,4.203192544297021e-08,1.1789746890460909e-07,6954.243930858731,0.5166793037044161,0.9596155028568499,9.106517584497293e+24,1.9540269716232163e+25,1.0848016183144679e-14,7.073535584042518e-25,5.445876657771234e-25,4.7832141140403957e-29,1.267805264294348e-32,6.924675021608894e-17,9.126967243998123e-17,3.898788288200262e-15
3.22e+22,0.000529714248495989,0.9994700823109914,8.097759681640949e-08,2.240608480684271e-08,1.0005683112510752e-07,6102.208712058329,0.3238709326726397,0.8378302200910035,7.630377454758783e+24,2.144713373603872e+25,9.018046095639979e-15,5.488017503721487e-26,4.0599608546852705e-26,2.2922290593300397e-30,1.496386350258486e-30,2.4133761673731903e-17,3.293990053873559e-17,1.8214388423181034e-15
3.22e+22,0.0009119886161777132,0.9990877072807264,1.5548216893375418e-07,4.7330925876604444e-08,1.01290001067999e-07,7206.7700488505725,2.8549692329004857,1.192525429584811,2.727552603305846e+25,1.5803652498645207e+25,1.436484152299431e-14,2.1536580321532162e-24,1.6760319400514828e-24,1.6627649424983192e-28,-2.7362574904498882e-30,1.4272601920235748e-16,1.8620722351255632e-16,7.331099223105483e-15
3.22e+22,0.0007636066445841249,0.9992361325255978,1.1866663131043409e-07,3.351378341537872e-08,1.0864940345729821e-07,6731.794358597187,0.8075076708736821,0.9620138160350962,1.2610566736558454e+25,1.9163562760866154e+25,1.0850463493381075e-14,4.158545735756583e-25,3.170586688396227e-25,2.491785644949319e-29,3.7376672224286027e-31,5.778234297792002e-17,7.677847240597253e-17,3.4786537244520382e-15
3.22e+22,0.00043090290086022793,0.99956891232536,6.924878770309475e-08,1.8988093316730637e-08,9.653689886707396e-08,5778.015211810376,0.08258724371009382,0.7587701648864802,3.291464201576432e+24,2.305626369163009e+25,7.943100611463519e-15,1.5879434080334132e-26,1.1547192295984008e-26,5.743438873620875e-31,1.796901669657413e-30,1.4063927078270312e-17,1.950853383750269e-17,1.2176229746950776e-15
3.22e+22,0.0022598175948930713,0.9977387197214335,8.619326890917569e-07,3.415194903040694e-07,2.5923149409736934e-07,8513.25340886199,6.2733914096721,1.5689669448688703,4.0500113912931725e+25,1.2883309021051398e+25,2.0483235890118447e-14,4.27512158664885e-23,3.492264462658703e-23,5.9402244586275036e-27,-9.869012924711428e-29,6.091220256924803e-16,7.65374958508817e-16,2.2762494577093503e-14
3.22e+22,0.0009933526556628175,0.9990062850174187,2.0348330374395498e-07,7.033100843722192e-08,8.851260632026826e-08,7587.8464515272435,5.14829228620498,1.4138665045698682,3.7669051214299977e+25,1.3840133146467326e+25,1.786266580928077e-14,8.009125693985881e-24,6.329988176058474e-24,7.474461141361241e-28,-7.047084924751215e-30,3.0908548717495187e-16,3.974135709139546e-16,1.3916667821440983e-14
3.22e+22,0.001099910133523508,0.9988996793852818,2.2250381911718894e-07,7.232444342911337e-08,1.1565293221340508e-07,7509.244604468834,0.7266184704220262,1.0437339253312408,1.0717748326971164e+25,1.8370028252651353e+25,1.214421563490286e-14,2.7358487858469736e-24,2.1545023545025164e-24,2.443899832704013e-28,-2.205147367185359e-30,1.227283832889989e-16,1.5880893517715009e-16,5.932623416529374e-15
3.22e+22,0.0008599267512877023,0.9991397785982927,1.403447780219838e-07,4.0379265657590755e-08,1.1392637597771663e-07,6937.9667321461575,1.0389879917454774,1.006531689448448,1.456309449443874e+25,1.844884104920233e+25,1.1524872133057211e-14,7.510391957014242e-25,5.77827782495352e-25,5.034937276288331e-29,-3.080332396189529e-31,7.519335776278776e-17,9.914686122064452e-17,4.243922879560366e-15
3.22e+22,0.0016874383382418138,0.9983117499617825,4.514303480911514e-07,1.5095522966911958e-07,2.0931439779799718e-07,7895.502748110693,1.0010715507808887,1.1086012548909912,1.28556025286582e+25,1.7490146424213957e+25,1.3154421376789227e-14,6.081696390932274e-24,4.859501258940532e-24,6.4829575757424325e-28,-1.2457854925716905e-29,1.730948884287868e-16,2.2167187229684713e-16,7.687741547859749e-15
3.22e+22,0.0005895649332075965,0.9994102199456366,8.882810082147659e-08,2.4656190393189597e-08,1.016368645775673e-07,6284.132436671365,0.19808638202529721,0.842383477304889,5.42065380779112e+24,2.1582223853776753e+25,9.12496350562432e-15,9.692323813354539e-26,7.235938813832432e-26,4.4973404586566514e-30,1.362224537791377e-30,2.978443766920738e-17,4.031700535749547e-17,2.0963122224157314e-15
3.22e+22,0.00107582537141315,0.9989237774344256,2.0216482949207328e-07,6.067969629900391e-08,1.3434963540538193e-07,7270.06083606609,0.5539498877403531,1.0000217490142056,9.159676503927767e+24,1.9027286855213485e+25,1.1474442448388535e-14,1.5376642911986075e-24,1.1995240855252763e-24,1.2231285951896821e-28,-1.3045375174273658e-30,9.529655899359154e-17,1.2427050375001933e-16,4.911460595375239e-15
3.22e+22,0.0004433278286296485,0.9995564863748652,7.024866423980394e-08,1.930022846782528e-08,9.624761258165705e-08,5827.702243725642,0.04055607979135999,0.7569417185450803,1.7810606527366706e+24,2.3093804455292187e+25,7.942319880764172e-15,1.892262520256613e-26,1.3797556079158648e-26,6.9585836007512426e-31,1.7724265032157176e-30,1.4970501371292632e-17,2.0712144980036584e-17,1.267771653949931e-15
3.22e+22,0.0013487892603743664,0.9986506460819335,3.080388213915037e-07,1.0015096265267037e-07,1.564679081715446e-07,7660.23455389404,2.114814635981745,1.1756696219816158,2.1811532912273304e+25,1.6243408586559656e+25,1.4147156609518688e-14,4.731164234809794e-24,3.74782422622768e-24,4.5404823169655945e-28,-7.366181030771009e-30,1.7547467585343572e-16,2.2599393394714e-16,8.137946590688614e-15
3.22e+22,0.000742746011007288,0.9992570246409647,1.2727946380356528e-07,4.362508318482235e-08,5.844348109745255e-08,7368.084775814285,6.098434408141741,1.4682680346405101,4.17649962547264e+25,1.3398486808432786e+25,1.870486938516105e-14,6.564816515379183e-24,5.145573124016892e-24,5.534278665739134e-28,-4.588260489561379e-30,3.2776798632398477e-16,4.2337535037391833e-16,1.5187871326093538e-14
3.22e+22,0.0010984920430797517,0.9989008951796235,3.7503118845769914e-07,1.6645884522033788e-07,7.128726323395032e-08,8191.969432646783,9.51836849786824,1.7780755965534223,5.0555877220319944e+25,1.1608364053302974e+25,2.394767346363966e-14,5.1982534552893107e-23,4.2046751069243946e-23,6.418519190647144e-27,-2.003307246707516e-29,9.187432084208701e-16,1.1545629172465215e-15,3.354910968826528e-14
3.22e+22,0.001293704017616125,0.9987057434436503,3.133562318337401e-07,1.0975222638868855e-07,1.2943027526626026e-07,7800.275080833563,2.2762993465601737,1.2041833123467371,2.2620460577725935e+25,1.5956787042022175e+25,1.460159109659837e-14,6.506813687146474e-24,5.1813651201404566e-24,6.653701498283045e-28,-6.850771094652269e-30,2.0272952556502436e-16,2.599737591268736e-16,9.07166463254761e-15
3.22e+22,0.00019816314186172428,0.9998017997794728,1.440382257946237e-08,3.998690469325783e-09,1.86761526381552e-08,5852.28497790111,6.43588089875599,1.3668725698586266,4.6357690879189325e+25,1.389160242202462e+25,1.6961679793723995e-14,1.7885921162259196e-25,1.307595786472366e-25,6.294645309129274e-30,-3.95055126250843e-31,1.1517562652055967e-16,1.5721739425433467e-16,8.214960549262786e-15
3.22e+22,0.0006489669163741559,0.9993508061372555,9.728988313413444e-08,2.712151287371889e-08,1.0253497445885087e-07,6459.967410794829,0.71583641513706,0.9223184571891678,1.20449860900481e+25,1.9736601353158797e+25,1.0245606570201328e-14,1.8775022836419666e-25,1.4136364833796216e-25,9.637458675749922e-30,8.926648344183982e-31,4.1598671503654156e-17,5.587840570605212e-17,2.743104906032058e-15
3.22e+22,0.000311120244842039,0.99968882042062,2.6451887730779764e-08,7.704252260530685e-09,2.517839801146794e-08,6390.1071898179,9.390255724890379,1.629372753597197,5.400230063882178e+25,1.2270016229080324e+25,2.1194303806112474e-14,1.8337165005862483e-24,1.3795066986489192e-24,9.276692112299096e-29,-2.183068645149578e-30,3.620701523433982e-16,4.786210157254253e-16,1.9299278140521208e-14
3.22e+22,0.0005178569621126124,0.9994818789110594,9.885038541662608e-08,2.7159057319893385e-08,1.3811738510347975e-07,5786.8545731605955,0.556359099137983,0.8287461211894722,1.1231115512070087e+25,2.120104087150597e+25,8.83774039438548e-15,1.8612249980801673e-26,1.354135908817438e-26,6.979129213969199e-31,2.8330451913563268e-30,1.6265963734061494e-17,2.2558582626415456e-17,1.40528307967726e-15
3.22e+22,0.000921307766601156,0.9990783815026065,1.5790007626042003e-07,4.779507216240095e-08,1.0503564378991303e-07,7187.341730752625,0.7019670140986329,1.0044478503647338,1.087132019637522e+25,1.8810618036286822e+25,1.1525601518785158e-14,1.3109587222594847e-24,1.0192195272686224e-24,1.0002451498448527e-28,-7.733225570657662e-31,9.076060968254302e-17,1.186456216358164e-16,4.771731604999567e-15
3.22e+22,0.0008090931429761601,0.9991906308839255,1.2840318367118996e-07,3.6553711183071105e-08,1.1101620350382305e-07,6832.504071837484,0.916128164215021,0.9835241121016751,1.355177039217194e+25,1.881049322615794e+25,1.1175363299516262e-14,5.572613509230535e-25,4.267761273624051e-25,3.5293129982447135e-29,6.990931666015346e-32,6.579616127344726e-17,8.709336429332685e-17,3.836196264353566e-15
3.22e+22,0.001838174261379171,0.9981607009899923,6.713094554952083e-07,2.759354962748174e-07,1.7750367669467447e-07,8420.518508938016,7.40531159008148,1.645916780233498,4.434386689497526e+25,1.2384451455087887e+25,2.1746932007036752e-14,4.740754322229211e-23,3.8618262501894085e-23,6.371414009003969e-27,-5.54807837106288e-29,7.133283933624448e-16,8.960452473769445e-16,2.6389276407397644e-14
3.22e+22,0.0025014906993972193,0.9974969275909257,9.093026329886345e-07,3.3162776633652535e-07,3.407792779286292e-07,8417.050597994003,0.7005920712751199,1.1394101427348509,9.449070620550315e+24,1.7453320384281254e+25,1.3688197417754033e-14,1.419398796641241e-23,1.1549466035847345e-23,1.8818853823431722e-27,-6.91526950657462e-29,2.371161668118564e-16,3.0005230833661173e-16,9.568117113529897e-15
3.22e+22,0.0017515759687811603,0.9982475567853629,4.864556653852148e-07,1.654061843891855e-07,2.1538400627223982e-07,7965.8708131921,1.8456884135487388,1.1840778711337203,1.9469816995455143e+25,1.6313764675393545e+25,1.4307593020387115e-14,7.953522811815445e-24,6.3716473537136865e-24,8.747788462233585e-28,-1.77595333771668e-29,2.0838252744781703e-16,2.6628764841309483e-16,9.079194942117104e-15
3.22e+22,0.0005959691277327728,0.9994038696176022,7.725495122735252e-08,2.2840342256873608e-08,6.115937160116281e-08,6810.034584981895,4.099315107556449,1.2593697837446876,3.46511731876806e+25,1.4968831640252235e+25,1.5364630121690238e-14,1.180164987491932e-24,9.03288637319106e-25,7.413206088590524e-29,-1.4818537462922399e-30,1.3800120593576808e-16,1.8217747139273846e-16,7.738530118581349e-15
3.22e+22,0.0005739505862423394,0.9994257999308448,1.5486428973012805e-07,6.855787237734276e-08,2.6060750765546052e-08,7758.045231174975,11.594688147762689,1.8811563196375378,5.617964157813284e+25,1.103958937857507e+25,2.5658428656295705e-14,4.0378148767008425e-23,3.2191168425453216e-23,4.1864632729244634e-27,-9.455142698686776e-30,1.0586761545736284e-15,1.3368403720974717e-15,3.934407390992577e-14
3.22e+22,0.0015269156888066894,0.9984723490401066,4.2383954042761176e-07,1.5384912325699516e-07,1.5758242300604696e-07,8006.107876912932,2.292954719400064,1.225919564630227,2.239203416834974e+25,1.5792923784971518e+25,1.495941003849751e-14,9.497823756460011e-24,7.619786086349432e-24,1.0630773755675668e-27,-1.1957163916893474e-29,2.349033673865484e-16,2.9963532747211917e-16,1.0069005168775581e-14
3.22e+22,0.0018458224349310003,0.9981530727499552,6.567404385706744e-07,2.6517790192349906e-07,1.828967731132473e-07,8385.31583295734,7.012067613953529,1.615324929188587,4.313727910681119e+25,1.2568682117761608e+25,2.123284454185419e-14,4.192723763847295e-23,3.411035303907026e-23,5.549628899221098e-27,-5.349413568755734e-29,6.583386447079994e-16,8.281255475255558e-16,2.4681454960717796e-14
3.22e+22,0.0007867923315039338,0.9992129369187032,1.24027435878704e-07,3.508564487875924e-08,1.1163671215226412e-07,6766.7866001473485,0.40399765006881877,0.9260051600010802,7.940071558759392e+24,2.010848797642579e+25,1.0345997698361142e-14,4.220509638054479e-25,3.2228238481685707e-25,2.578796729208154e-29,5.463434032477825e-31,5.54781106898926e-17,7.362751993847884e-17,3.3082434177408464e-15
3.22e+22,0.0025705628808975756,0.9974278155027679,9.236250918064459e-07,3.281111104853404e-07,3.698801321361118e-07,8377.773429540717,1.5897933365086478,1.201908045334924,1.7059403850411657e+25,1.6311898171648724e+25,1.4624694595630492e-14,1.478064066150252e-23,1.201163188732865e-23,1.9299612426780052e-27,-8.889950058819572e-29,2.573399936852532e-16,3.2595473482527943e-16,1.0454296008431694e-14
3.22e+22,0.000741913552679522,0.9992578372628588,1.1322183791421064e-07,3.200109188096296e-08,1.0396153182031354e-07,6716.683538839222,1.2138801489691813,0.9981993723837526,1.6516496335794211e+25,1.8378270295017208e+25,1.1380413255086765e-14,4.365554076057396e-25,3.3262263600298973e-25,2.593680656423242e-29,1.4016215287757216e-31,6.201290864172256e-17,8.243044162003087e-17,3.741331408185122e-15
3.22e+22,0.00042910538355446634,0.9995707901932203,4.580842393736659e-08,1.3030621966112135e-08,4.55841794310155e-08,6439.082652922221,4.396152776271782,1.2504918315886877,3.6850267535332797e+25,1.4951158710064967e+25,1.519961678789259e-14,4.989005010975107e-25,3.754592600962027e-25,2.536097685292456e-29,-7.362266602097898e-31,1.0811280003969941e-16,1.4466823095586194e-16,6.749732598863981e-15
3.22e+22,0.0016566915020873492,0.9983423228754773,5.912786262243947e-07,2.465715141388464e-07,1.4777229485922796e-07,8366.703512583945,7.154535001960565,1.6261044601060972,4.355983952113708e+25,1.2500581693019564e+25,2.1410877973407884e-14,4.2506729983235456e-23,3.456078404792459e-23,5.5855217949438104e-27,-3.8742837860591967e-29,6.73988256289828e-16,8.477218959803447e-16,2.521593380318854e-14
3.22e+22,0.00030414932153471176,0.9996957849061957,2.7162950391989746e-08,7.631970705293493e-09,3.097734848420706e-08,6155.689346881037,5.232978280014773,1.2950905868534426,4.110546938624279e+25,1.4499043919498114e+25,1.5869024360906242e-14,2.947918801412907e-25,2.1885102759657356e-25,1.2615217464181314e-29,-5.207064198376415e-31,1.0607822651134544e-16,1.4335799854261554e-16,7.107463282853731e-15
3.22e+22,0.0003524217379200204,0.9996474538080102,4.6755433702868767e-08,1.2804234229788283e-08,6.489440166696421e-08,5773.505407915913,2.1131718009797447,0.9850570917836179,2.5507205934647755e+25,1.7855402189118005e+25,1.1126612343468595e-14,2.9677822231514924e-26,2.1578108160088633e-26,9.947637390532506e-31,6.544594993760205e-31,2.599369673611078e-17,3.600629762386086e-17,2.2063350506921694e-15
3.22e+22,0.0002522100848559165,0.9997477320562732,2.2397404093025574e-08,6.188384373547008e-09,2.9273082369897925e-08,5878.416115898301,8.685715087207036,1.5394471183518663,5.331326232665776e+25,1.2754077708049447e+25,1.9685430870904492e-14,3.98506155846851e-25,2.9207108135338506e-25,1.446115773862194e-29,-1.4799335166137139e-30,2.1833262047608385e-16,2.9521484677505777e-16,1.394177880671932e-14
3.22e+22,0.00012377114416774312,0.9998762149371048,5.9798528421252595e-09,1.7689095114578917e-09,6.169965204194961e-09,5994.163947300298,12.686009393791924,1.8192077236489792,6.228841599269399e+25,1.1229757644204627e+25,2.4311944300279247e-14,1.701051819213365e-24,1.257654410485304e-24,6.90856012263007e-29,-1.1528462712772222e-30,5.748969024180442e-16,7.603426434514957e-16,2.9302535075304223e-14
3.22e+22,0.001381519159932696,0.9986178967191258,3.1496739775411725e-07,1.0042110003768766e-07,1.6873244367431025e-07,7625.221614117502,0.41686770008273394,1.0286568181078746,7.192360757195311e+24,1.8872224665176127e+25,1.194738832835872e-14,3.280401243447664e-24,2.594914760567074e-24,3.0946372252577783e-28,-4.522444513385067e-30,1.282841562991879e-16,1.6550787925005423e-16,6.0560492825970646e-15
3.22e+22,0.00036812496278901236,0.9996317579023268,4.528473232667009e-08,1.2476837445931408e-08,5.937331423072194e-08,5920.963478147436,2.5854117232146328,1.0435956112598126,2.833289523708825e+25,1.7073379869693155e+25,1.2013981090692811e-14,5.843037807831413e-26,4.282711820846147e-26,2.139419947784678e-30,3.5845430371239726e-31,3.6546818063491095e-17,5.021182324213125e-17,2.8852853981546994e-15
3.22e+22,0.00041477997454830885,0.9995850988028758,4.915666127714602e-08,1.365658180082662e-08,5.840933274936661e-08,6144.955666413787,6.0139950315489425,1.3567597662068354,4.418930941912346e+25,1.401063411423297e+25,1.682531227203311e-14,3.6253199488804293e-25,2.690717674401779e-25,1.5439025997750212e-29,-1.5297373013311253e-30,1.3047241880519335e-16,1.7607795723451733e-16,8.557317012458923e-15
3.22e+22,0.0005442475250367145,0.9994555478848887,8.232538275664946e-08,2.280189583308987e-08,9.946279604967007e-08,6156.313220551813,0.07403984085602064,0.8047699259413921,2.767141660694186e+24,2.2303489526257223e+25,8.624969997048337e-15,6.153242295776864e-26,4.564613084968781e-26,2.6553507986499735e-30,1.5369523841798378e-30,2.426598527529429e-17,3.303748926571406e-17,1.7933162069231096e-15
3.22e+22,0.0023827895276306004,0.9976157199210725,8.623993593351857e-07,3.206233717482671e-07,3.075285659612801e-07,8415.775291729058,3.756106037244645,1.373588164635102,3.006558642324275e+25,1.4369153118756208e+25,1.7315431998557768e-14,2.313125427745143e-23,1.8825734381540327e-23,3.0751843837126026e-27,-8.711388957552896e-29,3.7759239726969265e-16,4.769613685572742e-16,1.490109221249008e-14
3.22e+22,0.0008822735053675482,0.9991174362625902,1.5589344497423207e-07,5.056022677117466e-08,8.377837042759096e-08,7352.7433849605295,4.388337163341467,1.3327043414977506,3.486596469131237e+25,1.4452180912391426e+25,1.6556170206553547e-14,4.2461666058680744e-24,3.324823035183255e-24,3.5355231449640385e-28,-4.3451594014591406e-30,2.2469947203665296e-16,2.912303073609937e-16,1.0840582560166991e-14
3.22e+22,0.0015544095623285816,0.9984446395750874,5.750151260309582e-07,2.4836223060070314e-07,1.2748522739010008e-07,8393.836531887924,8.407898292565495,1.7157984451211394,4.730726956130674e+25,1.1972066907136362e+25,2.2919009660596622e-14,5.562255915363449e-23,4.528258190096846e-23,7.420648375912678e-27,-3.869603921843189e-29,8.341684864009747e-16,1.0463141168888368e-15,3.029876692512445e-14
3.22e+22,0.001277452115110682,0.9987218787403902,4.030704577849477e-07,1.673068185463587e-07,9.876722282905854e-08,8158.221280212768,7.349038909840894,1.6256149119024046,4.4471911201915935e+25,1.2478035553899888e+25,2.1372878452602612e-14,3.295182146853824e-23,2.660339060053588e-23,3.978452137409046e-27,-1.9742587850188485e-29,6.373974899069465e-16,8.049081161002467e-16,2.4545397389119988e-14
3.22e+22,0.0006022453810345885,0.9993975363781337,9.075759452487569e-08,2.520739375520896e-08,1.0227584350632991e-07,6318.345109751739,0.36023154621786396,0.8679290790083872,7.885159848547458e+24,2.09525798184411e+25,9.465629407514672e-15,1.12280210631281e-25,8.396513158039299e-26,5.31130051547691e-30,1.2578275562251525e-30,3.232827262558857e-17,4.369372226701e-17,2.246044192966824e-15
3.22e+22,0.0002802437642803023,0.9997197083796011,2.4344933859637796e-08,7.871636956041049e-09,1.563954766679805e-08,6654.495715001164,11.281040453619397,1.7775230498195878,5.788526597020551e+25,1.1484690614917269e+25,2.36945202227744e-14,5.296440690596245e-24,4.037725369237089e-24,3.164564643823103e-28,-2.742151437372772e-30,6.138536678664235e-16,7.990134480996689e-16,2.8484257586669064e-14
3.22e+22,0.0013027662082093316,0.9986965708693721,3.967602740054877e-07,1.6083125719761514e-07,1.0533088726180197e-07,8120.727066056786,7.553437842926027,1.6364200455012616,4.520756715639671e+25,1.2406951798007185e+25,2.1545762472688187e-14,3.223458227947358e-23,2.599245281372179e-23,3.834933192144465e-27,-2.1525491063879947e-29,6.462516446618893e-16,8.165735646082197e-16,2.4964709497163306e-14
3.22e+22,0.0006713414760985513,0.9993284687306093,9.411122238212814e-08,2.8379510328813207e-08,6.730255926803311e-08,6965.647576855278,5.1544619842856205,1.359052975416759,3.8991808650268885e+25,1.4143165741573771e+25,1.6931464543353086e-14,2.234736917565099e-24,1.722470747159083e-24,1.5314006406195448e-28,-2.9325949227413682e-30,2.012451982669961e-16,2.6376173274233093e-16,1.05541785455829e-14
3.22e+22,0.0004946279491003918,0.9995052388559821,7.652070807023957e-08,2.802054095106733e-08,2.8653668407273895e-08,7251.5047087149915,9.803327329049383,1.7251896637202686,5.3121384423509865e+25,1.1809086081031857e+25,2.289828286850053e-14,1.212985731359834e-23,9.476530368189694e-24,9.821620187513425e-28,-4.90450437544764e-30,6.310220117874992e-16,8.108379989316031e-16,2.7104267613808336e-14
3.22e+22,0.0005208901710983349,0.9994789790180122,7.134196074898615e-08,2.4186818409012098e-08,3.528211037871595e-08,7120.010102148394,7.363584760886103,1.5424609390654136,4.65664715866242e+25,1.2867236320726074e+25,1.9868754338229883e-14,5.422675196653443e-24,4.209606032944322e-24,4.059895824376142e-28,-3.1183924164844637e-30,3.6640734021340123e-16,4.755359237258646e-16,1.7408106651652875e-14
3.22e+22,0.0001902805393044218,0.9998096932882706,1.205098649656008e-08,3.669709845477875e-09,1.0451728635647798e-08,6291.775903369964,12.196260257596826,1.8096303605937205,6.063609093213725e+25,1.1296083391150705e+25,2.418913863252226e-14,3.0148367234015717e-24,2.2613470413916307e-24,1.4692335339385678e-28,-1.8905563523824245e-30,6.078367620491415e-16,7.975808769041263e-16,2.9515807098112336e-14
3.22e+22,0.0004538195852698941,0.9995460770291291,5.153083794874938e-08,1.608051902789215e-08,3.5774244000752316e-08,6795.872028408009,8.257591338114244,1.5807415643265381,4.999804985071331e+25,1.2593224275485255e+25,2.0449708913510186e-14,3.417064884996247e-24,2.6172800945316256e-24,2.1654588996623165e-28,-3.0843359400849808e-30,3.6244675001782495e-16,4.742161450172395e-16,1.814323542135876e-14
3.22e+22,0.00048526969210125866,0.9995145366632031,7.51110693201509e-08,2.072396380694151e-08,9.780966265448319e-08,5968.343504099086,0.08547035469837119,0.7832911234312758,3.2339301760979944e+24,2.2643922305261726e+25,8.301101730357489e-15,3.2172174924984127e-26,2.363572323551019e-26,1.2552432426791797e-30,1.6767458131270194e-30,1.8703583882815244e-17,2.5693832474110945e-17,1.4912129132735794e-15
3.22e+22,0.0006174423888311562,0.9993823377636174,9.24751394833697e-08,2.571622785860558e-08,1.0165618414268442e-07,6371.738765512265,0.6312292882261945,0.9037086453486565,1.1226067262076195e+25,2.0076520328899526e+25,9.969160117973267e-15,1.4098108884265775e-25,1.0570241421566495e-25,6.874517716399998e-30,1.0573881660763958e-30,3.670177744440025e-17,4.94864046913753e-17,2.4982447510010302e-15
3.22e+22,0.0005173207876688585,0.9994824786999597,7.924846365105654e-08,2.191275982733274e-08,9.935114811461802e-08,6066.620136006446,0.1826604567997892,0.8134224952702742,5.358150640734693e+24,2.205040261163052e+25,8.696768634457215e-15,4.683225133008512e-26,3.458256934874438e-26,1.9205334601973726e-30,1.5730611880271812e-30,2.2154978261975888e-17,3.029054555560807e-17,1.6964982967472803e-15
3.22e+22,0.0006759961847877416,0.9993237618561553,1.0402485341109881e-07,2.8996402461847937e-08,1.0893780096510739e-07,6480.77924527707,0.6339247715317916,0.9164200020398102,1.109726257646099e+25,1.991314693404142e+25,1.016411901712072e-14,1.957373608676806e-25,1.4752233173529837e-25,1.0173644052404267e-29,9.853383260878464e-31,4.184059809091778e-17,5.615914775787357e-17,2.741361578621818e-15
3.22e+22,0.0005090876677663014,0.9994907116029138,1.2440408943927903e-07,5.400371057726483e-08,2.232152003513018e-08,7641.643323030849,11.78315906455193,1.8843054239065764,5.6813840731595484e+25,1.1015119481427373e+25,2.5692944666144995e-14,3.4954408405792696e-23,2.775027967204553e-23,3.443766469960342e-27,-8.197164287631825e-30,1.039606583791766e-15,1.3156620553749939e-15,3.9185863080771104e-14
3.22e+22,0.0003635210894448348,0.9996363756627743,6.28127512890711e-08,2.5378861673835456e-08,1.5056167880087594e-08,7284.130597117385,12.23301163126091,1.8856238962843415,5.849427169524263e+25,1.0982626020870972e+25,2.5654082918129462e-14,2.1282537626350254e-23,1.666976105773276e-23,1.7779798561115808e-27,-5.484871965202239e-30,9.62229583852601e-16,1.2268502766252161e-15,3.808764484327027e-14
3.22e+22,0.00047439664203949246,0.9995253909032715,8.025222654658175e-08,2.2056474220190765e-08,1.1014598829804901e-07,5828.6425354335,2.968614623836785,1.0694813421106981,3.0894098388011265e+25,1.6686961318597713e+25,1.2401000960828765e-14,4.7790202402852895e-26,3.4857438342032397e-26,1.6582158917734754e-30,7.556886490486173e-31,3.6708440296696244e-17,5.0658101878787355e-17,2.9978616593988902e-15
3.22e+22,0.0014193482865320346,0.9985800130523058,3.63068485849962e-07,1.2754305371765068e-07,1.480496224454737e-07,7879.2991542756845,0.7454037173867466,1.0874083217730333,1.0463778251125197e+25,1.7914870895955076e+25,1.2840951249347629e-14,5.8244469725642035e-24,4.65100484144334e-24,6.161946952645769e-28,-6.2379461945478755e-30,1.6726690373927592e-16,2.1420027776497765e-16,7.425925683145743e-15
3.22e+22,0.0005055077025865708,0.9994942954598598,7.736862649778022e-08,2.1381565644113515e-08,9.808736132472551e-08,6036.655882292778,0.06014846777433588,0.787003689203315,2.3956169209955352e+24,2.2593805944043957e+25,8.371089380411777e-15,4.0654824840672465e-26,2.9974459547819153e-26,1.643172991731909e-30,1.6347362536345046e-30,2.0462682534235606e-17,2.801696700044481e-17,1.5861125870779201e-15
3.22e+22,0.00015489377551958724,0.9998450871514195,9.235831759186768e-09,2.939129617970872e-09,6.898099476728641e-09,6294.966279162447,13.053447268172183,1.8636847107051877,6.2307877334572475e+25,1.1026442125860222e+25,2.5116983360729338e-14,3.746470999243609e-24,2.8123048869180155e-24,1.843618186407934e-28,-1.804129675495516e-30,7.125290677089262e-16,9.315633130748888e-16,3.333546195394169e-14
3.22e+22,0.00019551105221112913,0.9998044584347031,1.269119637853732e-08,3.631538041279837e-09,1.4190351260094145e-08,6065.080632391578,7.999099573175875,1.504027010423028,5.088521581030104e+25,1.299076300981446e+25,1.9137903625689413e-14,5.444462646049749e-25,4.0278497667625184e-25,2.229352624096008e-29,-6.906734647629492e-31,2.1017795921993356e-16,2.8268461570696684e-16,1.3033849770808739e-14
3.22e+22,0.0007837825340390825,0.9992159643995361,1.2105966810098622e-07,3.520285207740647e-08,9.680390452498111e-08,6909.276357098345,2.07438358213966,1.0956488088205572,2.288351823743631e+25,1.6898774146296572e+25,1.2860173518912781e-14,8.853665522756326e-25,6.803840817326081e-25,5.848473410763191e-29,-9.106803757926845e-31,9.171628768170089e-17,1.2096659007905337e-16,5.170590999727351e-15
3.22e+22,0.001148434757513101,0.9988511291776706,2.2788295857344401e-07,7.021673280363414e-08,1.379651249536566e-07,7399.910158531712,1.3897320259288473,1.087792137978665,1.6884114924842412e+25,1.7387368531481643e+25,1.2784323559233585e-14,2.3926517839554598e-24,1.8762820896316565e-24,2.029259320819852e-28,-3.0467144907878872e-30,1.2399337570479035e-16,1.6098435388183738e-16,6.1548388094893615e-15
3.22e+22,0.0012406517857388743,0.998758856333602,2.594395495313965e-07,8.053720247610299e-08,1.5190390698473455e-07,7476.873111959101,0.4378304492344613,1.0132915396390614,7.590133045346508e+24,1.9018540409694484e+25,1.1701025112895546e-14,2.4018832507126863e-24,1.8891518293867575e-24,2.113170678281888e-28,-2.7316121354351144e-30,1.1311861652144214e-16,1.4657277016605192e-16,5.532228868180149e-15
3.22e+22,0.00044935242891436017,0.9995505425055136,4.8266766269588024e-08,1.4040026813715224e-08,4.275877911041847e-08,6593.5466428128675,4.983375562320191,1.3127906136245362,3.907936128739574e+25,1.4443039868370393e+25,1.6176391003849913e-14,8.860388063095276e-25,6.717360898291845e-25,4.9404905557195575e-29,-1.1276698857498139e-30,1.4456920744138433e-16,1.9205557640526922e-16,8.461961397911489e-15
3.22e+22,0.0024241389460550504,0.9975742798411491,9.239408812173558e-07,3.56086777848074e-07,3.011851368822456e-07,8512.837382881738,5.069639730057142,1.4800244392464061,3.588565318297823e+25,1.3511582645705357e+25,1.9032256742199732e-14,3.3915723192520244e-23,2.769778191149803e-23,4.697517048946508e-27,-1.1192367488303434e-28,4.956904976013923e-16,6.239629549179714e-16,1.8914970822237124e-14
3.22e+22,0.0007856101819202781,0.9992141494353332,1.2206332947975933e-07,3.7224871663897727e-08,8.10945453037318e-08,7114.070735095846,3.6841002464339523,1.2530832455455865,3.197279691187514e+25,1.5121367197582456e+25,1.529250531524444e-14,2.1470630240819685e-24,1.6647317783710826e-24,1.5836148170882432e-28,-2.546248888868439e-30,1.6006309085327213e-16,2.0923767670815826e-16,8.31367290450066e-15
3.22e+22,0.0006751331737922126,0.9993246777441763,9.887780815433033e-08,3.141234774102855e-08,5.8791875639075994e-08,7131.857367256941,5.1829856937117285,1.3764519313667192,3.873794417036425e+25,1.4039629172556092e+25,1.722163670741842e-14,3.2547343166284026e-24,2.5262208469072963e-24,2.4319372942331556e-28,-2.950275567834839e-30,2.293215392647104e-16,2.9887283319030875e-16,1.1494258676488133e-14
3.22e+22,0.0025778274926625136,0.9974204760666758,9.829893514302144e-07,3.691375174190582e-07,3.443137926604093e-07,8507.67966813764,4.559004674692185,1.4398713938458485,3.3748188694187205e+25,1.3820565888836031e+25,1.8382550220944107e-14,3.0177236466903954e-23,2.4638536773126692e-23,4.166762849929479e-27,-1.3767624231803878e-28,4.494377395785924e-16,5.663153489204883e-16,1.7336729215729354e-14
3.22e+22,0.00043177987753828425,0.9995680423535257,6.714646405840025e-08,1.8438176105898153e-08,9.218429593758525e-08,5819.374251398427,0.8269794980335509,0.8621259778954609,1.4322475326036745e+25,2.0357092399398964e+25,9.313537606068258e-15,2.3054438741488884e-26,1.6802834072422577e-26,8.229884007962895e-31,1.4422927397803756e-30,1.8527254753463813e-17,2.5637930684850543e-17,1.5696345318475947e-15
3.22e+22,0.0019872096963167094,0.9980115885203867,7.097917070574721e-07,2.806136442388399e-07,2.1137794540220313e-07,8401.210075592651,5.446272654595637,1.5028853290423414,3.7472083093954166e+25,1.3327202106197556e+25,1.9391952880605623e-14,3.19655664816641e-23,2.6009973779834867e-23,4.2391328921216155e-27,-5.442615536673916e-29,5.097828554567659e-16,6.425137204069779e-16,1.959264520035716e-14
3.22e+22,0.0017248319752053642,0.9982742905037695,5.027626456502147e-07,1.79955615638686e-07,1.9480276401926944e-07,8068.518128626374,3.0005274556904937,1.2870074870933925,2.656075962044284e+25,1.5113283342276826e+25,1.5915105721589313e-14,1.1898317775114524e-23,9.567705558407073e-24,1.3693093787024458e-27,-2.1700210168529098e-29,2.749023596007871e-16,3.500402309392447e-16,1.1592379266945203e-14
3.22e+22,0.0004642189772808207,0.9995355920272244,7.24302681775413e-08,1.994881689445049e-08,9.661640967965591e-08,5902.241429290025,0.02220442803539646,0.7641429957560757,9.873933401926296e+23,2.2971904550222323e+25,8.054750607080258e-15,2.4876660675777733e-26,1.821199648676341e-26,9.422430133281056e-31,1.7303492395188696e-30,1.6681601899202245e-17,2.2991716749420774e-17,1.3676770491664264e-15
3.22e+22,0.0004588261558814005,0.9995409956090179,6.881353232182668e-08,1.896922249383737e-08,9.045234590344452e-08,5938.67280330982,1.0019258194163312,0.8932386484133983,1.5918059349308703e+25,1.975428427202094e+25,9.773629541613743e-15,3.729737531585769e-26,2.735868493365505e-26,1.4082095341142803e-30,1.2483013435993786e-30,2.300372037512036e-17,3.1636614453592524e-17,1.8485303306956763e-15
3.22e+22,0.0009053079520317924,0.9990943913639388,1.608913376349046e-07,5.177256581506583e-08,8.80201257956514e-08,7357.059864560974,3.7610447308231536,1.2823885237298787,3.1865818584908216e+25,1.4913403289855243e+25,1.5770239592122154e-14,3.700474441032065e-24,2.8976874677308143e-24,3.083222237011293e-28,-3.817916261109255e-30,1.9673431279939703e-16,2.55163819183067e-16,9.583999909866796e-15
3.22e+22,0.0002887328510714829,0.9997111920791362,2.9008107368021924e-08,7.999343856980096e-09,3.8062341067298256e-08,5888.501620108234,4.058185293640372,1.1724454743995143,3.652124403276522e+25,1.5551048872625376e+25,1.396903440340632e-14,8.781114815786951e-26,6.427017681996992e-26,3.1395676999547018e-30,-8.423776630318331e-32,5.686278318939285e-17,7.802021585464848e-17,4.373633581500262e-15
3.22e+22,0.000547372682845359,0.9994523927936347,9.16379452118829e-08,2.5327227619172318e-08,1.175583471505425e-07,6018.066461134036,1.7900940277359145,0.9783672107999702,2.260778723590446e+25,1.8130568498173807e+25,1.1037337235711404e-14,6.133660545487042e-26,4.518356364702198e-26,2.419743296467956e-30,1.3054847972908474e-30,3.188858608462176e-17,4.366907949940295e-17,2.4633829229190185e-15
3.22e+22,0.001289450642258294,0.9987098303796677,4.3599028957462087e-07,1.8705102198214195e-07,9.593676252806071e-08,8236.5517915008,8.77038897648084,1.730004681026725,4.854070659708591e+25,1.1875835531755424e+25,2.3134753386122095e-14,4.805062596488403e-23,3.8915774209871236e-23,6.0245097298348284e-27,-2.5405472315612814e-29,8.303511935765366e-16,1.044136982271004e-15,3.064417698751471e-14
3.22e+22,0.000582398286981341,0.9994174511974673,7.643155874825018e-08,2.3796003749240725e-08,5.028798885993491e-08,6971.03543077982,6.784293460704453,1.4862154931980371,4.502772497392648e+25,1.3215021873123443e+25,1.894617537710459e-14,3.435336441283996e-24,2.649753771173377e-24,2.375115057220124e-28,-3.418133373100055e-30,2.9358202729394234e-16,3.833798996816991e-16,1.4722215298109468e-14
3.22e+22,0.0005220926488732821,0.9994777075051472,7.935416657389448e-08,2.195032277186305e-08,9.854149034546972e-08,6090.599786378795,0.03129213317882535,0.789383143127181,1.3082252889472683e+24,2.25595418615603e+25,8.420340189984937e-15,4.8675454011714335e-26,3.5987975986295844e-26,2.025963885664838e-30,1.6059014833451992e-30,2.1919254518082727e-17,2.9934187825938355e-17,1.6624519084960046e-15
3.22e+22,0.0014520795818271453,0.9985472864209166,3.4624999523854714e-07,1.1246334959281104e-07,1.7528391128928337e-07,7711.3905263936595,1.1681407979691074,1.1026389999226198,1.4567971050136024e+25,1.7415041931101827e+25,1.3042117312374494e-14,4.391476052037247e-24,3.485216556340263e-24,4.311214402030799e-28,-7.127464302962457e-30,1.5433384802980604e-16,1.9859539371860127e-16,7.124830756338709e-15
3.22e+22,0.000705333664201807,0.9992944501494946,1.0212587535768696e-07,2.9624276697933274e-08,8.443615147099439e-08,6827.210498076818,3.5166988218928736,1.2117541455018015,3.171461368807525e+25,1.5444002282017788e+25,1.4630310410573006e-14,1.0451854555736759e-24,8.004988056330056e-25,6.618445989673507e-29,-1.6909622500804787e-30,1.2062164775568488e-16,1.5930162678201546e-16,6.818155855892854e-15
3.22e+22,0.0018502900200729191,0.9981485654144956,6.837890855406799e-07,2.826240167299832e-07,1.7815232905266993e-07,8437.207869430773,6.989325600332229,1.6183242437957905,4.29543999045769e+25,1.255731204527167e+25,2.1291053649659967e-14,4.509450871407858e-23,3.6749952710456125e-23,6.0920006221892655e-27,-5.325941714104989e-29,6.731012816476511e-16,8.457309662851437e-16,2.501721471788531e-14
3.22e+22,0.0004466350766866027,0.9995531769699144,7.109574957215779e-08,1.9535810143841212e-08,9.732183934904738e-08,5831.065041613732,0.12040462200031074,0.7732217203509438,4.272224879282715e+24,2.2784380906750617e+25,8.131387971806097e-15,1.9678153494452038e-26,1.4351066605493205e-26,7.228678849177324e-31,1.7610910361045263e-30,1.5453421572676e-17,2.1376670516037038e-17,1.3067651854127013e-15
3.22e+22,0.001686403052100994,0.9983125530993359,6.284632939321341e-07,2.6745167005445405e-07,1.479335991172499e-07,8426.077164598371,8.11075287884641,1.6967574113059687,4.6434145179171535e+25,1.2084381197281209e+25,2.260167052149747e-14,5.476803903078317e-23,4.463101030980184e-23,7.393557853085487e-27,-4.6736772207712264e-29,8.040579827343475e-16,1.0085252467826208e-15,2.9266487765836775e-14
3.22e+22,0.001113802557686205,0.9988857370334776,2.668654010950244e-07,9.828650339029592e-08,9.52569316130832e-08,7801.303019401988,5.95016465832531,1.493590992489326,4.0371308879274655e+25,1.3291552951341167e+25,1.9164723604958873e-14,1.3971895015004884e-23,1.113336197522941e-23,1.440367790788379e-27,-1.1026219123902853e-29,4.1142746529159225e-16,5.253168946800395e-16,1.7432090599891396e-14
3.22e+22,0.0012434483559781767,0.9987560578584054,2.6334471050866945e-07,8.301053637720566e-08,1.4743036958563552e-07,7520.831086921034,1.5580675218026954,1.1149198696629923,1.8028038198630613e+25,1.7038582774284993e+25,1.3206464526477749e-14,3.1987744904369285e-24,2.520351033577656e-24,2.875068661667625e-28,-4.497095250288546e-30,1.4163803680619841e-16,1.8321064954473879e-16,6.816956171604801e-15
3.22e+22,0.0019919514937529487,0.9980069050375299,6.658625923048057e-07,2.504129536610448e-07,2.2719317114927722e-07,8292.848566639392,4.237872997150169,1.4024998364114547,3.250665576119764e+25,1.4088646768756646e+25,1.776344929904848e-14,2.151219202582923e-23,1.7436592392884424e-23,2.7238504825642348e-27,-4.5907376748014523e-29,3.895548594445967e-16,4.929174231362645e-16,1.5541712224404873e-14
3.22e+22,0.0006073319409868569,0.9993924793901677,8.304079627733822e-08,2.3350530116678978e-08,8.227751904122487e-08,6544.803145190175,2.217593132287627,1.0713578125358028,2.4585144924973924e+25,1.7025311576201777e+25,1.2466751599508913e-14,3.520012991729297e-25,2.66122256307177e-25,1.8966948218569333e-29,-1.3772495766700821e-31,6.61057206729917e-17,8.838660100846981e-17,4.170069179283612e-15
3.22e+22,0.0006802580125470185,0.999319504276845,1.0328825137801829e-07,2.8849924134301937e-08,1.0557243241385216e-07,6524.105394959652,0.10842905496251379,0.8573407176708473,3.4292675698425125e+24,2.147502707278225e+25,9.390167832890351e-15,1.9851157056031475e-25,1.499161093083911e-25,1.0586024207072141e-29,1.1301454252451525e-30,3.931181900711496e-17,5.2673768485038996e-17,2.5397970727861787e-15
3.22e+22,0.0005855235782240957,0.9994142630606954,8.799651898826467e-08,2.44241719340412e-08,1.0094038959788256e-07,6277.541208330476,0.0428278940754322,0.814905340172795,1.674210137340857e+24,2.215557041815702e+25,8.791401953177779e-15,9.097392347235447e-26,6.789577827606805e-26,4.208875527513553e-30,1.4449455203005206e-30,2.831032985153168e-17,3.8332950025879147e-17,1.9976309898910795e-15
3.22e+22,0.001000671905633335,0.9989989766998757,1.8790561138106835e-07,6.010425167034242e-08,1.0338462800086578e-07,7409.419483101866,2.207004896598177,1.1586195642623198,2.2849316850703834e+25,1.6329313186984003e+25,1.386255521511068e-14,2.915986075044459e-24,2.287640886209072e-24,2.485947539690816e-28,-2.888184710317865e-30,1.4752553835687735e-16,1.9133351577456956e-16,7.239947229612819e-15
3.22e+22,0.0027599133483356283,0.997238261750564,1.0415932588810765e-06,3.7400213160043856e-07,4.093057096845376e-07,8463.034598037368,0.6195477968158982,1.1361320369737828,8.594837204966262e+24,1.755057010053195e+25,1.3643556502023614e-14,1.473326718714817e-23,1.2006803608782592e-23,1.988879662429103e-27,-1.146885851501456e-28,2.3811992578329606e-16,3.011882310573978e-16,9.579236152205086e-15
3.22e+22,0.0008097424393228406,0.9991899783761707,1.291411797225974e-07,3.665396673939945e-08,1.1338936007801504e-07,6811.779756391792,0.09545276899470784,0.8912577881820867,2.9350895036537426e+24,2.1001792776040135e+25,9.908771216061638e-15,4.474657412406195e-25,3.423700908306715e-25,2.802952428887661e-29,6.605143410630214e-31,5.4737351284809824e-17,7.252449424754803e-17,3.219975413369678e-15
3.22e+22,0.0018096518194106422,0.9981893001851,6.20430010722266e-07,2.460021344204643e-07,1.815633441414249e-07,8330.003228070564,6.600006680081843,1.5817483822829355,4.183417668726034e+25,1.277548086341069e+25,2.06704400768325e-14,3.590152204164128e-23,2.9150724941834577e-23,4.6418080931816885e-27,-4.7549217439160075e-29,5.997254413404951e-16,7.557619670845566e-16,2.285985539211089e-14
3.22e+22,0.0005487297321380224,0.9994510880523937,7.612220698477258e-08,2.1186212855825146e-08,8.490704829871351e-08,6316.806428986675,1.7110367563005395,1.0018379894056944,2.137837532335747e+25,1.7957731178220633e+25,1.1405610154897828e-14,1.5750499478731592e-25,1.1778498658849406e-25,7.413402599977155e-30,4.699894119429616e-31,4.498450922653903e-17,6.075321253631915e-17,3.093404468200803e-15
3.22e+22,0.0006070180908278755,0.9993927380602502,9.875049052766162e-08,2.7366760930166355e-08,1.1773167043652425e-07,6202.654423582841,0.6038436451720051,0.881395740779687,1.1159612309063491e+25,2.0402212860725754e+25,9.630947273431023e-15,8.147529440350321e-26,6.0582014953454e-26,3.608894096381354e-30,1.63918678831355e-30,2.937884694270926e-17,3.991612631898894e-17,2.1327242580490713e-15
3.22e+22,0.0023002173875874984,0.997698301696064,8.69441286463222e-07,3.3990998470847363e-07,2.7156507715413683e-07,8498.003284123946,5.981512008499845,1.5462150416062448,3.947375783915112e+25,1.3034062667205765e+25,2.0107403374027316e-14,3.9509410267091097e-23,3.2256279944264003e-23,5.452975474496171e-27,-1.0237981400313715e-28,5.750282614069366e-16,7.231177023796845e-16,2.1661997008708185e-14
3.22e+22,0.00046631475665710845,0.9995335635651067,5.3078115266981305e-08,1.501180429194468e-08,5.358831660479162e-08,6444.488069875206,6.308736799923613,1.405223457198305,4.456604196954191e+25,1.370124749382788e+25,1.7608806681486088e-14,8.834918672822139e-25,6.65457449709281e-25,4.536780510279235e-29,-2.0737277082574157e-30,1.800107251529138e-16,2.397933776085882e-16,1.060980153831986e-14
3.22e+22,0.0020675845760538226,0.9979312731192477,6.48509733451165e-07,2.2677115254471266e-07,2.670238124803382e-07,8162.538175765952,2.189854253374265,1.2300043356057562,2.1531441281119816e+25,1.5808662466332064e+25,1.5036124208516863e-14,1.1772219839841582e-23,9.49694601206215e-24,1.4083517163246232e-27,-3.714107770657457e-29,2.5048182356605874e-16,3.185557729356387e-16,1.0492192436196756e-14
3.22e+22,0.0005716688161189239,0.9994281217711181,8.577416361195047e-08,2.379208681911087e-08,9.98465124842784e-08,6242.968404708242,0.641503070771653,0.8900767432114484,1.1538798104295116e+25,2.0237315238220698e+25,9.759076476143251e-15,9.428741790448732e-26,7.024931800278273e-26,4.262270258554872e-30,1.2051271426733474e-30,3.131906115384718e-17,4.2467674453978815e-17,2.2354747316261038e-15
3.22e+22,0.0007924125670385313,0.999207325333469,1.2338344829354202e-07,3.5421915210797364e-08,1.0329412885268476e-07,6864.046424004666,0.6725760762191582,0.9643749816838332,1.0988415717369591e+25,1.9291699658607733e+25,1.0901817104952217e-14,5.7880915075778525e-25,4.438850324185763e-25,3.728753074661918e-29,1.1952891019437539e-31,6.498446579701051e-17,8.591936947828302e-17,3.753947891133685e-15
3.22e+22,0.0006062374108582635,0.9993935681332966,1.1451152757382147e-07,4.382924695143305e-08,3.611507076773458e-08,7456.923502283211,8.856683791727354,1.6766776497791052,5.02192809193677e+25,1.2098017710738939e+25,2.2116888217529814e-14,1.432645187860213e-23,1.1278962300520117e-23,1.2747800846588264e-27,-5.6800821824693824e-30,5.901561006594209e-16,7.558883670072076e-16,2.4982864125873533e-14
3.22e+22,0.0006394513808653485,0.9993603070142048,1.0066414155215529e-07,2.7953605848810426e-08,1.1298718254272875e-07,6338.221320120211,0.6186830621278218,0.8984870399850293,1.1130667929752865e+25,2.015962571447356e+25,9.890558755097692e-15,1.261771132712544e-25,9.44497952880068e-26,6.039484232749451e-30,1.3120554117423728e-30,3.503926449996099e-17,4.731817417302896e-17,2.416568997134148e-15
3.22e+22,0.0015691122383582072,0.9984301164183811,4.4478994154893135e-07,1.622202592725708e-07,1.6433305990891376e-07,8029.82539880127,3.730996081287972,1.3417067336398376,3.047514190368557e+25,1.4559534715351142e+25,1.6770387827361496e-14,1.2938115589817153e-23,1.0390526553578608e-23,1.4661928479714037e-27,-1.8337279958988896e-29,3.0793124358752343e-16,3.9214010533419637e-16,1.2953824535848643e-14
3.22e+22,0.0020956449774059147,0.9979030133929795,7.958358319161988e-07,3.2237195748200034e-07,2.2342182530881381e-07,8496.701023785345,6.661035458339052,1.5972070742993552,4.18307983405935e+25,1.2697701307376898e+25,2.0948041773023886e-14,4.5411723412715196e-23,3.707879200685291e-23,6.275295321900283e-27,-7.815201272829906e-29,6.490489260915058e-16,8.151611504997855e-16,2.410310239196571e-14
3.22e+22,0.0009999330944017654,0.9989997081607491,1.982828462056264e-07,6.666468487551611e-08,9.379731817091535e-08,7530.21331234837,3.826034233218292,1.3040208167477898,3.1844208119548824e+25,1.4761676002985234e+25,1.612518437787031e-14,5.341256908508621e-24,4.211003669851523e-24,4.836400148783861e-28,-5.058368032082905e-30,2.265292903769586e-16,2.922646499048976e-16,1.0572305734233175e-14
3.22e+22,0.0007174847976361906,0.9992822693442468,1.0937186646797466e-07,3.070288959123622e-08,1.0578336088539753e-07,6629.796022669218,0.6494191886190036,0.935117278770306,1.1058823800314332e+25,1.966450695783058e+25,1.0450647535745538e-14,3.031771313016182e-25,2.300837626105469e-25,1.715718588548142e-29,6.540759513516296e-31,4.995723632294411e-17,6.664700248868144e-17,3.1105680019169998e-15
3.22e+22,0.0011132459793003608,0.998886222537698,3.194514618213166e-07,1.3030152939968177e-07,8.17300104421242e-08,8020.686604667821,7.373953663324428,1.6168773945833637,4.4785023103109265e+25,1.2514578408769361e+25,2.1207991684599927e-14,2.690747250242446e-23,2.1619319265913107e-23,3.0660001019120275e-27,-1.4263469549673343e-29,6.002851818087709e-16,7.603757562748831e-16,2.3659903492781713e-14
3.22e+22,0.0008643699967005454,0.999135277058889,2.1140628940517948e-07,8.433547230308976e-08,5.720264873463187e-08,7797.666276969301,8.313569204674534,1.6657353686508558,4.802498896399025e+25,1.2196234164837892e+25,2.198542429943473e-14,2.276909350177808e-23,1.8153614004752135e-23,2.3631606997759604e-27,-9.856766988003697e-30,6.34196167192587e-16,8.061906969262638e-16,2.548786241495254e-14
3.22e+22,0.0026096416082118314,0.9973886875061201,9.54248355868843e-07,3.421999227911634e-07,3.7443738948910357e-07,8410.881885245706,0.5971103154115487,1.1296969693007874,8.415335252472872e+24,1.7634164445118807e+25,1.3542012583951137e-14,1.367144441654903e-23,1.1122072158889036e-23,1.807940073000879e-27,-8.557713768453056e-29,2.311887658890447e-16,2.926866831912397e-16,9.366783963716162e-15
3.22e+22,0.0006453163286974624,0.999354465476795,9.460236723277734e-08,2.6449113927188248e-08,9.714302650074509e-08,6502.159816889665,2.416086215926807,1.0846265075978894,2.599666336674232e+25,1.6814156440446889e+25,1.2664969150598884e-14,3.2800638758767583e-25,2.4749584900332873e-25,1.7243047655632987e-29,-2.07371926296996e-31,6.640328298614244e-17,8.893136017102128e-17,4.2423555650504325e-15
3.22e+22,0.000886594510161558,0.9991129339420086,2.90656240702261e-07,1.3093131084224825e-07,4.996027825697326e-08,8075.836012937114,10.340183335428161,1.8241751698506594,5.276193588859832e+25,1.1354654065012635e+25,2.4722100593112615e-14,5.1272520146599645e-23,4.131943899117458e-23,6.055466986566224e-27,-1.519448123019051e-29,9.95012949627612e-16,1.2513015642385141e-15,3.6282422932312134e-14
3.22e+22,0.002337221988852121,0.9976613486437038,8.237090555660321e-07,3.017955962352568e-07,3.038627920511346e-07,8367.499088336985,0.7170910175112921,1.1363207536144675,9.659696643180336e+24,1.7469794167745833e+25,1.3636232006646001e-14,1.3287715387540075e-23,1.0793994832528454e-23,1.72715831750287e-27,-4.979142530583459e-29,2.317177913229679e-16,2.934670318016867e-16,9.411373972285625e-15
3.22e+22,0.0006815079626209625,0.999318259305274,1.0206612927776057e-07,2.8572592167896958e-08,1.0209338355189126e-07,6561.2326452082425,0.9989238652330844,0.9611036600908353,1.479157115811293e+25,1.8971425593041215e+25,1.0819061732880232e-14,2.6933582339706872e-25,2.0375976597545006e-25,1.4653832101638295e-29,5.703810717748609e-31,4.982554162911513e-17,6.66436096656778e-17,3.1680045732721932e-15
3.22e+22,0.0009437418949196168,0.9990557961304104,2.8203231570111604e-07,1.211491228158037e-07,5.879323132342394e-08,8015.347444547764,9.055741477516582,1.7341383876381993,4.9647698722067695e+25,1.1830937736929916e+25,2.3169528716587672e-14,3.701006104352567e-23,2.9747390106479635e-23,4.235402082394932e-27,-1.3530907666918587e-29,7.944741173972359e-16,1.0031804748238422e-15,3.017024879853824e-14
3.22e+22,0.0012757423044483854,0.9987237278141581,2.968475496035062e-07,1.0136078004982863e-07,1.3167306398051508e-07,7738.537750864162,0.7401988628656613,1.0711041806464132,1.0576772754800246e+25,1.8080213367016749e+25,1.2579646917478654e-14,4.4199950268531556e-24,3.511245842936592e-24,4.390926749412974e-28,-4.122817976097552e-30,1.4942779313325565e-16,1.9208203766464756e-16,6.842006626479874e-15
3.22e+22,0.0008173832341069276,0.9991823527471012,1.2866358947838752e-07,3.774862197564205e-08,9.760658040487655e-08,6994.605613779532,2.378488139749496,1.1307715791230113,2.475729399696231e+25,1.6463557789475742e+25,1.3401203275749243e-14,1.1746937718261962e-24,9.06067626843404e-25,8.123348715584461e-29,-1.4206387159887772e-30,1.0651482263925784e-16,1.4002448343164196e-16,5.836582029992861e-15
3.22e+22,0.0022561089361530034,0.9977424812135282,8.239538769866942e-07,3.159987748302481e-07,2.6989766703655006e-07,8439.376540699415,5.510358089133372,1.5075049755949714,3.7758335058639178e+25,1.3296359991547816e+25,1.94686004197441e-14,3.336295011332872e-23,2.718267286796573e-23,4.494032880289697e-27,-8.989659672845217e-29,5.172585228642197e-16,6.516677550387862e-16,1.9819149482732494e-14
3.22e+22,0.000511441598042129,0.9994883605168792,7.808560672687481e-08,2.15864106513299e-08,9.821306131860108e-08,6055.8558715829795,0.5656622936639985,0.8606309049622528,1.0922726816216849e+25,2.073732295332949e+25,9.319722918012182e-15,4.9763469669318435e-26,3.6726915636695204e-26,2.019919899212854e-30,1.4251435141670253e-30,2.404463881525764e-17,3.288814166844981e-17,1.847022783881117e-15
3.22e+22,0.0005339562075894393,0.9994658812508884,6.980006306724031e-08,1.9620482642043693e-08,7.312097641806226e-08,6407.442466513792,4.749788022625058,1.27651305727668,3.852375989192805e+25,1.4709755809722674e+25,1.5598891094026208e-14,5.039116473178119e-25,3.787012726587634e-25,2.5150045717079797e-29,-1.4858788514034876e-30,1.1514506275412065e-16,1.5420128428606428e-16,7.210352745497432e-15
3.22e+22,0.00031090894150993993,0.9996890036905706,3.361276024892313e-08,9.255764167940292e-09,4.4499394982228604e-08,5878.576062615244,7.202472180638158,1.428248763244376,4.890335733172694e+25,1.3464259038161317e+25,1.7922970614872763e-14,2.473830672860554e-25,1.811753765764976e-25,8.879614282865995e-30,-1.4172778619586706e-30,1.4619422054144653e-16,1.9882746820028325e-16,1.000805566376454e-14
3.22e+22,0.001102473616409742,0.9988971112721196,2.2841042123841633e-07,7.59165509494782e-08,1.1078449860149202e-07,7571.906686543613,2.241307622757702,1.1781525384655545,2.2785457116690334e+25,1.6165048626241666e+25,1.4177719906980816e-14,4.1265601555415166e-24,3.2578756298249992e-24,3.8008336370234093e-28,-4.0416640880676276e-30,1.6937563188875803e-16,2.1859961486318944e-16,7.985688605319157e-15
3.22e+22,0.0005221352116629698,0.9994776242567722,9.182937774507321e-08,2.5312717123420908e-08,1.2338946990583593e-07,5894.796542398276,1.747202155045562,0.9617518187678538,2.253872836801521e+25,1.8326575909178227e+25,1.0782907844685423e-14,3.9595134371418283e-26,2.897830284125621e-26,1.4628737496468408e-30,1.649867887903966e-30,2.6850737866278017e-17,3.6997131165721813e-17,2.1851915481107247e-15
3.22e+22,0.002218877128532261,0.9977797895744229,7.718053182862512e-07,2.863323212646504e-07,2.7515940531630184e-07,8352.080520401665,3.660452129775838,1.361930887016088,2.96587836052155e+25,1.4460783057908809e+25,1.7124350740068422e-14,2.085732615390699e-23,1.693845507075908e-23,2.702458814979182e-27,-6.378849877400777e-29,3.61021091662622e-16,4.566069550820519e-16,1.4393689973393928e-14
3.22e+22,0.0015713547620162217,0.9984277970480808,5.032605313085472e-07,1.9952371033123458e-07,1.4540566117473052e-07,8217.40582747613,5.607173907254402,1.5022728239233907,3.833227739636622e+25,1.3301625669818689e+25,1.9359681237539744e-14,2.5525981488791687e-23,2.0641415051677382e-23,3.1423607281357152e-27,-2.5913676909939015e-29,4.832411597093899e-16,6.111771033161026e-16,1.9055851312329977e-14
3.22e+22,0.0021043707876442688,0.9978944009922804,7.118828316446822e-07,2.641639404759679e-07,2.5217330315092113e-07,8310.260682145876,2.242859379529538,1.2497131234666556,2.163270988702681e+25,1.5646634427402236e+25,1.5360490892128995e-14,1.5401288837423752e-23,1.2487654241885464e-23,1.9580296781703777e-27,-3.9476795520802553e-29,2.8025103980256713e-16,3.55070291032715e-16,1.1383346530611634e-14
3.22e+22,0.0003462891050076297,0.9996536446565404,3.2231358772132935e-08,9.923941046001264e-09,2.4083152175569767e-08,6645.845084475102,9.71580325438314,1.6718581943684845,5.4246212901990186e+25,1.2051684489308091e+25,2.1924581476656626e-14,3.558946454084159e-24,2.7097132810725566e-24,2.093147716357414e-28,-2.706818058378577e-30,4.505059981250037e-16,5.896925362362005e-16,2.2219981171753727e-14
3.22e+22,0.00019878746097155693,0.9998011753198038,1.4449181384022177e-08,4.011056811336653e-09,1.875898641512957e-08,5851.954636361188,10.120107468915204,1.6393606862766064,5.7068330882431294e+25,1.217154033565678e+25,2.129706436710006e-14,5.740633703100223e-25,4.205099620106163e-25,2.0704917980127387e-29,-1.3732564608767054e-30,3.057537839064645e-16,4.1132092095505982e-16,1.8343230777323723e-14
3.22e+22,0.0006444667787992775,0.9993553048523586,9.72647287807264e-08,2.7082481368547802e-08,1.0402163204671709e-07,6432.586089204499,0.24954529603307996,0.8677227061968802,6.124064564316488e+24,2.1131403524024937e+25,9.49053678870669e-15,1.5602856748443721e-25,1.1732523208028928e-25,7.890639215090776e-30,1.1694476870452644e-30,3.637745911296461e-17,4.892686551693357e-17,2.4258965878604046e-15
3.22e+22,0.00021766701018409998,0.9997822975102393,1.955674943514604e-08,6.8689692564889915e-09,9.053857918618625e-09,6699.931573717306,12.627927117846694,1.8668252213568153,6.056685794336029e+25,1.1035988538941802e+25,2.5231995356014322e-14,7.911595900560097e-24,6.048729204025991e-24,4.899109272590216e-28,-2.7874762109110558e-30,7.967920381924551e-16,1.0307667125708673e-15,3.480160087389875e-14
3.22e+22,0.0003279040533037721,0.9996720351077166,3.04653715843263e-08,9.62985137471267e-09,2.0743756781978804e-08,6686.970388692381,8.18513915727052,1.5672931144078912,5.000469382471608e+25,1.2663543685381814e+25,2.0219045233606468e-14,2.6533858231746824e-24,2.0224505001900034e-24,1.582334857434198e-28,-1.7137974922848414e-30,3.3450809857089237e-16,4.3930177805609604e-16,1.7242025417687273e-14
3.22e+22,0.00030334201616411064,0.9996965994902932,3.229879343306733e-08,1.1283423222651385e-08,1.4911325829028658e-08,6872.64995878272,10.38324144080568,1.7351201513117034,5.533867149259451e+25,1.1724326194967235e+25,2.301012978393078e-14,6.712476691328426e-24,5.163743153477241e-24,4.48966412608747e-28,-2.6248004586029824e-30,5.805589379618999e-16,7.528845914640088e-16,2.651216780746158e-14
3.22e+22,0.0019120982209118614,0.9980868743039015,5.875983794365506e-07,2.0972598266217195e-07,2.301508244427511e-07,8140.952381361107,2.4213005341994442,1.2473226863488742,2.3026670002392863e+25,1.5589464746335902e+25,1.5303742652854908e-14,1.1986606014727653e-23,9.662700613933645e-24,1.4213489655582975e-27,-2.82447473858923e-29,2.5892008332858425e-16,3.2931555836426714e-16,1.0843049996679933e-14
3.22e+22,0.001784007455961333,0.9982148887059158,6.616373010978165e-07,2.768012155017936e-07,1.6539960632530804e-07,8434.53832570067,7.773912663700805,1.67323330570734,4.544514066006115e+25,1.2222606908169498e+25,2.22065824673996e-14,5.186439279969201e-23,4.2272727720427573e-23,7.017439157104067e-27,-5.293352299576467e-29,7.62760965838533e-16,9.57210129926439e-16,2.7938281637844093e-14
3.22e+22,0.00020445200031821877,0.9997955172024642,1.3679359933159236e-08,4.054623339620816e-09,1.3063234252922664e-08,6232.932782613806,10.490428430028867,1.6934491285931286,5.704943935889756e+25,1.1901036416865272e+25,2.2230137912811484e-14,1.6955554324620594e-24,1.2667255020969407e-24,7.858243484473611e-29,-1.4422809827391257e-30,4.1892343157242376e-16,5.545775182067786e-16,2.2212642545946823e-14
3.22e+22,0.0012403861941317528,0.9987589053651467,4.3164322392587246e-07,1.892408848000585e-07,8.75566128262681e-08,8254.499335152352,8.85157762071135,1.7375214799421188,4.87046799366684e+25,1.1836015468397482e+25,2.3265864273300682e-14,5.0200288106620876e-23,4.068229643265049e-23,6.3414369291619816e-27,-2.35081493720738e-29,8.492571535681853e-16,1.067258669036913e-15,3.117707069658645e-14
3.22e+22,0.001431141368252944,0.9985680297970784,5.010082962519678e-07,2.1405524720922457e-07,1.1377112522516862e-07,8304.911995286035,7.966051575935557,1.6796213424436914,4.613499065078375e+25,1.2171401730541164e+25,2.2295684335727537e-14,4.5601831822853057e-23,3.7008552447593645e-23,5.8603627214056166e-27,-2.917252070167336e-29,7.517571052507234e-16,9.45342721449899e-16,2.7918011960528127e-14
3.22e+22,0.0004926756488640275,0.9995072092598749,5.858086542282821e-08,1.8404015614768544e-08,3.8106380174527134e-08,6907.3043870995225,6.297432358736316,1.4441784610355115,4.3460863630974396e+25,1.349526276360823e+25,1.8269702619639116e-14,2.656080361532346e-24,2.0427520737580427e-24,1.7714416671685568e-28,-2.136380520927115e-30,2.527841219068114e-16,3.311286035336708e-16,1.3052452856525008e-14
3.22e+22,0.0004890502194851236,0.9995107708301141,7.089017564318092e-08,1.9602253014829628e-08,8.845797221271963e-08,6069.330352197832,1.223089650103514,0.9293253415619697,1.7774736418843417e+25,1.9105321716093828e+25,1.0311878866484976e-14,6.225679366797534e-26,4.5980727884210466e-26,2.5278510522122817e-30,1.0085879120495466e-30,2.909691582347692e-17,3.975706746013364e-17,2.2113790222243375e-15
3.22e+22,0.0008315051360810735,0.9991682081204789,1.3405308230673225e-07,3.8215633117085836e-08,1.1447472455295502e-07,6858.693934218137,0.4568357677565735,0.9423956408067057,8.499688436926537e+24,1.982872370944003e+25,1.0590062757452181e-14,5.455679725543605e-25,4.182942609085194e-25,3.505010972307614e-29,3.062928760772778e-31,6.192583849621801e-17,8.19033489323873e-17,3.5885815393059445e-15
3.22e+22,0.0002786004134203225,0.9997213393216368,3.5514980032414235e-08,1.3528897263899698e-08,1.122106563931363e-08,7000.927830677806,12.70944294810967,1.8940477113710634,6.006028537864121e+25,1.0922046847561181e+25,2.575415377632361e-14,1.4249277336737648e-23,1.1036364685415048e-23,1.036608548965829e-27,-4.131655124496506e-30,9.208390137102128e-16,1.1809995628539356e-15,3.78093234699163e-14
3.22e+22,0.000499336889769262,0.9995004156091407,9.255850376654596e-08,2.541746397216364e-08,1.2952512239026787e-07,5779.155397954728,1.7062922802165639,0.946084102425217,2.246706281299618e+25,1.8517090081441e+25,1.054373070978244e-14,2.5792782778691477e-26,1.8758706410371896e-26,9.084262633811278e-31,1.999454836826418e-30,2.269671883045601e-17,3.1462423227970087e-17,1.9440852853074207e-15
3.22e+22,0.0006397471310721966,0.9993600393223575,9.278219286230315e-08,2.5957289609506706e-08,9.480708774881608e-08,6507.855991892904,1.4205362164631357,0.9948354093304195,1.8670302874767193e+25,1.8241668411806136e+25,1.1313677364714998e-14,2.5618030542483264e-25,1.933304494935226e-25,1.3509851682728538e-29,3.8942534584684492e-31,5.183612863741202e-17,6.946374705422492e-17,3.3439051010697447e-15
3.22e+22,0.0004519650537107005,0.9995478840433686,6.013435694971902e-08,1.6640593494509888e-08,7.412797030987767e-08,6086.035145082925,1.9872767671617548,1.0041633487256152,2.3924357907672277e+25,1.7753617264994397e+25,1.1427708109993034e-14,8.287330269745785e-26,6.126423159762911e-26,3.381216585423392e-30,5.3510842234224256e-31,3.704928261490937e-17,5.0543625730131534e-17,2.7684128886143526e-15
3.22e+22,0.00019567661910928046,0.9998042953422283,1.4470154207389023e-08,4.796946463714644e-09,8.7715617372516e-09,6521.09330053818,12.723078603490027,1.859588610673781,6.1158883387302975e+25,1.1060424799570068e+25,2.507951409043969e-14,5.622553004710726e-24,4.2645157306507926e-24,3.151240702536646e-28,-2.3622792484968374e-30,7.465390547603637e-16,9.70528613329919e-16,3.371791231423676e-14
3.22e+22,0.0004326264903682847,0.9995671866549825,6.998399312330785e-08,1.9187803822409944e-08,9.768285247936757e-08,5774.981694805661,0.3884765796782561,0.8075510907907478,9.006702475952187e+24,2.1797081575125575e+25,8.547529329485269e-15,1.7239850140282906e-26,1.2534358633761721e-26,6.159550673543986e-31,1.7261072216203528e-30,1.5371000859560015e-17,2.1324299531410043e-17,1.331869782323872e-15
3.22e+22,0.0026428258356807396,0.9973554600122383,9.815961150867684e-07,3.551148180158145e-07,3.7744114791841813e-07,8443.601019690142,1.8772039931680913,1.2303158737101094,1.9047842081477952e+25,1.5950146765637141e+25,1.5070170623140597e-14,1.7146488363023476e-23,1.3965207234270496e-23,2.2989886314391912e-27,-1.0522254022138202e-28,2.7968522403321663e-16,3.536974670867514e-16,1.1211974527888426e-14
3.22e+22,0.0004709222376595032,0.9995289692946757,5.242629917914724e-08,1.5768405124231844e-08,4.027296044941459e-08,6751.556722512469,5.619962311806386,1.3778201876340561,4.129347754791046e+25,1.3955714712777072e+25,1.720645746126238e-14,1.5556182492581364e-24,1.1880299457486728e-24,9.505903881632777e-29,-1.5906633047586284e-30,1.9235704065141454e-16,2.5371414110792026e-16,1.0561869227339935e-14
3.22e+22,0.0021549647385194597,0.9978438064654727,7.000356510503045e-07,2.476050319477754e-07,2.8115532478978447e-07,8219.35950153105,0.8031469901954456,1.1270874433924616,1.0645164857480233e+25,1.7481680297757726e+25,1.3475418025445418e-14,1.0475138768673502e-23,8.466470363551013e-24,1.2818362486112662e-27,-3.4634340868985816e-29,2.1173491477205225e-16,2.690667238150402e-16,8.83655248015457e-15
3.22e+22,0.00040399894270907056,0.9995958435062187,5.944989772791673e-08,1.631176063226189e-08,8.17894138621386e-08,5808.019205975761,1.3274662615019417,0.9120834852617078,1.9231341597438902e+25,1.9202039594946667e+25,1.0041155194155192e-14,2.5798808923710584e-26,1.879186494000466e-26,8.998351071439037e-31,1.1033662284528215e-30,2.115166462638387e-17,2.9274697008418607e-17,1.791205868683829e-15
3.22e+22,0.00035599213725315694,0.9996439224722787,3.555640731646346e-08,9.985672236020598e-09,3.984838852670421e-08,6213.969981113843,7.607925202965298,1.4859780811641399,4.939356349301605e+25,1.3121826443569007e+25,1.8864379629033267e-14,7.1482448732603085e-25,5.327218173986384e-25,3.2090253167772155e-29,-1.8956334533269992e-30,2.1115465110944845e-16,2.8272426798630145e-16,1.2726867042194668e-14
3.22e+22,0.0006636789028800455,0.9993361211599042,9.247869813460369e-08,2.6500734784319036e-08,8.09577829002386e-08,6742.980687161205,2.701113216474252,1.1338167534082668,2.7283529905634627e+25,1.6296674144259449e+25,1.3429327883151402e-14,6.823595853126433e-25,5.205961036115077e-25,4.118371229064648e-29,-7.942264995803677e-31,9.118371314014962e-17,1.2091690102676848e-16,5.358198635316211e-15
3.22e+22,0.0022743774705417464,0.9977242732556043,7.718949079086353e-07,2.767581656652058e-07,3.0062078045075226e-07,8292.714875425998,1.9619517524108525,1.2243108742250972,1.981760234725165e+25,1.5953898914711639e+25,1.496236779134543e-14,1.3982848904903825e-23,1.1330764704467833e-23,1.764729259689147e-27,-5.323242517925432e-29,2.616599244939849e-16,3.318453214834793e-16,1.0725048603731663e-14
3.22e+22,0.0019870582277891004,0.9980118626221787,6.133276048092923e-07,2.1550626831040432e-07,2.503161590892189e-07,8136.760006920556,0.7586121213472644,1.1151672107056236,1.0307018589616948e+25,1.7632667780007235e+25,1.328708004613967e-14,9.094570122076488e-24,7.32954073775486e-24,1.0752093521642739e-27,-2.3991738304591595e-29,1.9958899787165923e-16,2.5409109016683422e-16,8.451496962882037e-15
3.22e+22,0.0026396500432944543,0.9973586239728284,9.922447285535179e-07,3.6349299628366995e-07,3.7024615237538726e-07,8470.818303506896,3.160594762233195,1.3308571284487498,2.692004296296785e+25,1.4789562820318802e+25,1.664347645901858e-14,2.2120615408950746e-23,1.8034997114935722e-23,3.0026831146916397e-27,-1.2642130967798594e-28,3.4787244361886526e-16,4.393122427075995e-16,1.3738843264397186e-14
3.22e+22,0.0013544805941576397,0.9986449533218387,3.0601303573702435e-07,9.800887891962064e-08,1.62062088896348e-07,7625.393725581595,1.365296398824218,1.1098359783060665,1.6338678710891511e+25,1.7209463043123715e+25,1.3140610713516127e-14,3.8258305969781885e-24,3.0264951476374846e-24,3.610779941864126e-28,-5.796732392778095e-30,1.4896462411496156e-16,1.9212903440762766e-16,7.004792992486752e-15
3.22e+22,0.0024569093345491273,0.997541561156455,8.768034983675092e-07,3.169875617889685e-07,3.3571793580941396e-07,8378.797932220881,2.4499560852179423,1.2692866183093758,2.2892592676933706e+25,1.542854308010308e+25,1.566908593355607e-14,1.7206896954113878e-23,1.3984670232957817e-23,2.249690559563506e-27,-8.161323652084192e-29,2.960726013241237e-16,3.747434345642631e-16,1.1930769159235814e-14
3.22e+22,0.0004929955680082474,0.9995068077527517,7.652421088846327e-08,2.1123676236930865e-08,9.90313529799835e-08,5984.706290095723,0.34503124192939816,0.8266267011865696,8.091121699568749e+24,2.157949855342229e+25,8.84406331054453e-15,3.6733114398307607e-26,2.7009746193481783e-26,1.4390917295907268e-30,1.5879588011945563e-30,2.0620768787624647e-17,2.830415369646398e-17,1.6323077211317932e-15
3.22e+22,0.0007167490222285467,0.9992830291460273,1.2471152692980033e-07,4.373152291225442e-08,5.33886944300267e-08,7389.548454640236,7.105588746995397,1.5454941032480278,4.518292043578485e+25,1.2882099728602402e+25,1.9951428008198238e-14,8.60748311140484e-24,6.754449239157366e-24,7.359704090307622e-28,-5.370243574828296e-30,4.073717727073879e-16,5.248307745006133e-16,1.833321146680536e-14
3.22e+22,0.0012224289253418385,0.9987770109768179,3.297764162961034e-07,1.26711064383782e-07,1.0361035961597364e-07,7950.458330279699,5.618654127346181,1.4816014834281137,3.882773535750351e+25,1.3403411129895398e+25,1.8991143683758492e-14,1.6823619135961647e-23,1.3477307104710355e-23,1.8498890114029998e-27,-1.2953574324831304e-29,4.212005856293099e-16,5.360164431948052e-16,1.74283298686522e-14
3.22e+22,0.000913270310959015,0.9990863625967304,2.1753616631048746e-07,8.457874130131897e-08,6.497740284719689e-08,7772.825712742362,7.314735076751559,1.5926507222878887,4.506737901989255e+25,1.2633258385493406e+25,2.0772962350268756e-14,1.7819843443132706e-23,1.4189933052974716e-23,1.8218700626787086e-27,-9.121634585388999e-30,5.242944726511365e-16,6.682228829836275e-16,2.1673706870109703e-14
3.22e+22,0.0005911297887562508,0.999408641799164,9.292623985231354e-08,2.576162081010859e-08,1.0972421918428146e-07,6218.319855449738,1.8580047601654284,1.0051568192220899,2.2703261372790715e+25,1.7826858885449867e+25,1.1449378380684814e-14,1.200611040425596e-25,8.935068715934218e-26,5.3298037091283805e-30,7.930458450342929e-31,4.154468499799747e-17,5.635743170282412e-17,2.963345313833553e-15
3.22e+22,0.0004026788557720663,0.9995972138463454,4.444408704290525e-08,1.2414299247530622e-08,5.0439496338772024e-08,6224.723663096946,3.623665312854302,1.165049816238252,3.3575761904976614e+25,1.573162530110757e+25,1.3874090485812675e-14,2.147326299313918e-25,1.5990022224740377e-25,9.553557354588486e-30,-2.5968127231125696e-31,7.060717724280304e-17,9.547773683226291e-17,4.839786377297419e-15
3.22e+22,0.0002522689390722255,0.999747684978547,2.59858402970426e-08,9.322468948472606e-09,1.0774071432025612e-08,6827.4776411531675,11.821489254747787,1.825588601998787,5.864047549965086e+25,1.1250388124753164e+25,2.4540069402651812e-14,8.498605487412089e-24,6.530434539784618e-24,5.604839835523745e-28,-2.8681175335207192e-30,7.357378001553948e-16,9.509414895801735e-16,3.224125417252447e-14
3.22e+22,0.0018158699857652304,0.9981831453909067,5.723020048867413e-07,2.1335590333206086e-07,1.989654198413794e-07,8199.007166406958,4.073695261658519,1.3826488052968289,3.1871112286703076e+25,1.4237083262863072e+25,1.7437205639336215e-14,1.8135109353813313e-23,1.4651607717348406e-23,2.2085129636842813e-27,-3.2019188619714937e-29,3.607243592482442e-16,4.574235377501598e-16,1.4648831939222216e-14
3.22e+22,0.0011536646826821805,0.9988458951074812,2.2806079670145588e-07,6.951125963777496e-08,1.4263778024622833e-07,7370.188483439788,0.3902713903339303,0.9961431620175675,7.120060274163918e+24,1.9274280738351896e+25,1.1439531244645738e-14,1.882548263332695e-24,1.4744710805334868e-24,1.5731629073902315e-28,-1.7956552659933357e-30,1.019423334607003e-16,1.3252209059897282e-16,5.1211298179352415e-15
3.22e+22,0.00015294317333931214,0.9998470380678577,8.528931959719487e-09,2.5919015040944218e-09,7.63796963849722e-09,6178.420974971298,11.181695591712941,1.735744691377822,5.8735348910663195e+25,1.1670732809192797e+25,2.2927216205285314e-14,1.788896119092054e-24,1.3334622421961834e-24,8.059512787410703e-29,-1.1089640820390317e-30,4.695962791442643e-16,6.211183922926912e-16,2.4490488072604302e-14
3.22e+22,0.0003804419601845993,0.9996194454089677,4.458936399511596e-08,1.2336544710245133e-08,5.570493903876624e-08,6033.037433373817,2.9599315009684717,1.0884057045574007,3.0358114571205852e+25,1.6539876871644444e+25,1.2697238352218816e-14,9.587191299479899e-26,7.068996150698258e-26,3.771597425854439e-30,1.3284894449121496e-31,4.6942521659957565e-17,6.410796471494146e-17,3.5133804193595256e-15
3.22e+22,0.0008162729069647293,0.9991833440999494,2.347878218657978e-07,1.0158139932458216e-07,4.6623864788365286e-08,7931.255002407549,10.01505154617751,1.7919723647776782,5.225236993166921e+25,1.1510476865504953e+25,2.4141803965377664e-14,3.9064576714918306e-23,3.1317040050026275e-23,4.33186913271165e-27,-1.2215474663857813e-29,8.922981029613103e-16,1.1265502534312703e-15,3.3581387076999315e-14
3.22e+22,0.0017639058124122602,0.9982351743030962,5.30346956727844e-07,1.9287437394515048e-07,1.9666316086752394e-07,8121.719612524843,0.7453907453460903,1.1139545249234601,1.019209332927764e+25,1.7659103604744576e+25,1.3269841556369525e-14,9.039554092235881e-24,7.281184799046292e-24,1.061747628450669e-27,-1.4610315605784498e-29,1.9976963684279693e-16,2.54297826092518e-16,8.449837446299986e-15
3.22e+22,0.002717255574490173,0.9972809407761818,1.0359317697766634e-06,3.790179402989645e-07,3.8869961784769074e-07,8493.612640657182,3.181556604844103,1.3337548205028524,2.7015034002975337e+25,1.4765856877235163e+25,1.6690972336741267e-14,2.281571298077953e-23,1.861584643139384e-23,3.1249324953739924e-27,-1.454735644012641e-28,3.520465180261365e-16,4.444205735958253e-16,1.3863954066791072e-14
3.22e+22,0.002516865517688319,0.9974815126463389,9.374797896234776e-07,3.485650351407863e-07,3.357911478822514e-07,8463.20856603317,3.8365688154712094,1.3826504388065146,3.0416502360635408e+25,1.4297727020257366e+25,1.7463809445738598e-14,2.4941616727515074e-23,2.0331550032318097e-23,3.379342074262795e-27,-1.1187948058866587e-28,3.902928494562023e-16,4.925626755832309e-16,1.5291208695527714e-14
3.22e+22,0.0004428315633469604,0.9995569798080053,7.109441471652645e-08,1.9521356182079093e-08,9.801287682592641e-08,5810.652997583689,0.1966480460902868,0.7846130817455446,5.892914735109489e+24,2.249418745763611e+25,8.261629372750065e-15,1.867691800668855e-26,1.3605747762576677e-26,6.797600076421373e-31,1.764256318662967e-30,1.535894895950141e-17,2.1268511199343862e-17,1.3104764589789686e-15
3.22e+22,0.002321640811411588,0.9976769900557468,7.76206541466198e-07,2.711982156181581e-07,3.2172808459298865e-07,8253.171062780575,0.4581185950135143,1.1023272590075843,7.074433604942024e+24,1.8040324763273613e+25,1.311794179838341e-14,1.0473653198645449e-23,8.475142077253037e-24,1.299477531463493e-27,-4.7540901927970377e-29,2.0595263728671865e-16,2.6160835714232196e-16,8.570550044538986e-15
3.22e+22,0.000565924875291337,0.9994338658371633,8.528439256349443e-08,2.3643957443437417e-08,1.0035919536570631e-07,6220.154643379315,0.08240554571351752,0.8144105978459162,2.9702489721373446e+24,2.214698690957813e+25,8.762953687700326e-15,7.625642129991688e-26,5.675025085545069e-26,3.412444875654669e-30,1.4794203194615338e-30,2.6513125660778774e-17,3.599181907709208e-17,1.911755273586864e-15
3.22e+22,0.0009013563902298226,0.9990983286527892,1.7742687363010917e-07,6.196223406897298e-08,7.556787313143714e-08,7535.612119887501,5.489258731282584,1.4359327024625632,3.912891882621326e+25,1.3662253905010938e+25,1.82080303377162e-14,7.857890229584361e-24,6.198509971924932e-24,7.1628036543387285e-28,-6.050591664403291e-30,3.210194531211408e-16,4.1311754396329344e-16,1.451684635876226e-14
3.22e+22,0.0010080744550502512,0.9989915622606572,1.810537104421597e-07,5.3455641537764695e-08,1.287749406799209e-07,7163.800980712248,0.3078813442022408,0.9629962274680623,6.25214500233277e+24,1.9780709902127206e+25,1.0938478167165766e-14,1.1478707107683188e-24,8.915639798220269e-25,8.6552930860693e-29,-5.730077237151496e-31,8.258516227335704e-17,1.0807333339510608e-16,4.382538711679242e-15
3.22e+22,0.00015101037127176426,0.9998489660520635,9.066855289530484e-09,2.5204202271105116e-09,1.1989389100168473e-08,5767.47731582472,11.388557844717058,1.7190297552079543,6.0158435212332435e+25,1.1732616925136605e+25,2.259886442406191e-14,6.6286290974655705e-25,4.837831537704554e-25,2.2825993941159312e-29,-1.1646512747411585e-30,3.8817710211271663e-16,5.208768518242717e-16,2.2374365907617755e-14
3.22e+22,0.001031966629099492,0.9989676635246807,1.9817326659162795e-07,6.353420249438803e-08,1.0813875082735848e-07,7430.427126642436,3.4036313861296477,1.2597413423804715,2.9893636011434626e+25,1.516117782609454e+25,1.5424527609437163e-14,3.946454475491149e-24,3.0991241639889645e-24,3.405167342623773e-28,-4.850702740379411e-30,1.9192127080931648e-16,2.485017045599871e-16,9.242673400564597e-15
3.22e+22,0.0004976712944979361,0.9995021318546171,7.686608407597154e-08,2.1226907441629716e-08,9.875789355255309e-08,6003.735947262669,0.16409300108823416,0.8026149342359148,5.062724760376113e+24,2.2248768810304865e+25,8.543822877981255e-15,3.7405447806924985e-26,2.7531491195625335e-26,1.4838117968346942e-30,1.6292997239674543e-30,2.017402141193112e-17,2.766583556010532e-17,1.5849503815157576e-15
3.22e+22,0.0005173810696345837,0.9994824702525592,6.434303438632286e-08,1.8087874112888242e-08,6.624689773957175e-08,6441.454192731615,2.9679626740053657,1.1279636620827094,2.950437820903993e+25,1.623222028677021e+25,1.3320628614050773e-14,3.271752675727353e-25,2.461799199757199e-25,1.660118520804465e-29,-3.1817554716463295e-31,7.284281698225023e-17,9.770823252983877e-17,4.696750695684656e-15
3.22e+22,0.0005323499233137338,0.9994674471097882,8.100324149185016e-08,2.2418240333195143e-08,9.954541620563798e-08,6116.017383006852,0.1528722566749624,0.8144559650793534,4.7286522657347696e+24,2.207567485964004e+25,8.725630278426633e-15,5.499090851282501e-26,4.0710147125096986e-26,2.3181455175174228e-30,1.5394021398506245e-30,2.351711494117745e-17,3.2077966846772595e-17,1.7656583462885809e-15
3.22e+22,0.0006942615768229832,0.9993054968471072,1.0577207786150368e-07,2.9586240253255408e-08,1.0621775175234392e-07,6558.7223681047035,0.4058372112705476,0.9015897033812461,8.20957571803238e+24,2.042305128866299e+25,9.970341510126076e-15,2.34959349324961e-25,1.7772855015647447e-25,1.2773485140817604e-29,9.148035115554697e-31,4.3781752839494486e-17,5.857858513719602e-17,2.794121925214545e-15
3.22e+22,0.0008250471280993612,0.9991746523790769,1.7585861446398222e-07,6.625273340450849e-08,5.8381475729892745e-08,7641.096906770699,7.367657228432137,1.585649800370749,4.5497781142485e+25,1.2660198630106395e+25,2.0639652013893573e-14,1.4386505652310754e-23,1.1400114023347885e-23,1.3859907385100544e-27,-7.479635077650973e-30,4.936418119804327e-16,6.3124297579918565e-16,2.092338352840594e-14
3.22e+22,0.0004642099216112866,0.9995355999614793,7.277286636456928e-08,2.0039989960723313e-08,9.730405305665004e-08,5896.286351183374,0.0921992228462484,0.77561385389555,3.480936109537154e+24,2.2766956313064392e+25,8.183916508388153e-15,2.4829662723744938e-26,1.817179371749928e-26,9.367180292030794e-31,1.72208496613363e-30,1.6870522708408027e-17,2.3259186086085963e-17,1.3867325588847774e-15
3.22e+22,0.0004722400947024588,0.9995275676158075,7.391276214119554e-08,2.0368101098635494e-08,9.800862668650179e-08,5919.537340343025,0.40902727179604426,0.8269278292301895,9.089060907530868e+24,2.1467252248593506e+25,8.834914378004252e-15,2.9602927135841274e-26,2.1692091740701484e-26,1.1209138952162285e-30,1.6049511673603154e-30,1.9110186112359464e-17,2.6315078592087895e-17,1.5543481794467005e-15
3.22e+22,0.0006279775321519741,0.9993717986281259,9.453483559112778e-08,2.6300172770644855e-08,1.0300471385632316e-07,6391.4151216191985,0.10554275615083583,0.8402128182186508,3.455343933654942e+24,2.1732538004456962e+25,9.134682525704396e-15,1.3261283953790375e-25,9.952147752472176e-26,6.551409042066567e-30,1.2937270079096116e-30,3.333424060503355e-17,4.4912512919459206e-17,2.2561034414253276e-15
3.22e+22,0.0008699117247619365,0.9991297941720269,1.428588601939387e-07,4.169342634609235e-08,1.0955092468934993e-07,7005.393423129389,1.6730040900854635,1.0703262664805373,1.9783946967424447e+25,1.7352179129313673e+25,1.2484438854641121e-14,1.0200687512718216e-24,7.871101368261157e-25,7.089391716735315e-29,-1.0052987908252488e-30,9.176202661979276e-17,1.2066052422639466e-16,5.053127163432046e-15
3.22e+22,0.0012926783790630349,0.9987067900252953,2.927244967864333e-07,9.68317472094639e-08,1.4203939764358157e-07,7672.973286168228,2.9908597606657135,1.2489356375844591,2.7186796830177887e+25,1.536612160972818e+25,1.528011638845992e-14,5.816719686947355e-24,4.6103945857999766e-24,5.621247385040238e-28,-8.354504800282332e-30,2.102366499039292e-16,2.704568795792389e-16,9.627598260143944e-15
3.22e+22,0.0011131040572570816,0.9988864591555497,2.473907029677701e-07,8.65976971997677e-08,1.0279879314779623e-07,7696.351697257802,3.8780522701954716,1.323763020328673,3.1778485152784815e+25,1.4628052352152766e+25,1.645205149395074e-14,7.442535173018577e-24,5.904850113054836e-24,7.279370233626175e-28,-6.832128043104853e-30,2.5706535583476803e-16,3.300843318381369e-16,1.1542967794629419e-14
3.22e+22,0.0007691055194415006,0.999230661592438,1.2402656164545282e-07,4.000164920704492e-08,6.88599096582035e-08,7255.001770363192,5.3400783493053074,1.3994968106410555,3.912174128344799e+25,1.388429489373976e+25,1.7597938366129766e-14,4.364769074778569e-24,3.4050544537582294e-24,3.4722890265017467e-28,-4.121968932941837e-30,2.5840552730320465e-16,3.354027888004042e-16,1.2521428570113162e-14
3.22e+22,0.0005252764898986458,0.9994745276531264,7.838754515040404e-08,2.169929025779849e-08,9.57701395587395e-08,6126.192464074931,0.8440725992706112,0.8977639329721985,1.3964358928716163e+25,1.988135912630095e+25,9.855790996873704e-15,6.777632283266896e-26,5.020214264232725e-26,2.8564355264943677e-30,1.203211671676909e-30,2.831543494355036e-17,3.859633155020415e-17,2.111318738285714e-15
3.22e+22,0.0006789777356638961,0.9993207121188022,1.9157514316856965e-07,8.445448287121591e-08,3.411590776015374e-08,7849.743815708708,10.860213030010001,1.8411805991083696,5.438619186562337e+25,1.1248114210280714e+25,2.4977315681063856e-14,4.0488700524391847e-23,3.237569560735833e-23,4.352595954261538e-27,-1.0543761140262517e-29,9.8344924269423e-16,1.241490079386744e-15,3.671072533499139e-14
3.22e+22,0.000500714119833736,0.9994990985425246,7.438167863114128e-08,2.0566594641880983e-08,9.238936843735168e-08,6067.265171244297,3.6433064048830253,1.1517592918974102,3.4056583851291053e+25,1.5819672648978855e+25,1.3662133187222305e-14,1.32090825250912e-25,9.758271889463461e-26,5.312944902980575e-30,-2.328976215080755e-31,5.98288449851187e-17,8.150408441601089e-17,4.3591390496739364e-15
3.22e+22,0.00042639278274110765,0.9995734530955159,5.959740483504384e-08,1.64255393941178e-08,7.80987987913782e-08,5938.488254644742,1.6197573828357905,0.9542547476929601,2.1429800734872283e+25,1.849847672406791e+25,1.0673609597887354e-14,4.5012586949452375e-26,3.3019159938225107e-26,1.6814407230544793e-30,8.471124448586359e-31,2.7563817058118332e-17,3.788686842189004e-17,2.198627239512874e-15
3.22e+22,0.002087655278006287,0.9979111650605711,6.756791617922813e-07,2.421153937700465e-07,2.618668671889518e-07,8223.908944468723,3.3477306716328323,1.3264644338244216,2.8246441742951e+25,1.475910227158728e+25,1.6549297460435602e-14,1.608180825368765e-23,1.3002810936105948e-23,1.9766034087064775e-27,-4.8019191475122355e-29,3.1752654122095615e-16,4.028815114337949e-16,1.3002190912499586e-14
3.22e+22,0.0012268805456869417,0.9987725508749415,3.3615791020196384e-07,1.3039131885418872e-07,1.0203014246543132e-07,7984.996697565923,6.760872117598542,1.5687681719969193,4.288988884352893e+25,1.281287043164794e+25,2.04106641622535e-14,2.236730073666644e-23,1.7945836337154048e-23,2.5053301483341607e-27,-1.6240228503370967e-29,5.272408064239313e-16,6.692244305665539e-16,2.1211540083364876e-14
3.22e+22,0.0002800318333672644,0.9997199110469979,2.355713896360177e-08,6.634042932537093e-09,2.6928453049795704e-08,6133.000951274199,9.043484620871366,1.5849144822889722,5.36873916117816e+25,1.250552591419433e+25,2.0442441738915024e-14,8.826323345678073e-25,6.555967052449292e-25,3.799963704725956e-29,-1.7895975866959937e-30,2.8423633179345607e-16,3.7982665117360174e-16,1.6514608278066064e-14
3.22e+22,0.0008261020802378316,0.9991736385446988,1.3343684292423295e-07,4.11355037877271e-08,8.480271687867722e-08,7179.996631371924,3.6861527286087536,1.2594427790435672,3.184923133365222e+25,1.5079873665305175e+25,1.539693098706243e-14,2.4853787252784534e-24,1.9323040351444163e-24,1.8959149874181838e-28,-2.9142390987788608e-30,1.687157007508318e-16,2.2007540651356364e-16,8.611667512545151e-15
3.22e+22,0.0018507103076016173,0.9981483445273306,5.298490345380008e-07,1.7990423336854215e-07,2.3541179999841775e-07,8003.309959449218,0.7299054724894682,1.0980967722757282,1.017361557688744e+25,1.7821326252337823e+25,1.3014020081889226e-14,7.114691682954545e-24,5.7069763885862004e-24,7.947588771266081e-28,-1.736260799470946e-29,1.8018824179618473e-16,2.3015739592218964e-16,7.838980239903442e-15
3.22e+22,0.0003430270385630532,0.9996569055798579,3.573249297008322e-08,1.1909871760836865e-08,1.9739214431557133e-08,6837.635495690198,9.541729661615076,1.6751315087465677,5.335873168631624e+25,1.2049578705883106e+25,2.200412294776568e-14,5.129401987206148e-24,3.9382755045709895e-24,3.3492416749974404e-28,-2.568307432676156e-30,4.845981605807531e-16,6.307572756287451e-16,2.297026110988647e-14
3.22e+22,0.0010024024851552223,0.9989972382466092,1.7942509813991292e-07,5.308904456392296e-08,1.267540927584497e-07,7168.945800241205,0.8585884574057565,1.0161120908518466,1.2491014914334999e+25,1.852211656530946e+25,1.1692249051064766e-14,1.2789601238026076e-24,9.936080535159231e-25,9.669551999153017e-29,-1.0506197906823526e-30,9.118903130502195e-17,1.1929652438653748e-16,4.8240443697984344e-15
3.22e+22,0.0017244201416284127,0.9982747403821588,4.669904061204446e-07,1.5612598890125278e-07,2.1635981764215557e-07,7912.588123507655,0.33093709022409534,1.0539088862972834,5.88176890730126e+24,1.8695332864173599e+25,1.2364263960615455e-14,5.7131129514897924e-24,4.567739873533649e-24,6.134683757466867e-28,-1.1918406146598741e-29,1.5987188366284214e-16,2.0468002138991535e-16,7.0888293984595556e-15
3.22e+22,0.0008548761085681384,0.9991448277736087,1.3960691829570636e-07,3.992170755950476e-08,1.1658919724029945e-07,6899.948739471853,0.10762165281749245,0.9042987507046701,3.1604518585454944e+24,2.080994413673127e+25,1.010110185263815e-14,5.678469491066498e-25,4.361566225503117e-25,3.7307114713877906e-29,4.530020919114723e-31,6.046891440074885e-17,7.985986627035829e-17,3.462629082311198e-15
3.22e+22,0.0015528500723691744,0.9984464428007651,3.892045808194586e-07,1.2785219753965313e-07,1.9007008745240594e-07,7789.691606857461,0.9077699768525874,1.0895449758006215,1.2134690199744776e+25,1.7745642855616538e+25,1.2856617805783665e-14,4.906358807869826e-24,3.9051683674434616e-24,4.989711603959456e-28,-8.64718213376696e-30,1.5752068622277409e-16,2.022882000313819e-16,7.156639824278238e-15
3.22e+22,0.002749862361944248,0.9972483150087902,1.0426361897513232e-06,3.769349440963666e-07,4.0305813181544794e-07,8475.788002367251,1.8984150689932695,1.2341981136829954,1.9162833476717316e+25,1.5911500632746734e+25,1.513287863132282e-14,1.7918620090242738e-23,1.4609767910358546e-23,2.4331502722809976e-27,-1.2842416156588669e-28,2.8448106709027787e-16,3.5957497195358493e-16,1.135802076645384e-14
3.22e+22,0.00043103678341389255,0.9995687797273083,6.886251121084803e-08,1.8887579314170276e-08,9.573918742649173e-08,5785.150058966376,0.017510345321256105,0.7486261711301112,8.075588226909735e+23,2.32325243446661e+25,7.830841166606245e-15,1.6021889357215092e-26,1.1655355195081202e-26,5.816418836607163e-31,1.7955394402469103e-30,1.3958451773916126e-17,1.9354849771292083e-17,1.2045910862029349e-15
3.22e+22,0.000733714991174408,0.9992660324162772,1.1296184207106458e-07,3.1739805618447705e-08,1.078909006780319e-07,6655.884654627604,0.5873720480574665,0.9319358835834314,1.031589723079323e+25,1.9782636342254327e+25,1.0409219336916228e-14,3.2201390908076004e-25,2.4466986178114044e-25,1.849487949856624e-29,6.543287161688502e-31,5.0798376937956256e-17,6.770172846533039e-17,3.137045441021209e-15
3.22e+22,0.0021556158868819473,0.9978430641624952,7.724282175593716e-07,2.971678878320678e-07,2.503545173130013e-07,8404.382606012647,5.150611392402286,1.4793315537736351,3.6333932850511746e+25,1.3498733801055295e+25,1.900897476170589e-14,2.9924857376255524e-23,2.4351042482796756e-23,3.9714264956431e-27,-7.12987801212684e-29,4.809703534394678e-16,6.065709194776683e-16,1.861017213215865e-14
3.22e+22,0.0005633793661270941,0.9994364108133628,8.526013120892032e-08,2.363197496479525e-08,1.0092840398982809e-07,6206.5630155449135,0.3063800702487956,0.8480082629612987,7.244110637535224e+24,2.1325789873035388e+25,9.176183150723904e-15,7.740437596487436e-26,5.756560676045884e-26,3.431811849718585e-30,1.3996112343100593e-30,2.763403880515662e-17,3.753597843715319e-17,2.0024401659558113e-15
3.22e+22,0.00010598356434389997,0.9998940045944779,4.756859087784718e-09,1.3613710958394786e-09,5.722948138935208e-09,5799.72875545095,12.738211195708866,1.8086286205891722,6.284121703829015e+25,1.1271777841031326e+25,2.4106665737557764e-14,1.0583010489860582e-24,7.74548740939629e-25,3.778100110694007e-29,-9.19037442709289e-31,5.25484825471887e-16,6.996448326117216e-16,2.8037069433769807e-14
3.22e+22,0.00045039645092676353,0.9995494146126531,7.161380402196599e-08,1.968653854539386e-08,9.763607758902003e-08,5842.341214764358,0.4369143312365155,0.8213337035226179,9.583514751067616e+24,2.1504471413220747e+25,8.745289913094008e-15,2.2491569522689433e-26,1.6412916779339402e-26,8.220984415565622e-31,1.6560113514018024e-30,1.721250772674541e-17,2.3794946618329147e-17,1.4472662343339025e-15
3.22e+22,0.00013918053205062142,0.9998608032161842,7.328186565961322e-09,2.2228181627874304e-09,6.700760490292898e-09,6126.648574383704,11.698035190414274,1.7657388359983928,5.997002486896998e+25,1.1510470893689434e+25,2.3423753352441825e-14,1.8096497987177982e-24,1.3459441576470332e-24,7.927207991585546e-29,-1.0992867155826735e-30,5.070379897608809e-16,6.704130684392257e-16,2.6177493223660354e-14
3.22e+22,0.00048131929406114204,0.9995185321803842,6.136567299064285e-08,1.7067802693964373e-08,7.009207911650168e-08,6250.913432214622,2.426310327748675,1.06102746698693,2.658630527988005e+25,1.7004723924505244e+25,1.2293397094707544e-14,1.5935703428039832e-25,1.1879445169090036e-25,7.1990502279539e-30,1.6189682190832818e-31,5.103700710285618e-17,6.906839821193952e-17,3.555579044543331e-15
3.22e+22,0.0014628107752177827,0.9985364933151405,4.028244984706144e-07,1.4781854716644029e-07,1.4526659600563358e-07,7995.36121803381,5.0797159622417105,1.4430548137175532,3.664715415579907e+25,1.3697136356591813e+25,1.837626187669285e-14,1.6025304623709874e-23,1.2857219185739388e-23,1.794620069905817e-27,-1.9443246315404205e-29,3.877262697340692e-16,4.933800238741466e-16,1.6093365744439946e-14
3.22e+22,0.000739502967703928,0.9992602416483396,1.1433766992749206e-07,3.213055327536752e-08,1.0891573333084904e-07,6662.503708221347,0.16347229280791087,0.8835512816730351,4.456525281651683e+24,2.103267719773463e+25,9.761012041506477e-15,3.006465133617579e-25,2.2850159794818027e-25,1.733882332127285e-29,8.865768408488408e-31,4.69475033060803e-17,6.255795127313226e-17,2.895878089743767e-15
3.22e+22,0.0007313896544582567,0.9992683910605373,1.0710444433658245e-07,3.165518279625814e-08,8.052537729041677e-08,6959.510509709646,3.2604836622762,1.2028933097236882,3.006105316784509e+25,1.5586775655550667e+25,1.4504295958391618e-14,1.3503685964326706e-24,1.0401334806301541e-24,9.178842612743633e-29,-1.7070617447519137e-30,1.2735176205365413e-16,1.6744569528211586e-16,6.953924092904125e-15
3.22e+22,0.0009171579864626611,0.9990825240937952,1.5512405152470865e-07,4.523854831603046e-08,1.1755714224040596e-07,7048.381825179814,1.1772203341779377,1.0311156638600565,1.564210362206055e+25,1.8080439860677658e+25,1.1900449225644711e-14,1.0177231355128525e-24,7.867041980844519e-25,7.232174370999417e-29,-7.94339687100688e-31,8.623875345920858e-17,1.132644918056235e-16,4.7097613156735176e-15
3.22e+22,0.0007687391286887512,0.9992309959615288,1.2030845400844746e-07,3.3949481168030756e-08,1.1065184725462659e-07,6726.683996962192,0.08472800467059935,0.8787639056122468,2.72005891689769e+24,2.118666618351959e+25,9.725022833283949e-15,3.533319909024583e-25,2.693237004037048e-25,2.1121605308383914e-29,8.332163993380904e-31,4.96036915112824e-17,6.593388937861342e-17,2.997151636345991e-15
3.22e+22,0.00043213777117728503,0.9995677200307941,8.727932200207412e-08,3.6280827367498823e-08,1.8637879241960582e-08,7447.100430276541,11.777431276417708,1.8693464851472354,5.720479311443058e+25,1.1074899012259342e+25,2.5397590208717102e-14,2.5561317070414034e-23,2.0143948313879427e-23,2.3016697483483214e-27,-6.376449169506463e-30,9.594583189117945e-16,1.2199364421954884e-15,3.7403695601576195e-14
3.22e+22,0.0005071947113105616,0.9994926778909885,5.8870108776968246e-08,1.707939907839809e-08,5.144819330695569e-08,6652.70787451993,6.504691132656851,1.437991885876261,4.47821252907086e+25,1.3500035452226672e+25,1.814535763749852e-14,1.5569297634788143e-24,1.1841298587806546e-24,9.032651053050565e-29,-2.5200775526617113e-30,2.208586087195894e-16,2.917789464758499e-16,1.2166274916468055e-14
3.22e+22,0.0007172669755749088,0.9992825014552219,1.0610881867347112e-07,3.0151073314130596e-08,9.53093112827704e-08,6735.988546957729,1.8434069760179959,1.0573029659948647,2.156174018279827e+25,1.7360184766478629e+25,1.2267097687033902e-14,5.354322671291774e-25,4.083324410624506e-25,3.216153306987758e-29,-3.0950969803872842e-31,7.323037621002231e-17,9.722366685678063e-17,4.3642555191386456e-15
3.22e+22,0.0009149274389230647,0.9990847678110979,1.5741597956137483e-07,4.8458739160021475e-08,9.887526036073891e-08,7242.798441035301,2.1668588860800826,1.1380587505552855,2.288586645803047e+25,1.6508525031760063e+25,1.353308674507727e-14,2.0024003382889253e-24,1.5604724503323768e-24,1.5726709912640362e-28,-2.051898646904481e-30,1.2700030400439693e-16,1.6558824999486904e-16,6.510180214882687e-15
3.22e+22,0.001247599453190437,0.998751862920426,3.096443794346917e-07,1.1214635555961264e-07,1.1583564858486417e-07,7852.227878669629,3.9140082936187626,1.3410169366267928,3.1662963933906696e+25,1.4515876356089266e+25,1.674053380398649e-14,9.973688218904936e-24,7.958851907160162e-24,1.0463331418392766e-27,-9.4493932165056e-30,2.869834703072486e-16,3.6695088551288153e-16,1.2456373375273879e-14
3.22e+22,0.00032575328789170724,0.9996741861280856,2.8901896549378856e-08,8.784091676605104e-09,2.2898034539070444e-08,6572.9697741842265,7.410333766722086,1.500898070539724,4.7923604548724845e+25,1.3067260232603614e+25,1.9138378015040235e-14,1.6632814344114037e-24,1.2608256741967372e-24,9.259367699551769e-29,-1.379308974799606e-30,2.602915844320309e-16,3.439654882948244e-16,1.420930427847532e-14
3.22e+22,0.0015864773428473956,0.9984127711939977,4.227842722513174e-07,1.4560125006076235e-07,1.8307763267718146e-07,7909.388569831724,0.506378441830814,1.069946154664763,7.941946357049963e+24,1.8329002031915583e+25,1.2591278069470053e-14,5.8912683398942854e-24,4.709564756733721e-24,6.316408271879639e-28,-8.931363495490392e-30,1.644929245526022e-16,2.105489718991124e-16,7.278018397620393e-15
3.22e+22,0.0011344493688633332,0.9988651224658576,2.2829449270637503e-07,7.231752838187822e-08,1.275532578544869e-07,7465.449319482147,2.540009175809923,1.1915590018432929,2.4894684646540274e+25,1.593545359063442e+25,1.4372872518962323e-14,3.4909929836104805e-24,2.7449131317880513e-24,3.0591643832176427e-28,-4.7789310456928596e-30,1.642663051539943e-16,2.1267033437522963e-16,7.937177905657039e-15
3.22e+22,0.00245245323953794,0.9975460479681991,8.518040662868356e-07,3.0007454950178115e-07,3.46913647086975e-07,8318.89451824225,0.9913519962619509,1.150616950465155,1.2266187673556178e+25,1.711753821352919e+25,1.3838417077672528e-14,1.2419515348912466e-23,1.0072451689108672e-23,1.5830668161742275e-27,-6.524875188065634e-29,2.2903072343579036e-16,2.9049704370532333e-16,9.415577950504396e-15
3.22e+22,0.0004205852395068334,0.9995792313310096,6.827767518873736e-08,1.8688209320570722e-08,9.646359897162197e-08,5739.0254189573625,0.08569316392460834,0.7545339770986732,3.416191513955821e+24,2.3127594458586855e+25,7.879099428033117e-15,1.3676562195352608e-26,9.923932051842154e-27,4.902460657035823e-31,1.8206554006756305e-30,1.3253603568550263e-17,1.8422632586403975e-17,1.1678811113174766e-15
3.22e+22,0.0003336891845158355,0.9996662380851233,4.158317146475401e-08,1.521911200945725e-08,1.5928077382958654e-08,7009.3415904855165,11.655043361875741,1.828432403024948,5.789791713931086e+25,1.124870110228573e+25,2.4617028399054325e-14,1.1576785743763734e-23,8.963902341977129e-24,8.393066682172405e-28,-3.9977097565118054e-30,7.769976172148091e-16,9.996837896811484e-16,3.3014766404349315e-14
3.22e+22,0.00031634317933636023,0.9996835948699039,2.7394902780859206e-08,7.93996935085952e-09,2.6615887540507895e-08,6370.561586678255,6.282470833361642,1.397644471534339,4.460964126459664e+25,1.374512919698448e+25,1.7483716665873008e-14,7.319376409351529e-25,5.493492674280035e-25,3.596087192535719e-29,-9.168909455746974e-31,1.6966281972848144e-16,2.2662937032861767e-16,1.0220226380672882e-14
3.22e+22,0.0006101450316585779,0.999389635752563,9.16750691948086e-08,2.5475990003351246e-08,1.0206471930091571e-07,6345.302806883302,0.04775343228145694,0.8242986010336043,1.8183749541806626e+24,2.2009741619541945e+25,8.928262902461812e-15,1.1305938058644748e-25,8.465853237161644e-26,5.4396241961821736e-30,1.3772115784249912e-30,3.095420481153084e-17,4.178858973662248e-17,2.1302748385739033e-15
3.22e+22,0.0008450645617657698,0.9991545682733654,2.2264084897140562e-07,9.230025882276219e-08,5.222376108984853e-08,7863.720022641431,8.972014813111457,1.716666889026589,4.971357995856967e+25,1.191295917571139e+25,2.2849607267083788e-14,2.8855020342445385e-23,2.3066699889251692e-23,3.091991049652058e-27,-1.0697168374366153e-29,7.321689326892199e-16,9.279442838244541e-16,2.860645249861274e-14
3.22e+22,0.0005178370945348304,0.9994819921499027,1.0325551875682625e-07,4.16235669462821e-08,2.587647663056878e-08,7487.821372887777,10.452266416693156,1.7870987009972412,5.417536558123547e+25,1.1498164418455411e+25,2.3984677100680992e-14,2.1035277450630874e-23,1.6592014523299108e-23,1.9152327459294366e-27,-6.182056326526312e-30,7.896975556634419e-16,1.0066360154129636e-15,3.1765412886010116e-14
3.22e+22,0.0010136247861739528,0.9989860135540422,1.8385884741033614e-07,5.533210885269583e-08,1.224688275139289e-07,7235.9211765077935,1.6532519482413166,1.09293470499493,1.922991162971948e+25,1.7167056354556768e+25,1.2846090569531721e-14,1.7508724631729736e-24,1.3640292988531516e-24,1.36984427384366e-28,-2.0909381077904953e-30,1.1301191951573055e-16,1.474614829030157e-16,5.8404730675801466e-15
3.22e+22,0.00014797600844362673,0.9998520050285656,8.090486801495273e-09,2.3701761021982624e-09,8.502327697008072e-09,6045.946346942307,11.977346868323712,1.7777924848416675,6.074777988951184e+25,1.1443244774881508e+25,2.3616437813817232e-14,1.6008077244486845e-24,1.1860331557858761e-24,6.677319649345819e-29,-1.2655920776573549e-30,5.13492519384929e-16,6.800636166928034e-16,2.6710514288788008e-14
3.22e+22,0.0026840005525918093,0.9973142662801999,9.86275741570899e-07,3.5003633919086086e-07,3.968551276119953e-07,8414.553811119647,0.5510029910575218,1.1258561236222149,7.930495564722459e+24,1.7711948122221462e+25,1.3485133184863212e-14,1.3550686777008998e-23,1.1025237583690111e-23,1.7944012952303213e-27,-9.914698048757015e-29,2.2921662648334744e-16,2.902240661820679e-16,9.297473085235262e-15
3.22e+22,0.0005650267397105309,0.9994347223884475,9.787007948644452e-08,2.705151801023026e-08,1.259502444865381e-07,6013.9468811284,0.5826183309987012,0.8575400246585655,1.1194916403979212e+25,2.0754153563656564e+25,9.270347358690661e-15,4.280901925902386e-26,3.152595309904405e-26,1.7175544545736196e-30,2.139051987233146e-30,2.2689983702482712e-17,3.1105291278185333e-17,1.776625817002735e-15
3.22e+22,0.0004597334613497193,0.9995400751724659,7.289335005114754e-08,2.005782214611112e-08,9.841501229424687e-08,5870.405908413433,0.21877535463375197,0.7953887981156761,6.225456367489874e+24,2.2282479062130274e+25,8.413171882270492e-15,2.3494253923596395e-26,1.7170592604022916e-26,8.74174536725977e-31,1.718759146875421e-30,1.6901592378083665e-17,2.33326553279137e-17,1.4047823941313214e-15
3.22e+22,0.0017171451660911174,0.9982819069431024,5.587680653151487e-07,2.1763059974925792e-07,1.714921414036381e-07,8246.529473825185,5.803309691081309,1.5177807016766562,3.90762274148235e+25,1.3194976133394788e+25,1.96137058789847e-14,2.740930706908068e-23,2.2187901537402993e-23,3.4174220427613e-27,-3.5595875384470723e-29,5.041638583596091e-16,6.371874602818063e-16,1.9752286453245593e-14
3.22e+22,0.0016100135262794772,0.9983892292423084,4.2279700062355963e-07,1.4264517747695946e-07,1.9178923410303997e-07,7881.732561321205,2.1329699870426033,1.1991198885252374,2.157334422422658e+25,1.6059017917999666e+25,1.45301633825416e-14,7.215437729036886e-24,5.7629204729341224e-24,7.651300799353926e-28,-1.389200846691557e-29,2.0682273146239757e-16,2.6479722414671725e-16,9.142823505321192e-15
3.22e+22,0.0012299043526458261,0.9987695913658835,2.8348503050826877e-07,9.765656360488768e-08,1.2313987642966257e-07,7726.795978460024,4.213130584626249,1.3524096864300468,3.334070826646145e+25,1.4377306562494542e+25,1.6905137807672318e-14,8.39002561205207e-24,6.664666527331051e-24,8.327869265561184e-28,-9.880717097889015e-30,2.790122575125738e-16,3.578894414834319e-16,1.2402081062154856e-14
3.22e+22,0.0002849870347851396,0.999714958348868,3.060517927944e-08,1.0885250510127093e-08,1.3125917184979495e-08,6876.329918040807,11.01676178669063,1.7773165987745427,5.678779214071566e+25,1.1501656965137357e+25,2.3723309868439082e-14,7.810920240540593e-24,6.0117920630849865e-24,5.257037493251541e-28,-2.7986156808646856e-30,6.532828675018918e-16,8.454025973800477e-16,2.915670216960547e-14
3.22e+22,0.00037084869572181437,0.9996290254369449,4.806909515088629e-08,1.3214852904438068e-08,6.45833853673253e-08,5862.160450646377,5.727212735275138,1.3099672561958198,4.3775730708188996e+25,1.4323668947999621e+25,1.6079018539659858e-14,1.4267664731540868e-25,1.0433571027910234e-25,5.018672402227675e-30,-1.0514295401185264e-30,9.319361095974107e-17,1.2748974596927928e-16,6.840491944334088e-15
3.22e+22,0.0005914966879264499,0.9994082983675758,8.601341768285777e-08,2.392355363743631e-08,9.500752643251161e-08,6353.807137405462,1.1647818170332098,0.9542230517133574,1.6711923582189846e+25,1.8885405736762406e+25,1.0699844527722376e-14,1.519765521431349e-25,1.138505376611911e-25,7.322004826673802e-30,7.619909227524598e-31,4.074808650633132e-17,5.496899481462498e-17,2.781395785434523e-15
3.22e+22,0.001404914675717628,0.9985944225116735,3.856684453616351e-07,1.433847631873926e-07,1.3375940033978808e-07,7994.841851089383,3.93118540654589,1.3552382397077434,3.1492718332505335e+25,1.4428034353787948e+25,1.69810146953524e-14,1.2819635883490962e-23,1.0282715384908452e-23,1.4313710594459247e-27,-1.3399579955822907e-29,3.147520911059681e-16,4.010022166939063e-16,1.3271609169554756e-14
3.22e+22,0.001445555176929425,0.9985538054990017,3.5616534810203995e-07,1.199473262083808e-07,1.6321139438205637e-07,7797.148941555028,2.8275195995912585,1.2474226176529082,2.6032906100230447e+25,1.5433817012630173e+25,1.526905349269048e-14,7.094876354685109e-24,5.6494691155566105e-24,7.251854641234864e-28,-1.1460288154928817e-29,2.220792527062653e-16,2.847858047432625e-16,9.919745818717317e-15
3.22e+22,0.0009344027286930112,0.9990652683119632,1.6009777267949886e-07,4.655939900589867e-08,1.2230217215987254e-07,7046.101815736069,0.35656930529964953,0.9541610171532003,7.018449678445807e+24,1.982209035868771e+25,1.0790735831238414e-14,8.672679429422776e-25,6.703174678835746e-25,6.154994066371822e-29,-1.6150632851504062e-31,7.399943114346133e-17,9.72235507865873e-17,4.058223452044544e-15
3.22e+22,0.00018738803552553716,0.9998125853962404,1.1608229487143832e-08,3.4168884572531097e-09,1.1543116229929635e-08,6171.572917449415,9.173839688289128,1.5977102195922275,5.391378258649289e+25,1.2434023813079778e+25,2.065410351856918e-14,1.0160683165521086e-24,7.5620604272389e-25,4.4885399237167204e-29,-8.968217171635481e-31,3.0138332324378093e-16,4.018997698717129e-16,1.7202233187432408e-14
3.22e+22,0.000563223693823754,0.9994365755334005,8.255812447922444e-08,2.2909455948507378e-08,9.530519549165395e-08,6258.845438783833,1.022360664205271,0.9301196617219413,1.5537199996331588e+25,1.929593098421798e+25,1.0338062231492202e-14,1.0909107428681702e-25,8.13441294768715e-26,4.968914381960436e-30,9.607585881291826e-31,3.5048550894923827e-17,4.748160518765365e-17,2.4803498514695325e-15
