n0,ne/n0,(Ar)/n0,(Ar*(1))/n0,(Ar*(2))/n0,(Ar*(3))/n0,Tg,E,energy,mobility,diffusion,C0,C1,C2,C3,C4,C5,C6,C7
3.22e+22,2.91323813945468e-05,0.9999708543977723,4.476018898414619e-09,4.7232292122961e-10,8.272491345349164e-09,3573.117698728673,6.720198040853346,0.5905803202149503,1.787616492268712e+23,2.6249759534862486e+25,5.60434053809442e-15,2.371164312026487e-27,6.0363524817395234e-27,4.325393171722344e-28,3.297657596686326e-27,1.2712591488131841e-18,1.9182798557136313e-18,2.2592622587158396e-16
3.22e+22,0.00015557039646747824,0.9998442828333968,4.820714318843581e-08,9.704148407976461e-09,8.88588442649457e-08,4336.523484019445,0.18163881492387748,0.5611072046796297,1.0414592243211109e+18,2.6894247543746273e+25,5.204365536018639e-15,9.5544033517316e-27,2.572788725529307e-26,1.9207990253042598e-27,1.4946318243802155e-26,7.343241377591182e-19,1.1271338479548452e-18,1.5262149809125436e-16
3.22e+22,0.00021054187019924297,0.9997892749363244,6.041659779006139e-08,1.3688826392890083e-08,1.0908805214345664e-07,4624.092756070129,2.0281856237267925e-12,0.5616132886028238,726172237.4802117,2.6883046874823904e+25,5.21119552560161e-15,1.205559413329567e-26,3.270687217545095e-26,2.4589183021424033e-27,1.923743100122741e-26,7.425219225187922e-19,1.1392178614841751e-18,1.5376453243357094e-16
3.22e+22,8.207783608876034e-05,0.9999178340900101,2.9849120819040815e-08,3.018255452881503e-09,5.5206524724375284e-08,3575.474806712115,0.10486062948115615,0.5597095804709835,-1.0756962857206155e+20,2.692516556532685e+25,5.1855046161034234e-15,5.70389197573904e-27,1.5114546955027526e-26,1.112781646004387e-27,8.57078467407699e-27,7.10806763007606e-19,1.0926065965591754e-18,1.494260064881579e-16
3.22e+22,6.967576314118764e-05,0.9999302896392708,1.1414000980471583e-08,2.1276158923722178e-09,2.1055970979078853e-08,4172.410520587252,2.9451795022776777,0.566257054875521,1.3076992504179112e+22,2.6780240526244744e+25,5.2738909583545024e-15,4.984326694692039e-27,1.3126861360337307e-26,9.620371856529438e-28,7.394767610996624e-27,8.144169756760759e-19,1.2457746960618447e-18,1.6412851037036582e-16
3.22e+22,0.00014760574239568435,0.9998522534818669,4.626031550252935e-08,9.076660999699732e-09,8.543876097171079e-08,4286.326672393656,0.27132422130007244,0.5610391328329479,-9.514196481872587e+18,2.6895752790633113e+25,5.203446686193166e-15,9.167099257477919e-27,2.4651947790355376e-26,1.8382318687295913e-27,1.429049855319301e-26,7.331836651278919e-19,1.125457876639653e-18,1.524656848244226e-16
3.22e+22,0.00013050592347083753,0.9998694656869175,1.005458907582716e-08,2.6619728746567847e-09,1.5673049630329335e-08,5381.418261012239,8.480980991781399,0.6034346821025994,2.368703007612678e+23,2.598017240837753e+25,5.781220490379585e-15,8.37311169777211e-27,2.202924848336443e-26,1.6203553431382033e-27,1.2581330041609354e-26,1.6670809120196546e-18,2.486846988122049e-18,2.699499313239835e-16
3.22e+22,0.00030027753234954823,0.9996994991535121,7.541914294914843e-08,1.889844593955046e-08,1.2899654959592445e-07,5006.111020876614,3.5890933308959494,0.5690822537596467,2.0336339252979893e+22,2.671830843628215e+25,5.312163605011704e-15,1.563820574992922e-26,4.2762079173350114e-26,3.240522967506338e-27,2.5519135180927048e-26,8.659620671522181e-19,1.3214404901378692e-18,1.7104060223731157e-16
3.22e+22,0.00025547460776823873,0.9997444002935594,4.316691786933313e-08,1.1217956910888e-08,7.071379754136325e-08,5210.002048931697,1.3911565467470564,0.5637273783493927,2.1625897582165434e+21,2.6836286861901086e+25,5.239738803123154e-15,1.392723496435737e-26,3.7954912320051466e-26,2.866116699998613e-27,2.2503356987253127e-26,7.764526012647082e-19,1.1893262370631609e-18,1.5854483359017649e-16
3.22e+22,0.00010006288914870354,0.9998998100097476,4.294912731719451e-08,4.6719786119774845e-09,7.947999771905063e-08,3620.3953948670214,1.5878534544667587e-12,0.5597840156669777,-1640913386.9801676,2.6923532642394853e+25,5.186511274904629e-15,6.709382380688735e-27,1.7869397118476308e-26,1.3211567916064535e-27,1.0204285862166134e-26,7.124165791681415e-19,1.0949250431557082e-18,1.496164541750548e-16
3.22e+22,5.3408774625191595e-05,0.9999465505273303,1.3999515174295375e-08,1.125687642796966e-09,2.557284147763334e-08,3432.2496813508956,0.8359955021943685,0.5599008953871052,-9.114883507633345e+20,2.6920827788892407e+25,5.188068242047196e-15,3.984336134539381e-27,1.0440561306565954e-26,7.6192549595091e-28,5.838089967695446e-27,7.117135487841289e-19,1.0942099637199496e-18,1.497238217466084e-16
3.22e+22,0.00010468844021274305,0.9998951792395524,4.4520563193716476e-08,5.292475464850368e-09,8.25071961638796e-08,3685.1556524593366,1.6162255023224585e-12,0.5599017435912996,-1507655810.4250154,2.692092789669737e+25,5.188099772433853e-15,6.964352180530025e-27,1.8569927362488344e-26,1.374322562117123e-27,1.062289395446585e-26,7.144125408377218e-19,1.097852430862245e-18,1.4988593588181766e-16
3.22e+22,0.0003017480023011939,0.999698101677642,5.26261667753569e-08,1.3915200242168409e-08,8.377868977121234e-08,5329.1910631326555,0.9546880554010051,0.5633854112884735,1.1269942921104379e+21,2.6843848341375627e+25,5.2351205791204245e-15,1.5726517247522358e-26,4.3031746291719583e-26,3.262267003376976e-27,2.56858248572296e-26,7.709991413092468e-19,1.1812637214778116e-18,1.5777163349381838e-16
3.22e+22,0.00019120232746070278,0.9998086573504774,4.6399167920686665e-08,1.0694555149268045e-08,8.322833895024516e-08,4679.290216526509,0.6574387437115478,0.5619551473736493,3.3640487665880406e+20,2.6875476888737716e+25,5.215808906937489e-15,1.1205517673258278e-26,3.032654023837146e-26,2.2747876716087005e-27,1.7766795586199836e-26,7.479278525622638e-19,1.1472053669185792e-18,1.545297996224822e-16
3.22e+22,6.394341842025521e-05,0.9999359982051347,2.001805516979755e-08,1.5032033297889011e-09,3.6855186626912624e-08,3424.233591179686,0.411964416124886,0.5595369068730842,-5.4265283506362044e+20,2.6928950206623818e+25,5.183168836089985e-15,4.623982012805033e-27,1.2174850421652371e-26,8.917667892769496e-28,6.846804675390481e-27,7.070291663144941e-19,1.0871679304095705e-18,1.4898087833966581e-16
3.22e+22,9.50348892575513e-05,0.9999048514513762,3.839411492134362e-08,4.226675836457193e-09,7.103857535535932e-08,3628.387038410532,1.5913010603353476e-12,0.5597986979687403,-1641235382.3727374,2.692320398883193e+25,5.186708746865138e-15,6.4374747278974905e-27,1.7123171847340793e-26,1.2646358273133938e-27,9.76099215331726e-27,7.125709384608086e-19,1.0951630348591332e-18,1.4964460478005534e-16
3.22e+22,0.0001909122468963142,0.9998089207919596,5.494959984759723e-08,1.2112655889592071e-08,9.989888845237596e-08,4547.853170377353,0.006968969529633183,0.5614741326487235,1.206866211917398e+18,2.6886127194901545e+25,5.209317528885325e-15,1.1199003600926751e-26,3.030995379108513e-26,2.2735515293647116e-27,1.775612522455694e-26,7.402906720580051e-19,1.1359254247268211e-18,1.5345132847329902e-16
3.22e+22,0.0003796192756107048,0.9996202022553783,6.468701015176216e-08,1.753267981394292e-08,9.624932094979837e-08,5575.596172538409,0.1480221375049012,0.5633678269093885,1.0317015234451551e+20,2.6844239981661567e+25,5.2348835545405955e-15,1.8508439915767936e-26,5.091364365992035e-26,3.880231034909923e-27,3.065963909098884e-26,7.707702034126532e-19,1.1809196133825526e-18,1.5773541934736784e-16
3.22e+22,9.17593139328866e-05,0.9999081321235767,3.674944326735517e-08,3.784820445225232e-09,6.802822660302993e-08,3589.404374743966,1.5741906757175351e-12,0.5597278696746585,-1723549050.9277177,2.6924770062141393e+25,5.1857529101704766e-15,6.250591788409228e-27,1.6611240134825984e-26,1.2259009130723269e-27,9.456970638878032e-27,7.113430474355452e-19,1.0933655314858455e-18,1.4948095598451277e-16
3.22e+22,8.337346524106516e-05,0.9999165263528886,3.457230939359366e-08,2.4857734428056566e-09,6.312378748759344e-08,3391.882577485927,1.4875904745581436e-12,0.5593690114080515,-2094778192.0963607,2.6932709764574623e+25,5.180911116035759e-15,5.7816784017050325e-27,1.5329273098165078e-26,1.1290754096222564e-27,8.697957797874374e-27,7.052210601732107e-19,1.0843928071821717e-18,1.4865811709638529e-16
3.22e+22,7.424772882278264e-05,0.9999256902605679,2.0751023118599034e-08,2.7923871636103397e-09,3.846719924637548e-08,3780.833183678585,5.88901065939381,0.5813887199312275,9.689208234504792e+22,2.64495078126513e+25,5.479235708500256e-15,5.2502074219936014e-27,1.379282858227907e-26,1.0099004373582323e-27,7.770445532631309e-27,1.0944407025551825e-18,1.657590720916308e-18,2.0192657020647102e-16
3.22e+22,0.0001405190962844378,0.9998592954497119,6.15737728853891e-08,9.67108023193791e-09,1.142091506510323e-07,3946.5550841336985,3.59512381328471,0.5677990758289813,1.8990952814110747e+22,2.6746371633268207e+25,5.2947682049685254e-15,8.80134684134864e-27,2.3618269169966847e-26,1.7583481765874114e-27,1.366015273553488e-26,8.41159760491956e-19,1.2851869542392406e-18,1.6781312142722462e-16
3.22e+22,0.00023473388956865,0.9997651189323817,4.948693661462693e-08,1.2266376068165044e-08,8.542473686724896e-08,4949.697455435003,0.725726212792351,0.562495199473159,5.6087896890524113e+20,2.68635307013348e+25,5.2230995732488314e-15,1.309214840251955e-26,3.561063072606504e-26,2.6839534557142553e-27,2.104085603848692e-26,7.566442631768301e-19,1.160067330637357e-18,1.5575200292805693e-16
3.22e+22,3.608452724210442e-05,0.9999639035604053,3.935151282527419e-09,6.81733503549206e-10,7.295467723142387e-09,4097.435533913102,8.344524175166242,0.6064324834480035,3.075528895627335e+23,2.5914457361981178e+25,5.822005471370347e-15,2.9140702403220245e-27,7.315953919308407e-27,5.205673298311463e-28,3.975506375106533e-27,1.7069991566817316e-18,2.5485951182843277e-18,2.769743422261684e-16
3.22e+22,0.0001625188195788267,0.9998373044445935,5.809036827682447e-08,1.1231925357863144e-08,1.07413533985746e-07,4257.255537160224,1.867215846924863e-12,0.5609434743545246,-207063401.93552697,2.689787265400901e+25,5.202156247254338e-15,9.880902349301037e-27,2.6637816637868986e-26,1.9908070676746514e-27,1.5503251112592457e-26,7.316817898943219e-19,1.123238677176769e-18,1.522528298112151e-16
3.22e+22,0.00028430647506981585,0.9997155140858279,6.107690419318877e-08,1.5597470799253428e-08,1.027647272335632e-07,5091.20454670804,0.0032908605388871125,0.5624681080900588,1.6167415677442957e+18,2.6864133276983804e+25,5.222734352602905e-15,1.507241523291322e-26,4.118682075604795e-26,3.1181544986369062e-27,2.4525243840229507e-26,7.562727554672713e-19,1.159511431280481e-18,1.5569492973418087e-16
3.22e+22,8.68668065101559e-05,0.9999130364809612,3.2718255045198685e-08,3.4680720153490367e-09,6.052620150247858e-08,3603.92749636472,0.033633912742595654,0.5597551014251827,-3.1765757752593764e+19,2.69241628041516e+25,5.1861195482558846e-15,5.977219157463817e-27,1.5861623420224175e-26,1.1691609076049506e-27,9.011871502098113e-27,7.116874321117958e-19,1.0938849572455227e-18,1.4953650043387978e-16
3.22e+22,0.00012429965237708944,0.9998755399933006,5.3407854711035743e-08,7.804231301083412e-09,9.914223624892526e-08,3865.7445748012974,1.6954890059478076e-12,0.5602300946304951,-1112106574.7923517,2.6913663555523505e+25,5.192530468178906e-15,7.993784954274e-27,2.1406982259491933e-26,1.590248389752711e-27,1.2326016326292211e-26,7.199648458230529e-19,1.1059986459982707e-18,1.5063727433315343e-16
3.22e+22,0.00016370049899812697,0.9998361189453652,5.9348998214502065e-08,1.1441432899119966e-08,1.0976520567346158e-07,4251.812010206072,1.8648301712763717e-12,0.5609335062166196,-219986067.0503872,2.6898093361319217e+25,5.2020217457556796e-15,9.932593382088477e-27,2.6781133615822686e-26,2.001773128923099e-27,1.5589909977655291e-26,7.315208395246793e-19,1.1230014273780072e-18,1.5223038399566866e-16
3.22e+22,0.00017787094947897743,0.9998219729504138,5.131949048770065e-08,1.1072608420385354e-08,9.370800849644013e-08,4493.159558295878,0.08444645346111662,0.5613782830050777,1.2088478534847443e+19,2.6888248682546068e+25,5.208023971578496e-15,1.060329593509307e-26,2.8646159182675413e-26,2.1451263661083275e-27,1.6730415033806617e-26,7.387441619715221e-19,1.1336448738282409e-18,1.5323513770415736e-16
3.22e+22,0.00012004527213249073,0.9998797508514116,7.03610660902272e-08,5.427312718974243e-09,1.2808807725032665e-07,3410.4269979010146,1.1299918052331224,0.5601542163998333,-8.993192067677048e+20,2.691529508211947e+25,5.1914987115165025e-15,7.773634921502913e-27,2.0802444507829716e-26,1.5443095122058732e-27,1.1962546239916215e-26,7.176606004085772e-19,1.102735341369077e-18,1.5040137376805521e-16
3.22e+22,2.6104150013838343e-05,0.9999738860748331,3.301708438684883e-09,3.098821656075676e-10,6.163562288989372e-09,3536.042204689484,3.880636461178453,0.570275324795482,3.606872243367478e+22,2.6690841848540066e+25,5.328086791910478e-15,2.148369430882853e-27,5.5094780937151806e-27,3.961667744720242e-28,3.0182474644191997e-27,8.675325489171547e-19,1.3257765820195657e-18,1.725842772992228e-16
3.22e+22,0.00036128055141765276,0.9996384557085227,9.039190086914231e-08,2.3361081924086445e-08,1.499870768393882e-07,5164.879871865472,2.5567179831461324,0.5659818356119277,8.837057932071841e+21,2.678652076755706e+25,5.270205994424629e-15,1.7865626691602987e-26,4.908025556423668e-26,3.7358642415839665e-27,2.9500691877342014e-26,8.130460794585227e-19,1.2434149764685706e-18,1.6371276615218738e-16
3.22e+22,0.00010425456391106977,0.9998956116333666,4.510705147069898e-08,5.200631756860448e-09,8.34950390343668e-08,3659.7615641586203,1.6050667738759745e-12,0.5598555370591681,-1556512274.8642397,2.692195107604427e+25,5.1874764476087964e-15,6.940078792377741e-27,1.8503740334086993e-26,1.3693276578270135e-27,1.05834926812454e-26,7.136510388325712e-19,1.0967328537575961e-18,1.4978141600930918e-16
3.22e+22,0.000402284724463785,0.9995975342395269,6.659662978187032e-08,1.8159580891745487e-08,9.627979852909064e-08,5667.839191945922,0.09211064905458467,0.563530336765135,5.184344404278069e+19,2.6840648506646636e+25,5.237078481183393e-15,1.926867222028769e-26,5.307291308422467e-26,4.050024175584043e-27,3.2026604585807656e-26,7.733961887223244e-19,1.1847981687810848e-18,1.581052183450031e-16
3.22e+22,0.000360182731862048,0.9996396414609267,6.29564940450084e-08,1.6955885461992842e-08,9.589483167261597e-08,5496.2446055902765,0.05081723098576786,0.5632122430346537,2.731511081425246e+19,2.6847679135074153e+25,5.232782358111888e-15,1.786657734279387e-26,4.9090119582598276e-26,3.736822969318567e-27,2.950394829299969e-26,7.68264483569366e-19,1.1772181039759623e-18,1.5738210122665802e-16
3.22e+22,0.00012714597721459882,0.9998727258064033,4.2275806178533156e-08,7.52142931994337e-09,7.841914676258928e-08,4118.071513160905,0.31159266062152263,0.5607469646415847,-7.119771782931092e+19,2.6902216943100953e+25,5.199503652506829e-15,8.146582581752843e-27,2.1826080999795358e-26,1.622096663124023e-27,1.2578151380364104e-26,7.283459736267718e-19,1.118342996866692e-18,1.5180093309966226e-16
3.22e+22,6.462202316001498e-05,0.9999353337285461,1.4764654059193744e-08,2.092535690823872e-09,2.7391104103670427e-08,3830.064794026048,1.616928474335659,0.561836286171634,1.0421095994987182e+21,2.6877957253419865e+25,5.2141790582523205e-15,4.683795039453507e-27,1.2326091912477612e-26,9.025931158604388e-28,6.930904926388611e-27,7.429926160391576e-19,1.1402913991805489e-18,1.5407411490225356e-16
3.22e+22,0.0001605879695165673,0.9998391351011505,9.246168193939215e-08,1.2906730477358552e-08,1.7156092043430774e-07,3819.4526731868377,1.8926182947305432,0.5621782527107503,1.625424336196317e+21,2.6870462156302763e+25,5.2188076177521966e-15,9.796498260938619e-27,2.6400601448695004e-26,1.972446134495457e-27,1.5356542396666558e-26,7.497520416044361e-19,1.1501194802725394e-18,1.5492745028188584e-16
3.22e+22,0.00013618464302468119,0.9998636027722093,7.130117414475734e-08,9.156080599113986e-09,1.321275112181744e-07,3742.236144751299,2.632165224792739,0.5640117110950069,6.186220583698468e+21,2.682986952089452e+25,5.243557429374315e-15,8.602723920920266e-27,2.3081174132839685e-26,1.71772083097271e-27,1.333532629769572e-26,7.781636234874682e-19,1.1922154842220886e-18,1.590161734835477e-16
3.22e+22,0.00026181275080115453,0.9997379719588474,7.168739364807953e-08,1.7273708301551547e-08,1.2632924957630713e-07,4827.442499595417,2.1175044343222697e-12,0.5619849109518041,1264245645.1063669,2.6874821493213114e+25,5.216211172638967e-15,1.4178385900600167e-26,3.867005466916025e-26,2.9221033119798285e-27,2.2950768881866274e-26,7.484611091662356e-19,1.1479862561347563e-18,1.546007181302463e-16
3.22e+22,0.00022575842520640893,0.9997740662734937,5.8164063413302667e-08,1.3753533424249245e-08,1.0338370297644792e-07,4760.321688585715,0.003272601075083473,0.5618624401048582,1.050659192809951e+18,2.6877533490316896e+25,5.214558400534185e-15,1.2710313970168448e-26,3.454090353914989e-26,2.6009778520369352e-27,2.0374462837754554e-26,7.465432300091645e-19,1.1451492565312604e-18,1.5432724868160165e-16
3.22e+22,0.00013077703985945222,0.9998690619511948,5.338046075342866e-08,8.49501250653493e-09,9.913347216016317e-08,3963.015989693716,1.7381162744568826e-12,0.5604072368868593,-898816839.0752834,2.690974220120973e+25,5.1949205191392134e-15,8.329600048578117e-27,2.233426051527059e-26,1.6609832058714308e-27,1.2885140798496404e-26,7.228861245728767e-19,1.1102946085512478e-18,1.510387146322515e-16
3.22e+22,0.00019476835490292606,0.9998051764414306,1.9712063021638974e-08,5.263761388295313e-09,3.022784193384953e-08,5451.588808526683,4.18332854421364,0.5727815265761792,3.3154138587524393e+22,2.6637274439575736e+25,5.36231298487668e-15,1.1349677813122407e-26,3.067778386188499e-26,2.2999252812157255e-27,1.7976496537693428e-26,9.336406484335273e-19,1.4208613110448033e-18,1.8014570291361877e-16
3.22e+22,0.00025442597005449107,0.9997453806550858,6.4563896464213e-08,1.57043250976176e-08,1.1310663828308788e-07,4864.850203391788,2.133885359874119e-12,0.5620535358152814,1377279867.3667834,2.6873304040447733e+25,5.21713766010941e-15,1.388911891664674e-26,3.7853992878844124e-26,2.8584548653945273e-27,2.243908516705929e-26,7.495900274536712e-19,1.1496490049094612e-18,1.5475709752229558e-16
3.22e+22,0.0001279333326420224,0.999871903169638,5.4353708102311486e-08,8.228307128999167e-09,1.0091570476051128e-07,3904.188803391279,1.712325557495249e-12,0.5603000655753405,-1027223329.323976,2.691211489940505e+25,5.193474570618644e-15,8.180206488590658e-27,2.1922451572927884e-26,1.6296184511609054e-27,1.2637599934122202e-26,7.211269833366795e-19,1.1077065384106141e-18,1.507962843307725e-16
3.22e+22,0.00024675141413088315,0.9997530814957222,5.6065850308558974e-08,1.3847680007039012e-08,9.717661672314938e-08,4929.224143306216,0.052665908438383806,0.5621730399822743,2.2201089959797404e+19,2.687066156796055e+25,5.218751091703216e-15,1.3588385097800732e-26,3.7007547958497685e-26,2.792625059347706e-27,2.1912145012362623e-26,7.515522720468217e-19,1.1525397986152676e-18,1.5502930801422073e-16
3.22e+22,7.548242225970749e-05,0.9999244371728759,2.752516386099479e-08,2.1051450391893694e-09,5.0774555263911223e-08,3438.1474953546203,0.021661617801417923,0.5594535737273744,-2.6125535305909e+19,2.6930826481784442e+25,5.182049961056362e-15,5.3189535605244486e-27,1.4065568093949735e-26,1.033806751167813e-27,7.953649669769221e-27,7.063612149573773e-19,1.0861002809384422e-18,1.488344331525368e-16
3.22e+22,9.928407079927548e-05,0.9999006447005311,2.347869399049003e-08,4.376439684541209e-09,4.33735359504091e-08,4191.863640090312,6.577708595971423,0.5863405981036339,1.2556195330644385e+23,2.6343004581957433e+25,5.54682208617451e-15,6.663529984476577e-27,1.7607909925461374e-26,1.2959526948096521e-27,1.001399107307939e-26,1.2083916071483738e-18,1.8234138709294934e-18,2.160528412746951e-16
3.22e+22,0.00017104570154989846,0.99982880058147,5.050477771406829e-08,1.0686048403965007e-08,9.252615403102239e-08,4445.938854765452,0.09427786705624211,0.5612930761638358,9.631631358713063e+18,2.6890134463924037e+25,5.206874042049863e-15,1.0287216807445159e-26,2.7766442463750397e-26,2.077482507840018e-27,1.6192969632385583e-26,7.373621655439865e-19,1.1316080118187262e-18,1.53042616151618e-16
3.22e+22,9.54556836170488e-05,0.9999044370792269,3.601413718067635e-08,4.4960795208680685e-09,6.672693923114367e-08,3720.4994794384247,0.04350619001985906,0.5599674607311003,-3.3359394026736587e+19,2.691946707668221e+25,5.188985371293532e-15,6.4616957005568525e-27,1.7187731358309252e-26,1.269413894786301e-27,9.798052213106632e-27,7.153545444789958e-19,1.0992552993914987e-18,1.5002649300554574e-16
3.22e+22,8.219873006140102e-05,0.9999177042170458,3.3458603091765906e-08,2.432557320234389e-09,6.11617324288375e-08,3398.4859633391816,1.4904740523878197e-12,0.5593810419245517,-2089672763.350085,2.6932441817792833e+25,5.181073133496779e-15,5.715710264535316e-27,1.5148080348774962e-26,1.1153358439648387e-27,8.589847815878714e-27,7.053830578300887e-19,1.0846354349882108e-18,1.4868318497471772e-16
3.22e+22,9.022439931727926e-05,0.9999096904232709,2.8400914358581346e-08,4.086559550336235e-09,5.268993790822754e-08,3852.2960105518814,0.6529023765040397,0.5604674385608052,-3.213977463629632e+20,2.6908376191508117e+25,5.1957272228074134e-15,6.168590161822131e-27,1.6382140756313768e-26,1.2083736026270337e-27,9.31999022069714e-27,7.231202468420671e-19,1.110731813371419e-18,1.5112999105484656e-16
3.22e+22,8.385295818254487e-05,0.9999160467113744,3.4542400040656616e-08,2.562543763697823e-09,6.322549935833016e-08,3409.1315325488517,1.4951005322816674e-12,0.5594003420210399,-2064766166.5032845,2.693201636276915e+25,5.181333786116283e-15,5.805814423096569e-27,1.539498729947125e-26,1.1340135473809561e-27,8.736343543343686e-27,7.05751964432058e-19,1.0851712887761179e-18,1.487297102149737e-16
3.22e+22,0.0002954537978208913,0.9997043558908679,6.485611576389864e-08,1.6608185630570754e-08,1.0884700969605434e-07,5105.2273512464335,2.239367480005873e-12,0.5624937264353338,2067883643.3491669,2.6863565842298963e+25,5.223080091204738e-15,1.5487553956190753e-26,4.2360307081498004e-26,3.2099091062959316e-27,2.5263491861913843e-26,7.5666413881077225e-19,1.1600920170802323e-18,1.5575171284528452e-16
3.22e+22,0.00010626924987980941,0.9998936106063293,4.007919961236842e-08,5.7011619724778874e-09,7.436342941848283e-08,3838.3698364926627,0.027197224646988115,0.5601811243348446,-1.6090439965081113e+19,2.691474175636858e+25,5.191868790208065e-15,7.047864404719604e-27,1.879850803258137e-26,1.3916555966232828e-27,1.0760018774894642e-26,7.190092241928454e-19,1.1046123251180737e-18,1.5051783359159629e-16
3.22e+22,0.0003171680761222208,0.9996824787301337,1.1694683994717876e-07,2.7536505143705103e-08,2.087103988137975e-07,4743.078055242579,1.2934813114833366,0.5627083194156826,1.5293689338739402e+21,2.6858798775341454e+25,5.225973983416713e-15,1.6302332563977544e-26,4.466508197854847e-26,3.390244429734792e-27,2.671468689384177e-26,7.596033748375916e-19,1.164498133677505e-18,1.5620730788106665e-16
3.22e+22,0.00013331862287888028,0.9998665238774391,5.207691847286441e-08,8.678944531335544e-09,9.67438189441807e-08,4022.835382301772,1.764390906672115e-12,0.5605162552175496,-765444296.5225406,2.6907328659385822e+25,5.196391426409361e-15,8.457528969564693e-27,2.268751852440694e-26,1.6879420095582574e-27,1.309862894012065e-26,7.24672323709575e-19,1.1129231167015272e-18,1.512852362081567e-16
3.22e+22,0.00022871274286857007,0.999771198642104,3.108056809918967e-08,8.13831632741565e-09,4.939614319423682e-08,5324.834182628131,7.017198741619644,0.589094570754985,1.2916842212201829e+23,2.628443630745602e+25,5.58453503566655e-15,1.277884928486488e-26,3.4543624555056096e-26,2.5938533927456568e-27,2.0344924940556435e-26,1.2820492924548064e-18,1.929772010998155e-18,2.2463946685043313e-16
3.22e+22,0.00034420576465981966,0.9996556197424246,6.184192742305347e-08,1.654437059401345e-08,9.610661763454412e-08,5424.661975406415,0.03255472931854337,0.5630800877941883,1.6925776152357626e+19,2.6850600660083603e+25,5.230997661973527e-15,1.7264565987677737e-26,4.738683101246229e-26,3.603413328842903e-27,2.843021607417723e-26,7.661347857784403e-19,1.174072631346804e-18,1.570820885213715e-16
3.22e+22,0.00011155864429021886,0.9998883181092446,4.095500428195932e-08,6.25297828938035e-09,7.603848256234754e-08,3914.172306417674,0.06124742540175395,0.5603208963452817,-3.043934179476317e+19,2.6911648896072336e+25,5.193754813180379e-15,7.335542097732436e-27,1.9589245911051285e-26,1.4516898281250535e-27,1.1232505680452355e-26,7.213490172222829e-19,1.1080485881135562e-18,1.5083650441856525e-16
3.22e+22,0.0003707309513993385,0.9996290806857221,6.736919008124399e-08,1.8096228530960904e-08,1.0289745992722671e-07,5487.343661647979,4.009460757751509,0.5714445499577469,2.82554322420525e+22,2.6666544854568495e+25,5.34418163282011e-15,1.815836597581758e-26,4.988851692437357e-26,3.798740090017058e-27,3.0019168196849106e-26,9.088374702703615e-19,1.3844660619385397e-18,1.7683340381633246e-16
3.22e+22,0.00010125224389023144,0.9998986179442226,4.385966234880154e-08,4.79043417916832e-09,8.116179070737621e-08,3622.9954401106947,1.5889881842570481e-12,0.5597887141336588,-1632717887.7413356,2.69234293488365e+25,5.1865747804115615e-15,6.779111355254152e-27,1.8061677278527528e-26,1.3358013447243338e-27,1.0319881281695554e-26,7.125128017944465e-19,1.0950641295338506e-18,1.4962816168111445e-16
3.22e+22,9.885441114844229e-05,0.9999010223536292,4.1631314482636466e-08,4.573572891336752e-09,7.703033504417213e-08,3626.67628528182,1.5905754034782416e-12,0.559795481210879,-1632879445.2913134,2.692327788933646e+25,5.186665798146113e-15,6.64518021876073e-27,1.769317161204877e-26,1.3078089377848817e-27,1.0099691753513393e-26,7.125843762044689e-19,1.0951744001918354e-18,1.4964116128207138e-16
3.22e+22,0.00032788536821629023,0.9996719450118903,5.964638466799569e-08,1.5854570904208463e-08,9.41189378759804e-08,5366.821761316969,0.5193373117335072,0.5631142214226089,4.4769889481083335e+20,2.6849844817203107e+25,5.2314584154065335e-15,1.669873852462057e-26,4.5782654402604175e-26,3.477580705787392e-27,2.7417924020207797e-26,7.666583601846804e-19,1.1748490934226452e-18,1.571578909817198e-16
3.22e+22,0.0001515866356755456,0.9998481283887493,9.618792455282872e-08,1.0734556142492184e-08,1.780530944663194e-07,3638.378790119031,0.7132702712160759,0.5601063370053324,-5.768229050331366e+20,2.6916397394246565e+25,5.190859800479705e-15,9.356940542500414e-27,2.5186392618707188e-26,1.8795446264772207e-27,1.46173619489277e-26,7.178137965667772e-19,1.1028469271319334e-18,1.503496325412397e-16
3.22e+22,0.0001492905177502987,0.9998505590317401,4.945714231301838e-08,9.52941871526482e-09,9.146394845329091e-08,4251.472632367998,0.024195609976301765,0.5609335104064552,-2.1448264340047565e+18,2.689809276517085e+25,5.202021719046622e-15,9.24540289679849e-27,2.4870883184178724e-26,1.855115690997371e-27,1.4424920190919657e-26,7.31508781710622e-19,1.122985343364072e-18,1.522297005187499e-16
3.22e+22,0.0002190388192654851,0.9997807308507889,7.571716763848467e-08,1.646882277539819e-08,1.3814395505286856e-07,4512.472923250782,1.9793420200318893e-12,0.5614088971466764,426055339.2340637,2.688756963799138e+25,5.2084368863478324e-15,1.2417481684166323e-26,3.372235744966668e-26,2.537631967267196e-27,1.9867167222955768e-26,7.391997724663559e-19,1.1343215901500583e-18,1.5330199971168865e-16
3.22e+22,0.0002272755636302536,0.9997723519380244,1.225002070032014e-07,2.2830939773700145e-08,2.2716719861715119e-07,4193.037323620416,1.207843323618429,0.5616198908888044,4.8241259996902536e+20,2.6882873221688967e+25,5.2112801061293275e-15,1.2756937363357331e-26,3.46775292105482e-26,2.6118933533399822e-27,2.046257138832616e-26,7.419791799290622e-19,1.1384992018229564e-18,1.5374086076101091e-16
3.22e+22,0.00028962490979983415,0.9997102045480386,5.847653579592664e-08,1.5111901381288134e-08,9.695372427674084e-08,5160.694807781755,0.06085056018432696,0.5625974394543378,3.0612629193086435e+19,2.686127337961255e+25,5.224480579318921e-15,1.5266987869127863e-26,4.1736629668169485e-26,3.1611504635075636e-27,2.4871333899628491e-26,7.583700772023844e-19,1.1626057115775196e-18,1.5598853295356543e-16
3.22e+22,0.00034489190313584346,0.9996547740182152,1.11773236676133e-07,2.7513479284723025e-08,1.947919329750691e-07,4910.048262645625,1.3639751116675598,0.563103754852193,1.985251350116283e+21,2.6850056461055294e+25,5.2313138347149785e-15,1.7288329051141398e-26,4.7456137110144493e-26,3.608926711162935e-27,2.847525803820646e-26,7.659978428383856e-19,1.1739378643496232e-18,1.5710545658175514e-16
3.22e+22,0.00021248337254782274,0.9997873608792444,5.168777604829835e-08,1.2208070198410682e-08,9.185236157807105e-08,4757.81958986847,0.4202783827474409,0.5619549956639738,1.9021545982144646e+20,2.68754839371839e+25,5.215807462492554e-15,1.214760196045124e-26,3.296262622727804e-26,2.478643902685052e-27,1.939602391013975e-26,7.480029439995831e-19,1.1473067115459458e-18,1.5453427220950694e-16
3.22e+22,0.00010266675058617345,0.9998972157770427,3.930957468805628e-08,5.285058974728072e-09,7.287773732106745e-08,3783.9871601080995,0.013349904599227183,0.5600818334161335,-8.534503532101993e+18,2.691693866913671e+25,5.19052900168987e-15,6.857117980055683e-27,1.8273584779997266e-26,1.3517529619489814e-27,1.0445176971285254e-26,7.173383420123007e-19,1.1021597097026844e-18,1.5029104433696547e-16
3.22e+22,1.7259936535864094e-05,0.9999827345157858,1.898747757934539e-09,1.5830107933769563e-10,3.4906296451166188e-09,3426.133702251188,8.041587025420268,0.6054567522765499,3.2300269745462626e+23,2.5930433200482585e+25,5.807719651390245e-15,1.503727087463579e-27,3.743654853278633e-27,2.649100478300677e-28,2.0141468574582678e-27,1.5975937158572623e-18,2.3975493641262255e-18,2.685219574082407e-16
3.22e+22,4.953192858279004e-05,0.999950458350451,3.2221665379827093e-09,7.393655441236738e-10,5.759433943483663e-09,4705.931902507389,9.688835195285854,0.6204205197415279,4.163101812685921e+23,2.562537575949572e+25,6.015443504749125e-15,3.959779093014241e-27,9.745275348082332e-27,6.857625449635142e-28,5.2521666841975015e-27,2.2011316497740353e-18,3.255616543814662e-18,3.2978847672214524e-16
3.22e+22,0.0002783595025247444,0.9997212689950609,1.220532953964045e-07,2.6537151543674255e-08,2.2291196732403464e-07,4511.349195422752,1.260175771474932,0.5622517708211996,1.0857153513263433e+21,2.6868894625630385e+25,5.219809781838167e-15,1.485654926641104e-26,4.0579356661244647e-26,3.0707535654799352e-27,2.4143356442845234e-26,7.522081703511174e-19,1.1535863702352548e-18,1.5517130123422128e-16
3.22e+22,0.00024504140487084213,0.9997547552821113,6.748434993796373e-08,1.6012211043858614e-08,1.1981645687952132e-07,4771.532891968815,2.0929467668477926e-12,0.5618827191771827,1115799574.1072066,2.6877083404542797e+25,5.214831897897562e-15,1.3507623130630852e-26,3.6781873876545944e-26,2.775113988228123e-27,2.1770909439338757e-26,7.468344017818368e-19,1.1455835040047162e-18,1.5437101956123494e-16
3.22e+22,0.0004224217134649433,0.9995773470572686,8.318225415220457e-08,2.248639808020507e-08,1.2556061411121164e-07,5535.160429032956,2.791570934758001,0.5672447812354563,1.1815335933237105e+22,2.6758720228646216e+25,5.2872920363926215e-15,1.9889443879935483e-26,5.482769819219618e-26,4.187958575242361e-27,3.314664459549491e-26,8.346174882883855e-19,1.2752019450191836e-18,1.666903178877789e-16
3.22e+22,0.0002227050379158857,0.999777132394766,5.405674479077738e-08,1.291086647986494e-08,9.559970680542072e-08,4796.253320436458,0.1896503770799644,0.5619478672438384,7.427492281378249e+19,2.6875643408620183e+25,5.2157115260198e-15,1.258868657988235e-26,3.419848657700282e-26,2.574355228719326e-27,2.0161276217802426e-26,7.479258457366589e-19,1.1471883094278954e-18,1.5452049375884291e-16
3.22e+22,7.763759832970829e-05,0.9999222861292768,2.5761174202228885e-08,2.8295874212177782e-09,4.768163200636905e-08,3626.3744537213624,0.43925793843672073,0.559915901812013,-4.1402484934989644e+20,2.6920582871509127e+25,5.18828549694858e-15,5.444475202339182e-27,1.4404810583663683e-26,1.0592016919668947e-27,8.15189883476185e-27,7.139049023107471e-19,1.0971975115935533e-18,1.4987435568639294e-16
3.22e+22,0.0003008234742716971,0.999699002980443,5.981467856693385e-08,1.557094696508423e-08,9.815965975358352e-08,5207.069771507632,0.03168722688706179,0.5626809951391105,1.605662231685544e+19,2.685942522463399e+25,5.2256086853639074e-15,1.5695608922342073e-26,4.2946833103411186e-26,3.2556939330372125e-27,2.5631740565504726e-26,7.597082031081764e-19,1.1645823329973398e-18,1.5617734886728014e-16
3.22e+22,4.632260490843434e-05,0.9999536700097069,2.4570840387555016e-09,5.869696773779167e-10,4.341330884372168e-09,4765.215844722354,12.071061110761384,0.6510588736995712,6.970559088990966e+23,2.500875162134678e+25,6.442367721097874e-15,4.456854357536458e-27,9.678658177539582e-27,6.260529264182757e-28,4.787296658513676e-27,3.593956419271343e-18,5.229494483948755e-18,4.664436316475285e-16
3.22e+22,0.00017145256520279052,0.9998283453732283,6.641181791592904e-08,1.270246430087905e-08,1.2294728662272314e-07,4237.723221045402,1.858731831789726e-12,0.5609075894323334,-252235912.88759053,2.6898667379959756e+25,5.201672079201315e-15,1.0307256611018676e-26,2.782423604189179e-26,2.0819927316858477e-27,1.6227901528623465e-26,7.311067310666774e-19,1.1223904105269947e-18,1.5217227870239348e-16
3.22e+22,0.00020186078678869178,0.9997979168320631,7.302069069327345e-08,1.525802386066192e-08,1.3410243372071627e-07,4416.361377314397,1.9371491513329894e-12,0.5612334283346563,184652217.99308237,2.689145404419652e+25,5.206068971356027e-15,1.1671623429474871e-26,3.1634164947330605e-26,2.376017616239226e-27,1.85749308911496e-26,7.363771859374344e-19,1.1301585003039476e-18,1.5290689752965912e-16
3.22e+22,0.00016384862295402319,0.9998359617860713,6.235079961769576e-08,1.1772250599902053e-08,1.1546792431728756e-07,4214.586735593594,1.848501415413329e-12,0.5608655111998011,-308790608.7910314,2.6899598702186092e+25,5.201104260626751e-15,9.950901032559107e-27,2.6832481903202276e-26,2.0057439240235198e-27,1.562146637060216e-26,7.304183155159973e-19,1.1213769549809331e-18,1.52077033568721e-16
3.22e+22,7.595475844383706e-05,0.9999239599417411,2.996297433740405e-08,2.1198905088977775e-09,5.321695026368003e-08,3326.0736267440243,1.4586801625859776e-12,0.5592496813829406,-2235552709.809443,2.6935342460901736e+25,5.179299920151173e-15,5.35144209106729e-27,1.4154977251751376e-26,1.04055392956163e-27,8.005488691375759e-27,7.0299107113725285e-19,1.0811482583191918e-18,1.4837346044924943e-16
3.22e+22,0.00010931275144028081,0.9998905589570377,4.281289657639589e-08,6.037318262964747e-09,7.944130714291285e-08,3829.5808364834447,0.0003104367228788071,0.5601645968019501,-1.6494466770605194e+17,2.691510897222206e+25,5.191646027223563e-15,7.21355548588703e-27,1.925461380563775e-26,1.4263117116702296e-27,1.1032545931046857e-26,7.187694500666479e-19,1.1042555780604976e-18,1.5048228452905678e-16
3.22e+22,0.0001951401632473914,0.999804701473096,5.2230305472478e-08,1.1814570350239308e-08,9.431878077403042e-08,4620.058734082091,0.12038688833287027,0.5616141490406922,2.9864702534488584e+19,2.6883028566476e+25,5.211207261479843e-15,1.1380376380944346e-26,3.081702560533132e-26,2.3127509168210163e-27,1.806988807943212e-26,7.425559871293985e-19,1.139265460515455e-18,1.537676042406726e-16
3.22e+22,0.000370507262140388,0.999629330052072,5.937839685913101e-08,1.61286521841704e-08,8.717873855385224e-08,5615.416265001322,0.9578564721767729,0.5639028882344707,1.2436469264015245e+21,2.6832415634513445e+25,5.242110680547857e-15,1.820027939157188e-26,5.003725432687444e-26,3.811345255003914e-27,3.010641039396918e-26,7.794024374017149e-19,1.1936721698617816e-18,1.5895264215822186e-16
3.22e+22,6.924168667880457e-05,0.9999306883079861,2.432153709614611e-08,1.730172854933619e-09,4.395362502733924e-08,3364.753753233894,0.046203421471633255,0.5593214458878264,-6.367461306897338e+19,2.693374173521501e+25,5.18026597561106e-15,4.952563621051107e-27,1.306772111499698e-26,9.587424665113972e-28,7.367534802075975e-27,7.039015574026708e-19,1.082520270127121e-18,1.4851969271159855e-16
3.22e+22,0.00023694464779519013,0.9997628906777772,5.505163911116379e-08,1.3435900486073579e-08,9.618688812558491e-08,4879.167840099952,0.11934991344499123,0.5620876507006937,4.922765316938839e+19,2.6872550775604215e+25,5.217598423672595e-15,1.317800869391791e-26,3.5853460385820277e-26,2.7028619136425415e-27,2.1191503543851185e-26,7.501797122110416e-19,1.1505138591502636e-18,1.5483645500096925e-16
3.22e+22,8.333048320185726e-05,0.9999166029329943,2.211443903516359e-08,3.4359968352037885e-09,4.103336782405777e-08,3935.49303259322,1.161483610226983,0.5611925785556497,8.701909973225292e+19,2.689228566308256e+25,5.20550552730962e-15,5.766176284952765e-27,1.5278408169247095e-26,1.1248777004696979e-27,8.666186896547824e-27,7.341715405864215e-19,1.1270969619466577e-18,1.52720564025885e-16
3.22e+22,8.281126249575837e-05,0.9999170977557147,3.0889270648623486e-08,2.9861218234380462e-09,5.710639706309025e-08,3550.0485136036195,0.03683156573348374,0.5596573550575454,-3.777554034833584e+19,2.692632322344086e+25,5.18480032412515e-15,5.743126483004167e-27,1.5222512995163837e-26,1.1209702232854366e-27,8.634973811412801e-27,7.099704248457384e-19,1.091374167462568e-18,1.49309394025255e-16
3.22e+22,0.00013731516870586535,0.9998624331893164,8.559523126364655e-08,7.861555239948774e-09,1.5818519125549686e-07,3523.6580625154816,0.6873636819035785,0.5598806852071401,-6.920903637358965e+20,2.6921393214329153e+25,5.1878155379063055e-15,8.647631472361166e-27,2.322078220583473e-26,1.7290714122269992e-27,1.34243600129501e-26,7.140863931446798e-19,1.0973674311197593e-18,1.4983843434274192e-16
3.22e+22,0.00010726958654559091,0.9998926144096549,3.858017271531208e-08,5.798946843771772e-09,7.162467980241437e-08,3896.4616744920304,0.18930443760420096,0.5603079254538413,-1.008641316523705e+20,2.6911933273214627e+25,5.193579347419602e-15,7.110067051460049e-27,1.8968004483488534e-26,1.404437033112861e-27,1.0860271821224889e-26,7.210707147846825e-19,1.1076472842822533e-18,1.5080330981502121e-16
3.22e+22,0.0002583031980826631,0.9997415293496709,5.650343314060365e-08,1.4165173307682914e-08,9.67836399647313e-08,4997.070037381012,0.10902370984384906,0.5623021231480558,5.18316519166229e+19,2.686780575472679e+25,5.2204936366285236e-15,1.4043643325213986e-26,3.8288634086075154e-26,2.8923226760461748e-27,2.2712153121942905e-26,7.53625197263359e-19,1.155599994530683e-18,1.5532083384093113e-16
3.22e+22,0.00012128434475551943,0.9998785595254173,5.205951751406828e-08,7.441015558949405e-09,9.662929406366658e-08,3842.9600394644003,1.6855020610957571e-12,0.5601886569041361,-1163432415.7840605,2.6914580377320314e+25,5.1919713121016615e-15,7.837074636319266e-27,2.0974193847583535e-26,1.557237025760409e-27,1.206510796669827e-26,7.192679288265774e-19,1.104975587818919e-18,1.5054262664269382e-16
3.22e+22,0.00036479380226821635,0.9996348555283944,1.1774073180224249e-07,2.9306010545654354e-08,2.0362259486059647e-07,4958.196085992408,0.44705926802913487,0.5623266802812527,3.989650891320979e+20,2.6867253129346712e+25,5.220823601419784e-15,1.800903009895851e-26,4.949944481570395e-26,3.769141367892557e-27,2.9762580447917894e-26,7.537767726167664e-19,1.1558557995134042e-18,1.5536244811598537e-16
3.22e+22,0.00019888856573923417,0.9998009942553916,3.918076751753625e-08,9.532827465001032e-09,6.846527414286508e-08,4873.829948636301,1.2468198206582224,0.5629322003488803,1.459050626295103e+21,2.685385704418528e+25,5.2289984780761724e-15,1.1545372271500441e-26,3.127256450465246e-26,2.347713933854368e-27,1.8349990113106787e-26,7.634966714722249e-19,1.1702063310167225e-18,1.567299558153629e-16
3.22e+22,0.00028023858492970687,0.9997195920843348,5.777955917351484e-08,1.481508575509982e-08,9.673609063487863e-08,5114.440348649996,0.2740583776735691,0.5625505920843077,1.62107609733049e+20,2.6862308962836546e+25,5.223847987396429e-15,1.4925681081096988e-26,4.0772015087491875e-26,3.0857457708996908e-27,2.4265117412479918e-26,7.5760430136269065e-19,1.1614765659878024e-18,1.5588175949723186e-16
3.22e+22,0.0004059938085085782,0.9995938248168048,6.689368711580999e-08,1.825574669220583e-08,9.622525297101633e-08,5683.032939636269,0.4706670108573849,0.5636668342610006,4.3035725803654185e+20,2.6837631591582384e+25,5.238922078052004e-15,1.9375734966482424e-26,5.337919928221334e-26,4.074307151692612e-27,3.2224237660448264e-26,7.755875444590975e-19,1.1880369220687538e-18,1.5841511191872726e-16
3.22e+22,0.000145938975390385,0.9998539314632656,4.2790006658472815e-08,8.302376736524912e-09,7.846896048663323e-08,4295.5391244540715,5.124235648359024,0.5759160394310231,5.70848683997157e+22,2.6568739918550493e+25,5.404851105675695e-15,9.06518447504772e-27,2.4306327328604036e-26,1.8092762292132482e-27,1.4067660740171704e-26,9.90321146575846e-19,1.504423009423014e-18,1.8791499180852375e-16
3.22e+22,0.0002053162435908764,0.9997944909706399,6.343765802345538e-08,1.399168666331013e-08,1.153564245458746e-07,4548.9804481596775,1.9952500215260846e-12,0.5614759403082302,526475236.60741293,2.6886086445091906e+25,5.209341801343704e-15,1.1830267335855937e-26,3.207699804573848e-26,2.4102344251662176e-27,1.884867965917915e-26,7.403003222687759e-19,1.1359421581006686e-18,1.5345429369559448e-16
3.22e+22,0.0003529325779236554,0.9996468949298627,6.160839194629521e-08,1.6563988344643523e-08,9.431983347803485e-08,5477.55852948999,0.5426239574150793,0.5633290686443155,4.980976543850241e+20,2.6845095647479367e+25,5.234359937642566e-15,1.7600205130661035e-26,4.8334350807516665e-26,3.677484027163818e-27,2.902543216088557e-26,7.701237313895912e-19,1.1799672474868316e-18,1.5764596477609694e-16
3.22e+22,0.0003182934807251186,0.9996815320251933,6.077151696909909e-08,1.6015710542144172e-08,9.770685411655448e-08,5294.323433071872,0.09141875280341466,0.5628448060604863,5.381033591177428e+19,2.6855802621549953e+25,5.2278205063454564e-15,1.6338863883748012e-26,4.4766316361309e-26,3.398113601985313e-27,2.677866551265225e-26,7.623417190430231e-19,1.168471488739335e-18,1.5654827652918462e-16
3.22e+22,0.0001517581088728399,0.9998480605085303,5.976441838991912e-08,1.069497653065204e-08,1.1092320195388361e-07,4126.170026170758,1.809751336426635e-12,0.5607043559931033,-519349154.8677804,2.6903166024996314e+25,5.198929693203511e-15,9.36958366399114e-27,2.5216172441226708e-26,1.881579522533791e-27,1.4634006539017763e-26,7.277861307390786e-19,1.1175015868255297e-18,1.5171264709191458e-16
3.22e+22,0.00014263908797859784,0.9998571860979732,5.775108174186127e-08,9.806876825029663e-09,1.0725608947522038e-07,4049.1207323006124,1.775951925883019e-12,0.5605639782022629,-699178634.2503705,2.6906273341105333e+25,5.197035530492981e-15,8.916667723094224e-27,2.3960122795912673e-26,1.7853470895799756e-27,1.3870371572066887e-26,7.254831553184594e-19,1.1141126038262932e-18,1.5139483980143986e-16
3.22e+22,0.00027804100389216125,0.9997217884753875,5.807838500780105e-08,1.4844738061959771e-08,9.759759727525476e-08,5096.589252535148,0.04866707208704463,0.5624792774143244,2.3594967104639332e+19,2.6863886888512335e+25,5.222885258153772e-15,1.4837667628582162e-26,4.0523157851971934e-26,3.06626259447006e-27,2.4107449118964518e-26,7.564699220156685e-19,1.1598001800815933e-18,1.5572118656946357e-16
3.22e+22,9.707876557684134e-05,0.9999028018170896,4.0335713470767805e-08,4.370081583669994e-09,7.471153865585526e-08,3620.8894508982553,1.588046267581565e-12,0.5597849987109392,-1648858199.2800295,2.69235088399559e+25,5.18652419716349e-15,6.556228751895327e-27,1.7449425183538775e-26,1.2893807109462404e-27,9.95533870918825e-27,7.123821320996607e-19,1.0948807946898653e-18,1.4961575691434947e-16
3.22e+22,0.00015744887858440412,0.9998424206274769,4.288682668217755e-08,9.060274195578205e-09,7.85468377341639e-08,4444.580968301535,0.6327806979180068,0.5615141326506432,1.6945764250274143e+20,2.6885233538094856e+25,5.209855995164738e-15,9.644057069382113e-27,2.5974345853175773e-26,1.939571847423393e-27,1.509509401468424e-26,7.407563682109055e-19,1.1366343435235052e-18,1.5353057046276972e-16
3.22e+22,0.00028506519631725123,0.9997145363882923,1.30865571735565e-07,2.8229984395792387e-08,2.3931983432514395e-07,4493.284637155575,0.41546666556860323,0.5614639839547786,1.1424091428314902e+20,2.68863458511588e+25,5.209179573989327e-15,1.509791712191738e-26,4.1265176395404535e-26,3.1245353547848157e-27,2.4575584877756834e-26,7.399746402312845e-19,1.1354786462309609e-18,1.5341962409040778e-16
3.22e+22,0.00033677823196907853,0.9996630465320381,6.175857013446477e-08,1.6451895942151412e-08,9.702552679537586e-08,5384.105212257213,0.24556150621840203,0.5630364430059687,1.6335847555270915e+20,2.685156510381951e+25,5.230408203767719e-15,1.701005267482794e-26,4.6664793544169447e-26,3.546723543268815e-27,2.797349792753655e-26,7.65420467894419e-19,1.1730190884084297e-18,1.5698238641332838e-16
3.22e+22,0.00023949253899930938,0.9997603388594279,5.6354370410721255e-08,1.3748853410155158e-08,9.849834895823349e-08,4877.516170621053,0.026665712043416778,0.562077280163118,1.0580492015829932e+19,2.6872780135043553e+25,5.21745841857594e-15,1.3284727173685064e-26,3.615377679466205e-26,2.7262260040177634e-27,2.1378937003803082e-26,7.500099199963693e-19,1.150263689554211e-18,1.5481287760684558e-16
3.22e+22,0.00012779907728662084,0.9998720448332421,5.1783359780014655e-08,8.143452531251154e-09,9.616265901988361e-08,3948.4991680560315,1.7317492971897516e-12,0.5603808450394275,-933486575.8765402,2.6910325987887188e+25,5.194564354339949e-15,8.180076658133572e-27,2.1921026796834854e-26,1.629450244351235e-27,1.2636155692777485e-26,7.224405624724018e-19,1.1096406689079322e-18,1.5097829599769213e-16
3.22e+22,0.00030790299254363304,0.9996919140761865,6.300150185231358e-08,1.6390050096785015e-08,1.0353971773737988e-07,5201.917703647036,0.0007521447207991632,0.5626709720183303,3.9958693241114477e+17,2.685964614290062e+25,5.225473229901461e-15,1.595967655429679e-26,4.3693585040619505e-26,3.314111971047954e-27,2.6101964723707436e-26,7.595272766214731e-19,1.1643178126848243e-18,1.5615354129898739e-16
3.22e+22,0.00027412274887139726,0.9997257182098473,5.4364009333391496e-08,1.396920502176339e-08,9.070806704873436e-08,5128.811199658343,0.6099964881633112,0.5627354652837482,4.923431636272003e+20,2.685821862396355e+25,5.226343826132874e-15,1.467497849922208e-26,4.0064928324696264e-26,3.0306094083581485e-27,2.3822281955129795e-26,7.605442492813138e-19,1.1658216008066751e-18,1.5629809974862434e-16
3.22e+22,0.00015482862413818252,0.9998450677909204,3.415054173197282e-08,7.644845777368661e-09,6.17895540564111e-08,4593.943404317324,1.2606418240517936,0.5624672686062379,1.1950056584899794e+21,2.6864128660247007e+25,5.222719225363183e-15,9.522851572128849e-27,2.563327369586414e-26,1.9132171728253428e-27,1.488648279843844e-26,7.558000915133981e-19,1.158868450063199e-18,1.5566385503989967e-16
3.22e+22,0.00033454374023671223,0.9996652821865626,6.130027622797526e-08,1.6319788886914182e-08,9.64531356934092e-08,5378.702252985653,0.03246575514657634,0.5629957600426958,1.6879946078627875e+19,2.6852465027676587e+25,5.229858902912106e-15,1.6956350325589362e-26,4.6511543353895044e-26,3.5346327909627104e-27,2.787651280530914e-26,7.647759951278355e-19,1.1720659063843146e-18,1.5689074379162465e-16
3.22e+22,0.0001190111238085241,0.9998809004494534,2.905854999006125e-08,5.787498034470118e-09,5.358068994766036e-08,4315.479442456143,1.2605199521891886,0.5619893932162047,8.390461414491421e+20,2.6874683742298253e+25,5.2162652869153716e-15,7.725463506331004e-27,2.0657044776026574e-26,1.5326762203131066e-27,1.187222783043409e-26,7.477541613058326e-19,1.1470373540244686e-18,1.5456210771678751e-16
3.22e+22,3.513889386353867e-05,0.9999648547478526,2.090736570356381e-09,4.542194059354094e-10,3.813328046151681e-09,4469.88803658781,11.165593212493656,0.640953652411654,6.258965007656257e+23,2.5207250144965406e+25,6.300685186586343e-15,3.250012340783954e-27,7.378345727357008e-27,4.9381918642752075e-28,3.769631991427887e-27,3.0262647439410334e-18,4.432334109617506e-18,4.148538552972539e-16
3.22e+22,0.00025004213309237275,0.9997495537761232,1.326687218358731e-07,2.5972866162368984e-08,2.454491964094015e-07,4281.656626782594,0.40447795401821185,0.5610739428704629,-7.234406300404035e+18,2.6894982137139487e+25,5.20391640732944e-15,1.3728543596297116e-26,3.7407109158124824e-26,2.8238613631118198e-27,2.216070745689311e-26,7.337399412407781e-19,1.1262779835796256e-18,1.5254377469222803e-16
3.22e+22,0.00016357014277296615,0.9998362607583221,5.554854341469536e-08,1.1001296761504231e-08,1.025490645374246e-07,4303.338603268653,1.887412349128812e-12,0.5610276283269459,-94431521.60955837,2.6896009806785115e+25,5.203291830066652e-15,9.937265787363439e-27,2.679365379972433e-26,2.0027306763397147e-27,1.559804048366572e-26,7.330494154442367e-19,1.1252534731088598e-18,1.524428636202904e-16
3.22e+22,0.00010107344352589166,0.9998988004076533,4.255016043864614e-08,4.860274094254153e-09,7.87383861627514e-08,3652.837203622911,1.6020214901218432e-12,0.5598430278970363,-1577992665.9858463,2.692222623921565e+25,5.187307394859032e-15,6.771501450086169e-27,1.8039901936395648e-26,1.3340972035678712e-27,1.0306303104982658e-26,7.133990278178084e-19,1.0963681478239839e-18,1.4975048043320652e-16
3.22e+22,0.0002149146739664928,0.999784921750338,5.4220053592120465e-08,1.2738875433162059e-08,9.661676652916165e-08,4738.858817148311,0.0834585946359771,0.561827084022963,2.75199008005633e+19,2.6878316389034614e+25,5.214081265084018e-15,1.2238294915392389e-26,3.321805094816834e-26,2.498494229315511e-27,1.955460723857104e-26,7.459880275523827e-19,1.1443282346675932e-18,1.5424823216842403e-16
3.22e+22,0.0002972092187816136,0.999702426734975,1.1993913156209474e-07,2.719498518141778e-08,2.169121266126245e-07,4624.307254111408,1.272208635480794,0.5624683456799824,1.2910190164725586e+21,2.6864105082952735e+25,5.2227337979929e-15,1.5564776248362857e-26,4.257923572290237e-26,3.2269920182479525e-27,2.5399517489967377e-26,7.55717773312646e-19,1.1587641685113145e-18,1.5566261872545447e-16
3.22e+22,9.113004712431103e-05,0.9999087689546088,3.400518916798992e-08,4.020318296968333e-09,6.297275952164872e-08,3678.6098182192495,0.07008669452596082,0.5598931768332589,-5.93396479069586e+19,2.692110877809632e+25,5.187982738338963e-15,6.2116440658929126e-27,1.6503384292161173e-26,1.2176867246669481e-27,9.392604002921574e-27,7.140522398222168e-19,1.0973503821998665e-18,1.498539159905703e-16
3.22e+22,0.00011417119906402584,0.999885694659043,4.4667340638706817e-08,6.562379587755272e-09,8.29121725453198e-08,3873.923485458734,0.0026414442527747045,0.5602452673101056,-1.2980573795583104e+18,2.6913324434513564e+25,5.192734638667235e-15,7.476998920174338e-27,1.9979661511439359e-26,1.4814244471609271e-27,1.1466817147917132e-26,7.201343321137125e-19,1.1062581939769147e-18,1.506670112920873e-16
3.22e+22,0.00046041252731100665,0.9995393242033092,9.517118786280644e-08,2.5824799837506404e-08,1.4227339211915174e-07,5572.352368445397,1.6311444645441373,0.5646951213345504,4.071328214173728e+21,2.68149120373238e+25,5.252813425954127e-15,2.1104029444628755e-26,5.829575552808568e-26,4.4616672953924506e-27,3.534523277764282e-26,7.920412563475722e-19,1.2123748143543351e-18,1.607522361653445e-16
3.22e+22,0.00025366887034255575,0.9997459548073075,1.235015638027483e-07,2.5144580767537882e-08,2.2767620527060067e-07,4360.11752917673,1.2385855238291847,0.5619553068340362,8.021706168561703e+20,2.68754522775826e+25,5.215807588913979e-15,1.3856620438730205e-26,3.776672292630766e-26,2.851902808668409e-27,2.2387872153105187e-26,7.474083945189205e-19,1.1465060796212363e-18,1.5449969197399576e-16
3.22e+22,6.796428425911428e-05,0.9999319759254034,2.0227597493791417e-08,2.1254499895359063e-09,3.7437290132420703e-08,3596.695692838324,0.6936443351375554,0.5600473016151606,-6.187461233360837e+20,2.691764323379867e+25,5.190053050583285e-15,4.878061148102213e-27,1.286159128105978e-26,9.431239128440673e-28,7.246557510263901e-27,7.154075821563779e-19,1.0994865751951356e-18,1.5013175986863042e-16
3.22e+22,0.00023465207459858828,0.9997651849684809,5.445330610128715e-08,1.3267181058033283e-08,9.523643343168325e-08,4872.517783368734,0.3214188748702871,0.5621238029333626,1.5617094690271733e+20,2.6871749891259485e+25,5.218086272065982e-15,1.309166216664444e-26,3.560923787578376e-26,2.683767984824562e-27,2.1037315492700992e-26,7.507385441497547e-19,1.1513414526698242e-18,1.5491673025092103e-16
3.22e+22,9.782837708863949e-05,0.9999021577912678,5.046189380222318e-09,1.3714460879607024e-09,7.414008099465463e-09,5485.452129465931,11.290016682088133,0.6353182921449603,5.037037940010004e+23,2.5324753042271473e+25,6.222823320618441e-15,7.235319018149982e-27,1.7615496796409403e-26,1.2319803135745637e-27,9.516882946698578e-27,2.868549712689938e-18,4.200816579154365e-18,3.95204960243833e-16
3.22e+22,7.137226991236293e-05,0.9999285556560107,2.4665511455874727e-08,1.8653704117205767e-09,4.554319511703172e-08,3435.785976795764,0.17176538965589244,0.5594676985783964,-2.2128777865386892e+20,2.69305056393626e+25,5.182239140319992e-15,5.068261619695117e-27,1.3382756695297593e-26,9.824463310536491e-28,7.552822593201401e-27,7.064036075812133e-19,1.0861860372636117e-18,1.4885517368887886e-16
3.22e+22,0.00011031710524615177,0.9998895684998803,3.7926921359065344e-08,6.044187231069982e-09,7.042376505615663e-08,3965.431458351803,0.34286037820556836,0.5604822163121576,-1.4668943446449293e+20,2.6908072641820486e+25,5.1959305623793874e-15,7.266770480988804e-27,1.9398549180468232e-26,1.4371140525729927e-27,1.1117334588931219e-26,7.238906483964973e-19,1.1118008308545128e-18,1.5119505203407947e-16
3.22e+22,0.0001505375611888457,0.9998493161382356,4.807029809354134e-08,9.44025951811318e-09,8.879001783539491e-08,4287.358449426954,0.08929390147289086,0.5610032467931685,-4.674980151198434e+18,2.689654903467798e+25,5.20296274090735e-15,9.311858740013025e-27,2.505424687976773e-26,1.8691074581697024e-27,1.4535659495727174e-26,7.326423318581241e-19,1.1246552048784344e-18,1.523871649813022e-16
3.22e+22,0.0003512661107613146,0.999648557028974,6.2886492111035e-08,1.6862590951844432e-08,9.711118144210669e-08,5447.758191835354,0.19281340124824925,0.5631411223627143,1.2027810291671823e+20,2.6849250968510834e+25,5.2318218325321894e-15,1.753911328785714e-26,4.8162761239927023e-26,3.6641197580507366e-27,2.8918493041288204e-26,7.671090425391751e-19,1.1755127337341657e-18,1.5722007890631102e-16
3.22e+22,0.00010610463323336227,0.9998937960877676,3.283733329983108e-08,5.483417338657468e-09,6.095824835154837e-08,4025.374036991617,0.6715071508099166,0.5607918759542699,-1.528707703291873e+20,2.6901204505234207e+25,5.200106618399872e-15,7.039653005161247e-27,1.877214420800132e-26,1.3894627251569622e-27,1.074242116326668e-26,7.286753336451968e-19,1.1188774588041687e-18,1.518781380890799e-16
3.22e+22,0.00012476736940343803,0.9998750821197103,4.996393096619311e-08,7.778413445617867e-09,9.276854183671624e-08,3936.2627050523297,1.7263737297523689e-12,0.5603586159811831,-963460048.637035,2.6910817521033268e+25,5.194264340133456e-15,8.023655744244447e-27,2.148852377958438e-26,1.5964232540782997e-27,1.2374738308940829e-26,7.220607612769086e-19,1.1090838193220416e-18,1.509271522044056e-16
3.22e+22,0.00029565215543964627,0.9997041992856659,5.194736983898627e-08,1.3594758323138967e-08,8.301676623615091e-08,5306.90880297915,5.135663781236489,0.5766571941747406,5.431532671556365e+22,2.6552795133668405e+25,5.414954264261543e-15,1.5441942419884804e-26,4.2162695083481834e-26,3.1920095735212128e-27,2.5139048009294965e-26,1.0081751482256882e-18,1.5302597363143272e-18,1.9005141124007107e-16
3.22e+22,0.00019356777663019056,0.9998061196766855,1.0320537332248153e-07,1.7719898454909377e-08,1.9162141226343607e-07,4065.079965576749,1.9893939514317474,0.5627881498946011,2.607008665883146e+21,2.6856986930382823e+25,5.2270442741014975e-15,1.1307132338036995e-26,3.061136936144136e-26,2.2968308020900474e-27,1.7942765837531335e-26,7.598762489834565e-19,1.1650273622402614e-18,1.5632632230868542e-16
3.22e+22,0.00019069646103446204,0.9998090972349376,6.774061123951187e-08,1.3966932520778293e-08,1.2459648429590998e-07,4386.8339310740275,1.9241383498308623e-12,0.5611796706996001,112105444.12660494,2.689264419596866e+25,5.205343556571533e-15,1.1191084868055301e-26,3.0289433700081387e-26,2.272025769431056e-27,1.7743514048395332e-26,7.355128522524496e-19,1.128883776675079e-18,1.5278593007813735e-16
3.22e+22,0.00020428227089117786,0.9997955570308152,5.311449801926013e-08,1.224314075841282e-08,9.534065485025515e-08,4676.899469179083,0.10655167862923624,0.56171625621489,3.087356019795985e+19,2.688076893556567e+25,5.2125853913625346e-15,1.1788367594781502e-26,3.195661754969439e-26,2.4007294408471197e-27,1.877168372790882e-26,7.442031815973989e-19,1.1416950121248368e-18,1.5399810686790798e-16
3.22e+22,0.00012104756844816993,0.9998787407132811,7.363625132018765e-08,5.257897621566262e-09,1.3282412154148438e-07,3362.271918435505,0.31464076402689134,0.559372286675887,-4.5770184113543905e+20,2.6932665955333198e+25,5.180960080160512e-15,7.831798237710434e-27,2.096494898713319e-26,1.5567648469379324e-27,1.2060251527075252e-26,7.059994711197251e-19,1.0854454644465e-18,1.4870712883260392e-16
3.22e+22,8.416235058032719e-05,0.9999157363673246,3.4883637499953114e-08,2.5711826559991053e-09,6.382727504138707e-08,3405.9081099621303,1.4936893776052626e-12,0.5593944754657924,-2068570290.2394557,2.693214668037161e+25,5.18125472235884e-15,5.82621025159536e-27,1.5451138576162338e-26,1.1382845642421243e-27,8.770025208528167e-27,7.056644885462715e-19,1.0850415677215495e-18,1.487169944189226e-16
3.22e+22,0.00015878726790406164,0.9998410643526165,4.873255362436132e-08,9.919613820602682e-09,8.972731188985614e-08,4359.731489959283,0.14020883696219738,0.5611419140112951,3.4740764847672607e+18,2.6893479737428472e+25,5.204834006979597e-15,9.70662117310727e-27,2.615007020220534e-26,1.953139573827219e-27,1.5202562205155632e-26,7.348984201957958e-19,1.1279786906012895e-18,1.5270052939249896e-16
3.22e+22,0.00015575993869334378,0.999844052392234,6.182010039278583e-08,1.1161528041462595e-08,1.1468744422022625e-07,4139.886888428821,1.8157698671831973e-12,0.5607293026461045,-485902797.81863636,2.690261399176129e+25,5.199266340098874e-15,9.555339534086644e-27,2.5733169961296733e-26,1.9213237541309533e-27,1.4950258817732498e-26,7.281988311910797e-19,1.118108483699827e-18,1.5176933904156064e-16
3.22e+22,0.00029742934108463996,0.9997023992216755,5.9035180490161e-08,1.5348489679505384e-08,9.70535697099861e-08,5198.676391825155,0.18343301389560152,0.5626828102031138,1.026257861075387e+20,2.6859384995757543e+25,5.225633178635253e-15,1.5574079655885656e-26,4.2602770361848397e-26,3.2287460721524755e-27,2.5414471692782956e-26,7.597359975105426e-19,1.1646235110587477e-18,1.5618135429072856e-16
3.22e+22,0.00010310393224872161,0.9998967664747721,4.366239007032209e-08,5.112444175675529e-09,8.081814490709217e-08,3670.6093015252673,1.6098155796259286e-12,0.5598753149542559,-1539191245.805111,2.692151235228124e+25,5.187743122020588e-15,6.876752334536114e-27,1.8329788352703515e-26,1.3561438491322786e-27,1.048015402986178e-26,7.139578989593973e-19,1.0971864188115691e-18,1.498250520724164e-16
3.22e+22,0.00024702694388812024,0.9997528070337818,5.573807885756839e-08,1.3787068978020066e-08,9.649718230424494e-08,4935.70746526116,0.19155149858822665,0.5622031762794952,8.889461395643967e+19,2.6869994520219826e+25,5.2191578580992986e-15,1.3598367551983982e-26,3.70352566633413e-26,2.7947538512005557e-27,2.1928925671074347e-26,7.520298517445126e-19,1.1532455900329506e-18,1.550969613522351e-16
3.22e+22,0.00011226785338705408,0.99988755695704,6.020365778524673e-08,4.949852700369098e-09,1.1003606244477583e-07,3448.2545936346673,2.00979053726272,0.5618679506543776,1.2882466836576023e+21,2.6877266395950733e+25,5.214608671680112e-15,7.364933398821746e-27,1.9670550738931576e-26,1.4579301053355e-27,1.1281716071536362e-26,7.434859182902489e-19,1.1410290760355527e-18,1.5414843870949385e-16
3.22e+22,0.00041623961858290365,0.9995834669791598,1.0215572583415e-07,2.7015258514466087e-08,1.6423127295379014e-07,5307.3056501239425,1.273137080171759,0.5636914368311955,2.3365648963564573e+21,2.683707455548704e+25,5.239252204870993e-15,1.9713946766303046e-26,5.434184192073566e-26,4.1501037445321805e-27,3.283520363329963e-26,7.756451840522794e-19,1.1881668814942673e-18,1.5845143110913876e-16
3.22e+22,0.0001459694511343684,0.9998538486677719,6.006872351210985e-08,1.02494713614183e-08,1.1156289877258834e-07,4055.27097831357,1.778664655657009e-12,0.5605751137493825,-683017067.1652755,2.690602719281797e+25,5.197185840832332e-15,9.086501227600567e-27,2.4430271317931118e-26,1.8212925012167678e-27,1.4154900514234228e-26,7.2567462043516805e-19,1.1143931965801642e-18,1.514205467359724e-16
3.22e+22,0.0001066175521095939,0.9998932464186482,4.575003422404209e-08,5.5358556413064925e-09,8.474335233560475e-08,3696.4383320207635,1.6211686138002498e-12,0.5599222283933102,-1481439145.5333607,2.6920475223798016e+25,5.1883762692159125e-15,7.061055598403468e-27,1.8836211674235996e-26,1.3945602555618198e-27,1.0782149643102664e-26,7.147732101599615e-19,1.0983797853855503e-18,1.49933607140123e-16
3.22e+22,0.00015831614227153354,0.9998415303754932,5.0415131485199276e-08,1.010708542450937e-08,9.296001838532585e-08,4328.478853805967,0.029786429568105635,0.5610741554797616,-3.591993949084017e+17,2.6894979896256007e+25,5.2039196844089456e-15,9.685434409700572e-27,2.6092499155078524e-26,1.9488168298501395e-27,1.516919990925922e-26,7.338052417296381e-19,1.1263670963853257e-18,1.5254793794424518e-16
3.22e+22,0.00025548906618006335,0.9997443373668622,5.8346444159735625e-08,1.448842577823229e-08,1.0073208773371707e-07,4952.775983920176,0.01198251112804946,0.5622146962020832,5.163712971930659e+18,2.6869739553968235e+25,5.219313351008818e-15,1.3938887666054987e-26,3.7993263040858443e-26,2.8692729356969967e-27,2.252608321624899e-26,7.5221081583353e-19,1.1535133417464565e-18,1.551227836397932e-16
3.22e+22,0.00013432887382878108,0.9998656038546706,2.2322359636089452e-08,5.172844148468867e-09,3.977629674611826e-08,4699.8158069148085,7.411957954659958,0.59277571897432,1.6409145476511938e+23,2.6205568153167227e+25,5.634871807213769e-15,8.500455415380745e-27,2.25838022490972e-26,1.671093609962913e-27,1.2979476950032043e-26,1.3690379591398333e-18,2.056456944087053e-18,2.3541936163693416e-16
3.22e+22,0.00019923390133926735,0.9998005614063084,6.724687135950361e-08,1.4311275625015575e-08,1.2313420539826128e-07,4458.959224303194,1.9557553065317956e-12,0.5613113872053144,293411459.9615042,2.6889728512462813e+25,5.2071210449328994e-15,1.1560756473507325e-26,3.13238896171277e-26,2.3520399443609632e-27,1.8383399913041284e-26,7.376400022536053e-19,1.1320198784695171e-18,1.5308290364798385e-16
3.22e+22,0.0002705110385363392,0.9997293923692129,3.4824984782245797e-08,9.377258328340202e-09,5.2390007762693526e-08,5524.3100727174715,2.543676802699657,0.5667161159430146,8.824099563472599e+21,2.677036272148855e+25,5.280140337214483e-15,1.4508264675460728e-26,3.957927508224887e-26,2.9922151044843637e-27,2.351900731686082e-26,8.259485034668169e-19,1.2623686612672076e-18,1.6545944404774698e-16
3.22e+22,0.0003031475149364862,0.9996966829255565,5.866273849870902e-08,1.5338354207592173e-08,9.555841442158771e-08,5237.957488999244,0.4083746335429109,0.5628248890831163,2.97631954354896e+20,2.6856242244916902e+25,5.227551444915712e-15,1.5793089510905732e-26,4.321955111448593e-26,3.276819075176369e-27,2.580025828164003e-26,7.620045253782441e-19,1.1679755299074345e-18,1.5650208465949157e-16
3.22e+22,8.298888088141326e-05,0.9999169121901955,3.4105616727572256e-08,2.478160157202892e-09,6.234514612118562e-08,3398.320270409681,1.4904067096780792e-12,0.5593807192588617,-2086243698.4510508,2.693244995425606e+25,5.181068946367193e-15,5.759466973914285e-27,1.5268525690442728e-26,1.1244903506025924e-27,8.662099740325696e-27,7.054022599093699e-19,1.0846605941776297e-18,1.4868387510024004e-16
3.22e+22,0.00024633020525180975,0.9997534150658994,8.39951902783777e-08,1.8895204260737573e-08,1.5183845432052314e-07,4609.479327727508,3.2189368066657384,0.5671597155546905,1.4347703899429743e+22,2.6760544930576867e+25,5.286133427686542e-15,1.355423691243278e-26,3.689445249767033e-26,2.7831825672087955e-27,2.1840291956482e-26,8.322094396961593e-19,1.2717637013307914e-18,1.6642878356874274e-16
3.22e+22,0.00028442906919174554,0.999715372226123,6.711656676916925e-08,1.688829653327889e-08,1.1469982208060051e-07,5012.891478458829,2.198893327511296e-12,0.5623245253501558,1793939192.6333265,2.686730818892635e+25,5.220795733643749e-15,1.5062395060683376e-26,4.116087503947383e-26,3.1162729496586037e-27,2.4510540704574565e-26,7.539328196539059e-19,1.1560611155579159e-18,1.5536849917229726e-16
3.22e+22,0.00016612400996883476,0.9998336878327098,6.185210584733466e-08,1.1863703651681184e-08,1.1444151189452717e-07,4242.674539047532,1.8608156526011398e-12,0.5609167617853336,-241457524.34031692,2.689846413403867e+25,5.201795816262324e-15,1.005386263780334e-26,2.711855964526736e-26,2.0277076466282877e-27,1.579615787692086e-26,7.312511216667837e-19,1.1226037625891435e-18,1.5219271824683537e-16
3.22e+22,0.00021756951262758245,0.9997820403712628,1.2871078413228392e-07,2.22837552439038e-08,2.3912157006922437e-07,4077.088231382344,0.3905434813171254,0.5606962861370116,-1.2170212533778599e+20,2.6903345906647525e+25,5.198821013456653e-15,1.2368659562016604e-26,3.358964168043116e-26,2.5275174028626195e-27,1.9785367670088673e-26,7.276886723789292e-19,1.1173527594973758e-18,1.5169620023276978e-16
3.22e+22,0.00026857877897723027,0.9997312521166771,5.7331882938682755e-08,1.4525260835261571e-08,9.724720178404821e-08,5049.441670848161,0.10506263168916985,0.5623975454024139,5.338346775093606e+19,2.6865694798763413e+25,5.221781831495196e-15,1.4457241692331577e-26,3.945248962987419e-26,2.9829096087317363e-27,2.3438858867518517e-26,7.55156634341649e-19,1.157861161071469e-18,1.5553639211639634e-16
3.22e+22,0.00020355058384989778,0.9997962493322115,6.57794369709856e-08,1.4283898136283382e-08,1.200206035581927e-07,4508.595673156711,1.9775267492215997e-12,0.5614020930947741,420746649.4541385,2.688772081240216e+25,5.208345157620643e-15,1.1754028408307502e-26,3.186327881733137e-26,2.3936576176324505e-27,1.8715463864083964e-26,7.391052165486734e-19,1.1341802275869698e-18,1.5328752353653177e-16
3.22e+22,6.812265201978606e-05,0.9999318081083045,2.4457005815820333e-08,1.746280038967455e-09,4.3036389808928956e-08,3308.742562060755,0.02109870006427225,0.559218687589825,-3.01512870447613e+19,2.693601486813307e+25,5.178879549755732e-15,4.891281428491401e-27,1.2901226502840449e-26,9.462370040572445e-28,7.269896894392998e-27,7.021298577940864e-19,1.079926164339035e-18,1.4828318779262463e-16
3.22e+22,9.486500067154593e-05,0.9999050339341123,3.382454779829216e-08,4.518438346475821e-09,6.272222986259774e-08,3778.7551744139337,0.26933105719118267,0.5601164839438484,-1.9188388212984054e+20,2.691616395536342e+25,5.190995217089857e-15,6.425275923520289e-27,1.7087038529578696e-26,1.261754310794527e-27,9.73810193809997e-27,7.177334873464107e-19,1.1027624479960206e-18,1.5035910414604062e-16
3.22e+22,0.00013309120205637473,0.9998667613427539,4.868606545513069e-08,8.420667175727195e-09,9.034845706275723e-08,4074.212580692577,1.7868243054350356e-12,0.5606099883491327,-650040523.6845065,2.6905253300118267e+25,5.197656090652024e-15,8.447867595936e-27,2.2659920506746986e-26,1.68578933445712e-27,1.3081568186546338e-26,7.261992509107562e-19,1.1151714103968205e-18,1.5149676675793507e-16
3.22e+22,0.00016534954981715073,0.9998344938376577,5.14385561995574e-08,1.0568760821289376e-08,9.460520822153214e-08,4379.811658859237,0.023723345302533914,0.5611676328769519,8.594708146003686e+17,2.68929109752998e+25,5.205181163000827e-15,1.001887624383083e-26,2.70195235531861e-26,2.0200219042153188e-27,1.5735180646309883e-26,7.353270457278832e-19,1.1286088818234731e-18,1.5275928873694297e-16
3.22e+22,0.00010309275542133797,0.9998967938374355,3.783276918699455e-08,5.372585858526908e-09,7.020178808559629e-08,3836.510285625941,0.11250814640844475,0.5601849752541739,-6.902616026318793e+19,2.691465462558103e+25,5.1919204326644196e-15,6.870647997112623e-27,1.8310679333448034e-26,1.3545747090138985e-27,1.046774596130672e-26,7.190275870556962e-19,1.104644977725539e-18,1.5052392271167651e-16
3.22e+22,0.00018293322944491384,0.9998169150852466,4.9936714647452014e-08,1.1040783697904426e-08,9.070781020436801e-08,4556.32784157874,0.3226003117577939,0.5615479088471674,8.077381081319078e+19,2.6884492891514433e+25,5.210312981242449e-15,1.0829026026419716e-26,2.9276283660440766e-26,2.1937622236643044e-27,1.71196903997704e-26,7.414506952770777e-19,1.1376398702802042e-18,1.5361589316093512e-16
3.22e+22,7.874178614161861e-05,0.9999212270269073,1.0272947473628556e-08,2.1909239143276356e-09,1.872307970455468e-08,4466.71362932816,8.93373109346627,0.6088111386222894,3.0084578103035283e+23,2.5866876483294676e+25,5.855163196147753e-15,5.614265130126303e-27,1.4432136720677706e-26,1.0439302560770396e-27,8.040867257995114e-27,1.818450421321395e-18,2.706016641781368e-18,2.876922239620967e-16
3.22e+22,0.0004627945059700554,0.9995369172621342,1.0304832657011641e-07,2.7808282860024524e-08,1.5737528622714017e-07,5501.774638005966,0.5219423856945387,0.5633583141823051,8.272521190705718e+20,2.6844442090991544e+25,5.234753729978237e-15,2.1148931930604437e-26,5.843240029550323e-26,4.472907272088974e-27,3.5435213733129983e-26,7.704030818784174e-19,1.1804059831712854e-18,1.5770166209062561e-16
3.22e+22,2.124949216652663e-05,0.9999787451605651,1.7792070526099033e-09,2.495446119834563e-10,3.318516813641269e-09,3814.055316201399,9.941727238222875,0.6276492639020474,5.2973060985268905e+23,2.5471574736899347e+25,6.114672487156636e-15,1.9019405571998487e-27,4.543537605373821e-27,3.144898696515039e-28,2.3935975437264804e-27,2.3541484354370746e-18,3.484398141887534e-18,3.5143479182597535e-16
3.22e+22,9.777654457734094e-05,0.9999021117560895,3.749157589764135e-08,4.734038001943957e-09,6.947371920671183e-08,3729.732636966047,0.009077762280003216,0.5599831123957134,-6.528401183947588e+18,2.691912200265794e+25,5.189196767322014e-15,6.588805766756791e-27,1.7537665212607384e-26,1.2960168092941716e-27,1.0007728874908185e-26,7.156493282236122e-19,1.0996840791452378e-18,1.5006403820041942e-16
3.22e+22,0.00018498418810021237,0.9998146657535224,1.1652301409310019e-07,1.7114535506499714e-08,2.1642082760046063e-07,3872.034287700063,0.5649797073152796,0.560417907327097,-3.048195908950055e+20,2.6909506428054803e+25,5.195064571045945e-15,1.0922627930084858e-26,2.954533070511929e-26,2.2148564953518103e-27,1.7287003550990533e-26,7.230883439794672e-19,1.1105870704461292e-18,1.5106394233376109e-16
3.22e+22,6.476171460712955e-05,0.9999352238098717,4.8124362114814055e-09,1.1417033251261752e-09,8.521381802681839e-09,4767.046173552002,6.957125596618855,0.5919336596628123,1.681957354742992e+23,2.6222891962161864e+25,5.623234468712906e-15,4.716925074784842e-27,1.2236265250216166e-26,8.887795246083712e-28,6.827783037953877e-27,1.3397466797187135e-18,2.01446965782993e-18,2.3225156961495506e-16
3.22e+22,0.00012423922409862312,0.9998756269663387,4.4229622543652214e-08,7.463775836911153e-09,8.211616436088373e-08,4040.2554555717643,0.05671390903831874,0.560550125357826,-1.8869139198852633e+19,2.6906577074349683e+25,5.19684812969092e-15,8.000737066093129e-27,2.142354357360252e-26,1.5913865202164528e-27,1.2335056579413221e-26,7.251832819880533e-19,1.1136807648308447e-18,1.5135931736320603e-16
3.22e+22,0.0001632699208849736,0.9998365352669744,6.409357199010549e-08,1.1913998418361439e-08,1.1880457033162035e-07,4187.684438233083,1.8367653644870544e-12,0.5608163908525322,-372212292.61399585,2.6900686220444442e+25,5.200441474039204e-15,9.926815841652822e-27,2.676488663459354e-26,2.0004946176870287e-27,1.5579173601962328e-26,7.296218350461203e-19,1.1202034697851053e-18,1.5196627658789155e-16
3.22e+22,0.00018107313168275036,0.999818719421995,6.81309591220995e-08,1.3488450091922086e-08,1.258269128322971e-07,4302.81050104305,1.8872965918160207e-12,0.5610262931882263,-94752741.89448361,2.6896039560536444e+25,5.203273845913013e-15,1.0751354700387551e-26,2.9062352922697526e-26,2.177378332521605e-27,1.698819280334542e-26,7.3303203027039565e-19,1.1252271796145398e-18,1.5244009361983507e-16
3.22e+22,0.00025531628506030973,0.9997445216015399,5.4741160208680845e-08,1.374176246867647e-08,9.363047709177362e-08,5004.035765457691,0.450932058523818,0.5624177718715031,2.8629052064199272e+20,2.686524589512907e+25,5.222054656841105e-15,1.39311514537054e-26,3.7970121518575167e-26,2.867399889310343e-27,2.2511153677680084e-26,7.554501425454428e-19,1.1582983341270895e-18,1.5558014668064354e-16
3.22e+22,7.932089989308932e-05,0.9999205929024874,2.9370952834413864e-08,2.5287220640542227e-09,5.4297944594580657e-08,3493.347845160482,0.03513595561485803,0.5595542821531695,-3.976281366341019e+19,2.692860157792354e+25,5.183409272537568e-15,5.545557725724399e-27,1.4682915445038362e-26,1.0802611468133941e-27,8.316190896611007e-27,7.0816153153853865e-19,1.0887289478403397e-18,1.4907008294518185e-16
3.22e+22,8.69788324972861e-05,0.9999129207430566,3.427126374319899e-08,3.3289485276329483e-09,6.282423368038281e-08,3527.8877860496177,3.89911856980002,0.5688770306678342,2.5494349737474365e+22,2.6722489154451572e+25,5.309329656875718e-15,5.9769047779803946e-27,1.5835678446034547e-26,1.1662054702804396e-27,8.990253183279855e-27,8.565196767797825e-19,1.3081945455827887e-18,1.7016844166705434e-16
3.22e+22,0.00023827693632157536,0.9997615127488141,6.957197376932848e-08,1.6185191000597013e-08,1.2455769942510915e-07,4704.896283120755,2.0636995118396743e-12,0.5617607861094194,933356352.7682467,2.6879781549459416e+25,5.2131860917297074e-15,1.3235441563399461e-26,3.6017012766386696e-26,2.7156652006005984e-27,2.129378755702043e-26,7.448688489977128e-19,1.1426837895944483e-18,1.5409567455766093e-16
3.22e+22,0.00020573043168316903,0.9997941013453482,5.554637614727048e-08,1.2705954554019632e-08,9.9970638050865e-08,4653.1861681174405,0.011475316461719301,0.5616666647621681,2.892927870698553e+18,2.688186621239133e+25,5.211916026550298e-15,1.1844275949797242e-26,3.2114573132549794e-26,2.413052788837934e-27,1.8871081118295988e-26,7.433981482936259e-19,1.1405082710657422e-18,1.5388587570594223e-16
3.22e+22,0.00023025050237860097,0.999769534203211,7.101997842331144e-08,1.616303684525836e-08,1.281113950188765e-07,4636.88567572475,2.033870777801197e-12,0.5616363960416062,751300194.0314697,2.6882534402879385e+25,5.211507217915876e-15,1.2892356194502064e-26,3.5053628527431027e-26,2.640843124081229e-27,2.0693710231118897e-26,7.428661599060652e-19,1.1397292720576681e-18,1.5381506180630582e-16
3.22e+22,0.0002289285458651331,0.9997709057596662,5.518530298150315e-08,1.3275945159548893e-08,9.723322055083341e-08,4823.018786906646,0.06408379647392835,0.5619794278451167,2.4019991239828e+19,2.687494534470909e+25,5.2161375810742424e-15,1.284252189843058e-26,3.491164223998424e-26,2.6297468804100283e-27,2.060549624023995e-26,7.4843924885618e-19,1.147945257387424e-18,1.5459210474395994e-16
3.22e+22,0.00013270073316549522,0.999867133573354,5.4933334701950795e-08,8.743026957188736e-09,1.0201711896511218e-07,3963.314185421732,1.7382386271030644e-12,0.5604077312931962,-896039297.0548688,2.6909731643635493e+25,5.1949272542565324e-15,8.425469571960858e-27,2.2599243751072972e-26,1.681203323565966e-27,1.304495078286882e-26,7.229039328147032e-19,1.1103195555004464e-18,1.5104038921428836e-16
3.22e+22,9.295476292040996e-05,0.9999070227217541,7.618406845887356e-09,1.901238358684168e-09,1.2995680209475347e-08,4968.301836392721,10.525510870501382,0.6258121543695904,4.326194331518296e+23,2.5516833803689415e+25,6.090520383000397e-15,6.668902531609656e-27,1.6698814841071939e-26,1.1894525106645834e-27,9.183523825008191e-27,2.4457722746498716e-18,3.601879699058686e-18,3.536545135972779e-16
3.22e+22,0.00017974972387927278,0.9998200841323983,5.4599160868278436e-08,1.1627520580528912e-08,9.991704101603735e-08,4460.990208295207,0.0031017691401393635,0.5613154531110585,3.204294779903966e+17,2.6889639166705504e+25,5.2071760241201056e-15,1.069473052228445e-26,2.8902554259978847e-26,2.1649919739044023e-27,1.689011619323431e-26,7.377231453814152e-19,1.1321402771773518e-18,1.530930710464506e-16
3.22e+22,0.00022075289359393575,0.9997790283745229,7.198846380729517e-08,1.5960082569008906e-08,1.3078333662243143e-07,4562.697385786909,2.0013449599346985e-12,0.5615007714247962,556896167.8915784,2.6885536199953996e+25,5.209676810871713e-15,1.2500306306727828e-26,3.39536296393021e-26,2.555502061339205e-27,2.0009721855764154e-26,7.406834815722234e-19,1.1365094509198648e-18,1.5350931500213774e-16
3.22e+22,0.0001415395397591593,0.999858224150897,7.950602259436445e-08,9.562815254491749e-09,1.472405060212844e-07,3696.0345034940674,2.034417355743881,0.5623063949118217,1.9853803521003128e+21,2.6867603069613596e+25,5.2205334593782654e-15,8.873072290201106e-27,2.383591785054006e-26,1.7757037025449715e-27,1.3794133520790543e-26,7.513106607655133e-19,1.1524819817810678e-18,1.5518605876571496e-16
3.22e+22,0.00012381251063466275,0.999876151373727,1.2279664341371022e-08,3.1011105466525817e-09,2.0734863482460804e-08,5063.405551040309,4.749862394722015,0.5755320384519098,5.084871932347073e+22,2.6577149673410153e+25,5.399640706240147e-15,7.958847285428083e-27,2.1235813091111685e-26,1.5741777894659318e-27,1.2205954775866576e-26,9.847125661076117e-19,1.4959273903511937e-18,1.8701891262532781e-16
3.22e+22,0.00019116372478885133,0.9998086186825664,7.143751474098832e-08,1.4479290068343088e-08,1.3167583984561622e-07,4350.274072021675,1.908139243454372e-12,0.5611128199695444,21302833.729188927,2.6894124051601275e+25,5.204441443557046e-15,1.1200097126474615e-26,3.0315885740803824e-26,2.2741432430408654e-27,1.7760630421248285e-26,7.344314984752365e-19,1.1272898466486354e-18,1.5263516550072405e-16
3.22e+22,0.00017520633816531448,0.9998245375310273,8.459286140006985e-08,1.4536918174781917e-08,1.5700102774856704e-07,4066.015017242599,2.8086715865304925,0.5650155490465514,8.542689699859829e+21,2.6807749400187e+25,5.257129229984608e-15,1.0469502706540463e-26,2.826588587899996e-26,2.1156611735351427e-27,1.6499474430171733e-26,7.954105994545563e-19,1.2175799954253716e-18,1.6137201026449686e-16
3.22e+22,0.00012982318247020726,0.9998700612868762,3.799173264834968e-08,7.270820608587812e-09,7.026810047413941e-08,4239.8109427589425,0.6719352580934188,0.5611760738392593,3.6348259218383917e+19,2.6892709419719595e+25,5.20529263423976e-15,8.28213488559474e-27,2.2198419640553486e-26,1.650402560303022e-27,1.2801968900503426e-26,7.351408758391257e-19,1.1283744114970603e-18,1.5275879040438562e-16
3.22e+22,8.074562559546427e-05,0.9999191609467034,3.2223643919093666e-08,2.3860800761508214e-09,5.881797719552198e-08,3402.359592363801,1.4921631295587547e-12,0.5593881214580056,-2090328670.279859,2.6932283149511536e+25,5.18116831009391e-15,5.621579192359857e-27,1.48921132424755e-26,1.096111892418077e-27,8.440161363106058e-27,7.054537845664898e-19,1.084745133130185e-18,1.4869651439958376e-16
3.22e+22,0.00020024953190692118,0.9997993954579968,1.1740781821495742e-07,1.94310454101191e-08,2.1817123264368212e-07,4014.0599240251845,1.1688726888049423,0.5612543985766754,1.4087280771204968e+20,2.6890961189610893e+25,5.206347243111269e-15,1.1611990466852721e-26,3.1468034290252805e-26,2.3631560944738226e-27,1.8470679405644166e-26,7.36053946285417e-19,1.1297644770033568e-18,1.5291459258031656e-16
3.22e+22,0.00024463722892675626,0.999755036394223,1.0721112373580871e-07,2.22918571287424e-08,1.9687386954691268e-07,4409.978701328579,2.0993291694171012,0.5636004578010847,3.9458388206655803e+21,2.6839047921533484e+25,5.238017303111774e-15,1.349436579825684e-26,3.6740976227688844e-26,2.7718275535666926e-27,2.1746238590473082e-26,7.733539500954418e-19,1.1848851780715173e-18,1.581941380765146e-16
3.22e+22,0.00023901865809008624,0.999760805496263,5.8636029167227844e-08,1.4179938523719658e-08,1.0302967909511666e-07,4842.446640840091,0.0034022265775840222,0.5620126764857296,1.2459776428263068e+18,2.6874209098484364e+25,5.2165862871897995e-15,1.3254881900440535e-26,3.607104114083761e-26,2.7198661778191335e-27,2.1328044935455035e-26,7.489590552180774e-19,1.1487143530335131e-18,1.5466632464004588e-16
3.22e+22,0.000326049765044263,0.9996737756879002,6.110143247222678e-08,1.6181758089733735e-08,9.726386521653795e-08,5333.207894451659,0.035143467280122256,0.5629123989118804,1.85200449207396e+19,2.685430808230508e+25,5.228733224352848e-15,1.6630213614421428e-26,4.558895650824862e-26,3.4623873250391615e-27,2.729442978610867e-26,7.63431243266077e-19,1.1700802768515276e-18,1.5670157296966611e-16
3.22e+22,0.00023450714882247405,0.9997652644854285,7.528373617249403e-08,1.703502664053817e-08,1.3604698633781712e-07,4620.105318443062,2.0265735305180277e-12,0.561605605941109,704188594.0426387,2.688321552870639e+25,5.211091607410363e-15,1.3083297863273224e-26,3.558981441444098e-26,2.6824707485831378e-27,2.1027345061539535e-26,7.423619675084685e-19,1.1389865866400196e-18,1.5374514068452391e-16
3.22e+22,0.0003301822632428693,0.9996696811977881,4.949123651014192e-08,1.3388868388595735e-08,7.365886408522322e-08,5566.658189117732,1.5112090429187237,0.5645336864000907,2.804877511463748e+21,2.681848430465672e+25,5.250633315719784e-15,1.679170756629133e-26,4.6040233360136964e-26,3.497579011099567e-27,2.758130087045078e-26,7.89666451000601e-19,1.2088301073154482e-18,1.6039560536173826e-16
3.22e+22,0.000244659286212397,0.9997551779063695,5.466355498883555e-08,1.3521464046214033e-08,9.462239911295097e-08,4935.716971314299,0.3790115448874693,0.5622609853985606,2.099267409467239e+20,2.686871459854912e+25,5.219938089305996e-15,1.3502728857326527e-26,3.6765832074517426e-26,2.7737753046237584e-27,2.1760577714351523e-26,7.529374389252067e-19,1.154587981266956e-18,1.552262332375952e-16
3.22e+22,0.0002730580559379408,0.9997267344134589,6.954402885977542e-08,1.71389054229151e-08,1.2084766887044373e-07,4917.9438288291785,2.1572285920645875e-12,0.5621506087035724,1519252173.8646247,2.687115545318342e+25,5.218447891390133e-15,1.463172529718973e-26,3.994542632637348e-26,3.021365602700484e-27,2.3747371348034648e-26,7.511289704761427e-19,1.151923289937138e-18,1.5497508389842914e-16
3.22e+22,0.00018590500204313068,0.9998139371589291,5.195146000674177e-08,1.1462572482402474e-08,9.442499527149732e-08,4550.734093081086,0.07636067333380304,0.5614826949859,1.443257299473361e+19,2.6885937889650448e+25,5.2094331198714916e-15,1.0969817155821193e-26,2.9669817799203255e-26,2.224149059252539e-27,1.7362058024636032e-26,7.404346122049475e-19,1.1361369417529323e-18,1.53470965947805e-16
3.22e+22,0.0002169990268121972,0.9997828216928029,5.927020973343108e-08,1.369778161222656e-08,1.0631239356366039e-07,4684.36832906004,2.054599707460806e-12,0.561723509421239,888534056.248921,2.6880607737354443e+25,5.212683173674435e-15,1.233536094052654e-26,3.349001632906324e-26,2.5195367412249136e-27,1.9722537337107237e-26,7.443014582064835e-19,1.1418424359996506e-18,1.540134323339232e-16
3.22e+22,5.389514202448878e-05,0.9999460861843122,6.159328725979833e-09,1.2156398435448334e-09,1.1298694779382983e-08,4248.524209618169,4.818534018509403,0.575907384903035,6.223411562847298e+22,2.6568447453236386e+25,5.404647566574618e-15,4.0149466892591395e-27,1.0464218060151425e-26,7.613613952737371e-28,5.8360092092349675e-27,9.84262737167477e-19,1.4960144574890493e-18,1.8744578059833048e-16
3.22e+22,0.0002675892092568531,0.9997322265457507,6.205414376018078e-08,1.5494491353741844e-08,1.0669635749675137e-07,4977.516917811903,6.250967003751959e-05,0.5622598451005173,2.6829107122022612e+16,2.6868739998580436e+25,5.2199227192075815e-15,1.4423902451886767e-26,3.935955409360718e-26,2.9757231395695865e-27,2.3381645946097158e-26,7.529177011626357e-19,1.1545593107880244e-18,1.5522372221994728e-16
3.22e+22,6.51039170912304e-05,0.9999348879052866,2.8662949689143197e-09,7.547642408111018e-10,4.556563009650189e-09,5213.47958356612,12.132023584299748,0.6492481410116495,6.512451499399725e+23,2.5046283369017857e+25,6.417297445164945e-15,5.814365863952067e-27,1.295535395091916e-26,8.514997982280227e-28,6.535201816922504e-27,3.54474822919577e-18,5.1563883376300294e-18,4.599892878957503e-16
3.22e+22,0.00038938732861497924,0.9996102946690355,1.0854663893145257e-07,2.7978117371375155e-08,1.8147759324455018e-07,5134.378731401974,0.9632558170039689,0.5630235205305533,1.3298694023247118e+21,2.685183784651277e+25,5.230231567611759e-15,1.8834408141596943e-26,5.184311053459674e-26,3.953467278215503e-27,3.124998193779642e-26,7.648821722359587e-19,1.1722676243937364e-18,1.5693402059695566e-16
3.22e+22,0.00017137441489038316,0.9998284761972448,4.910142698368143e-08,1.049310220255913e-08,8.979333560854459e-08,4469.860565355249,0.3088379376850029,0.5613855509427694,5.029325343171605e+19,2.6888085970303265e+25,5.208121752724304e-15,1.0300699875647269e-26,2.7803140437259286e-26,2.0802510590624414e-27,1.62147488368239e-26,7.388208627114548e-19,1.1337630105471786e-18,1.5324906498590357e-16
3.22e+22,0.00010256068966705447,0.9998972971517277,4.859624212381195e-08,4.4035535715860135e-09,8.915880965617544e-08,3501.581601502264,2.9110707209081226,0.5646425162600994,8.635213971928322e+21,2.681585599657516e+25,5.2520664670429754e-15,6.841806777159488e-27,1.8222690851045746e-26,1.3476007070117125e-27,1.0414353425907827e-26,7.868676623340975e-19,1.2052583764602951e-18,1.6036076491050025e-16
3.22e+22,0.00016726866229634348,0.9998324145288872,1.0614169979974245e-07,1.3825328062793732e-08,1.9684178856415352e-07,3757.296941031253,0.7370761000748235,0.560338371463876,-4.5037104578051985e+20,2.6911259794583497e+25,5.193990231455772e-15,1.0103865729521819e-26,2.726368626710586e-26,2.0391697142596094e-27,1.588734519871035e-26,7.216151549832344e-19,1.1084400475421542e-18,1.5087392431723333e-16
3.22e+22,0.00016540903140481656,0.9998344062620479,6.071235641422635e-08,1.1695160818287297e-08,1.1229903003813886e-07,4250.444410905764,1.8642279239959066e-12,0.560930970456752,-222966692.8654736,2.689814955078855e+25,5.201987537786046e-15,1.0021533806580812e-26,2.702848641064127e-26,2.020781597004187e-27,1.5741086084183835e-26,7.314809620631647e-19,1.122942494347967e-18,1.522247347952499e-16
3.22e+22,0.0001226266649380867,0.9998772289665853,4.791482573510804e-08,7.497965514186119e-09,8.895568521176287e-08,3942.407880198526,1.729054721947525e-12,0.560369872717174,-953019123.1067492,2.6910567737979047e+25,5.1944161213734325e-15,7.908773232387065e-27,2.117104289591623e-26,1.5721996481614902e-27,1.2183427663426286e-26,7.222313166187969e-19,1.1093365801778447e-18,1.5095180126952876e-16
3.22e+22,0.00014979901176915924,0.9998500157318709,6.112345865234976e-08,1.0642897904960662e-08,1.1349000335001604e-07,4084.476355116188,1.7914770771287643e-12,0.5606283104958589,-615119907.3981247,2.6904849671961027e+25,5.197903638706486e-15,9.276724237644889e-27,2.4958653900867466e-26,1.8618423857169313e-27,1.4477262307597465e-26,7.265482393629723e-19,1.1156786361937005e-18,1.51541017494683e-16
3.22e+22,7.225579805661227e-05,0.999927668081235,2.643975694807299e-08,1.871440136779909e-09,4.7809511380781526e-08,3364.978349776607,0.01669794905509403,0.559320605672858,-2.225610054274316e+19,2.6933765744916706e+25,5.18025554323464e-15,5.1325945276486056e-27,1.3557418641847037e-26,9.955199554896188e-28,7.653876035962878e-27,7.040208151706477e-19,1.0826789875575326e-18,1.485255162832495e-16
3.22e+22,0.00016661349185830574,0.9998332189898758,5.5025649764502725e-08,1.1089861978350734e-08,1.0140275409405187e-07,4338.235690876965,1.902708726520614e-12,0.5610913290475138,-7721657.692423922,2.6894599821357333e+25,5.204151444143186e-15,1.0079038715518024e-26,2.718708115585643e-26,2.0328918621884074e-27,1.5836923978075897e-26,7.34085386256525e-19,1.1267796499233523e-18,1.5258679375726387e-16
3.22e+22,0.00032646112245098984,0.9996731617795783,1.2482048914343548e-07,2.932271039412202e-08,2.2295477089322262e-07,4736.738471337067,0.42237721857530924,0.5619110163711125,2.5324938927682313e+20,2.6876450681110743e+25,5.2152127609488625e-15,1.6654132783628866e-26,4.566088447438247e-26,3.468108399186727e-27,2.733805994532899e-26,7.471213564857952e-19,1.1460287508332337e-18,1.5442520818651077e-16
3.22e+22,0.00019571693287998406,0.9998041263872612,5.1699844379165123e-08,1.1742119390495988e-08,9.323789507719899e-08,4632.143032957412,0.28418345772428744,0.5616729835300693,8.489876803366842e+19,2.688172544657559e+25,5.212001158739347e-15,1.140544515484864e-26,3.08868512953768e-26,2.3181329859180004e-27,1.8112719638738743e-26,7.434810089177301e-19,1.1406327944722022e-18,1.5389894194819487e-16
3.22e+22,2.7454402756154157e-05,0.9999725396153837,1.9688090436305646e-09,3.6132165623984104e-10,3.6517294492632898e-09,4123.384009646164,11.072496628737667,0.6411740577895876,6.457129807646446e+23,2.52006359926282e+25,6.303380189360936e-15,2.579801627506203e-27,5.8668030697087055e-27,3.9379036467478407e-28,3.0003482247121788e-27,2.982181903657622e-18,4.3743538726199685e-18,4.1285652720096157e-16
3.22e+22,0.0002074070647351115,0.9997924057782118,6.165293506253643e-08,1.3781749708261056e-08,1.1172236814363235e-07,4585.315487944607,2.0111857344803065e-12,0.5615423854452646,622679828.230981,2.6884615969868116e+25,5.210238570364377e-15,1.1914735207548861e-26,3.2313605311518515e-26,2.4285645705177503e-27,1.8995668939078048e-26,7.413755599951965e-19,1.1375274666499856e-18,1.5360438511463973e-16
3.22e+22,0.00013195904396738482,0.999867900165254,4.643903603864841e-08,8.180431382762987e-09,8.617131132718187e-08,4101.947731581132,0.02663028679035889,0.5606610183997888,-6.68445713599392e+18,2.690412338891914e+25,5.198344599068283e-15,8.389316663361971e-27,2.2498134941243597e-26,1.6734580036560624e-27,1.298435730878125e-26,7.27027971667492e-19,1.1163920481733041e-18,1.5161181228309013e-16
3.22e+22,8.403901543293186e-05,0.9999158658989055,3.233825708718647e-08,2.9741169047033724e-09,5.977328754658772e-08,3523.8328864403024,0.00047371890126308763,0.5596088190817659,-4.448093476718424e+17,2.692739934514748e+25,5.184145833151608e-15,5.811733528241017e-27,1.5410016264750852e-26,1.1351019814723858e-27,8.745150985732494e-27,7.092000540245013e-19,1.090238020909068e-18,1.4920140401182124e-16
3.22e+22,4.01138558042805e-05,0.9999598636859109,7.651739325370204e-09,6.976265868638094e-10,1.4108919023689835e-08,3498.2555586659364,1.8684098168016288,0.5619292173095236,1.4981376456204285e+21,2.6875696932768257e+25,5.2153972503547705e-15,3.125309832901977e-27,8.12390075003504e-27,5.89389448697029e-28,4.503817456426071e-27,7.405301760123014e-19,1.1371335347258802e-18,1.54036090103203e-16
3.22e+22,0.00019836916026840822,0.9998014405656714,6.27329941813257e-08,1.3405294570538149e-08,1.1413577135748794e-07,4494.188513666206,4.222808586198124,0.5711738264352072,3.1444038307944214e+22,2.6672383283743913e+25,5.340496663039721e-15,1.1517347404897467e-26,3.1162253880025494e-26,2.3379627700460702e-27,1.82776291859114e-26,9.022425443240082e-19,1.3749498328519705e-18,1.7605774092420383e-16
3.22e+22,0.00010049243318201596,0.9998993956930843,3.740802078559428e-08,5.085471317625118e-09,6.938024173655522e-08,3794.3378842635875,0.06969843376322017,0.5601035511462096,-4.658590880576619e+19,2.691645651984926e+25,5.1908217789142125e-15,6.734201299566853e-27,1.7935196420547067e-26,1.326033069750765e-27,1.0242661467163977e-26,7.17664234904009e-19,1.1026429527276693e-18,1.5033835174493364e-16
3.22e+22,0.00012657655136727932,0.9998732783694132,4.803399552008904e-08,7.86210399352678e-09,8.91831200848394e-08,3998.4832023086346,1.7536505905294376e-12,0.5604720144852631,-826044045.299066,2.690830699374376e+25,5.195794330038446e-15,8.115312964940378e-27,2.1741274889659746e-26,1.615689596678982e-27,1.252717504526505e-26,7.239204136235133e-19,1.1118201188156786e-18,1.5118363160528497e-16
3.22e+22,0.00024925578737833363,0.9997505220092001,7.3589156213161e-08,1.7254714959629486e-08,1.3135955027744425e-07,4730.7040431350115,2.0750749121344443e-12,0.5618078826866885,998902905.0791681,2.6878738820717525e+25,5.213821683669251e-15,1.3673905497356454e-26,3.7250742731485224e-26,2.8116474050721922e-27,2.206393025091734e-26,7.456137849787669e-19,1.1437845937479025e-18,1.5420119938865316e-16
3.22e+22,0.00011677560806292569,0.9998830759710303,4.9567706335969395e-08,6.88465402343484e-09,9.196854661820425e-08,3815.223834026371,1.6733807078569184e-12,0.5601382487321614,-1227355448.8052392,2.691569525806037e+25,5.191291046885078e-15,7.609991123503814e-27,2.0347439279497923e-26,1.5094751049822541e-27,1.1688021011765245e-26,7.184089550822908e-19,1.1037160657208982e-18,1.5042686431527094e-16
3.22e+22,0.0001955185389219442,0.9998043190657298,5.353012308507673e-08,1.2043247588301185e-08,9.682197762481966e-08,4604.260211994196,0.03218190575769552,0.5615777879770214,7.238264368116775e+18,2.6883833326741454e+25,5.2107165208777334e-15,1.1386198001419142e-26,3.083409157520782e-26,2.314113687011057e-27,1.8080783863036756e-26,7.419697317032305e-19,1.1384007959826456e-18,1.5368558275915266e-16
3.22e+22,0.00015297065670312736,0.9998468424961207,6.159891875788616e-08,1.0928689650153238e-08,1.1431956761256159e-07,4112.51239011227,1.8037685842132613e-12,0.5606794025287388,-549875661.4778839,2.690371865757428e+25,5.198593030497679e-15,9.428170805896337e-27,2.5378890773755926e-26,1.8940516947351867e-27,1.4732616241791877e-26,7.273842375934379e-19,1.1169091656683696e-18,1.516565695216351e-16
3.22e+22,8.555024230259245e-05,0.9999143488732016,3.446618165303175e-08,2.912216914766895e-09,6.350609721753175e-08,3479.6813636060656,1.5260914251169629e-12,0.5595285144537118,-1940308828.6365051,2.692917939383295e+25,5.1830628937613035e-15,5.909824873204116e-27,1.5677844418237119e-26,1.15528554451617e-27,8.902713805919776e-27,7.079131943570802e-19,1.0883418168278819e-18,1.490220558890679e-16
3.22e+22,0.000163892152983361,0.9998359575888426,4.935212444319917e-08,1.0227778886084067e-08,9.067827076731326e-08,4398.537452080731,0.14045884005014242,0.561212728999564,8.847146666590132e+18,2.6891912468010223e+25,5.205789677805654e-15,9.945561507116207e-27,2.681596893512091e-26,2.004419228483937e-27,1.5611560085683342e-26,7.360513669839131e-19,1.1296771787536288e-18,1.5286068237967629e-16
3.22e+22,0.00017142946917200324,0.999828405454566,5.421852919765679e-08,1.1216398024068567e-08,9.96413348628385e-08,4394.45196941845,0.0030422147941912255,0.5611939694944614,1.4237669100778989e+17,2.6892328003312083e+25,5.2055365686829395e-15,1.0307104147557726e-26,2.782210390612118e-26,2.0817624995053004e-27,1.622644984316526e-26,7.357532604002272e-19,1.1292370790077238e-18,1.528187043169868e-16
3.22e+22,0.00013257279162678655,0.999867290719725,4.497291428162802e-08,8.103313989359938e-09,8.341241997497609e-08,4136.962223045558,0.12592346207391966,0.5607337044264169,-2.7543715923104748e+19,2.690251391370994e+25,5.19932529725384e-15,8.415785076474168e-27,2.2571465348254783e-26,1.6790811109087983e-27,1.3029374331375548e-26,7.282066738455305e-19,1.1181283851655479e-18,1.5177558706145186e-16
3.22e+22,0.00020927273262655454,0.9997904596865321,8.789763011678801e-08,1.758102892376626e-08,1.6210218217585362e-07,4325.270015449837,2.9595635463354086,0.565871583695236,1.0676077942788502e+22,2.6788895756795323e+25,5.268706216934423e-15,1.1987255401477574e-26,3.2503356326581437e-26,2.4427581859227268e-27,1.9112594259245455e-26,8.100913712668482e-19,1.2391880992307607e-18,1.6338587920929763e-16
3.22e+22,8.307184430253884e-05,0.999916828342788,3.449680769074003e-08,2.4531999705031763e-09,6.286290166056543e-08,3383.6512367913583,1.4839751063899546e-12,0.5593540652716303,-2109287613.5989985,2.693304045726083e+25,5.1807094687037925e-15,5.761575050640706e-27,1.5274459962280004e-26,1.1249439052676146e-27,8.66562777830652e-27,7.049654168396211e-19,1.0840182444834737e-18,1.486238288622983e-16
3.22e+22,0.00011697477632974378,0.9998828984802258,4.199317403048702e-08,6.768658888672068e-09,7.798161154076575e-08,3979.452674602927,0.09760370231617524,0.5604431623932786,-4.059683329469637e+19,2.6908943300342186e+25,5.195404642704776e-15,7.62068531016624e-27,2.0374902158930453e-26,1.5114783089018887e-27,1.1704151300300998e-26,7.233875510106544e-19,1.1110436887524094e-18,1.5111491408019773e-16
3.22e+22,0.00014099993890346433,0.9998588517011159,4.884845912845293e-08,8.978660463929826e-09,9.053286108158143e-08,4169.200155150281,0.012076498874975358,0.5607832274571672,-2.0703816860108037e+18,2.690141895255565e+25,5.199993751059253e-15,8.836486755475431e-27,2.373629634155439e-26,1.7681459619185397e-27,1.3734511591381214e-26,7.290465211624075e-19,1.1193609214883204e-18,1.5188936255564798e-16
3.22e+22,0.00012475335749871026,0.9998751818647721,2.142963751794692e-08,4.811211193946481e-09,3.8536880585687004e-08,4606.22464435087,2.3184228843760306,0.5647330739877753,6.376247830536713e+21,2.6814017107196026e+25,5.253316934035247e-15,8.01994226538653e-27,2.1458316508550877e-26,1.5932486114136766e-27,1.2351247323812326e-26,7.918250710232305e-19,1.2121388886998288e-18,1.6077879444898553e-16
3.22e+22,0.00013832972051069396,0.999861503332202,5.51805950354225e-08,9.279208156824777e-09,1.024874840093115e-07,4035.488387296689,1.7699583556530784e-12,0.5605392159260066,-732938698.4164205,2.6906821044165423e+25,5.1967013407830225e-15,8.711135755521621e-27,2.3390628413338157e-26,1.741778050853091e-27,1.3525521195679376e-26,7.250656709641542e-19,1.1134997458681896e-18,1.513381521509641e-16
3.22e+22,1.3140008159515975e-05,0.999986857277285,9.165879370255962e-10,8.468957181802815e-11,1.7132781545893268e-09,3506.8770548520615,10.077456768552562,0.6317353559859499,5.928857883222529e+23,2.5381621371981014e+25,6.170184617657911e-15,1.2120362304724268e-27,2.9039217954053135e-27,2.0151743363978214e-28,1.5304907404388694e-27,2.3727123159948768e-18,3.522249714097792e-18,3.5971160832401254e-16
3.22e+22,5.6324752152745934e-05,0.9999436286522706,1.6032817679153042e-08,1.316977294362668e-09,2.9245781627137823e-08,3431.358030968976,5.2293293782306165,0.5769139913897988,7.154566296071523e+22,2.6546326582550344e+25,5.418294378053281e-15,4.161096591913029e-27,1.0871412287967806e-26,7.922951136562379e-28,6.0751519499388754e-27,9.985181175008962e-19,1.5176230905632326e-18,1.8974363829050772e-16
3.22e+22,0.0001963632802871561,0.9998035506798694,2.9324945455259293e-08,7.471301332453324e-09,4.924359683859139e-08,5091.794387529028,2.267075330419089,0.5653195148553427,6.435396736078646e+21,2.680112365863808e+25,5.261251129955324e-15,1.1424782393824128e-26,3.0925597989347555e-26,2.3205290219301843e-27,1.8134782845565508e-26,8.022873384240012e-19,1.2274919761694196e-18,1.6218442268155848e-16
3.22e+22,8.28318771057926e-05,0.9999170811929179,2.9369433361771678e-08,3.2082966051190804e-09,5.4352246240926744e-08,3623.3251491734195,0.24865901461544967,0.5598280485284354,-2.3945633198174352e+20,2.6922540647346116e+25,5.187102440476673e-15,5.7605250482646e-27,1.5267688755859016e-26,1.1242498966800221e-27,8.66033491118836e-27,7.127340890166798e-19,1.0954426828964703e-18,1.4969223107165794e-16
3.22e+22,0.00021075266503301976,0.9997890250050329,7.305150892170037e-08,1.5692059419006494e-08,1.3358636577837954e-07,4481.67487450857,1.9658104829557694e-12,0.5613527108443432,348880240.96020144,2.6888813517051694e+25,5.2076786662599005e-15,1.207066522931306e-26,3.2750545683128246e-26,2.4623651713267888e-27,1.9265213393500354e-26,7.382991062056587e-19,1.1329927111768173e-18,1.5317563437692103e-16
3.22e+22,0.0001396729586324412,0.9998601859876978,4.6410975185325634e-08,8.66977745634195e-09,8.597291721939985e-08,4196.554622765542,0.10915816124736315,0.5608399825766937,-1.650738910331558e+19,2.6900162152210467e+25,5.200759509046478e-15,8.779947518912415e-27,2.3579188758015511e-26,1.7561124900293147e-27,1.3639347874491736e-26,7.299623021664848e-19,1.1207106802320437e-18,1.5201703762336739e-16
3.22e+22,0.00015983287851423792,0.9998399771727697,6.251664122240507e-08,1.1520558576485978e-08,1.159115162983091e-07,4173.2627370296295,1.830406492569842e-12,0.5607901391737843,-407021546.3749392,2.6901267263037453e+25,5.200087232107957e-15,9.756395044076212e-27,2.62912767067178e-26,1.9641288006723118e-27,1.5290158821979433e-26,7.291917115375557e-19,1.1195703764390048e-18,1.5190683816489483e-16
3.22e+22,0.0001620172397807327,0.9998378105362504,5.65950895648752e-08,1.1035899181427232e-08,1.045929801575824e-07,4273.273962606253,1.8742352369729934e-12,0.5609727421369883,-168277017.73599002,2.689722473902333e+25,5.202551181467302e-15,9.857263329157626e-27,2.6570794786450065e-26,1.9855593413481737e-27,1.5460577214928977e-26,7.321568176030534e-19,1.1239385629080462e-18,1.523188791635002e-16
3.22e+22,0.00029868160623029645,0.9997010136936606,1.0108808745097431e-07,2.38751237810975e-08,1.797368977673888e-07,4762.6069473538,2.2793020724211472,0.5646079763570756,5.838360859240486e+21,2.6816809556334836e+25,5.251631558719251e-15,1.5609126581147477e-26,4.2698271185564405e-26,3.236152004900716e-27,2.547756968426349e-26,7.900362887781525e-19,1.2094858201046595e-18,1.6051646656836566e-16
3.22e+22,0.0003107080189781706,0.9996891190067608,6.000529622359085e-08,1.574550106087455e-08,9.722346383571143e-08,5261.947676344376,0.06592505920340717,0.5627833549787756,3.5321651649612444e+19,2.6857161629119423e+25,5.226990776084379e-15,1.6061300131701826e-26,4.3980473950632655e-26,3.336541950500354e-27,2.6282500899712233e-26,7.613563155467437e-19,1.1670158515022376e-18,1.564092425785951e-16
3.22e+22,0.00010231746525154996,0.9998975511259578,4.437107425673205e-08,4.927148009362885e-09,8.211056821808943e-08,3633.861371437308,1.5937316260742399e-12,0.5598084574150731,-1609755824.70745,2.6922992712398435e+25,5.1868412043221195e-15,6.835667940887381e-27,1.8216987467326615e-26,1.3475813116830649e-27,1.0412723287472084e-26,7.128524912103318e-19,1.095561713108873e-18,1.4967363334751965e-16
3.22e+22,0.00010182107166515633,0.9998980481554018,4.417371109339142e-08,4.857878289587505e-09,8.174134362267509e-08,3627.438466148522,1.5909225457295053e-12,0.5597967836341612,-1622950136.7271218,2.6923250973622037e+25,5.186683687986391e-15,6.809358946612626e-27,1.8144323513315225e-26,1.342036529044602e-27,1.0368719159493261e-26,7.126538411145783e-19,1.0952704589013325e-18,1.4964687325404418e-16
