n0,ne/n0,(Ar)/n0,(Ar*(1))/n0,(Ar*(2))/n0,(Ar*(3))/n0,Tg,E,energy,mobility,diffusion,C0,C1,C2,C3,C4,C5,C6,C7
3.22e+22,2.91323813945468e-05,0.9999708543977723,4.476018898414619e-09,4.7232292122961e-10,8.272491345349164e-09,3573.117698728673,6.720198040853346,0.5903347276108852,3.897300832124349e+23,2.571559796160295e+25,5.538058766809199e-15,1.7857547813981455e-30,1.557132749523405e-30,4.172298863146612e-32,3.153675952669249e-31,6.27559041881952e-19,9.818627275576108e-19,1.4857635027485002e-16
3.22e+22,0.00015557039646747824,0.9998442828333968,4.820714318843581e-08,9.704148407976461e-09,8.88588442649457e-08,4336.523484019445,0.18163881492387748,0.561112254545494,1.43709345977016e+19,2.6893352329794187e+25,5.204361221383928e-15,9.567256828803482e-30,6.557659332641535e-30,2.1090779551719177e-32,1.5895311436186214e-31,7.319067604914169e-19,1.123724892079403e-18,1.524360230398959e-16
3.22e+22,0.00021054187019924297,0.9997892749363244,6.041659779006139e-08,1.3688826392890083e-08,1.0908805214345664e-07,4624.092756070129,2.0281856237267925e-12,0.5616077425147169,-115184551.66194527,2.6890415153559393e+25,5.21207172855435e-15,1.2637502884277988e-29,1.300592973021115e-31,-8.131992788515721e-31,-6.1556274523452135e-30,7.893678379784314e-19,1.204458209942905e-18,1.5755770551666653e-16
3.22e+22,8.207783608876034e-05,0.9999178340900101,2.9849120819040815e-08,3.018255452881503e-09,5.5206524724375284e-08,3575.474806712115,0.10486062948115615,0.5597255482855458,2.6629418571949875e+19,2.69050443476509e+25,5.183135185227501e-15,7.607944922083582e-30,1.5944593284807955e-29,1.0543882943599287e-30,7.97628579287487e-30,5.93021258299433e-19,9.268963501152045e-19,1.393480915587818e-16
3.22e+22,6.967576314118764e-05,0.9999302896392708,1.1414000980471583e-08,2.1276158923722178e-09,2.1055970979078853e-08,4172.410520587252,2.9451795022776777,0.5669830393330306,5.429651173821882e+22,2.6611713189692415e+25,5.269468239282685e-15,6.800084907502741e-30,4.796383388257051e-30,3.295133706351618e-32,2.4883283280529843e-31,7.087226311307828e-19,1.092219943410405e-18,1.514379253701591e-16
3.22e+22,0.00014760574239568435,0.9998522534818669,4.626031550252935e-08,9.076660999699732e-09,8.543876097171079e-08,4286.326672393656,0.27132422130007244,0.5610510122563407,5.344187184342321e+19,2.6892609371840632e+25,5.2032990948849755e-15,9.217801267982962e-30,7.451873316177219e-30,1.311569086209971e-31,9.918952178878218e-31,7.221999408422883e-19,1.1100544283823522e-18,1.5156017070058247e-16
3.22e+22,0.00013050592347083753,0.9998694656869175,1.005458907582716e-08,2.6619728746567847e-09,1.5673049630329335e-08,5381.418261012239,8.480980991781399,0.6105123512562242,7.253460178538483e+23,2.5142551663168246e+25,5.794310909079387e-15,7.250130783335999e-29,4.1604305797870564e-29,-9.562310551364684e-31,-7.253145135444569e-30,1.0415398484356282e-18,1.5677717267073135e-18,1.8935812296852505e-16
3.22e+22,0.00030027753234954823,0.9996994991535121,7.541914294914843e-08,1.889844593955046e-08,1.2899654959592445e-07,5006.111020876614,3.5890933308959494,0.5714489047371744,8.702880622253215e+22,2.647647754130349e+25,5.326435905301166e-15,1.9797321368194426e-29,-1.6861633134475932e-29,-2.982088180104234e-30,-2.2576994818248198e-29,8.8367071532446e-19,1.3382396318345243e-18,1.6746763378563193e-16
3.22e+22,0.00025547460776823873,0.9997444002935594,4.316691786933313e-08,1.1217956910888e-08,7.071379754136325e-08,5210.002048931697,1.3911565467470564,0.5640640180670877,6.098012811534652e+21,2.681378055135415e+25,5.244080753893031e-15,4.384427947359885e-29,1.2603448232254082e-29,-1.774160627464907e-30,-1.3437012937063603e-29,9.194668030982638e-19,1.3863009406305757e-18,1.688857940417354e-16
3.22e+22,0.00010006288914870354,0.9998998100097476,4.294912731719451e-08,4.6719786119774845e-09,7.947999771905063e-08,3620.3953948670214,1.5878534544667587e-12,0.5597980522630728,236917013.13128367,2.6904799082839758e+25,5.184280128321882e-15,1.0024497773693933e-29,2.1524126309002406e-29,1.4372350111698266e-30,1.0872697050386895e-29,6.003381579029172e-19,9.373302317008797e-19,1.4007315813063022e-16
3.22e+22,5.3408774625191595e-05,0.9999465505273303,1.3999515174295375e-08,1.125687642796966e-09,2.557284147763334e-08,3432.2496813508956,0.8359955021943685,0.5599657784882246,1.666920701003222e+21,2.6882462306247818e+25,5.184757883980394e-15,4.28987559621976e-30,8.689068680532426e-30,5.670962558504446e-31,4.289742180122916e-30,5.698415946890767e-19,8.9386422227428e-19,1.371271093467748e-16
3.22e+22,0.00010468844021274305,0.9998951792395524,4.4520563193716476e-08,5.292475464850368e-09,8.25071961638796e-08,3685.1556524593366,1.6162255023224585e-12,0.5599145308143146,219429333.1549465,2.690387206554125e+25,5.186067874954796e-15,9.926130611340922e-30,2.0714641516454232e-29,1.3659076491995632e-30,1.033333226167154e-29,6.114938759215197e-19,9.532261682981916e-19,1.4116111200010275e-16
3.22e+22,0.0003017480023011939,0.999698101677642,5.26261667753569e-08,1.3915200242168409e-08,8.377868977121234e-08,5329.1910631326555,0.9546880554010051,0.5635419922945798,1.6952373150224535e+21,2.684781522834922e+25,5.2390970641390845e-15,5.311244082299155e-29,1.3335518680757052e-29,-2.368910375022661e-30,-1.794228983008643e-29,9.455896221507471e-19,1.4224029790740038e-18,1.708977282910498e-16
3.22e+22,0.00019120232746070278,0.9998086573504774,4.6399167920686665e-08,1.0694555149268045e-08,8.322833895024516e-08,4679.290216526509,0.6574387437115478,0.5620198071462027,6.225242570544744e+20,2.6874122757903745e+25,5.217113565444653e-15,1.5061083948319697e-29,2.326534263810823e-30,-7.637145484637172e-31,-5.781514335355098e-30,8.017246922412171e-19,1.2218339172484925e-18,1.5868492164014605e-16
3.22e+22,6.394341842025521e-05,0.9999359982051347,2.001805516979755e-08,1.5032033297889011e-09,3.6855186626912624e-08,3424.233591179686,0.411964416124886,0.5595686095109466,2.6908446254323083e+20,2.6901490658315947e+25,5.180250931125471e-15,5.791527794983311e-30,1.2417538588940875e-29,8.300304863636551e-31,6.278695491777543e-30,5.679735019646016e-19,8.911281746087001e-19,1.3687889538523058e-16
3.22e+22,9.50348892575513e-05,0.9999048514513762,3.839411492134362e-08,4.226675836457193e-09,7.103857535535932e-08,3628.387038410532,1.5913010603353476e-12,0.5598125611967394,234736849.36192852,2.690468414699422e+25,5.18450307346743e-15,9.091488764604788e-30,1.9170439320237799e-29,1.2703590799000313e-30,9.610283578252316e-30,6.018420760485107e-19,9.394745437207718e-19,1.4021687973292434e-16
3.22e+22,0.0001909122468963142,0.9998089207919596,5.494959984759723e-08,1.2112655889592071e-08,9.989888845237596e-08,4547.853170377353,0.006968969529633183,0.5614700946677053,-6.020246558614467e+17,2.6891506895016857e+25,5.209956768383879e-15,1.1711901368315754e-29,2.298844415969362e-30,-5.381317289567246e-31,-4.0735574907297884e-30,7.739156802353361e-19,1.1827820919001674e-18,1.561921638581611e-16
3.22e+22,0.0003796192756107048,0.9996202022553783,6.468701015176216e-08,1.753267981394292e-08,9.624932094979837e-08,5575.596172538409,0.1480221375049012,0.5633479852964057,-7.978669051366649e+19,2.687596157034235e+25,5.238765641398385e-15,8.220460871779978e-29,2.4093213816069998e-29,-3.4207364296309006e-30,-2.591514022250211e-29,1.0028704387655886e-18,1.5015726863385944e-18,1.7541149542943643e-16
3.22e+22,9.17593139328866e-05,0.9999081321235767,3.674944326735517e-08,3.784820445225232e-09,6.802822660302993e-08,3589.404374743966,1.5741906757175351e-12,0.5597424801151036,244954521.00873202,2.6905242034989245e+25,5.183427537089591e-15,8.96730183785715e-30,1.9174960348125575e-29,1.2785298534277094e-30,9.671962016315036e-30,5.951989788171582e-19,9.30001449414422e-19,1.395654105889422e-16
3.22e+22,8.337346524106516e-05,0.9999165263528886,3.457230939359366e-08,2.4857734428056566e-09,6.312378748759344e-08,3391.882577485927,1.4875904745581436e-12,0.5593874236739032,292720688.21247256,2.6908068737678833e+25,5.17797890405445e-15,9.433491702242064e-30,2.1519322444150112e-29,1.4733911037199596e-30,1.1145293930448973e-29,5.621328002425004e-19,8.827471506862032e-19,1.3628243055935378e-16
3.22e+22,7.424772882278264e-05,0.9999256902605679,2.0751023118599034e-08,2.7923871636103397e-09,3.846719924637548e-08,3780.833183678585,5.88901065939381,0.583913856458819,2.8449890211881793e+23,2.5945182449613457e+25,5.46310450517888e-15,3.336529769835235e-30,3.404801508751827e-30,1.216790536716651e-31,9.196157835830217e-31,6.564200710484272e-19,1.0216075019996528e-18,1.499912734757988e-16
3.22e+22,0.0001405190962844378,0.9998592954497119,6.15737728853891e-08,9.67108023193791e-09,1.142091506510323e-07,3946.5550841336985,3.59512381328471,0.5695443166088179,8.446226583910076e+22,2.649109769561738e+25,5.297002352416767e-15,7.969169450260793e-30,1.2520834396443276e-29,7.029740669469282e-31,5.317561931603812e-30,6.680560222952908e-19,1.0352509162281367e-18,1.4824897169482028e-16
3.22e+22,0.00023473388956865,0.9997651189323817,4.948693661462693e-08,1.2266376068165044e-08,8.542473686724896e-08,4949.697455435003,0.725726212792351,0.5625770594296562,7.611977631304603e+20,2.6866884212598294e+25,5.225399924778342e-15,2.4871135029116171e-29,2.372377409396824e-30,-1.4402729717391698e-30,-1.090472484846809e-29,8.595019860485214e-19,1.3026034201799484e-18,1.6367049095748694e-16
3.22e+22,3.608452724210442e-05,0.9999639035604053,3.935151282527419e-09,6.81733503549206e-10,7.295467723142387e-09,4097.435533913102,8.344524175166242,0.6066642190769187,6.486553416797824e+23,2.5208176089659716e+25,5.739219900211159e-15,5.094859169643354e-30,1.9197504247330194e-30,-1.3385054044208001e-31,-1.0134819277058676e-30,7.481028097576617e-19,1.156543069099417e-18,1.6350264203833746e-16
3.22e+22,0.0001625188195788267,0.9998373044445935,5.809036827682447e-08,1.1231925357863144e-08,1.07413533985746e-07,4257.255537160224,1.867215846924863e-12,0.5609451355102171,33518317.367029343,2.689567672468748e+25,5.201891835141776e-15,9.382899459190507e-30,8.817746180553247e-30,2.5279070145894198e-31,1.912310640719679e-30,7.161085777434518e-19,1.1014576262223066e-18,1.5100579217682733e-16
3.22e+22,0.00028430647506981585,0.9997155140858279,6.107690419318877e-08,1.5597470799253428e-08,1.027647272335632e-07,5091.20454670804,0.0032908605388871125,0.5624533495869285,-1.12207016555353e+18,2.688370820045977e+25,5.225070129906971e-15,3.090915402833624e-29,-3.2505263742545126e-31,-2.1330425534885623e-30,-1.6150579425810022e-29,8.89883471999879e-19,1.3448574949621661e-18,1.6616818935880267e-16
3.22e+22,8.68668065101559e-05,0.9999130364809612,3.2718255045198685e-08,3.4680720153490367e-09,6.052620150247858e-08,3603.92749636472,0.033633912742595654,0.5597695318358602,8.014361657373501e+18,2.6904992946875834e+25,5.1838395788996206e-15,8.086903591560112e-30,1.690387673136253e-29,1.1162732332966136e-30,8.444528258195357e-30,5.977994472980238e-19,9.33710961486571e-19,1.3981758589406087e-16
3.22e+22,0.00012429965237708944,0.9998755399933006,5.3407854711035743e-08,7.804231301083412e-09,9.914223624892526e-08,3865.7445748012974,1.6954890059478076e-12,0.5602393980467447,166895462.06312332,2.6901286850556675e+25,5.191054484765419e-15,1.0197343153805405e-29,1.9287401781553157e-29,1.211739080042082e-30,9.167563191281002e-30,6.431927670009057e-19,9.982962104643027e-19,1.4421359841047515e-16
3.22e+22,0.00016370049899812697,0.9998361189453652,5.9348998214502065e-08,1.1441432899119966e-08,1.0976520567346158e-07,4251.812010206072,1.8648301712763717e-12,0.5609352754317166,35572224.7659949,2.6895754901233416e+25,5.2017403077800964e-15,9.410987217235673e-30,9.058387861114445e-30,2.7428204622289227e-31,2.074933648415571e-30,7.150149549676863e-19,1.0999154336083792e-18,1.5090708881251905e-16
3.22e+22,0.00017787094947897743,0.9998219729504138,5.131949048770065e-08,1.1072608420385354e-08,9.370800849644013e-08,4493.159558295878,0.08444645346111662,0.5613764457438718,-3.6800461569140623e+18,2.6892036604645498e+25,5.208496980961294e-15,1.1099629666137326e-29,3.624568737632933e-30,-3.672728655006767e-31,-2.7803327015829164e-30,7.629541621862439e-19,1.1673907495927985e-18,1.5521817851751815e-16
3.22e+22,0.00012004527213249073,0.9998797508514116,7.03610660902272e-08,5.427312718974243e-09,1.2808807725032665e-07,3410.4269979010146,1.1299918052331224,0.5603431730305409,3.6001710870933715e+21,2.6862432209771308e+25,5.1887969733974464e-15,1.7762092502193016e-29,4.187638716303889e-29,2.9011398343253402e-30,2.1945713493678488e-29,5.651519305766972e-19,8.872159721995898e-19,1.367670965668618e-16
3.22e+22,2.6104150013838343e-05,0.9999738860748331,3.301708438684883e-09,3.098821656075676e-10,6.163562288989372e-09,3536.042204689484,3.880636461178453,0.5702736108034004,1.0676519216578703e+23,2.6437509554289804e+25,5.3025285994860856e-15,1.909020747190849e-30,2.2028935802903936e-30,9.563597063608886e-32,7.233787728254341e-31,5.981286938863959e-19,9.360334518930087e-19,1.4173697322538345e-16
3.22e+22,0.00036128055141765276,0.9996384557085227,9.039190086914231e-08,2.3361081924086445e-08,1.499870768393882e-07,5164.879871865472,2.5567179831461324,0.5672821295907836,3.6062420407692525e+22,2.66630258456095e+25,5.2800415395523706e-15,2.7413907475704303e-29,-1.9728199776090724e-29,-3.806117089155276e-30,-2.881723045145662e-29,9.12357513121768e-19,1.3771745603691589e-18,1.6898823196999479e-16
3.22e+22,0.00010425456391106977,0.9998956116333666,4.510705147069898e-08,5.200631756860448e-09,8.34950390343668e-08,3659.7615641586203,1.6050667738759745e-12,0.559868818872229,226382188.6320065,2.6904235719409285e+25,5.185366193202002e-15,1.018483379810753e-29,2.158173452687292e-29,1.4327151604210782e-30,1.0838656080167553e-29,6.07069749205129e-19,9.469243180873889e-19,1.407314568834511e-16
3.22e+22,0.000402284724463785,0.9995975342395269,6.659662978187032e-08,1.8159580891745487e-08,9.627979852909064e-08,5667.839191945922,0.09211064905458467,0.5635059352690893,-5.9653496810923295e+19,2.6875116595880713e+25,5.241235895603512e-15,9.753236559345964e-29,3.258999263010862e-29,-3.703192981747372e-30,-2.805908508797527e-29,1.0253766683139487e-18,1.5326608151862464e-18,1.772020537042411e-16
3.22e+22,0.000360182731862048,0.9996396414609267,6.29564940450084e-08,1.6955885461992842e-08,9.589483167261597e-08,5496.2446055902765,0.05081723098576786,0.5631899981528926,-2.8688587611759542e+19,2.6877795288274293e+25,5.2363924466274455e-15,7.081647564043365e-29,1.824302188481275e-29,-3.16879860704821e-30,-2.40038410388159e-29,9.837504624207451e-19,1.4751252481324973e-18,1.738736172580214e-16
3.22e+22,0.00012714597721459882,0.9998727258064033,4.2275806178533156e-08,7.52142931994337e-09,7.841914676258928e-08,4118.071513160905,0.31159266062152263,0.5607645353679941,9.70663272017363e+19,2.689417493027879e+25,5.198828706603614e-15,8.444007692870072e-30,1.0313986134161057e-29,4.593693661508623e-31,3.4754449917535276e-30,6.901172242723719e-19,1.0647751189315786e-18,1.4861891951725663e-16
3.22e+22,6.462202316001498e-05,0.9999353337285461,1.4764654059193744e-08,2.092535690823872e-09,2.7391104103670427e-08,3830.064794026048,1.616928474335659,0.5620611250071036,1.0588737522665091e+22,2.6810257817104133e+25,5.211238619929366e-15,4.829626602379638e-30,6.599016327157823e-30,3.3384064936999406e-31,2.5255356785055846e-30,6.399899407878967e-19,9.940834006999254e-19,1.442144259892251e-16
3.22e+22,0.0001605879695165673,0.9998391351011505,9.246168193939215e-08,1.2906730477358552e-08,1.7156092043430774e-07,3819.4526731868377,1.8926182947305432,0.5627352814160895,1.5552069898735914e+22,2.677799785590694e+25,5.218694793118493e-15,1.5151029951325357e-29,3.2033787627988103e-29,2.121575116586792e-30,1.6050763487784446e-29,6.365245765726649e-19,9.892821481346303e-19,1.4406485275651844e-16
3.22e+22,0.00013618464302468119,0.9998636027722093,7.130117414475734e-08,9.156080599113986e-09,1.321275112181744e-07,3742.236144751299,2.632165224792739,0.5649749566269215,3.767049507483737e+22,2.6671654159399776e+25,5.243439707051539e-15,1.2433367044749471e-29,2.626147825578993e-29,1.739655148087572e-30,1.3160690798251655e-29,6.260181743697363e-19,9.747671987660447e-19,1.4346721009398526e-16
3.22e+22,0.00026181275080115453,0.9997379719588474,7.168739364807953e-08,1.7273708301551547e-08,1.2632924957630713e-07,4827.442499595417,2.1175044343222697e-12,0.5619753502662879,-207214706.55340946,2.688749714307036e+25,5.217720846821003e-15,1.6461893678778876e-29,-5.760080759223741e-30,-1.6545908987471596e-30,-1.2525205672079122e-29,8.3173121612809925e-19,1.2637561830784355e-18,1.6124580056037489e-16
3.22e+22,0.00022575842520640893,0.9997740662734937,5.8164063413302667e-08,1.3753533424249245e-08,1.0338370297644792e-07,4760.321688585715,0.003272601075083473,0.5618542127951719,-5.933703090373505e+17,2.6888459441130324e+25,5.215859712123231e-15,1.6137390142962007e-29,-9.851811575946716e-31,-1.1627637410349383e-30,-8.802186790051327e-30,8.179262800994974e-19,1.2444507519850696e-18,1.600436183013853e-16
3.22e+22,0.00013077703985945222,0.9998690619511948,5.338046075342866e-08,8.49501250653493e-09,9.913347216016317e-08,3963.015989693716,1.7381162744568826e-12,0.5604146441973744,136196673.68059558,2.6899893356702037e+25,5.193745170523125e-15,9.661092635286798e-30,1.6458867108211566e-29,9.737812712040782e-31,7.367436193878716e-30,6.608578137250457e-19,1.023352224872539e-18,1.4588509435301414e-16
3.22e+22,0.00019476835490292606,0.9998051764414306,1.9712063021638974e-08,5.263761388295313e-09,3.022784193384953e-08,5451.588808526683,4.18332854421364,0.5754365236327817,1.3894745866135156e+23,2.634290320317981e+25,5.375731827584121e-15,7.756164688475234e-29,4.312555447381299e-29,-1.1767839706728718e-30,-8.923618057059699e-30,9.944081616449402e-19,1.49283090831563e-18,1.7723825868880553e-16
3.22e+22,0.00025442597005449107,0.9997453806550858,6.4563896464213e-08,1.57043250976176e-08,1.1310663828308788e-07,4864.850203391788,2.133885359874119e-12,0.5620432409622627,-225051400.2777503,2.6886959579411344e+25,5.218764872658096e-15,1.8781647006761463e-29,-3.610248482178149e-30,-1.6042811508457264e-30,-1.2144873133719138e-29,8.40018461042719e-19,1.2753326075816819e-18,1.6195043945736698e-16
3.22e+22,0.0001279333326420224,0.999871903169638,5.4353708102311486e-08,8.228307128999167e-09,1.0091570476051128e-07,3904.188803391279,1.712325557495249e-12,0.5603086221750664,154968740.1991647,2.690073624881661e+25,5.192117242366131e-15,1.0085036600943298e-29,1.84509319308883e-29,1.1384385206609927e-30,8.613091448808267e-30,6.501073096472486e-19,1.0081088130677267e-18,1.4487074054511663e-16
3.22e+22,0.00024675141413088315,0.9997530814957222,5.6065850308558974e-08,1.3847680007039012e-08,9.717661672314938e-08,4929.224143306216,0.052665908438383806,0.5621619816802397,-1.3435272286112567e+19,2.688593528827661e+25,5.22058251117884e-15,2.2833575072461472e-29,-2.9151627994271015e-31,-1.5602284015052741e-30,-1.1812290581450891e-29,8.542719128684808e-19,1.295228462916473e-18,1.6315961304200455e-16
3.22e+22,7.548242225970749e-05,0.9999244371728759,2.752516386099479e-08,2.1051450391893694e-09,5.0774555263911223e-08,3438.1474953546203,0.021661617801417923,0.5594710942121496,6.141939358347676e+18,2.690738908277238e+25,5.179261782497395e-15,7.57516139860621e-30,1.6724089306235706e-29,1.1307313585782352e-30,8.553398843545409e-30,5.699618036155346e-19,8.939518185438416e-19,1.3706162349661921e-16
3.22e+22,9.928407079927548e-05,0.9999006447005311,2.347869399049003e-08,4.376439684541209e-09,4.33735359504091e-08,4191.863640090312,6.577708595971423,0.5902693847642839,3.7697418745042116e+23,2.5746742885268344e+25,5.541252642227491e-15,4.3188610225187965e-30,-2.1689362261556847e-30,-4.7904130077415265e-31,-3.626611926169548e-30,7.425317412026699e-19,1.1448248240871741e-18,1.5926068332652968e-16
3.22e+22,0.00017104570154989846,0.99982880058147,5.050477771406829e-08,1.0686048403965007e-08,9.252615403102239e-08,4445.938854765452,0.09427786705624211,0.5612924216712672,-1.9152050436536343e+18,2.6892650649491607e+25,5.207200829814892e-15,1.0542663793117715e-29,4.4886888170429774e-30,-2.4551342603029727e-31,-1.8587633862938386e-30,7.534930166630584e-19,1.1540951395326355e-18,1.5437447409409118e-16
3.22e+22,9.54556836170488e-05,0.9999044370792269,3.601413718067635e-08,4.4960795208680685e-09,6.672693923114367e-08,3720.4994794384247,0.04350619001985906,0.5599797463004156,9.07048365612065e+18,2.690329686826061e+25,5.187063764506324e-15,8.264425503103682e-30,1.6294279956530631e-29,1.046845621178106e-30,7.919622803262372e-30,6.179131780754635e-19,9.623654262283325e-19,1.4177691312259935e-16
3.22e+22,8.219873006140102e-05,0.9999177042170458,3.3458603091765906e-08,2.432557320234389e-09,6.11617324288375e-08,3398.4859633391816,1.4904740523878197e-12,0.5593993201867713,291220709.9332441,2.69079741302421e+25,5.178161507953315e-15,9.131421627847347e-30,2.074584335197892e-29,1.4182590963622059e-30,1.0728274539881271e-29,5.632486509302528e-19,8.843447469468463e-19,1.3639367851067204e-16
3.22e+22,9.022439931727926e-05,0.9999096904232709,2.8400914358581346e-08,4.086559550336235e-09,5.268993790822754e-08,3852.2960105518814,0.6529023765040397,0.560524004823691,7.987010562440807e+20,2.6886167255453926e+25,5.194147374114507e-15,6.832309474038381e-30,1.12223263517022e-29,6.507669462476123e-31,4.9233303292044716e-30,6.41859706454821e-19,9.964583877246137e-19,1.441224335359897e-16
3.22e+22,8.385295818254487e-05,0.9999160467113744,3.4542400040656616e-08,2.562543763697823e-09,6.322549935833016e-08,3409.1315325488517,1.4951005322816674e-12,0.5594184218661403,288809936.6182098,2.6907821913732337e+25,5.178454557359273e-15,9.349991490675378e-30,2.1230278335661244e-29,1.4509842277017634e-30,1.097586698656537e-29,5.649754490095824e-19,8.868163627716268e-19,1.3656752738406328e-16
3.22e+22,0.0002954537978208913,0.9997043558908679,6.485611576389864e-08,1.6608185630570754e-08,1.0884700969605434e-07,5105.2273512464335,2.239367480005873e-12,0.5624786837914862,-344434212.6246491,2.6883507267280124e+25,5.225459482846669e-15,3.102889258856568e-29,-1.9563992767808074e-30,-2.3030415100577326e-30,-1.7437608201411894e-29,8.92894054831777e-19,1.3490487658252123e-18,1.6642334918147782e-16
3.22e+22,0.00010626924987980941,0.9998936106063293,4.007919961236842e-08,5.7011619724778874e-09,7.436342941848283e-08,3838.3698364926627,0.027197224646988115,0.560191013644175,4.732502775527133e+18,2.69016508233621e+25,5.190310217764027e-15,8.50086447701692e-30,1.5501220357751084e-29,9.558171257523958e-31,7.231237550036474e-30,6.386781336816677e-19,9.918860595028072e-19,1.4377356727299683e-16
3.22e+22,0.0003171680761222208,0.9996824787301337,1.1694683994717876e-07,2.7536505143705103e-08,2.087103988137975e-07,4743.078055242579,1.2934813114833366,0.5630338594154705,5.408907185236658e+21,2.6829449164009327e+25,5.228935856585322e-15,8.315474274068887e-30,-1.838302645466717e-29,-2.331839076269166e-30,-1.765038947480361e-29,8.138045461891319e-19,1.2389457416529407e-18,1.5996592980335375e-16
3.22e+22,0.00013331862287888028,0.9998665238774391,5.207691847286441e-08,8.678944531335544e-09,9.67438189441807e-08,4022.835382301772,1.764390906672115e-12,0.5605224927619691,116495970.1800519,2.6899036117677583e+25,5.19540128053917e-15,9.297805218562233e-30,1.4470167650005116e-29,8.054279724358009e-31,6.093759494195267e-30,6.719201787085952e-19,1.0390217132639953e-18,1.469217969143866e-16
3.22e+22,0.00022871274286857007,0.999771198642104,3.108056809918967e-08,8.13831632741565e-09,4.939614319423682e-08,5324.834182628131,7.017198741619644,0.596230050878128,4.63001350767272e+23,2.5600211231371613e+25,5.620014891565485e-15,5.51822719981494e-29,1.4523344402590559e-29,-2.3980729963937456e-30,-1.8166390567636366e-29,9.998001904811347e-19,1.505803698759381e-18,1.8243412929507376e-16
3.22e+22,0.00034420576465981966,0.9996556197424246,6.184192742305347e-08,1.654437059401345e-08,9.610661763454412e-08,5424.661975406415,0.03255472931854337,0.5630589496235804,-1.7242623654649424e+19,2.6878878866126747e+25,5.234380983283403e-15,6.166552019269887e-29,1.36137121989256e-29,-2.9622395427829255e-30,-2.2437033238953813e-29,9.667202030364217e-19,1.4515462070255575e-18,1.7249671080486795e-16
3.22e+22,0.00011155864429021886,0.9998883181092446,4.095500428195932e-08,6.25297828938035e-09,7.603848256234754e-08,3914.172306417674,0.06124742540175395,0.5603296970892313,9.491054402374547e+18,2.6900456668575967e+25,5.1924304086626155e-15,8.413137474011473e-30,1.419805843913088e-29,8.361081112556199e-31,6.325699715882088e-30,6.523292432471794e-19,1.0112610067773187e-18,1.4507133293203734e-16
3.22e+22,0.0003707309513993385,0.9996290806857221,6.736919008124399e-08,1.8096228530960904e-08,1.0289745992722671e-07,5487.343661647979,4.009460757751509,0.5745438474901177,1.174110471358325e+23,2.638054516895458e+25,5.365499776890681e-15,6.527373354915827e-29,5.315362112889822e-30,-4.052861053746591e-30,-3.0697974658501373e-29,9.997865577817399e-19,1.5000507429626676e-18,1.7750362878517123e-16
3.22e+22,0.00010125224389023144,0.9998986179442226,4.385966234880154e-08,4.79043417916832e-09,8.116179070737621e-08,3622.9954401106947,1.5889881842570481e-12,0.5598027039765155,236237727.3537554,2.6904761961909375e+25,5.184351474729715e-15,1.0185262762956627e-29,2.1897120934695777e-29,1.4628738803826433e-30,1.1066667976746664e-29,6.007596486711562e-19,9.379311064617778e-19,1.4011501330610332e-16
3.22e+22,9.885441114844229e-05,0.9999010223536292,4.1631314482636466e-08,4.573572891336752e-09,7.703033504417213e-08,3626.67628528182,1.5905754034782416e-12,0.5598093909377809,235231604.56684953,2.690470900441937e+25,5.1844542342057134e-15,9.728023439363841e-30,2.0745535495474427e-29,1.3812728609575072e-30,1.0449357153726309e-29,6.014560959157568e-19,9.389241199376525e-19,1.401814840909225e-16
3.22e+22,0.00032788536821629023,0.9996719450118903,5.964638466799569e-08,1.5854570904208463e-08,9.41189378759804e-08,5366.821761316969,0.5193373117335072,0.5631473307061985,8.318365701622245e+19,2.6870084755476085e+25,5.234940481390244e-15,5.539252029143709e-29,1.1227724257144969e-29,-2.7439579926803548e-30,-2.078249215434944e-29,9.534491356349572e-19,1.433199038154412e-18,1.7145434534987826e-16
3.22e+22,0.0001515866356755456,0.9998481283887493,9.618792455282872e-08,1.0734556142492184e-08,1.780530944663194e-07,3638.378790119031,0.7132702712160759,0.5601975087543316,9.335456534911785e+20,2.688629318061241e+25,5.188868284535074e-15,2.001893236801846e-29,4.588276609960706e-29,3.1430900459446226e-30,2.377812316730976e-29,6.022986740866645e-19,9.401845928210937e-19,1.4036678217654845e-16
3.22e+22,0.0001492905177502987,0.9998505590317401,4.945714231301838e-08,9.52941871526482e-09,9.146394845329091e-08,4251.472632367998,0.024195609976301765,0.5609353616080814,8.7557203786044e+17,2.689573772946039e+25,5.201740486288858e-15,9.136434988479814e-30,8.379921286594219e-30,2.2659820753014914e-31,1.714123123936428e-30,7.1527459328793e-19,1.1002807793652958e-18,1.5092276426880575e-16
3.22e+22,0.0002190388192654851,0.9997807308507889,7.571716763848467e-08,1.646882277539819e-08,1.3814395505286856e-07,4512.472923250782,1.9793420200318893e-12,0.5614055524996026,-67275633.13861164,2.689201810960107e+25,5.2089639208469166e-15,1.0223353923887443e-29,6.092876121816953e-31,-6.025374835658057e-31,-4.560825813123155e-30,7.660133510189234e-19,1.171690550117007e-18,1.555097439522294e-16
3.22e+22,0.0002272755636302536,0.9997723519380244,1.225002070032014e-07,2.2830939773700145e-08,2.2716719861715119e-07,4193.037323620416,1.207843323618429,0.5618837086485167,4.409718922147255e+21,2.6844833146112743e+25,5.211901812239569e-15,1.1748141302587006e-29,1.6574007671262044e-29,8.489936876636745e-31,6.423440454127203e-30,7.028946771846201e-19,1.0830151142109756e-18,1.5003992398425317e-16
3.22e+22,0.00028962490979983415,0.9997102045480386,5.847653579592664e-08,1.5111901381288134e-08,9.695372427674084e-08,5160.694807781755,0.06085056018432696,0.5625820125710057,-2.275197004328318e+19,2.6882577519360027e+25,5.227037803904085e-15,3.640683570767364e-29,2.8189139094985276e-30,-2.2128859561360365e-30,-1.6756448580606792e-29,9.056418233792818e-19,1.3667803436559688e-18,1.6748094998562342e-16
3.22e+22,0.00034489190313584346,0.9996547740182152,1.11773236676133e-07,2.7513479284723025e-08,1.947919329750691e-07,4910.048262645625,1.3639751116675598,0.5634720121607754,6.305483311751765e+21,2.68205477096668e+25,5.235112618907422e-15,1.228211648358768e-29,-2.3584290613156277e-29,-3.118438438667001e-30,-2.3606112263881826e-29,8.499555045135021e-19,1.289503771522991e-18,1.6309738694546676e-16
3.22e+22,0.00021248337254782274,0.9997873608792444,5.168777604829835e-08,1.2208070198410682e-08,9.185236157807105e-08,4757.81958986847,0.4202783827474409,0.5619771053468682,1.080131731187579e+20,2.6882150940244863e+25,5.217222176767709e-15,1.6803826663458273e-29,7.9078234860243e-31,-1.0343183508577625e-30,-7.830073536071017e-30,8.17795722692742e-19,1.244292965542531e-18,1.6005072434951038e-16
3.22e+22,0.00010266675058617345,0.9998972157770427,3.930957468805628e-08,5.285058974728072e-09,7.287773732106745e-08,3783.9871601080995,0.013349904599227183,0.5600927065979954,2.6708498496031693e+18,2.6902449825831423e+25,5.18880273407548e-15,8.570091627642623e-30,1.6348517279218642e-29,1.032777528239529e-30,7.813360024632425e-30,6.290081169469436e-19,9.781460406195482e-19,1.4284768243756528e-16
3.22e+22,1.7259936535864094e-05,0.9999827345157858,1.898747757934539e-09,1.5830107933769563e-10,3.4906296451166188e-09,3426.133702251188,8.041587025420268,0.6023353861623438,5.7399581035848774e+23,2.5316568911149592e+25,5.682160991812951e-15,1.098148337352889e-30,7.6210135124926315e-31,8.071340410306678e-33,6.09004502206881e-32,6.166067700363525e-19,9.687395760724188e-19,1.5012436211504805e-16
3.22e+22,4.953192858279004e-05,0.999950458350451,3.2221665379827093e-09,7.393655441236738e-10,5.759433943483663e-09,4705.931902507389,9.688835195285854,0.6223698053616628,9.126065326322795e+23,2.4746509132599802e+25,5.937930895524092e-15,2.084080930935781e-29,1.1334991814644654e-29,-2.758772217985915e-31,-2.0906169059768736e-30,9.03793985175072e-19,1.3795821323796879e-18,1.8116310617967695e-16
3.22e+22,0.0002783595025247444,0.9997212689950609,1.220532953964045e-07,2.6537151543674255e-08,2.2291196732403464e-07,4511.349195422752,1.260175771474932,0.5625525876246551,5.005530242825975e+21,2.6835748402538433e+25,5.2217924243440325e-15,7.463495642365172e-30,-5.9251527610612404e-30,-1.054282654292475e-30,-7.979901789246389e-30,7.656300268121702e-19,1.171386662820855e-18,1.5572802612785396e-16
3.22e+22,0.00024504140487084213,0.9997547552821113,6.748434993796373e-08,1.6012211043858614e-08,1.1981645687952132e-07,4771.532891968815,2.0929467668477926e-12,0.5618742644737692,-181242004.95386273,2.6888299518531036e+25,5.216167358602244e-15,1.533612445858244e-29,-3.777786754747851e-30,-1.3817657023494122e-30,-1.0459764513835776e-29,8.199713318852045e-19,1.2473134975192222e-18,1.6022857215988102e-16
3.22e+22,0.0004224217134649433,0.9995773470572686,8.318225415220457e-08,2.248639808020507e-08,1.2556061411121164e-07,5535.160429032956,2.791570934758001,0.5688477666964933,4.590985350734607e+22,2.6618593624207927e+25,5.300567123930592e-15,6.822838697773501e-29,1.0404275606811925e-30,-4.697233360603342e-30,-3.5577484833001303e-29,1.0013270075634858e-18,1.5007710834704548e-18,1.764303546127162e-16
3.22e+22,0.0002227050379158857,0.999777132394766,5.405674479077738e-08,1.291086647986494e-08,9.559970680542072e-08,4796.253320436458,0.1896503770799644,0.5619451891752398,-2.056911223464182e+19,2.6886651858243663e+25,5.217151329372382e-15,1.778847849864041e-29,5.824169343341243e-32,-1.1743776397679435e-30,-8.890426854166713e-30,8.257325810619214e-19,1.2553723656542247e-18,1.6071900507159951e-16
3.22e+22,7.763759832970829e-05,0.9999222861292768,2.5761174202228885e-08,2.8295874212177782e-09,4.768163200636905e-08,3626.3744537213624,0.43925793843672073,0.5599487205160789,2.9725999037245404e+20,2.689776402569459e+25,5.1860152276618114e-15,6.644080064516377e-30,1.3184983127411885e-29,8.50662699472174e-31,6.435220763479011e-30,6.0199431379720495e-19,9.397160094034096e-19,1.4024703147755521e-16
3.22e+22,0.0003008234742716971,0.999699002980443,5.981467856693385e-08,1.557094696508423e-08,9.815965975358352e-08,5207.069771507632,0.03168722688706179,0.5626641407376033,-1.284973438021519e+19,2.6882007982418347e+25,5.228308721309558e-15,3.979796608825852e-29,3.62028541867281e-30,-2.3758798852753206e-30,-1.7991339793165205e-29,9.161472129508168e-19,1.381383022552444e-18,1.6835314319289434e-16
3.22e+22,4.632260490843434e-05,0.9999536700097069,2.4570840387555016e-09,5.869696773779167e-10,4.341330884372168e-09,4765.215844722354,12.071061110761384,0.6516572554658203,1.3400263298394307e+24,2.388087307735302e+25,6.314072603555716e-15,2.4485628359800402e-29,1.3358719242087236e-29,-3.2818003072142155e-31,-2.4873181649171938e-30,9.76243330164158e-19,1.4902359790012073e-18,1.959028347008688e-16
3.22e+22,0.00017145256520279052,0.9998283453732283,6.641181791592904e-08,1.270246430087905e-08,1.2294728662272314e-07,4237.723221045402,1.858731831789726e-12,0.5609096428445072,40923256.441518955,2.6895957667904156e+25,5.201346167461406e-15,9.63069249054246e-30,1.0038569308749257e-29,3.548583370286611e-31,2.6846463057896656e-30,7.120636933653257e-19,1.0957532387021678e-18,1.5064342303784324e-16
3.22e+22,0.00020186078678869178,0.9997979168320631,7.302069069327345e-08,1.525802386066192e-08,1.3410243372071627e-07,4416.361377314397,1.9371491513329894e-12,0.561231975970856,-27962899.4165117,2.6893396612288198e+25,5.206297252756554e-15,9.797338189429999e-30,4.032814259030719e-30,-2.400344300722911e-31,-1.81724117196757e-30,7.468181569498634e-19,1.1447106489038328e-18,1.5379476538218335e-16
3.22e+22,0.00016384862295402319,0.9998359617860713,6.235079961769576e-08,1.1772250599902053e-08,1.1546792431728756e-07,4214.586735593594,1.848501415413329e-12,0.5608680136520925,49398677.21915146,2.68962889141996e+25,5.2007070097263534e-15,9.518146143403814e-30,1.0437870621556319e-29,4.0099485510384904e-31,3.033757902962752e-30,7.077494475138921e-19,1.0896656273868318e-18,1.5024540532677933e-16
3.22e+22,7.595475844383706e-05,0.9999239599417411,2.996297433740405e-08,2.1198905088977775e-09,5.321695026368003e-08,3326.0736267440243,1.4586801625859776e-12,0.5592693275779128,307059522.45392364,2.690900975084506e+25,5.1761671330440056e-15,8.389044405839382e-30,1.9243838273074254e-29,1.3207277034503111e-30,9.990231640210578e-30,5.515083809287639e-19,8.675274036360995e-19,1.3520832325189583e-16
3.22e+22,0.00010931275144028081,0.9998905589570377,4.281289657639589e-08,6.037318262964747e-09,7.944130714291285e-08,3829.5808364834447,0.0003104367228788071,0.5601745747739895,6.238628477518188e+16,2.6901803637726326e+25,5.190059890649412e-15,8.91871045632792e-30,1.664047470474764e-29,1.038715779410757e-30,7.858403442826869e-30,6.370228506940929e-19,9.895348963133289e-19,1.4361754432618943e-16
3.22e+22,0.0001951401632473914,0.999804701473096,5.2230305472478e-08,1.1814570350239308e-08,9.431878077403042e-08,4620.058734082091,0.12038688833287027,0.5616110782401406,-9.786366584895295e+18,2.688995167222223e+25,5.2120803890284e-15,1.320566732112894e-29,1.7274358921746475e-30,-6.955535023916912e-31,-5.265270190020061e-30,7.888330120675206e-19,1.2037089900657687e-18,1.5750568572958292e-16
3.22e+22,0.000370507262140388,0.999629330052072,5.937839685913101e-08,1.61286521841704e-08,8.717873855385224e-08,5615.416265001322,0.9578564721767729,0.564065396928815,1.5048335358249195e+21,2.6843514657701877e+25,5.247137707770206e-15,9.047761951962345e-29,3.19808903481432e-29,-3.241711111383768e-30,-2.4562326852991868e-29,1.0137978205189009e-18,1.5168234414354563e-18,1.764078501421957e-16
3.22e+22,6.924168667880457e-05,0.9999306883079861,2.432153709614611e-08,1.730172854933619e-09,4.395362502733924e-08,3364.753753233894,0.046203421471633255,0.5593404940613366,1.3190693983259662e+19,2.690837887419017e+25,5.177252979987672e-15,6.921508812839583e-30,1.5475225600991932e-29,1.0518574546672252e-30,7.956539608499651e-30,5.579525925656008e-19,8.767622831106652e-19,1.3585550302926648e-16
3.22e+22,0.00023694464779519013,0.9997628906777772,5.505163911116379e-08,1.3435900486073579e-08,9.618688812558491e-08,4879.167840099952,0.11934991344499123,0.5620796110701911,-2.4226010170522554e+19,2.6886242213412853e+25,5.2192822273847576e-15,2.0783602499298118e-29,-1.9031196591523715e-31,-1.4069901906423511e-30,-1.0651845006911905e-29,8.434590767558219e-19,1.280137234058634e-18,1.6223837801464664e-16
3.22e+22,8.333048320185726e-05,0.9999166029329943,2.211443903516359e-08,3.4359968352037885e-09,4.103336782405777e-08,3935.49303259322,1.161483610226983,0.5613404418352693,4.1067239220869055e+21,2.6852349463645364e+25,5.2039251452270904e-15,6.1315542136446886e-30,8.255999156943306e-30,4.102347936057438e-31,3.1035771016660856e-30,6.578647157400068e-19,1.0192847851825332e-18,1.457530150750194e-16
3.22e+22,8.281126249575837e-05,0.9999170977557147,3.0889270648623486e-08,2.9861218234380462e-09,5.710639706309025e-08,3550.0485136036195,0.03683156573348374,0.5596728347456366,9.401230789339263e+18,2.690575590375968e+25,5.1823549231474384e-15,7.916844813921618e-30,1.688319161658665e-29,1.124849196418976e-30,8.509244451582409e-30,5.886599371002008e-19,9.206707186300589e-19,1.3891848179100367e-16
3.22e+22,0.00013731516870586535,0.9998624331893164,8.559523126364655e-08,7.861555239948774e-09,1.5818519125549686e-07,3523.6580625154816,0.6873636819035785,0.5599651451365105,8.344906409681808e+20,2.6889230033571213e+25,5.185412073778016e-15,1.994425005797082e-29,4.6570317109146563e-29,3.2138353686107325e-30,2.4312271327533082e-29,5.830270310017953e-19,9.126793903287567e-19,1.3845911658476e-16
3.22e+22,0.00010726958654559091,0.9998926144096549,3.858017271531208e-08,5.798946843771772e-09,7.162467980241437e-08,3896.4616744920304,0.18930443760420096,0.560321003352852,4.354422855300419e+19,2.689955429154623e+25,5.192201197535925e-15,8.154626010506186e-30,1.383441745518202e-29,8.176425223174314e-31,6.18595653820008e-30,6.492140882270388e-19,1.0068461391783035e-18,1.447786918707765e-16
3.22e+22,0.0002583031980826631,0.9997415293496709,5.650343314060365e-08,1.4165173307682914e-08,9.67836399647313e-08,4997.070037381012,0.10902370984384906,0.5622914013697425,-2.883509859613857e+19,2.688463400758202e+25,5.222545097579458e-15,2.6181750009054276e-29,2.287331361694175e-31,-1.7440342678497092e-30,-1.320448623602421e-29,8.691361974045545e-19,1.3159593093242951e-18,1.6442119211573074e-16
3.22e+22,0.00012128434475551943,0.9998785595254173,5.205951751406828e-08,7.441015558949405e-09,9.662929406366658e-08,3842.9600394644003,1.6855020610957571e-12,0.5601984005163255,173833093.6851215,2.69016130595295e+25,5.190425141342216e-15,1.0155285066363528e-29,1.949573902207767e-29,1.234449637628376e-30,9.339316968161615e-30,6.391414722487089e-19,9.92543873601515e-19,1.4382667690594962e-16
3.22e+22,0.00036479380226821635,0.9996348555283944,1.1774073180224249e-07,2.9306010545654354e-08,2.0362259486059647e-07,4958.196085992408,0.44705926802913487,0.5623563287764879,2.3419025522707946e+20,2.6878412297207213e+25,5.222966124857129e-15,1.3438004291658906e-29,-2.575856148570312e-29,-3.413706544149109e-30,-2.5841526263998195e-29,8.585820418016635e-19,1.3012887249764177e-18,1.6360730909076324e-16
3.22e+22,0.00019888856573923417,0.9998009942553916,3.918076751753625e-08,9.532827465001032e-09,6.846527414286508e-08,4873.829948636301,1.2468198206582224,0.5631816947854889,4.5825219411388793e+21,2.6831766531396393e+25,5.231629366800126e-15,2.2788497539678266e-29,5.025468993364179e-30,-1.03301544485271e-30,-7.821471625922355e-30,8.443938677688475e-19,1.2816731558393075e-18,1.6251650658151311e-16
3.22e+22,0.00028023858492970687,0.9997195920843348,5.777955917351484e-08,1.481508575509982e-08,9.673609063487863e-08,5114.440348649996,0.2740583776735691,0.5625495069269774,-4.835171038456158e+19,2.6880680097705e+25,5.226325632261681e-15,3.317279157444125e-29,1.8549805571136447e-30,-2.0780017230190127e-30,-1.5734465019199744e-29,8.95295194339946e-19,1.3523996627073456e-18,1.6662819934220386e-16
3.22e+22,0.0004059938085085782,0.9995938248168048,6.689368711580999e-08,1.825574669220583e-08,9.622525297101633e-08,5683.032939636269,0.4706670108573849,0.563686699032168,-7.1809623194249904e+19,2.686727076121981e+25,5.243383751390824e-15,1.0026378970568396e-28,3.408130316930829e-29,-3.756403918794578e-30,-2.8462989014324036e-29,1.0293692778111663e-18,1.5382088290484934e-18,1.7754925372914432e-16
3.22e+22,0.000145938975390385,0.9998539314632656,4.2790006658472815e-08,8.302376736524912e-09,7.846896048663323e-08,4295.5391244540715,5.124235648359024,0.5792747238610102,2.0722862165523407e+23,2.6136577630071617e+25,5.412079273892358e-15,5.285698006167069e-30,-2.8227552593219384e-30,-6.062783703001696e-31,-4.5898338602856675e-30,7.473112597145924e-19,1.1491272237707862e-18,1.5736004997491792e-16
3.22e+22,0.0002053162435908764,0.9997944909706399,6.343765802345538e-08,1.399168666331013e-08,1.153564245458746e-07,4548.9804481596775,1.9952500215260846e-12,0.5614718732757903,-82829311.24124797,2.6891493176436576e+25,5.209983718070476e-15,1.1236885790127423e-29,1.1130653478592222e-30,-6.218448738254553e-31,-4.707088171824405e-30,7.738522840787866e-19,1.1826945397842219e-18,1.5619380423983025e-16
3.22e+22,0.0003529325779236554,0.9996468949298627,6.160839194629521e-08,1.6563988344643523e-08,9.431983347803485e-08,5477.55852948999,0.5426239574150793,0.5633660796804532,8.221872878372089e+19,2.686761251734326e+25,5.2382324200054915e-15,6.85957118492646e-29,1.757188083675871e-29,-3.073228842139226e-30,-2.3279551383542737e-29,9.796504102884512e-19,1.469499128661981e-18,1.7358379787804555e-16
3.22e+22,0.0003182934807251186,0.9996815320251933,6.077151696909909e-08,1.6015710542144172e-08,9.770685411655448e-08,5294.323433071872,0.09141875280341466,0.5628276660194578,-3.8715404275913064e+19,2.6880490540292833e+25,5.2308017931912865e-15,4.7476609005468084e-29,6.699118069467632e-30,-2.622027642820638e-30,-1.985703944988139e-29,9.36207134767518e-19,1.4092410472131004e-18,1.700082304261463e-16
3.22e+22,0.0001517581088728399,0.9998480605085303,5.976441838991912e-08,1.069497653065204e-08,1.1092320195388361e-07,4126.170026170758,1.809751336426635e-12,0.5607085870250801,81149422.69244926,2.68975560642914e+25,5.1982586164332084e-15,9.573308338091327e-30,1.2902963644514013e-29,6.361002636210209e-31,4.812688469860412e-30,6.910043422741913e-19,1.0660169595225953e-18,1.4870229274898788e-16
3.22e+22,0.00014263908797859784,0.9998571860979732,5.775108174186127e-08,9.806876825029663e-09,1.0725608947522038e-07,4049.1207323006124,1.775951925883019e-12,0.5605697129026902,107729954.83362998,2.6898660078436085e+25,5.1961260580392375e-15,9.699723565781664e-30,1.4930551121963493e-29,8.238490636519342e-31,6.233181288674855e-30,6.766241358515669e-19,1.0456801011575809e-18,1.4736544301769371e-16
3.22e+22,0.00027804100389216125,0.9997217884753875,5.807838500780105e-08,1.4844738061959771e-08,9.759759727525476e-08,5096.589252535148,0.04866707208704463,0.5624648581351475,-1.6651918511881064e+19,2.688354623756636e+25,5.2252402790298585e-15,3.1900805580430337e-29,1.30308583896488e-30,-2.0422689033958337e-30,-1.546362004996105e-29,8.911995898025468e-19,1.3466887963637734e-18,1.66276014235906e-16
3.22e+22,9.707876557684134e-05,0.9999028018170896,4.0335713470767805e-08,4.370081583669994e-09,7.471153865585526e-08,3620.8894508982553,1.588046267581565e-12,0.5597990153013511,236753762.20749322,2.690479171353065e+25,5.18429505275302e-15,9.517702827425462e-30,2.027726349055563e-29,1.34961466901838e-30,1.0209837055431513e-29,6.0049583757071575e-19,9.37555190034167e-19,1.4008673555821244e-16
3.22e+22,0.00015744887858440412,0.9998424206274769,4.288682668217755e-08,9.060274195578205e-09,7.85468377341639e-08,4444.580968301535,0.6327806979180068,0.5615728738180762,6.12726290736552e+20,2.687861826396765e+25,5.210338780503226e-15,1.0687105294875798e-29,4.871545160137208e-30,-2.1786636985197628e-31,-1.6495594712497382e-30,7.538323004516156e-19,1.154626474848298e-18,1.5445060498537308e-16
3.22e+22,0.00028506519631725123,0.9997145363882923,1.30865571735565e-07,2.8229984395792387e-08,2.3931983432514395e-07,4493.284637155575,0.41546666556860323,0.5614946580306923,1.913070249231762e+20,2.688607361380254e+25,5.209804596100803e-15,7.87175141379774e-30,-3.977290701860353e-30,-8.917565594451255e-31,-6.74965295527163e-30,7.603880308535093e-19,1.1638213098426046e-18,1.5507942216904436e-16
3.22e+22,0.00033677823196907853,0.9996630465320381,6.175857013446477e-08,1.6451895942151412e-08,9.702552679537586e-08,5384.105212257213,0.24556150621840203,0.5630278715389838,-8.823155426562276e+19,2.687733859697768e+25,5.23372692036991e-15,5.680692381961807e-29,1.097756529251327e-29,-2.8715555592618478e-30,-2.1748983144310715e-29,9.572082479860381e-19,1.438376161616807e-18,1.7173256309297672e-16
3.22e+22,0.00023949253899930938,0.9997603388594279,5.6354370410721255e-08,1.3748853410155158e-08,9.849834895823349e-08,4877.516170621053,0.026665712043416778,0.562066868696829,-6.222630242390815e+18,2.6886751756391557e+25,5.2191264759448305e-15,2.0517894805318743e-29,-6.654488796326202e-31,-1.4352628183116712e-30,-1.0865806259080918e-29,8.430427310917465e-19,1.2795541454923102e-18,1.6220207690891313e-16
3.22e+22,0.00012779907728662084,0.9998720448332421,5.1783359780014655e-08,8.143452531251154e-09,9.616265901988361e-08,3948.4991680560315,1.7317492971897516e-12,0.5603885319491428,140860220.0508044,2.690010115990082e+25,5.193344323039801e-15,9.552507168036114e-30,1.6438696109255082e-29,9.788168727052123e-31,7.40550349420993e-30,6.582504052856463e-19,1.0196565143366927e-18,1.456382728595759e-16
3.22e+22,0.00030790299254363304,0.9996919140761865,6.300150185231358e-08,1.6390050096785015e-08,1.0353971773737988e-07,5201.917703647036,0.0007521447207991632,0.5626540217121889,-2.989890416486943e+17,2.6882118023332816e+25,5.228155885970579e-15,3.86049259885331e-29,1.6185651157310335e-30,-2.4890790954224805e-30,-1.8848045725976562e-29,9.14855976197579e-19,1.3795896197515717e-18,1.682489081347684e-16
3.22e+22,0.00027412274887139726,0.9997257182098473,5.4364009333391496e-08,1.396920502176339e-08,9.070806704873436e-08,5128.811199658343,0.6099964881633112,0.5627897146355388,3.3740570057788097e+20,2.6869836296234934e+25,5.229133404776503e-15,3.489862941250117e-29,3.8990389677258724e-30,-1.998316802085049e-30,-1.5131661329938105e-29,8.989641169060937e-19,1.3575500489488143e-18,1.6697285771080805e-16
3.22e+22,0.00015482862413818252,0.9998450677909204,3.415054173197282e-08,7.644845777368661e-09,6.17895540564111e-08,4593.943404317324,1.2606418240517936,0.5627010029073326,4.923661642899401e+21,2.683455644567467e+25,5.22412841909478e-15,1.381050055290858e-29,4.6687827752592524e-30,-4.488429415942671e-31,-3.398146695861518e-30,7.855466913171823e-19,1.1993270634523597e-18,1.5741429739850687e-16
3.22e+22,0.00033454374023671223,0.9996652821865626,6.130027622797526e-08,1.6319788886914182e-08,9.64531356934092e-08,5378.702252985653,0.03246575514657634,0.5629755282554609,-1.6334389629145481e+19,2.687953970755665e+25,5.233097783704483e-15,5.632129476291517e-29,1.0975996404998219e-29,-2.836449465532494e-30,-2.1483026957900923e-29,9.558875531726984e-19,1.4365357085408683e-18,1.716162862949417e-16
3.22e+22,0.0001190111238085241,0.9998809004494534,2.905854999006125e-08,5.787498034470118e-09,5.358068994766036e-08,4315.479442456143,1.2605199521891886,0.5621982472826366,5.063796536950193e+21,2.683854707459281e+25,5.216395703133749e-15,9.11761451691242e-30,6.151239119223425e-30,1.1514980673240199e-32,8.648389103600889e-32,7.297817324478615e-19,1.1209459275262526e-18,1.5243415883420697e-16
3.22e+22,3.513889386353867e-05,0.9999648547478526,2.090736570356381e-09,4.542194059354094e-10,3.813328046151681e-09,4469.88803658781,11.165593212493656,0.6395247402880946,1.16156254315477e+24,2.4222420374834703e+25,6.155083606658791e-15,1.2939883465823975e-29,6.528690607906536e-30,-2.0679111493383743e-31,-1.5665149639839798e-30,8.827301347694742e-19,1.355213025213663e-18,1.841712499976895e-16
3.22e+22,0.00025004213309237275,0.9997495537761232,1.326687218358731e-07,2.5972866162368984e-08,2.454491964094015e-07,4281.656626782594,0.40447795401821185,0.5611057213194662,1.759000170216277e+20,2.6889435696506536e+25,5.203856714394089e-15,1.0984747312945629e-29,1.2097403682288012e-29,4.650496601813823e-31,3.5183739688748455e-30,7.184963806708429e-19,1.1048543639865295e-18,1.5130614915119478e-16
3.22e+22,0.00016357014277296615,0.9998362607583221,5.554854341469536e-08,1.1001296761504231e-08,1.025490645374246e-07,4303.338603268653,1.887412349128812e-12,0.561028383599447,16048497.401456222,2.689501573330868e+25,5.2031707245065765e-15,9.450872647663985e-30,7.467018347823738e-30,1.171647771735404e-31,8.859939016689124e-31,7.251418029217913e-19,1.1141911922381728e-18,1.5182519624276937e-16
3.22e+22,0.00010107344352589166,0.9998988004076533,4.255016043864614e-08,4.860274094254153e-09,7.87383861627514e-08,3652.837203622911,1.6020214901218432e-12,0.559856434433671,228226978.2582211,2.690433455737107e+25,5.185176246260597e-15,9.748357399617031e-30,2.0572698103907363e-29,1.3634624878380185e-30,1.0314714932250451e-29,6.059444280435811e-19,9.453210583808716e-19,1.40620026452371e-16
3.22e+22,0.0002149146739664928,0.999784921750338,5.4220053592120465e-08,1.2738875433162059e-08,9.661676652916165e-08,4738.858817148311,0.0834585946359771,0.5618204743272409,-1.2591433738318186e+19,2.688851745842838e+25,5.215320732178201e-15,1.5964532492775924e-29,2.455606490348307e-31,-1.0299833263833977e-30,-7.79708649506169e-30,8.135391629450374e-19,1.2383127567791416e-18,1.5966119580067962e-16
3.22e+22,0.0002972092187816136,0.999702426734975,1.1993913156209474e-07,2.719498518141778e-08,2.169121266126245e-07,4624.307254111408,1.272208635480794,0.5627791746535793,5.151125296838479e+21,2.6833059345884165e+25,5.225183937980032e-15,7.303607319654443e-30,-1.2641681185602313e-29,-1.6998712110840486e-30,-1.2866398012019634e-29,7.888377083449282e-19,1.2039622037505816e-18,1.5778123373819824e-16
3.22e+22,9.113004712431103e-05,0.9999087689546088,3.400518916798992e-08,4.020318296968333e-09,6.297275952164872e-08,3678.6098182192495,0.07008669452596082,0.5599065912714017,1.5414273081225062e+19,2.6903787626959418e+25,5.185931928698032e-15,8.05854969906159e-30,1.6197087389281595e-29,1.050451550650232e-30,7.946789888513572e-30,6.106606467548146e-19,9.52040623998034e-19,1.4107321179183476e-16
3.22e+22,0.00011417119906402584,0.999885694659043,4.4667340638706817e-08,6.562379587755272e-09,8.29121725453198e-08,3873.923485458734,0.0026414442527747045,0.560254389654728,4.7495589860868256e+17,2.6901168450845166e+25,5.191285133114361e-15,8.9999761141895e-30,1.623648146206216e-29,9.947170674589288e-31,7.525629403685767e-30,6.449294987455291e-19,1.0007614790544701e-18,1.4437211634394454e-16
3.22e+22,0.00046041252731100665,0.9995393242033092,9.517118786280644e-08,2.5824799837506404e-08,1.4227339211915174e-07,5572.352368445397,1.6311444645441373,0.5652531395539541,1.050857409508073e+22,2.678353825186075e+25,5.260133619660276e-15,7.102384385809461e-29,-1.7658215912359905e-30,-5.183847272339261e-30,-3.92626087903302e-29,1.004051587150259e-18,1.5036677696708667e-18,1.7591372357560973e-16
3.22e+22,0.00025366887034255575,0.9997459548073075,1.235015638027483e-07,2.5144580767537882e-08,2.2767620527060067e-07,4360.11752917673,1.2385855238291847,0.5622399792143632,4.752901349144408e+21,2.6839806021610875e+25,5.2171500449046835e-15,8.981579769717857e-30,4.4128998712051e-30,-1.4874467291654726e-31,-1.1266434799135352e-30,7.353319190365224e-19,1.1287661008913127e-18,1.5300704343302754e-16
3.22e+22,6.796428425911428e-05,0.9999319759254034,2.0227597493791417e-08,2.1254499895359063e-09,3.7437290132420703e-08,3596.695692838324,0.6936443351375554,0.56010389757016,9.822178756452238e+20,2.688786351230421e+25,5.1875319965896704e-15,5.58239984436552e-30,1.0816387591251609e-29,6.903538694737444e-31,5.2224173568042154e-30,5.97263107921944e-19,9.330055846584103e-19,1.3981653925560098e-16
3.22e+22,0.00023465207459858828,0.9997651849684809,5.445330610128715e-08,1.3267181058033283e-08,9.523643343168325e-08,4872.517783368734,0.3214188748702871,0.5621317000264697,5.355630345708153e+18,2.6883139170809573e+25,5.219817689218861e-15,2.0583199648852866e-29,-4.070200248934035e-32,-1.3782812277443672e-30,-1.04344876220227e-29,8.421325208745753e-19,1.2782981740148808e-18,1.621366472876924e-16
3.22e+22,9.782837708863949e-05,0.9999021577912678,5.046189380222318e-09,1.3714460879607024e-09,7.414008099465463e-09,5485.452129465931,11.290016682088133,0.6430929604356818,1.2532795647640005e+24,2.415924540702178e+25,6.206259614689851e-15,9.353420673208408e-29,5.959825118768651e-29,-6.940324923502477e-31,-5.273556904591152e-30,1.1394501326556646e-18,1.7141604056880834e-18,2.0651020348051712e-16
3.22e+22,7.137226991236293e-05,0.9999285556560107,2.4665511455874727e-08,1.8653704117205767e-09,4.554319511703172e-08,3435.785976795764,0.17176538965589244,0.5594878888023358,5.455530513385357e+19,2.6906375625084823e+25,5.179432738058827e-15,6.902814681153676e-30,1.5086043602145003e-29,1.0159865332331967e-30,7.685397202404877e-30,5.69665748766184e-19,8.93532046331674e-19,1.3703374108840191e-16
3.22e+22,0.00011031710524615177,0.9998895684998803,3.7926921359065344e-08,6.044187231069982e-09,7.042376505615663e-08,3965.431458351803,0.34286037820556836,0.5605043020690547,1.3982242781388867e+20,2.689562403179455e+25,5.1947710632106114e-15,7.988301381281565e-30,1.2313016952440733e-29,6.818359515601656e-31,5.158555285958053e-30,6.618714333502166e-19,1.0248036736308914e-18,1.4598367464939926e-16
3.22e+22,0.0001505375611888457,0.9998493161382356,4.807029809354134e-08,9.44025951811318e-09,8.879001783539491e-08,4287.358449426954,0.08929390147289086,0.5610054852911319,3.4739321600633856e+18,2.689495729858635e+25,5.202795689338332e-15,9.264943602721847e-30,7.537248771008025e-30,1.363216910336974e-31,1.0309775572619234e-30,7.222837078622712e-19,1.1101636378418531e-18,1.5156062095972784e-16
3.22e+22,0.0003512661107613146,0.999648557028974,6.2886492111035e-08,1.6862590951844432e-08,9.711118144210669e-08,5447.758191835354,0.19281340124824925,0.5631267786086237,-8.769308006338393e+19,2.6877253149462287e+25,5.235317175426588e-15,6.428421401562684e-29,1.45100598300585e-29,-3.0637917781062707e-30,-2.3206749418299686e-29,9.722086674691272e-19,1.4591539720528797e-18,1.7294712969857953e-16
3.22e+22,0.00010610463323336227,0.9998937960877676,3.283733329983108e-08,5.483417338657468e-09,6.095824835154837e-08,4025.374036991617,0.6715071508099166,0.5608534705896606,8.337690818611578e+20,2.688281080866246e+25,5.199133709207124e-15,7.5053597249899e-30,1.0016447266794853e-29,4.915420187065834e-31,3.718818438185697e-30,6.73361295830166e-19,1.0411206297078494e-18,1.4709983459886509e-16
3.22e+22,0.00012476736940343803,0.9998750821197103,4.996393096619311e-08,7.778413445617867e-09,9.276854183671624e-08,3936.2627050523297,1.7263737297523689e-12,0.5603665372596085,144756142.14179036,2.690027625815523e+25,5.193006716928163e-15,9.399377972856742e-30,1.6264923204245532e-29,9.719080824903006e-31,7.353204115077066e-30,6.560725523681378e-19,1.0165689560089222e-18,1.4543144658278777e-16
3.22e+22,0.00029565215543964627,0.9997041992856659,5.194736983898627e-08,1.3594758323138967e-08,8.301676623615091e-08,5306.90880297915,5.135663781236489,0.5812212701924859,2.1747147469184534e+23,2.6118025548373555e+25,5.44181197764214e-15,4.7191046811359977e-29,1.1527306939812763e-30,-3.1517996965520074e-30,-2.387035369633442e-29,9.685866914243631e-19,1.4585516806045867e-18,1.764651042068004e-16
3.22e+22,0.00019356777663019056,0.9998061196766855,1.0320537332248153e-07,1.7719898454909377e-08,1.9162141226343607e-07,4065.079965576749,1.9893939514317474,0.5634475961390583,1.791075561188203e+22,2.676200719238435e+25,5.228536475957142e-15,1.1948935382327073e-29,2.0111219576237396e-29,1.1782217541068365e-30,8.914093085586181e-30,6.814264636113369e-19,1.0530024588445513e-18,1.48363452441475e-16
3.22e+22,0.00019069646103446204,0.9998090972349376,6.774061123951187e-08,1.3966932520778293e-08,1.2459648429590998e-07,4386.8339310740275,1.9241383498308623e-12,0.5611787959549199,-16268224.022500305,2.6893819584122083e+25,5.205480580954145e-15,9.77052401910348e-30,5.1725873605501594e-30,-1.2724786353551513e-31,-9.636668125707268e-31,7.411378584000613e-19,1.136718104790601e-18,1.5328019829773499e-16
3.22e+22,0.00020428227089117786,0.9997955570308152,5.311449801926013e-08,1.224314075841282e-08,9.534065485025515e-08,4676.899469179083,0.10655167862923624,0.5617115823027532,-1.2037641911152075e+19,2.688924893179427e+25,5.213634197607274e-15,1.4418976855567974e-29,9.73831696191281e-31,-8.523260943459268e-31,-6.452083001046121e-30,8.005921590365998e-19,1.2201870419865682e-18,1.5853488350262278e-16
3.22e+22,0.00012104756844816993,0.9998787407132811,7.363625132018765e-08,5.257897621566262e-09,1.3282412154148438e-07,3362.271918435505,0.31464076402689134,0.5594048845946462,7.811246566559924e+19,2.6904926986872168e+25,5.177944742668495e-15,1.935373750564565e-29,4.602160409629225e-29,3.19842542045887e-30,2.4194209624269606e-29,5.563449490797834e-19,8.744651518456312e-19,1.3573772057277167e-16
3.22e+22,8.416235058032719e-05,0.9999157363673246,3.4883637499953114e-08,2.5711826559991053e-09,6.382727504138707e-08,3405.9081099621303,1.4936893776052626e-12,0.5594126194267413,289546566.2595642,2.6907868077635817e+25,5.178365502703418e-15,9.448682750365092e-30,2.1488564331923092e-29,1.4695281398668095e-30,1.1116131299737691e-29,5.644345665736835e-19,8.860421622173306e-19,1.3651355252413564e-16
3.22e+22,0.00015878726790406164,0.9998410643526165,4.873255362436132e-08,9.919613820602682e-09,8.972731188985614e-08,4359.731489959283,0.14020883696219738,0.5611445356017497,5.457801833488396e+18,2.6893499299163296e+25,5.2048968532027244e-15,9.743969824357908e-30,6.1212902385315335e-30,-3.310591209170535e-32,-2.5120118663681384e-31,7.364415537165067e-19,1.1301083310655675e-18,1.5284404299313332e-16
3.22e+22,0.00015575993869334378,0.999844052392234,6.182010039278583e-08,1.1161528041462595e-08,1.1468744422022625e-07,4139.886888428821,1.8157698671831973e-12,0.5607332681244311,76334594.41567536,2.689735967444342e+25,5.198637541068215e-15,9.657142002262123e-30,1.2774968232915337e-29,6.182393031008797e-31,4.677552391780383e-30,6.935317332373073e-19,1.0695886649730335e-18,1.489374623978649e-16
3.22e+22,0.00029742934108463996,0.9997023992216755,5.9035180490161e-08,1.5348489679505384e-08,9.70535697099861e-08,5198.676391825155,0.18343301389560152,0.5626723679278295,-5.9716314193447444e+19,2.688095832757223e+25,5.228338374964603e-15,3.9284692636266103e-29,3.75091237359431e-30,-2.3261596535837265e-30,-1.7614779365256054e-29,9.14292886555628e-19,1.3788111388968018e-18,1.6820349576769977e-16
3.22e+22,0.00010310393224872161,0.9998967664747721,4.366239007032209e-08,5.112444175675529e-09,8.081814490709217e-08,3670.6093015252673,1.6098155796259286e-12,0.559888381134915,223409193.63460803,2.69040802319582e+25,5.1856665409464204e-15,9.849722279560289e-30,2.0662252834615043e-29,1.3656848165944794e-30,1.0331593283369615e-29,6.089918675843806e-19,9.496626561515353e-19,1.4091740649417467e-16
3.22e+22,0.00024702694388812024,0.9997528070337818,5.573807885756839e-08,1.3787068978020066e-08,9.649718230424494e-08,4935.70746526116,0.19155149858822665,0.5621981071935663,-3.4135873114791244e+19,2.68846247595235e+25,5.221037080975544e-15,2.3188387476245925e-29,-1.2482031225396045e-31,-1.5686421079739788e-30,-1.1876064770418868e-29,8.557310849948219e-19,1.2972694252991764e-18,1.632880499369875e-16
3.22e+22,0.00011226785338705408,0.99988755695704,6.020365778524673e-08,4.949852700369098e-09,1.1003606244477583e-07,3448.2545936346673,2.00979053726272,0.5623928938900333,1.8236363780386103e+22,2.6768254264474898e+25,5.2121039695168745e-15,1.443403530094759e-29,3.349826274419654e-29,2.307330952965028e-30,1.7453867819598457e-29,5.736617942516842e-19,8.997217010122945e-19,1.379551270377221e-16
3.22e+22,0.00041623961858290365,0.9995834669791598,1.0215572583415e-07,2.7015258514466087e-08,1.6423127295379014e-07,5307.3056501239425,1.273137080171759,0.5640204895555423,5.173592457881802e+21,2.682311337464414e+25,5.244268347184099e-15,3.723842525861424e-29,-2.0169814427779366e-29,-4.555231269972501e-30,-3.4491437693284126e-29,9.394934182053171e-19,1.4140792957711143e-18,1.705427578864104e-16
3.22e+22,0.0001459694511343684,0.9998538486677719,6.006872351210985e-08,1.02494713614183e-08,1.1156289877258834e-07,4055.27097831357,1.778664655657009e-12,0.5605807323004256,105676309.85170545,2.6898572207657175e+25,5.1962951377818964e-15,9.867003389576368e-30,1.5214272936509544e-29,8.404011378842605e-31,6.358430605632073e-30,6.776963903452546e-19,1.047197514685062e-18,1.4746721804117575e-16
3.22e+22,0.0001066175521095939,0.9998932464186482,4.575003422404209e-08,5.5358556413064925e-09,8.474335233560475e-08,3696.4383320207635,1.6211686138002498e-12,0.5599348009837845,216318841.06358224,2.6903710650923168e+25,5.186378949152537e-15,1.0070647078326795e-29,2.0961193517388898e-29,1.3804479723727526e-30,1.0443376397480124e-29,6.134247910976817e-19,9.559756594811457e-19,1.4134929312684736e-16
3.22e+22,0.00015831614227153354,0.9998415303754932,5.0415131485199276e-08,1.010708542450937e-08,9.296001838532585e-08,4328.478853805967,0.029786429568105635,0.5610745476099251,2.1670391868229146e+17,2.6894622858421827e+25,5.203877532922819e-15,9.528190940381811e-30,6.760173318018827e-30,4.3366167909640827e-32,3.275255702181124e-31,7.302277424994821e-19,1.1213559298124693e-18,1.522817913257417e-16
3.22e+22,0.00025548906618006335,0.9997443373668622,5.8346444159735625e-08,1.448842577823229e-08,1.0073208773371707e-07,4952.775983920176,0.01198251112804946,0.5622026977583042,-3.258393706095644e+18,2.688569154903817e+25,5.221216124464951e-15,2.3569286453306893e-29,-1.032540775747843e-30,-1.6848962955531133e-30,-1.2756199140544583e-29,8.593307972656853e-19,1.3022860434932516e-18,1.6359101065359722e-16
3.22e+22,0.00013432887382878108,0.9998656038546706,2.2322359636089452e-08,5.172844148468867e-09,3.977629674611826e-08,4699.8158069148085,7.411957954659958,0.5986708438241455,5.0932563091948736e+23,2.5491532730552954e+25,5.6454600332871945e-15,1.4231165491267426e-29,-2.9408816566697352e-30,-1.2226638271302557e-30,-9.257256350172721e-30,8.607614684996593e-19,1.3128890898977176e-18,1.7151918181176868e-16
3.22e+22,0.00019923390133926735,0.9998005614063084,6.724687135950361e-08,1.4311275625015575e-08,1.2313420539826128e-07,4458.959224303194,1.9557553065317956e-12,0.5613090932710347,-45303286.77814897,2.6892784993741355e+25,5.207482400063727e-15,1.0163629563175938e-29,3.0240718740354797e-30,-3.628901725857567e-31,-2.7470621457175738e-30,7.555234814054346e-19,1.1569505715050216e-18,1.5456874328453368e-16
3.22e+22,0.0002705110385363392,0.9997293923692129,3.4824984782245797e-08,9.377258328340202e-09,5.2390007762693526e-08,5524.3100727174715,2.543676802699657,0.5678725883571453,3.5944731587318756e+22,2.6660155343112543e+25,5.289526112112789e-15,8.338702046694026e-29,3.9970676798781117e-29,-1.9194363973892276e-30,-1.4548135431969766e-29,9.988529642835752e-19,1.4971037031955634e-18,1.7599785701083383e-16
3.22e+22,0.0003031475149364862,0.9996966829255565,5.866273849870902e-08,1.5338354207592173e-08,9.555841442158771e-08,5237.957488999244,0.4083746335429109,0.5628394211567174,-7.957882675928452e+18,2.687561979446348e+25,5.230511094857174e-15,4.271608299521409e-29,5.404384808450826e-30,-2.4080531830397993e-30,-1.8235723117625208e-29,9.23442075683949e-19,1.3915434787498298e-18,1.689782317211846e-16
3.22e+22,8.298888088141326e-05,0.9999169121901955,3.4105616727572256e-08,2.478160157202892e-09,6.234514612118562e-08,3398.320270409681,1.4904067096780792e-12,0.5593990047045163,291265462.2787429,2.690797657114348e+25,5.178156632484153e-15,9.291987165274738e-30,2.1140907965232602e-29,1.4460329677979367e-30,1.093837010090891e-29,5.632043519590666e-19,8.842812624558228e-19,1.3638966784285364e-16
3.22e+22,0.00024633020525180975,0.9997534150658994,8.39951902783777e-08,1.8895204260737573e-08,1.5183845432052314e-07,4609.479327727508,3.2189368066657384,0.5689655379340472,6.500088230420825e+22,2.6555127760293955e+25,5.2951446811587115e-15,7.485097523198105e-30,-1.1675432254016267e-29,-1.6175283355859572e-30,-1.2243969306245403e-29,7.952652389134609e-19,1.2142508927612758e-18,1.595050036109264e-16
3.22e+22,0.00028442906919174554,0.999715372226123,6.711656676916925e-08,1.688829653327889e-08,1.1469982208060051e-07,5012.891478458829,2.198893327511296e-12,0.562311304436711,-297407371.8539009,2.688483372503791e+25,5.222885754924096e-15,2.504308943730715e-29,-4.342586670709342e-30,-2.1153757824445272e-30,-1.6015381566432988e-29,8.722384560583057e-19,1.3202842049569433e-18,1.6469077786368657e-16
3.22e+22,0.00016612400996883476,0.9998336878327098,6.185210584733466e-08,1.1863703651681184e-08,1.1444151189452717e-07,4242.674539047532,1.8608156526011398e-12,0.5609187129087571,39014129.40831376,2.689588617346672e+25,5.2014857577007805e-15,9.481469534226179e-30,9.515844628208016e-30,3.1400460444401627e-31,2.3755126824984947e-30,7.131687760075768e-19,1.0973117072898272e-18,1.5074063366457136e-16
3.22e+22,0.00021756951262758245,0.9997820403712628,1.2871078413228392e-07,2.22837552439038e-08,2.3912157006922437e-07,4077.088231382344,0.3905434813171254,0.560728661802826,1.5686762306678456e+20,2.689276824734783e+25,5.198099455912051e-15,1.5147797037109267e-29,2.7733589569066086e-29,1.706927009744324e-30,1.2915092781120043e-29,6.797088143285939e-19,1.0500682464603476e-18,1.4772866132356003e-16
3.22e+22,0.00026857877897723027,0.9997312521166771,5.7331882938682755e-08,1.4525260835261571e-08,9.724720178404821e-08,5049.441670848161,0.10506263168916985,0.5623856607417991,-3.0420488790095286e+19,2.6883912269345055e+25,5.223996810549738e-15,2.9038971589349935e-29,6.83880228762008e-31,-1.9007192037723134e-30,-1.4391319262605113e-29,8.807042111611926e-19,1.3320773388337465e-18,1.6539653059537824e-16
3.22e+22,0.00020355058384989778,0.9997962493322115,6.57794369709856e-08,1.4283898136283382e-08,1.200206035581927e-07,4508.595673156711,1.9775267492215997e-12,0.5613988216431952,-65814547.88084074,2.689207279154119e+25,5.208861113900567e-15,1.0646639549945975e-29,1.8016014875644344e-30,-5.1468626624811334e-31,-3.895968750965302e-30,7.655711017298938e-19,1.1710678370587065e-18,1.5546202788595244e-16
3.22e+22,6.812265201978606e-05,0.9999318081083045,2.4457005815820333e-08,1.746280038967455e-09,4.3036389808928956e-08,3308.742562060755,0.02109870006427225,0.559238659175204,6.646020664324229e+18,2.6909241114008303e+25,5.175695546133148e-15,6.981853599759589e-30,1.5855215779061398e-29,1.0842891798315047e-30,8.20169692936887e-30,5.488384966770294e-19,8.637003570191149e-19,1.349344122678645e-16
3.22e+22,9.486500067154593e-05,0.9999050339341123,3.382454779829216e-08,4.518438346475821e-09,6.272222986259774e-08,3778.7551744139337,0.26933105719118267,0.5601356812057735,9.309247788445806e+19,2.6899916790618387e+25,5.189246238375442e-15,7.731957806198715e-30,1.4354875836896903e-29,8.94477475048969e-31,6.767028655360076e-30,6.282971055285667e-19,9.771445178568051e-19,1.4278458155983315e-16
3.22e+22,0.00013309120205637473,0.9998667613427539,4.868606545513069e-08,8.420667175727195e-09,9.034845706275723e-08,4074.212580692577,1.7868243054350356e-12,0.5606152168806978,99042928.2372475,2.689829949003536e+25,5.196825375088791e-15,8.898117966777081e-30,1.242999216553649e-29,6.343417087203189e-31,4.799333012377087e-30,6.815938252598285e-19,1.0527108900006382e-18,1.4782096622900728e-16
3.22e+22,0.00016534954981715073,0.9998344938376577,5.14385561995574e-08,1.0568760821289376e-08,9.460520822153214e-08,4379.811658859237,0.023723345302533914,0.5611669721441588,-3.26204025743586e+17,2.689389849935607e+25,5.20529825984716e-15,9.889511945366186e-30,5.7000679234035095e-30,-8.38025566894731e-32,-6.348752571764503e-31,7.402983946708792e-19,1.1355347515845899e-18,1.531911329299512e-16
3.22e+22,0.00010309275542133797,0.9998967938374355,3.783276918699455e-08,5.372585858526908e-09,7.020178808559629e-08,3836.510285625941,0.11250814640844475,0.5601963211398024,2.1918878844683706e+19,2.6901247862605297e+25,5.1903562455534964e-15,8.190605687366405e-30,1.4765184676395407e-29,9.048191956072692e-31,6.845397251089704e-30,6.384211191045414e-19,9.915225825900549e-19,1.437488872031173e-16
3.22e+22,0.00018293322944491384,0.9998169150852466,4.9936714647452014e-08,1.1040783697904426e-08,9.070781020436801e-08,4556.32784157874,0.3226003117577939,0.5615605094332091,5.429632745796242e+19,2.6887644480208925e+25,5.211036027592806e-15,1.2131352572726928e-29,2.8342083214388734e-30,-5.142269308104475e-31,-3.8926973571964e-30,7.759125790341218e-19,1.1855987708406972e-18,1.5637830982238368e-16
3.22e+22,7.874178614161861e-05,0.9999212270269073,1.0272947473628556e-08,2.1909239143276356e-09,1.872307970455468e-08,4466.71362932816,8.93373109346627,0.6135508290080643,7.574030057697564e+23,2.500805293455263e+25,5.8263942332030905e-15,9.79199603509002e-30,-1.5955087517636076e-32,-6.337130094647998e-31,-4.7980365642572e-30,8.352244485280109e-19,1.2810024324619751e-18,1.7295153330565965e-16
3.22e+22,0.0004627945059700554,0.9995369172621342,1.0304832657011641e-07,2.7808282860024524e-08,1.5737528622714017e-07,5501.774638005966,0.5219423856945387,0.5633958775972577,3.5322496280456017e+20,2.6867982435213707e+25,5.238734702772506e-15,5.90436852527918e-29,-1.0991782267078585e-29,-5.22631639074107e-30,-3.957976384084936e-29,9.839695039430908e-19,1.47548978905303e-18,1.7396465984105912e-16
3.22e+22,2.124949216652663e-05,0.9999787451605651,1.7792070526099033e-09,2.495446119834563e-10,3.318516813641269e-09,3814.055316201399,9.941727238222875,0.6235359995766951,9.043792955184422e+23,2.4673574101250656e+25,5.947698490884319e-15,2.6282842836995737e-30,9.255729414133257e-31,-7.117197280173785e-32,-5.388410289114579e-31,7.178079529217623e-19,1.117857000817529e-18,1.6490104367927585e-16
3.22e+22,9.777654457734094e-05,0.9999021117560895,3.749157589764135e-08,4.734038001943957e-09,6.947371920671183e-08,3729.732636966047,0.009077762280003216,0.5599950189948228,1.9538942781381187e+18,2.690323002809737e+25,5.187303524257154e-15,8.480474155345244e-30,1.6728806591820146e-29,1.0748955958934158e-30,8.131857896127133e-30,6.194884943763646e-19,9.646068792114452e-19,1.419299470196665e-16
3.22e+22,0.00018498418810021237,0.9998146657535224,1.1652301409310019e-07,1.7114535506499714e-08,2.1642082760046063e-07,3872.034287700063,0.5649797073152796,0.560480316443508,4.6915726975847314e+20,2.688972132950215e+25,5.193781593941036e-15,1.8491315391435228e-29,3.953186105072975e-29,2.6295664913283556e-30,1.989489270856386e-29,6.426632570516607e-19,9.97585122231876e-19,1.4425174714244853e-16
3.22e+22,6.476171460712955e-05,0.9999352238098717,4.8124362114814055e-09,1.1417033251261752e-09,8.521381802681839e-09,4767.046173552002,6.957125596618855,0.5946401679942624,4.59236735058801e+23,2.56270025014477e+25,5.597398707671014e-15,2.2921951338923132e-29,1.299785380015802e-29,-2.5696003065625896e-31,-1.9475771494285753e-30,8.695920465551833e-19,1.324208271132015e-18,1.7131417320558363e-16
3.22e+22,0.00012423922409862312,0.9998756269663387,4.4229622543652214e-08,7.463775836911153e-09,8.211616436088373e-08,4040.2554555717643,0.05671390903831874,0.5605564380106872,6.500594297837521e+18,2.6898669865432643e+25,5.1959134180984e-15,8.565172048642677e-30,1.2324523935153154e-29,6.457430617543935e-31,4.8855657532939066e-30,6.754028120408202e-19,1.043951563060217e-18,1.4724131224559378e-16
3.22e+22,0.0001632699208849736,0.9998365352669744,6.409357199010549e-08,1.1913998418361439e-08,1.1880457033162035e-07,4187.684438233083,1.8367653644870544e-12,0.560819422917526,59239184.35436616,2.689667477864515e+25,5.199960597946804e-15,9.642658308362292e-30,1.1499002922027323e-29,4.956415658518389e-31,3.749923140248137e-30,7.025434221129328e-19,1.0823171986215486e-18,1.4976927489910212e-16
3.22e+22,0.00018107313168275036,0.999818719421995,6.81309591220995e-08,1.3488450091922086e-08,1.258269128322971e-07,4302.81050104305,1.8872965918160207e-12,0.5610270703305157,16441263.405973697,2.6895024605055273e+25,5.203149787602852e-15,9.619617881339472e-30,7.924397571051235e-30,1.5037259589711928e-31,1.137268216840417e-30,7.24620217145072e-19,1.1134575131846335e-18,1.517882580526098e-16
3.22e+22,0.00025531628506030973,0.9997445216015399,5.4741160208680845e-08,1.374176246867647e-08,9.363047709177362e-08,5004.035765457691,0.450932058523818,0.5624419390980082,8.968591564541021e+19,2.687766401438317e+25,5.2242890547858224e-15,2.686216002082845e-29,1.0241729700559006e-30,-1.713391419296077e-30,-1.2972691419437845e-29,8.709302528579754e-19,1.3184889939611938e-18,1.6459764813320813e-16
3.22e+22,7.932089989308932e-05,0.9999205929024874,2.9370952834413864e-08,2.5287220640542227e-09,5.4297944594580657e-08,3493.347845160482,0.03513595561485803,0.5595708298118981,9.221430962395836e+18,2.6906571692928366e+25,5.180789917564413e-15,7.805442870740538e-30,1.6976581687112694e-29,1.1406354819424273e-30,8.628492049630151e-30,5.79130124918752e-19,9.070598506786353e-19,1.3797528378402302e-16
3.22e+22,8.69788324972861e-05,0.9999129207430566,3.427126374319899e-08,3.3289485276329483e-09,6.282423368038281e-08,3527.8877860496177,3.89911856980002,0.5703571252803878,1.0231645802547412e+23,2.643391635412985e+25,5.3033653366422444e-15,7.065440426787314e-30,1.4906052307054692e-29,9.888048249316531e-31,7.479578894202914e-30,5.959827645823889e-19,9.329824372721788e-19,1.4156331413745694e-16
3.22e+22,0.00023827693632157536,0.9997615127488141,6.957197376932848e-08,1.6185191000597013e-08,1.2455769942510915e-07,4704.896283120755,2.0636995118396743e-12,0.5617536456871256,-150848684.9821644,2.688925620861658e+25,5.214313392299144e-15,1.344040704250654e-29,-3.2908423872531856e-30,-1.203393008135536e-30,-9.109208563642725e-30,8.058553950659491e-19,1.2275595887053204e-18,1.5900619684783901e-16
3.22e+22,0.00020573043168316903,0.9997941013453482,5.554637614727048e-08,1.2705954554019632e-08,9.9970638050865e-08,4653.1861681174405,0.011475316461719301,0.5616605688519706,-1.5159542726296159e+18,2.688999256503064e+25,5.212883444835974e-15,1.3642807135731928e-29,6.905805836361825e-31,-8.269527364651391e-31,-6.259894853120487e-30,7.955627342328665e-19,1.213139833162446e-18,1.5809615206504445e-16
3.22e+22,0.00023025050237860097,0.999769534203211,7.101997842331144e-08,1.616303684525836e-08,1.281113950188765e-07,4636.88567572475,2.033870777801197e-12,0.5616305971815752,-120609891.6253791,2.689023244088166e+25,5.212422285806449e-15,1.20007539274702e-29,-2.17852059407953e-30,-9.958059831685588e-31,-7.537677647855896e-30,7.916425567768995e-19,1.2076488947322907e-18,1.5776629307245126e-16
3.22e+22,0.0002289285458651331,0.9997709057596662,5.518530298150315e-08,1.3275945159548893e-08,9.723322055083341e-08,4823.018786906646,0.06408379647392835,0.5619706853935459,-1.2699321749189616e+19,2.6887412186420555e+25,5.217637965004737e-15,1.8582750621057876e-29,-3.1929340378497432e-31,-1.2665679848615201e-30,-9.588426385975934e-30,8.313741361485009e-19,1.2632537789573465e-18,1.612012346734779e-16
3.22e+22,0.00013270073316549522,0.999867133573354,5.4933334701950795e-08,8.743026957188736e-09,1.0201711896511218e-07,3963.314185421732,1.7382386271030644e-12,0.5604151361049224,136119933.59000465,2.689988926018637e+25,5.193752633033491e-15,9.82682722810578e-30,1.6860290323206018e-29,1.0018069040589981e-30,7.579481684749875e-30,6.608645653862883e-19,1.0233618238003596e-18,1.4588692830624797e-16
3.22e+22,9.295476292040996e-05,0.9999070227217541,7.618406845887356e-09,1.901238358684168e-09,1.2995680209475347e-08,4968.301836392721,10.525510870501382,0.6326750990374261,1.0701051112065492e+24,2.444631167924036e+25,6.069821802484841e-15,3.3044857932427376e-29,1.4169292442757573e-29,-8.477355928377996e-31,-6.422750334775587e-30,9.85043345301857e-19,1.4961922345864151e-18,1.9087265643736302e-16
3.22e+22,0.00017974972387927278,0.9998200841323983,5.4599160868278436e-08,1.1627520580528912e-08,9.991704101603735e-08,4460.990208295207,0.0031017691401393635,0.5613131155828656,-1.5344034900729898e+17,2.689275435082778e+25,5.2075449472857546e-15,1.0586305960401311e-29,3.920319202777539e-30,-3.0387114446245806e-31,-2.3004312843104155e-30,7.563625545072766e-19,1.1581281010247046e-18,1.54632934702294e-16
3.22e+22,0.00022075289359393575,0.9997790283745229,7.198846380729517e-08,1.5960082569008906e-08,1.3078333662243143e-07,4562.697385786909,2.0013449599346985e-12,0.561496435623917,-88521865.38074633,2.6891297131175975e+25,5.210360610445286e-15,1.0896964406298951e-29,-4.367627015255436e-31,-7.502938719499142e-31,-5.6792363699068164e-30,7.763546416968871e-19,1.1862079342358268e-18,1.5642223562549023e-16
3.22e+22,0.0001415395397591593,0.999858224150897,7.950602259436445e-08,9.562815254491749e-09,1.472405060212844e-07,3696.0345034940674,2.034417355743881,0.5629105908570115,1.892540485164827e+22,2.676139559986705e+25,5.21976114675179e-15,1.5021236717974086e-29,3.3088924428552245e-29,2.231224110971766e-30,1.6879597539370853e-29,6.155161410878955e-19,9.594672341930623e-19,1.4210091993790463e-16
3.22e+22,0.00012381251063466275,0.999876151373727,1.2279664341371022e-08,3.1011105466525817e-09,2.0734863482460804e-08,5063.405551040309,4.749862394722015,0.5781837791504021,1.891267846137737e+23,2.6216869024032355e+25,5.404829791173143e-15,3.8806482371516417e-29,2.0839538711104288e-29,-5.979333261316708e-31,-4.531640895606717e-30,9.090320024136279e-19,1.3751091048319298e-18,1.7093138995157744e-16
3.22e+22,0.00019116372478885133,0.9998086186825664,7.143751474098832e-08,1.4479290068343088e-08,1.3167583984561622e-07,4350.274072021675,1.908139243454372e-12,0.561112666980399,-1833781.8236789955,2.6894344313114284e+25,5.204464469034258e-15,9.669237226413644e-30,6.353852810739147e-30,-5.580499706919904e-33,-4.2914882958022504e-32,7.338009982711376e-19,1.126390498711802e-18,1.5262208320910578e-16
3.22e+22,0.00017520633816531448,0.9998245375310273,8.459286140006985e-08,1.4536918174781917e-08,1.5700102774856704e-07,4066.015017242599,2.8086715865304925,0.5662393826787228,4.498142765810299e+22,2.6637290949153005e+25,5.260145969968171e-15,9.508536631811298e-30,1.4072296254304868e-29,7.532427422020971e-31,5.698184811108704e-30,6.854614993059848e-19,1.0592357790100824e-18,1.4923889668100785e-16
3.22e+22,0.00012982318247020726,0.9998700612868762,3.799173264834968e-08,7.270820608587812e-09,7.026810047413941e-08,4239.8109427589425,0.6719352580934188,0.5612403644874512,7.90104503245518e+20,2.6879722551008996e+25,5.2050758989994046e-15,8.690444555993635e-30,7.62244293786632e-30,1.8255689026513655e-31,1.3808664609455038e-30,7.137860306624833e-19,1.0982420102734638e-18,1.5083691388232044e-16
3.22e+22,8.074562559546427e-05,0.9999191609467034,3.2223643919093666e-08,2.3860800761508214e-09,5.881797719552198e-08,3402.359592363801,1.4921631295587547e-12,0.55940631712486,290330298.0956169,2.6907918559238353e+25,5.178268941854149e-15,8.795783127328822e-30,1.990287620179958e-29,1.3585697371979565e-30,1.0276770147063532e-29,5.639210158941879e-19,8.853073692459974e-19,1.3646024784365755e-16
3.22e+22,0.00020024953190692118,0.9997993954579968,1.1740781821495742e-07,1.94310454101191e-08,2.1817123264368212e-07,4014.0599240251845,1.1688726888049423,0.561493826346484,3.999887769611721e+21,2.6850641127365775e+25,5.206191119956164e-15,1.505068732414516e-29,2.875815314287364e-29,1.8122594064148678e-30,1.371164408158979e-29,6.693585129008373e-19,1.0355760121817288e-18,1.4690978373775443e-16
3.22e+22,0.00024463722892675626,0.999755036394223,1.0721112373580871e-07,2.22918571287424e-08,1.9687386954691268e-07,4409.978701328579,2.0993291694171012,0.5643932691782086,2.0882289756301825e+22,2.6742242585860478e+25,5.241757539216468e-15,7.564776897808214e-30,-1.1195432777241737e-30,-5.925523605594454e-31,-4.4855916416884045e-30,7.483286078212874e-19,1.147461353093676e-18,1.5454692088457284e-16
3.22e+22,0.00023901865809008624,0.999760805496263,5.8636029167227844e-08,1.4179938523719658e-08,1.0302967909511666e-07,4842.446640840091,0.0034022265775840222,0.5620028300093075,-7.511006101674618e+17,2.688728048080699e+25,5.2181440223048955e-15,1.8811474372965223e-29,-1.4895543537083829e-30,-1.3975998484336383e-30,-1.0580342909090461e-29,8.354112213756513e-19,1.268895196622394e-18,1.6155038474396502e-16
3.22e+22,0.000326049765044263,0.9996737756879002,6.110143247222678e-08,1.6181758089733735e-08,9.726386521653795e-08,5333.207894451659,0.035143467280122256,0.5628931004010361,-1.6683699260230838e+19,2.6880187092367644e+25,5.231829370210026e-15,5.136280474093619e-29,8.487242499689599e-30,-2.7248842910333913e-30,-2.0636890455782734e-29,9.452353252650263e-19,1.4217657208574669e-18,1.7074705569234762e-16
3.22e+22,0.00023450714882247405,0.9997652644854285,7.528373617249403e-08,1.703502664053817e-08,1.3604698633781712e-07,4620.105318443062,2.0265735305180277e-12,0.5616001381537663,-113206994.90260294,2.6890473631509384e+25,5.2119539512358e-15,1.1401268896218469e-29,-2.565430518780659e-30,-9.928026041734996e-31,-7.514845560195267e-30,7.880256156317443e-19,1.2025792484170685e-18,1.5745270896545345e-16
3.22e+22,0.0003301822632428693,0.9996696811977881,4.949123651014192e-08,1.3388868388595735e-08,7.365886408522322e-08,5566.658189117732,1.5112090429187237,0.5649604609405658,7.432298127283368e+21,2.679673809508324e+25,5.256859947771101e-15,8.548948990189878e-29,3.403242900426498e-29,-2.6682017080977e-30,-2.0218142900211938e-29,1.0038198718122797e-18,1.503263870683971e-18,1.7580108066421577e-16
3.22e+22,0.000244659286212397,0.9997551779063695,5.466355498883555e-08,1.3521464046214033e-08,9.462239911295097e-08,4935.716971314299,0.3790115448874693,0.5622751856231311,3.230828267135494e+19,2.688078461270833e+25,5.221903273442903e-15,2.3352434845752003e-29,2.5928271622125037e-31,-1.5422501918913135e-30,-1.1676323882722314e-29,8.558786777810226e-19,1.2974914435742597e-18,1.6331438740687927e-16
3.22e+22,0.0002730580559379408,0.9997267344134589,6.954402885977542e-08,1.71389054229151e-08,1.2084766887044373e-07,4917.9438288291785,2.1572285920645875e-12,0.562139261535269,-250514259.70352018,2.688619748358606e+25,5.220240633024119e-15,2.0105545531269668e-29,-5.631380622334948e-30,-1.8958040477661374e-30,-1.4351995434609874e-29,8.513335110173312e-19,1.2911312804949752e-18,1.6292098781716127e-16
3.22e+22,0.00018590500204313068,0.9998139371589291,5.195146000674177e-08,1.1462572482402474e-08,9.442499527149732e-08,4550.734093081086,0.07636067333380304,0.5614795368216454,-5.443898344532838e+18,2.689125751723748e+25,5.2100848390794825e-15,1.193210684362253e-29,2.6665169230812538e-30,-5.171150240733654e-31,-3.914520441571586e-30,7.746112892289192e-19,1.183758717852883e-18,1.562518714140938e-16
3.22e+22,0.0002169990268121972,0.9997828216928029,5.927020973343108e-08,1.369778161222656e-08,1.0631239356366039e-07,4684.36832906004,2.054599707460806e-12,0.5617167763255893,-141813280.8048696,2.688955005440818e+25,5.213747403727832e-15,1.4006808590162952e-29,-5.141167110760454e-31,-9.69952074536339e-31,-7.342335777623018e-30,8.0192474639527775e-19,1.2220530961744382e-18,1.5865488933255825e-16
3.22e+22,5.389514202448878e-05,0.9999460861843122,6.159328725979833e-09,1.2156398435448334e-09,1.1298694779382983e-08,4248.524209618169,4.818534018509403,0.5771392788644812,1.8819860240349705e+23,2.6212571637367357e+25,5.386952948929697e-15,7.606117966305222e-30,4.366517208506175e-30,-6.160137505743068e-32,-4.6679514931421806e-31,7.364484539594837e-19,1.1333751348653488e-18,1.5592719674951916e-16
3.22e+22,0.0002675892092568531,0.9997322265457507,6.205414376018078e-08,1.5494491353741844e-08,1.0669635749675137e-07,4977.516917811903,6.250967003751959e-05,0.5622473282825236,-1.796465677850296e+16,2.688534155862962e+25,5.221902466310956e-15,2.414045968666001e-29,-2.3980941283675775e-30,-1.8597860091743134e-30,-1.4080273471491447e-29,8.646230861801075e-19,1.30966740624226e-18,1.6404278256170149e-16
3.22e+22,6.51039170912304e-05,0.9999348879052866,2.8662949689143197e-09,7.547642408111018e-10,4.556563009650189e-09,5213.47958356612,12.132023584299748,0.6533546789135736,1.3875869402687305e+24,2.385020466489479e+25,6.338413197376185e-15,5.911616783733598e-29,3.7146371932579814e-29,-4.274169713652718e-31,-3.245676471096929e-30,1.092424838373438e-18,1.6527600528391334e-18,2.0606012183306802e-16
3.22e+22,0.00038938732861497924,0.9996102946690355,1.0854663893145257e-07,2.7978117371375155e-08,1.8147759324455018e-07,5134.378731401974,0.9632558170039689,0.5632045675209639,2.2976771871609054e+21,2.684990989363457e+25,5.233803269999148e-15,2.3012941581233816e-29,-2.520444437983979e-29,-4.0353950470137534e-30,-3.055111249290408e-29,8.988550740738292e-19,1.3575038659438935e-18,1.670894223979137e-16
3.22e+22,0.00017137441489038316,0.9998284761972448,4.910142698368143e-08,1.049310220255913e-08,8.979333560854459e-08,4469.860565355249,0.3088379376850029,0.5613980145429149,5.547217453384745e+19,2.688919694206772e+25,5.20856519676885e-15,1.0863416705904155e-29,4.161900454382984e-30,-2.989317950209216e-31,-2.2630837705179842e-30,7.584171319222622e-19,1.1610283193929633e-18,1.5482421963308e-16
3.22e+22,0.00010256068966705447,0.9998972971517277,4.859624212381195e-08,4.4035535715860135e-09,8.915880965617544e-08,3501.581601502264,2.9110707209081226,0.5656291615178729,4.872617669749627e+22,2.6627765307334155e+25,5.249123606648726e-15,1.0748619025886436e-29,2.4128957296151494e-29,1.6411020471527638e-30,1.2414121890279862e-29,5.861483093378556e-19,9.18108465325787e-19,1.397458444205083e-16
3.22e+22,0.00016726866229634348,0.9998324145288872,1.0614169979974245e-07,1.3825328062793732e-08,1.9684178856415352e-07,3757.296941031253,0.7370761000748235,0.5604362997238851,1.0318664384954933e+21,2.688335896549535e+25,5.192428996392151e-15,1.937626267501936e-29,4.314165784501601e-29,2.9204686834167697e-30,2.2094901733413383e-29,6.227391548233126e-19,9.69297603108319e-19,1.4236291717708171e-16
3.22e+22,0.00016540903140481656,0.9998344062620479,6.071235641422635e-08,1.1695160818287297e-08,1.1229903003813886e-07,4250.444410905764,1.8642279239959066e-12,0.5609327679481592,36102945.62170156,2.6895774653328384e+25,5.201701710444736e-15,9.448651974913465e-30,9.195270356318635e-30,2.850736827669154e-31,2.156593862569419e-30,7.147058367523195e-19,1.0994795898794945e-18,1.508800037491998e-16
3.22e+22,0.0001226266649380867,0.9998772289665853,4.791482573510804e-08,7.497965514186119e-09,8.895568521176287e-08,3942.407880198526,1.729054721947525e-12,0.5603776695450438,142762404.5895049,2.6900187989194382e+25,5.193177763899412e-15,9.141845022298018e-30,1.5532613195821782e-29,9.179029317695573e-31,6.94461194642344e-30,6.572568378480651e-19,1.018247960437851e-18,1.4554160727664814e-16
3.22e+22,0.00014979901176915924,0.9998500157318709,6.112345865234976e-08,1.0642897904960662e-08,1.1349000335001604e-07,4084.476355116188,1.7914770771287643e-12,0.5606333595628521,95694077.68626988,2.6898153778794105e+25,5.197103250142199e-15,9.818612080202838e-30,1.4468696647646408e-29,7.715104419576103e-31,5.837218594178252e-30,6.831199588659467e-19,1.0548700462092397e-18,1.479726484356709e-16
3.22e+22,7.225579805661227e-05,0.999927668081235,2.643975694807299e-08,1.871440136779909e-09,4.7809511380781526e-08,3364.978349776607,0.01669794905509403,0.5593395042365961,4.977525442566102e+18,2.6908442779153634e+25,5.177243228150056e-15,7.456902369371289e-30,1.67891372597132e-29,1.1441486428163504e-30,8.65466459983801e-30,5.579334835694402e-19,8.767344572486638e-19,1.3585474946898936e-16
3.22e+22,0.00016661349185830574,0.9998332189898758,5.5025649764502725e-08,1.1089861978350734e-08,1.0140275409405187e-07,4338.235690876965,1.902708726520614e-12,0.5610913995316947,2598882.6125401706,2.689451527140183e+25,5.204138764942961e-15,9.603251839330783e-30,6.599276633533675e-30,2.272316815074763e-32,1.7130039654788986e-31,7.319872136781584e-19,1.1238343940099814e-18,1.5244457667535603e-16
3.22e+22,0.00032646112245098984,0.9996731617795783,1.2482048914343548e-07,2.932271039412202e-08,2.2295477089322262e-07,4736.738471337067,0.42237721857530924,0.5619394331661229,2.0007849655074082e+20,2.688236794995486e+25,5.21662238143734e-15,8.016990896854663e-30,-1.853510681730643e-29,-2.3262594049826862e-30,-1.7607871522012823e-29,8.107519861390939e-19,1.2344529032041481e-18,1.5950410715545894e-16
3.22e+22,0.00019571693287998406,0.9998041263872612,5.1699844379165123e-08,1.1742119390495988e-08,9.323789507719899e-08,4632.143032957412,0.28418345772428744,0.5616806719695465,2.1068637358437687e+19,2.6887396371665744e+25,5.212952365657174e-15,1.3495108723189036e-29,1.6701517457683406e-30,-7.209080389742922e-31,-5.4572265656390636e-30,7.914110027067306e-19,1.2073323992201068e-18,1.5774024065863166e-16
3.22e+22,2.7454402756154157e-05,0.9999725396153837,1.9688090436305646e-09,3.6132165623984104e-10,3.6517294492632898e-09,4123.384009646164,11.072496628737667,0.6376813887731032,1.1197144975600972e+24,2.426260327708928e+25,6.129600004603589e-15,5.6694648064789095e-30,2.1237613498868564e-30,-1.5137713475012586e-31,-1.146194063115014e-30,8.03855385844101e-19,1.243565351813917e-18,1.7664204137665854e-16
3.22e+22,0.0002074070647351115,0.9997924057782118,6.165293506253643e-08,1.3781749708261056e-08,1.1172236814363235e-07,4585.315487944607,2.0111857344803065e-12,0.5615376028293322,-98368001.11229873,2.689097167425668e+25,5.210993832010531e-15,1.1876221617709618e-29,6.182985569194809e-31,-7.135938103869024e-31,-5.401604143828859e-30,7.813435882737864e-19,1.1932058025909676e-18,1.5685338175324172e-16
3.22e+22,0.00013195904396738482,0.999867900165254,4.643903603864841e-08,8.180431382762987e-09,8.617131132718187e-08,4101.947731581132,0.02663028679035889,0.5606657995893668,2.424401484088927e+18,2.6897876279587604e+25,5.197600193842824e-15,8.721110402327972e-30,1.1374441385426866e-29,5.438459284521984e-31,4.1146291393077186e-30,6.868672606302588e-19,1.0601682934318535e-18,1.4830876715699013e-16
3.22e+22,8.403901543293186e-05,0.9999158658989055,3.233825708718647e-08,2.9741169047033724e-09,5.977328754658772e-08,3523.8328864403024,0.00047371890126308763,0.5596246737374994,1.4618232852275434e+17,2.6906180159429616e+25,5.18161976060338e-15,8.337143167911963e-30,1.8090033012698005e-29,1.2140128882605617e-30,9.183673220868799e-30,5.841813888879733e-19,9.14275696989111e-19,1.384773281752959e-16
3.22e+22,4.01138558042805e-05,0.9999598636859109,7.651739325370204e-09,6.976265868638094e-10,1.4108919023689835e-08,3498.2555586659364,1.8684098168016288,0.5620916082396624,1.583900346617682e+22,2.678556070076028e+25,5.209122889461196e-15,2.8307548496001615e-30,4.732293411493128e-30,2.798968673697201e-31,2.117260604258456e-30,5.830689016634563e-19,9.131097776810239e-19,1.387869516469037e-16
3.22e+22,0.00019836916026840822,0.9998014405656714,6.27329941813257e-08,1.3405294570538149e-08,1.1413577135748794e-07,4494.188513666206,4.222808586198124,0.5739287187941775,1.2905104537316036e+23,2.6348298305963567e+25,5.351336219139189e-15,6.652277303223577e-30,-7.589982222315224e-30,-1.1618145266496776e-30,-8.794730743847616e-30,7.791890948346408e-19,1.1927757707496601e-18,1.5908829934462644e-16
3.22e+22,0.00010049243318201596,0.9998993956930843,3.740802078559428e-08,5.085471317625118e-09,6.938024173655522e-08,3794.3378842635875,0.06969843376322017,0.5601147683328116,1.3302823157957014e+19,2.6902132815662277e+25,5.1891275567254956e-15,8.246718501499248e-30,1.5433031808731803e-29,9.653821479180097e-31,7.303500787854296e-30,6.309045642634228e-19,9.808423349225882e-19,1.4302876962980826e-16
3.22e+22,0.00012657655136727932,0.9998732783694132,4.803399552008904e-08,7.86210399352678e-09,8.91831200848394e-08,3998.4832023086346,1.7536505905294376e-12,0.5604787189168002,124525693.84960671,2.689938459063719e+25,5.194729349216478e-15,8.982389521466349e-30,1.4159408471037632e-29,7.958173734521409e-31,6.021004543137564e-30,6.675449046902479e-19,1.0328260829654376e-18,1.4650902898998297e-16
3.22e+22,0.00024925578737833363,0.9997505220092001,7.3589156213161e-08,1.7254714959629486e-08,1.3135955027744425e-07,4730.7040431350115,2.0750749121344443e-12,0.5618002318345401,-162452948.39388162,2.6888886080541796e+25,5.215029124761188e-15,1.35911041827193e-29,-4.801479974698343e-30,-1.3619711417044863e-30,-1.030958347325511e-29,8.111322944631089e-19,1.2349475633197411e-18,1.5946830240401216e-16
3.22e+22,0.00011677560806292569,0.9998830759710303,4.9567706335969395e-08,6.88465402343484e-09,9.196854661820425e-08,3815.223834026371,1.6733807078569184e-12,0.5601485252593779,182150839.05134305,2.6902010033492106e+25,5.1896595895827794e-15,9.965644625497313e-30,1.93899478840477e-29,1.2363410264173469e-30,9.353537913561017e-30,6.342582581360673e-19,9.856073151569112e-19,1.4335836291561657e-16
3.22e+22,0.0001955185389219442,0.9998043190657298,5.353012308507673e-08,1.2043247588301185e-08,9.682197762481966e-08,4604.260211994196,0.03218190575769552,0.5615728040264542,-3.41876312524828e+18,2.6890662009465935e+25,5.21153217735693e-15,1.2789928365220225e-29,1.687244637391662e-30,-6.7116061310775186e-31,-5.080576373384719e-30,7.85518644637001e-19,1.1990601266139765e-18,1.5721391692039064e-16
3.22e+22,0.00015297065670312736,0.9998468424961207,6.159891875788616e-08,1.0928689650153238e-08,1.1431956761256159e-07,4112.51239011227,1.8037685842132613e-12,0.5606839036502045,85966009.3845711,2.689775200948798e+25,5.197879433383712e-15,9.738082695788965e-30,1.363293006557431e-29,6.95954096022759e-31,5.265558030173223e-30,6.883710637004637e-19,1.0622949991344544e-18,1.484600627161682e-16
3.22e+22,8.555024230259245e-05,0.9999143488732016,3.446618165303175e-08,2.912216914766895e-09,6.350609721753175e-08,3479.6813636060656,1.5260914251169629e-12,0.5595452328743046,272323411.6333479,2.6906812303126048e+25,5.1804005169692866e-15,9.003770854380845e-30,1.9998756790202294e-29,1.3549135145790508e-30,1.0249401123725763e-29,5.767028567710463e-19,9.035902461692422e-19,1.3773761682146645e-16
3.22e+22,0.000163892152983361,0.9998359575888426,4.935212444319917e-08,1.0227778886084067e-08,9.067827076731326e-08,4398.537452080731,0.14045884005014242,0.5612146444439012,3.406515688024194e+18,2.6892940372272464e+25,5.205973664378573e-15,1.0074689100652261e-29,5.3877269000302464e-30,-1.2656946538538294e-31,-9.585449125439756e-31,7.440950019597837e-19,1.1408794602035027e-18,1.5353318103207024e-16
3.22e+22,0.00017142946917200324,0.999828405454566,5.421852919765679e-08,1.1216398024068567e-08,9.96413348628385e-08,4394.45196941845,0.0030422147941912255,0.5611929380323908,-6.593519322881256e+16,2.689370868371267e+25,5.205698639831655e-15,9.974043167857761e-30,5.323538000587537e-30,-1.2610672762822671e-31,-9.550358350802714e-31,7.431035108132823e-19,1.1394823346245498e-18,1.5344558069589472e-16
3.22e+22,0.00013257279162678655,0.999867290719725,4.497291428162802e-08,8.103313989359938e-09,8.341241997497609e-08,4136.962223045558,0.12592346207391966,0.56073990016853,1.3875048275585309e+19,2.6896829038403864e+25,5.198693119519958e-15,8.653166928858617e-30,1.0371307103600936e-29,4.512671985995817e-31,3.414149779449595e-30,6.935324458675766e-19,1.069590739868172e-18,1.4892610091658845e-16
3.22e+22,0.00020927273262655454,0.9997904596865321,8.789763011678801e-08,1.758102892376626e-08,1.6210218217585362e-07,4325.270015449837,2.9595635463354086,0.5673232235124809,5.188924806309709e+22,2.660704155585609e+25,5.274357151909931e-15,7.062697285464586e-30,8.202314159977412e-31,-3.703594715187043e-31,-2.8042713625435167e-30,7.360549169794855e-19,1.130789995778263e-18,1.5400561132695495e-16
3.22e+22,8.307184430253884e-05,0.999916828342788,3.449680769074003e-08,2.4531999705031763e-09,6.286290166056543e-08,3383.6512367913583,1.4839751063899546e-12,0.5593726356352393,294561125.7841139,2.6908186504528646e+25,5.177751997721884e-15,9.444691039674804e-30,2.1585715979931488e-29,1.4790276089745419e-30,1.1187897920301342e-29,5.607826639071465e-19,8.808140046127067e-19,1.3614674344554007e-16
3.22e+22,0.00011697477632974378,0.9998828984802258,4.199317403048702e-08,6.768658888672068e-09,7.798161154076575e-08,3979.452674602927,0.09760370231617524,0.560451457126689,1.4258837771449725e+19,2.68993135665773e+25,5.194282671575369e-15,8.413695200917014e-30,1.3110413644084947e-29,7.313216108389234e-31,5.532990438457982e-30,6.642340877643252e-19,1.028137310495033e-18,1.461949359024066e-16
3.22e+22,0.00014099993890346433,0.9998588517011159,4.884845912845293e-08,8.978660463929826e-09,9.053286108158143e-08,4169.200155150281,0.012076498874975358,0.5607866218111056,8.108330774655048e+17,2.6896932875555004e+25,5.199457298705265e-15,8.912599450927506e-30,1.0187926115767675e-29,4.1654889884782255e-31,3.15145626897897e-30,6.995144192751625e-19,1.0780390061389236e-18,1.4947849560931522e-16
3.22e+22,0.00012475335749871026,0.9998751818647721,2.142963751794692e-08,4.811211193946481e-09,3.8536880585687004e-08,4606.22464435087,2.3184228843760306,0.5654341526189445,2.8564913209869806e+22,2.6708045865211535e+25,5.2550645360702955e-15,1.4925310605081673e-29,6.495958982918561e-30,-3.458962625330981e-31,-2.6192394667977614e-30,7.920742686436062e-19,1.209032140327607e-18,1.584908136212476e-16
3.22e+22,0.00013832972051069396,0.999861503332202,5.51805950354225e-08,9.279208156824777e-09,1.024874840093115e-07,4035.488387296689,1.7699583556530784e-12,0.5605452122972479,112295915.19155225,2.689885514260081e+25,5.195749976254029e-15,9.531771007470552e-30,1.47946393425079e-29,8.216076042637148e-31,6.216199474614816e-30,6.741703772016481e-19,1.0422072035953442e-18,1.4713446831517513e-16
3.22e+22,1.3140008159515975e-05,0.999986857277285,9.165879370255962e-10,8.468957181802815e-11,1.7132781545893268e-09,3506.8770548520615,10.077456768552562,0.6245101560820978,9.092035592902849e+23,2.4631203617794334e+25,5.958351868471741e-15,1.2322565631828666e-30,5.21422766712249e-31,-2.28987928357498e-32,-1.7337663251832705e-31,6.609704701964972e-19,1.0371852149839422e-18,1.5974433383220019e-16
3.22e+22,5.6324752152745934e-05,0.9999436286522706,1.6032817679153042e-08,1.316977294362668e-09,2.9245781627137823e-08,3431.358030968976,5.2293293782306165,0.5784115608350305,2.10429672430065e+23,2.6123495468827974e+25,5.396103087527738e-15,3.457825247391195e-30,6.598890401815274e-30,4.19075069816982e-31,3.169661398519935e-30,5.889299398965344e-19,9.243966893259787e-19,1.4240798091196095e-16
3.22e+22,0.0001963632802871561,0.9998035506798694,2.9324945455259293e-08,7.471301332453324e-09,4.924359683859139e-08,5091.794387529028,2.267075330419089,0.5661444469671771,2.6443600380239603e+22,2.670866475177429e+25,5.266706451869007e-15,3.7283240441790517e-29,1.4437182942013684e-29,-1.1240701853632145e-30,-8.514016898533266e-30,8.96494270647455e-19,1.3548625158971595e-18,1.6741416659740796e-16
3.22e+22,8.28318771057926e-05,0.9999170811929179,2.9369433361771678e-08,3.2082966051190804e-09,5.4352246240926744e-08,3623.3251491734195,0.24865901461544967,0.5598483495034359,8.849407659981801e+19,2.690252704404229e+25,5.184867799740925e-15,7.359229174946756e-30,1.4964047243700805e-29,9.76174903376525e-31,7.384726638845314e-30,6.012703552632825e-19,9.386676419909672e-19,1.401623729061504e-16
3.22e+22,0.00021075266503301976,0.9997890250050329,7.305150892170037e-08,1.5692059419006494e-08,1.3358636577837954e-07,4481.67487450857,1.9658104829557694e-12,0.5613499721797748,-54536861.3977556,2.6892459700536485e+25,5.208110112293903e-15,1.0119139165085149e-29,1.8667623788941206e-30,-4.727859632683505e-31,-3.5787893418458674e-30,7.598881115335022e-19,1.163085402554315e-18,1.5496281855308444e-16
3.22e+22,0.0001396729586324412,0.9998601859876978,4.6410975185325634e-08,8.66977745634195e-09,8.597291721939985e-08,4196.554622765542,0.10915816124736315,0.5608445150144202,8.771830114075138e+18,2.689611691278976e+25,5.2003115246419116e-15,8.852456313069919e-30,9.296094003303349e-30,3.3411866556349242e-31,2.527733615736007e-30,7.048234728549924e-19,1.0855362532188881e-18,1.499658306426666e-16
3.22e+22,0.00015983287851423792,0.9998399771727697,6.251664122240507e-08,1.1520558576485978e-08,1.159115162983091e-07,4173.2627370296295,1.830406492569842e-12,0.5607934518254266,64424620.63703605,2.6896881338492782e+25,5.199561812062543e-15,9.601796457723448e-30,1.178467348577569e-29,5.25993892940638e-31,3.979585175940361e-30,6.998450734982428e-19,1.0785069131484698e-18,1.49519925717459e-16
3.22e+22,0.0001620172397807327,0.9998378105362504,5.65950895648752e-08,1.1035899181427232e-08,1.045929801575824e-07,4273.273962606253,1.8742352369729934e-12,0.560974087754079,27477815.805995513,2.6895446909097864e+25,5.202336639288487e-15,9.377163183456587e-30,8.290818075810594e-30,2.0203516792938333e-31,1.5282362323542206e-30,7.192600665699267e-19,1.1059011381788692e-18,1.5129163150314893e-16
3.22e+22,0.00029868160623029645,0.9997010136936606,1.0108808745097431e-07,2.38751237810975e-08,1.797368977673888e-07,4762.6069473538,2.2793020724211472,0.5655956783190652,2.628188050549447e+22,2.671154782711754e+25,5.2579575317520305e-15,9.235133784089878e-30,-1.7877844366749103e-29,-2.3455324586921603e-30,-1.775468012656372e-29,8.219176104990759e-19,1.2508216683748532e-18,1.6113749206350837e-16
3.22e+22,0.0003107080189781706,0.9996891190067608,6.000529622359085e-08,1.574550106087455e-08,9.722346383571143e-08,5261.947676344376,0.06592505920340717,0.5627660656201375,-2.80278780435227e+19,2.6881099680631485e+25,5.2298663313570236e-15,4.458204606026575e-29,5.689968370862172e-30,-2.5138165337381112e-30,-1.9036952185711894e-29,9.287425365052583e-19,1.3988784200339029e-18,1.6939342885475274e-16
3.22e+22,0.00010231746525154996,0.9998975511259578,4.437107425673205e-08,4.927148009362885e-09,8.211056821808943e-08,3633.861371437308,1.5937316260742399e-12,0.5598222386666836,233349703.0052547,2.690460645401171e+25,5.1846512770786226e-15,1.0213257110387682e-29,2.1875577285760815e-29,1.459062240442736e-30,1.1037877341987044e-29,6.026160624400765e-19,9.40577491345138e-19,1.402967365433163e-16
3.22e+22,0.00010182107166515633,0.9998980481554018,4.417371109339142e-08,4.857878289587505e-09,8.174134362267509e-08,3627.438466148522,1.5909225457295053e-12,0.5598106886189753,235059668.35904193,2.690469838697904e+25,5.184474010239838e-15,1.0216994396923652e-29,2.1938324491823354e-29,1.4648327640705374e-30,1.1081506188603382e-29,6.015153536475289e-19,9.390084473339982e-19,1.401890902643457e-16
