n0,ne/n0,(Ar)/n0,(Ar*(1))/n0,(Ar*(2))/n0,(Ar*(3))/n0,Tg,E,energy,mobility,diffusion,C0,C1,C2,C3,C4,C5,C6,C7
3.22e+22,0.0008810652654320017,0.9991186287560155,1.4604915797881973e-07,4.203192544297021e-08,1.1789746890460909e-07,6954.243930858731,0.5166793037044161,0.915519629906913,1.0396806386468297e+20,2.071625088799804e+25,1.0312331033349152e-14,8.446858218536538e-25,6.509042889813395e-25,7.670552720561066e-29,6.754242395873007e-28,7.272539265875519e-17,9.54541947357888e-17,3.946513827300704e-15
3.22e+22,0.000529714248495989,0.9994700823109914,8.097759681640949e-08,2.240608480684271e-08,1.0005683112510752e-07,6102.208712058329,0.3238709326726397,0.9125633897558518,1.161324636649334e+20,2.0730986042383776e+25,1.0261291514163508e-14,3.780308738552241e-25,2.8164322277021053e-25,1.156972367765839e-28,3.489373154755537e-27,6.574906663867451e-17,8.697755271300146e-17,3.757873427289042e-15
3.22e+22,0.0009119886161777132,0.9990877072807264,1.5548216893375418e-07,4.7330925876604444e-08,1.01290001067999e-07,7206.7700488505725,2.8549692329004857,0.919814889400388,1.704346777436598e+22,2.057724199768069e+25,1.0372378046124822e-14,1.0537540059680544e-24,8.197095324483188e-25,6.291221188590353e-29,-6.41010097943149e-28,7.516234863175216e-17,9.843801654806854e-17,4.019947184679829e-15
3.22e+22,0.0007636066445841249,0.9992361325255978,1.1866663131043409e-07,3.351378341537872e-08,1.0864940345729821e-07,6731.794358597187,0.8075076708736821,0.9149357615983642,4.218058535132108e+20,2.071229685690215e+25,1.0301444319722775e-14,6.927630558358721e-25,5.29264260488715e-25,8.353527464712759e-29,1.4558566397223808e-27,7.089273998337588e-17,9.323312693637555e-17,3.8979164330585525e-15
3.22e+22,0.00043090290086022793,0.99956891232536,6.924878770309475e-08,1.8988093316730637e-08,9.653689886707396e-08,5778.015211810376,0.08258724371009382,0.9114247462972926,3.357970663078579e+19,2.073725618829071e+25,1.024175995422485e-14,2.691560156094183e-25,1.9793899799911742e-25,1.3465460051789177e-28,4.387420877115833e-27,6.318179575684167e-17,8.384726537517846e-17,3.687058495938328e-15
3.22e+22,0.0022598175948930713,0.9977387197214335,8.619326890917569e-07,3.415194903040694e-07,2.5923149409736934e-07,8513.25340886199,6.2733914096721,0.9372714519834734,1.5012950742796849e+23,2.0131727148275754e+25,1.0622763285628779e-14,2.8528361104946072e-24,2.3178453092068977e-24,-1.5292894235889583e-28,-1.8874102685377156e-26,8.744673555934576e-17,1.1338791728792866e-16,4.375235913230297e-15
3.22e+22,0.0009933526556628175,0.9990062850174187,2.0348330374395498e-07,7.033100843722192e-08,8.851260632026826e-08,7587.8464515272435,5.14829228620498,0.9289039021913175,9.295002005562531e+22,2.0305561829191413e+25,1.0498194846325362e-14,1.4492906779139002e-24,1.1431693204170401e-24,6.227623098463148e-29,-2.498052465966869e-27,7.91106193935495e-17,1.0328771329539513e-16,4.144440436199366e-15
3.22e+22,0.001099910133523508,0.9988996793852818,2.2250381911718894e-07,7.232444342911337e-08,1.1565293221340508e-07,7509.244604468834,0.7266184704220262,0.9175305123033839,3.4823320926633447e+20,2.070367860097206e+25,1.0346887682724309e-14,1.3468051308043093e-24,1.0592318172220074e-24,6.910937737138811e-29,-1.7644938754362337e-27,7.749609392893332e-17,1.012301172937796e-16,4.072930669483511e-15
3.22e+22,0.0008599267512877023,0.9991397785982927,1.403447780219838e-07,4.0379265657590755e-08,1.1392637597771663e-07,6937.9667321461575,1.0389879917454774,0.9158214307519725,7.775401918224842e+20,2.0701703211464927e+25,1.031604176810324e-14,8.331388450803044e-25,6.415970628970784e-25,7.572510121753172e-29,6.847911913438206e-28,7.262235376003153e-17,9.533260140341036e-17,3.944659042210445e-15
3.22e+22,0.0016874383382418138,0.9983117499617825,4.514303480911514e-07,1.5095522966911958e-07,2.0931439779799718e-07,7895.502748110693,1.0010715507808887,0.9190018334124658,3.273953424312838e+20,2.068995243844985e+25,1.0371614054381878e-14,1.8094896613414126e-24,1.4417297683478046e-24,1.2159944957502669e-29,-6.2404516383765654e-27,8.067054534518221e-17,1.0506215331719982e-16,4.156408519056801e-15
3.22e+22,0.0005895649332075965,0.9994102199456366,8.882810082147659e-08,2.4656190393189597e-08,1.016368645775673e-07,6284.132436671365,0.19808638202529721,0.9131508691048876,5.344001817753828e+19,2.072967659308121e+25,1.0271601429820383e-14,4.5346155370972715e-25,3.403274136908496e-25,1.0517213965203492e-28,2.9324804651095713e-27,6.721022438682067e-17,8.875607061719567e-17,3.797708143528764e-15
3.22e+22,0.00107582537141315,0.9989237774344256,2.0216482949207328e-07,6.067969629900391e-08,1.3434963540538193e-07,7270.06083606609,0.5539498877403531,0.9166045580698488,7.56462983463176e+19,2.071116205786891e+25,1.0331148385989679e-14,1.105780844351357e-24,8.621853318893507e-25,6.591671981019623e-29,-7.661692393624168e-28,7.53772496312935e-17,9.866570064729654e-17,4.016923964774638e-15
3.22e+22,0.0004433278286296485,0.9995564863748652,7.024866423980394e-08,1.930022846782528e-08,9.624761258165705e-08,5827.702243725642,0.04055607979135999,0.911590773516731,1.587401618822776e+19,2.073666464959475e+25,1.0244642666723693e-14,2.839330815290443e-25,2.092074642960489e-25,1.306961897241098e-28,4.219879919960015e-27,6.357293942563267e-17,8.432454900469377e-17,3.69787793637626e-15
3.22e+22,0.0013487892603743664,0.9986506460819335,3.080388213915037e-07,1.0015096265267037e-07,1.564679081715446e-07,7660.23455389404,2.114814635981745,0.9197384125397582,5.776079814391425e+21,2.0632240919905424e+25,1.0377909946296467e-14,1.5164419454815777e-24,1.1988289016661388e-24,4.5312853429445394e-29,-3.4593164974567555e-27,7.884630356282424e-17,1.0287583629767579e-16,4.112699987013289e-15
3.22e+22,0.000742746011007288,0.9992570246409647,1.2727946380356528e-07,4.362508318482235e-08,5.844348109745255e-08,7368.084775814285,6.098434408141741,0.9326003663938329,1.4818841987348565e+23,2.0172904251431143e+25,1.0544438933108889e-14,1.2204795651805446e-24,9.55258593739397e-25,6.270455688028184e-29,-1.3713865406726426e-27,7.760678897329175e-17,1.0151468810636933e-16,4.117146398287953e-15
3.22e+22,0.0010984920430797517,0.9989008951796235,3.7503118845769914e-07,1.6645884522033788e-07,7.128726323395032e-08,8191.969432646783,9.51836849786824,0.9565843511477539,4.22047556847261e+23,1.959276317963956e+25,1.0881060224080943e-14,2.3405871400013365e-24,1.8851791501494196e-24,1.0111008456408014e-28,-6.280592416653731e-27,8.68567185493606e-17,1.1290695793170354e-16,4.420108162532873e-15
3.22e+22,0.001293704017616125,0.9987057434436503,3.133562318337401e-07,1.0975222638868855e-07,1.2943027526626026e-07,7800.275080833563,2.2762993465601737,0.920559874215896,1.0222963228642218e+22,2.0617455824946314e+25,1.0390830207640463e-14,1.6940351640701534e-24,1.3458435655012474e-24,6.467178710272795e-29,-3.7259735136879646e-27,8.017004135146755e-17,1.0447834759820804e-16,4.1480255858196246e-15
3.22e+22,0.00019816314186172428,0.9998017997794728,1.440382257946237e-08,3.998690469325783e-09,1.86761526381552e-08,5852.28497790111,6.43588089875599,0.9291890253304375,1.6621832018116123e+23,2.014318307763635e+25,1.047781694759746e-14,2.9767285203475645e-25,2.186230575083023e-25,2.6773628697693124e-29,5.584350854137034e-28,6.510767060905313e-17,8.635337758514602e-17,3.785436762482904e-15
3.22e+22,0.0006489669163741559,0.9993508061372555,9.728988313413444e-08,2.712151287371889e-08,1.0253497445885087e-07,6459.967410794829,0.71583641513706,0.9139540941035373,3.72967793329103e+20,2.071859000433096e+25,1.0284651077702547e-14,5.3780556748366685e-25,4.064766775567653e-25,9.476699366355093e-29,2.334863578632148e-27,6.865554112936351e-17,9.051553127859678e-17,3.837461981257235e-15
3.22e+22,0.000311120244842039,0.99968882042062,2.6451887730779764e-08,7.704252260530685e-09,2.517839801146794e-08,6390.1071898179,9.390255724890379,0.9494695859485707,3.829679916633353e+23,1.964161922813331e+25,1.0759645081788881e-14,5.225235815161756e-25,3.9344917026152626e-25,2.3625770164572436e-29,-1.0152042402610996e-28,7.091672088621761e-17,9.360774989917298e-17,3.996732930173009e-15
3.22e+22,0.0005178569621126124,0.9994818789110594,9.885038541662608e-08,2.7159057319893385e-08,1.3811738510347975e-07,5786.8545731605955,0.556359099137983,0.9115649756645894,2.4813103507677187e+20,2.07315773446567e+25,1.0243574940794939e-14,2.711343561457398e-25,2.0000782341590006e-25,1.886420900830285e-28,6.271846950693243e-27,6.317542268852879e-17,8.383855498694086e-17,3.6871383598757896e-15
3.22e+22,0.000921307766601156,0.9990783815026065,1.5790007626042003e-07,4.779507216240095e-08,1.0503564378991303e-07,7187.341730752625,0.7019670140986329,0.9164224445502278,3.55518941631863e+20,2.0708773043521704e+25,1.0327627056986597e-14,1.033562895503327e-24,8.034300205696411e-25,6.989899053733742e-29,-3.131710562856276e-28,7.474242141001473e-17,9.78992351934693e-17,4.000343104995698e-15
3.22e+22,0.0008090931429761601,0.9991906308839255,1.2840318367118996e-07,3.6553711183071105e-08,1.1101620350382305e-07,6832.504071837484,0.916128164215021,0.9153589944149756,5.6615380648361204e+20,2.0707505956393067e+25,1.0308450494974601e-14,7.587059412774919e-25,5.819156838113095e-25,7.957426548265076e-29,1.089901303647003e-27,7.173479167082034e-17,9.425546128745633e-17,3.920686272398222e-15
3.22e+22,0.001838174261379171,0.9981607009899923,6.713094554952083e-07,2.759354962748174e-07,1.7750367669467447e-07,8420.518508938016,7.40531159008148,0.9432712048939628,2.334828132293343e+23,1.9955179217868377e+25,1.0702507566783043e-14,2.7033939720006535e-24,2.191274045204791e-24,-3.9610508690450544e-29,-1.3762586117277094e-26,8.738155260800227e-17,1.1337920138805847e-16,4.391468239892725e-15
3.22e+22,0.0025014906993972193,0.9974969275909257,9.093026329886345e-07,3.3162776633652535e-07,3.407792779286292e-07,8417.050597994003,0.7005920712751199,0.9204848534987615,3.510124759297427e+19,2.0692121071778604e+25,1.0398428844719396e-14,2.620612993591615e-24,2.122197354951288e-24,-1.4996566207264067e-28,-1.7181152796751002e-26,8.496209600644517e-17,1.1022857759190141e-16,4.266987611882104e-15
3.22e+22,0.0017515759687811603,0.9982475567853629,4.864556653852148e-07,1.654061843891855e-07,2.1538400627223982e-07,7965.8708131921,1.8456884135487388,0.9202860649525638,3.2264935174391873e+21,2.064644674010481e+25,1.0389462244995398e-14,1.908719386350506e-24,1.5243079054955153e-24,2.7599548726634077e-31,-7.235597758219781e-27,8.136005245650558e-17,1.0590365106718139e-16,4.177016338040346e-15
3.22e+22,0.0005959691277327728,0.9994038696176022,7.725495122735252e-08,2.2840342256873608e-08,6.115937160116281e-08,6810.034584981895,4.099315107556449,0.9221923140548466,5.18619895520555e+22,2.045011176857448e+25,1.0398057909070303e-14,7.502332779462754e-25,5.747508446919799e-25,5.614460466750071e-29,3.056912787041713e-28,7.215214217218167e-17,9.482598023346499e-17,3.9495217352845e-15
3.22e+22,0.0005739505862423394,0.9994257999308448,1.5486428973012805e-07,6.855787237734276e-08,2.6060750765546052e-08,7758.045231174975,11.594688147762689,0.9714622351789622,6.116034152048702e+23,1.9208868673166221e+25,1.1081795192234326e-14,1.722760128230203e-24,1.3685219602629706e-24,1.0787811208646952e-28,-2.287173236927035e-27,8.454236830077138e-17,1.1030939426538119e-16,4.412790814973921e-15
3.22e+22,0.0015269156888066894,0.9984723490401066,4.2383954042761176e-07,1.5384912325699516e-07,1.5758242300604696e-07,8006.107876912932,2.292954719400064,0.9212796433093516,1.006118235128345e+22,2.0613405368113115e+25,1.0403270257347799e-14,1.9758186362504118e-24,1.5804243008903618e-24,4.9634488959696065e-29,-5.885747200279563e-27,8.192920497294999e-17,1.0660006637508389e-16,4.193813657875297e-15
3.22e+22,0.0018458224349310003,0.9981530727499552,6.567404385706744e-07,2.6517790192349906e-07,1.828967731132473e-07,8385.31583295734,7.012067613953529,0.940863402485357,2.0283539696924563e+23,2.0019079408106003e+25,1.0669499137408818e-14,2.6318759969647965e-24,2.130851633633056e-24,-4.139032645513919e-29,-1.3328876575282e-26,8.683770678703352e-17,1.1269958713365676e-16,4.3708705605762525e-15
3.22e+22,0.0007867923315039338,0.9992129369187032,1.24027435878704e-07,3.508564487875924e-08,1.1163671215226412e-07,6766.7866001473485,0.40399765006881877,0.9148395653192172,7.85191185130081e+19,2.072073868819367e+25,1.0300697272111942e-14,7.148780572280738e-25,5.469164571082897e-25,8.349746356669093e-29,1.3793799184386158e-27,7.116298516689523e-17,9.355908918778033e-17,3.90463084785033e-15
3.22e+22,0.0025705628808975756,0.9974278155027679,9.236250918064459e-07,3.281111104853404e-07,3.698801321361118e-07,8377.773429540717,1.5897933365086478,0.9212209731746128,1.5958828860424853e+21,2.0656287097252032e+25,1.0407355374488367e-14,2.5455686247426672e-24,2.058555314581483e-24,-1.8886560365357386e-28,-1.803176429846529e-26,8.460166277274699e-17,1.098019422432952e-16,4.260066294461984e-15
3.22e+22,0.000741913552679522,0.9992578372628588,1.1322183791421064e-07,3.200109188096296e-08,1.0396153182031354e-07,6716.683538839222,1.2138801489691813,0.915246018764147,1.383881785735704e+21,2.069765010272845e+25,1.0305286799844767e-14,6.836895242822951e-25,5.22001104185048e-25,8.153349375755986e-29,1.416549843589883e-27,7.080233388640895e-17,9.312675477319489e-17,3.8963907305050896e-15
3.22e+22,0.00042910538355446634,0.9995707901932203,4.580842393736659e-08,1.3030621966112135e-08,4.55841794310155e-08,6439.082652922221,4.396152776271782,0.922009991456609,6.382797930182537e+22,2.0418998013733628e+25,1.0390379651803558e-14,5.32791308803011e-25,4.019631114452529e-25,4.980363162278793e-29,7.799609331524665e-28,6.917086885434194e-17,9.121616414655237e-17,3.872099762717958e-15
3.22e+22,0.0016566915020873492,0.9983423228754773,5.912786262243947e-07,2.465715141388464e-07,1.4777229485922796e-07,8366.703512583945,7.154535001960565,0.9416769667470284,2.1891660270141465e+23,1.9995316175594855e+25,1.0680235005905624e-14,2.6053266327064554e-24,2.1086525532686195e-24,1.8328149477228398e-29,-1.1030944623830282e-26,8.683585212177255e-17,1.1270756325973967e-16,4.373181827990676e-15
3.22e+22,0.00030414932153471176,0.9996957849061957,2.7162950391989746e-08,7.631970705293493e-09,3.097734848420706e-08,6155.689346881037,5.232978280014773,0.9244362371143905,1.0076578434883459e+23,2.031332942646848e+25,1.0418584013362411e-14,4.049765369797182e-25,3.0172273738799417e-25,3.9121082839077015e-29,7.48165423189619e-28,6.712141453834622e-17,8.875415930410993e-17,3.825265426465066e-15
3.22e+22,0.0003524217379200204,0.9996474538080102,4.6755433702868767e-08,1.2804234229788283e-08,6.489440166696421e-08,5773.505407915913,2.1131718009797447,0.9133755543639741,8.764130791146999e+21,2.065801665445591e+25,1.0267249143665103e-14,2.6879206999510944e-25,1.9720653022868936e-25,9.087716802783215e-29,2.857022302218373e-27,6.333527066424426e-17,8.405230992586599e-17,3.696148199281798e-15
3.22e+22,0.0002522100848559165,0.9997477320562732,2.2397404093025574e-08,6.188384373547008e-09,2.9273082369897925e-08,5878.416115898301,8.685715087207036,0.9427917562935313,3.1750160120000024e+23,1.9774177463771373e+25,1.066177917619808e-14,3.1019072228264562e-25,2.2820725565349327e-25,2.684530274095069e-29,5.356519611431424e-28,6.629148058832317e-17,8.792509536457892e-17,3.855841911896778e-15
3.22e+22,0.00012377114416774312,0.9998762149371048,5.9798528421252595e-09,1.7689095114578917e-09,6.169965204194961e-09,5994.163947300298,12.686009393791924,0.9747509760963946,6.643899258909684e+23,1.9022458372558535e+25,1.1106706200644287e-14,3.628086690294496e-25,2.685130752597404e-25,1.2088795166703775e-29,-9.228441584897945e-29,6.988582872478572e-17,9.264393261125438e-17,4.0530690132690605e-15
3.22e+22,0.001381519159932696,0.9986178967191258,3.1496739775411725e-07,1.0042110003768766e-07,1.6873244367431025e-07,7625.221614117502,0.41686770008273394,0.9177394398075651,-2.0656920599044514e+19,2.070871589483463e+25,1.0351184375941193e-14,1.471855941210491e-24,1.1621357456172396e-24,4.60934591186015e-29,-3.2062727658730905e-27,7.836752392240076e-17,1.0227963153215951e-16,4.09539492970735e-15
3.22e+22,0.00036812496278901236,0.9996317579023268,4.528473232667009e-08,1.2476837445931408e-08,5.937331423072194e-08,5920.963478147436,2.5854117232146328,0.9148406973426298,1.521404624052453e+22,2.0618638311142115e+25,1.0288554505412406e-14,3.14964374572509e-25,2.324775063417331e-25,7.726233557512342e-29,2.2872748970525995e-27,6.45752871482894e-17,8.557332038613841e-17,3.7327966442472256e-15
3.22e+22,0.00041477997454830885,0.9995850988028758,4.915666127714602e-08,1.365658180082662e-08,5.840933274936661e-08,6144.955666413787,6.0139950315489425,0.9280327985275918,1.3654241590112723e+23,2.020186722264952e+25,1.046613625926713e-14,4.0140956946945272e-25,2.9911014349949515e-25,5.412683556426325e-29,1.2813408182800982e-27,6.723792145178966e-17,8.892791992347596e-17,3.838092332796061e-15
3.22e+22,0.0005442475250367145,0.9994555478848887,8.232538275664946e-08,2.280189583308987e-08,9.946279604967007e-08,6156.313220551813,0.07403984085602064,0.9127037971771372,2.1750004752517763e+19,2.073205918993233e+25,1.026391255688957e-14,3.993115218303783e-25,2.981376828110926e-25,1.1154739227023753e-28,3.293024903644056e-27,6.618180413228024e-17,8.750423256406386e-17,3.7696114172169814e-15
3.22e+22,0.0023827895276306004,0.9976157199210725,8.623993593351857e-07,3.206233717482671e-07,3.075285659612801e-07,8415.775291729058,3.756106037244645,0.9263800271083356,3.3958944564579645e+22,2.046831663433877e+25,1.0476076195516851e-14,2.6358476099036353e-24,2.1346336891720896e-24,-1.5196107835941965e-28,-1.732868497366371e-26,8.552121562642384e-17,1.1096024870963224e-16,4.2967850187073176e-15
3.22e+22,0.0008822735053675482,0.9991174362625902,1.5589344497423207e-07,5.056022677117466e-08,8.377837042759096e-08,7352.7433849605295,4.388337163341467,0.9250627482101816,6.029487824753943e+22,2.040771429608817e+25,1.0443814128004548e-14,1.1959135272980146e-24,9.353571975080097e-25,6.059174296578091e-29,-1.3419130533668444e-27,7.68237782687998e-17,1.0049374076257896e-16,4.076231201557568e-15
3.22e+22,0.0015544095623285816,0.9984446395750874,5.750151260309582e-07,2.4836223060070314e-07,1.2748522739010008e-07,8393.836531887924,8.407898292565495,0.9495188846848293,3.204512128240304e+23,1.9786686966534767e+25,1.078701873442858e-14,2.675523841460786e-24,2.167737405990422e-24,3.2863089807585853e-29,-1.0984643656568348e-26,8.785006801313043e-17,1.1401428198111882e-16,4.422100894392611e-15
3.22e+22,0.001277452115110682,0.9987218787403902,4.030704577849477e-07,1.673068185463587e-07,9.876722282905854e-08,8158.221280212768,7.349038909840894,0.9421420236852153,2.3527416590688906e+23,1.9966234570916297e+25,1.0683667355401028e-14,2.2535168607382575e-24,1.8123850643070453e-24,7.6628771575453e-29,-6.612410460129693e-27,8.515769577354258e-17,1.1069984608123769e-16,4.333217471447055e-15
3.22e+22,0.0006022453810345885,0.9993975363781337,9.075759452487569e-08,2.520739375520896e-08,1.0227584350632991e-07,6318.345109751739,0.36023154621786396,0.913306123566314,1.1120960175871884e+20,2.0727545425313676e+25,1.0274124395410815e-14,4.689457096440672e-25,3.52435334363812e-25,1.0345114777382016e-28,2.831108071190544e-27,6.74891527750417e-17,8.909573660202223e-17,3.8053961465447614e-15
3.22e+22,0.0002802437642803023,0.9997197083796011,2.4344933859637796e-08,7.871636956041049e-09,1.563954766679805e-08,6654.495715001164,11.281040453619397,0.9649974949863918,5.547687994265742e+23,1.9285683922016223e+25,1.097773632906906e-14,6.80294120784153e-25,5.1824923759151475e-25,2.770518723381864e-29,-4.376333104296872e-28,7.443852184000979e-17,9.804563856120982e-17,4.1371243905229995e-15
3.22e+22,0.0013027662082093316,0.9986965708693721,3.967602740054877e-07,1.6083125719761514e-07,1.0533088726180197e-07,8120.727066056786,7.553437842926027,0.9431778399571873,2.485980366142637e+23,1.9934803253138087e+25,1.0697245060678113e-14,2.194139392459826e-24,1.7623930883517184e-24,5.769902119781001e-29,-6.898564550779882e-27,8.490533269285891e-17,1.1040823784973665e-16,4.330205547255529e-15
3.22e+22,0.0006713414760985513,0.9993284687306093,9.411122238212814e-08,2.8379510328813207e-08,6.730255926803311e-08,6965.647576855278,5.1544619842856205,0.9268622538512428,9.540325415351645e+22,2.031197613701972e+25,1.0462014163980148e-14,8.640716010650748e-25,6.660418718921395e-25,5.177084052818601e-29,-2.616330234094499e-28,7.3765793928842e-17,9.682092302059428e-17,4.003516128014954e-15
3.22e+22,0.0004946279491003918,0.9995052388559821,7.652070807023957e-08,2.802054095106733e-08,2.8653668407273895e-08,7251.5047087149915,9.803327329049383,0.9554785319399193,4.3369142079007445e+23,1.955363539279575e+25,1.085336363906918e-14,1.13320760733016e-24,8.836020802265637e-25,5.63489711163888e-29,-1.184431318433027e-27,7.861640965886954e-17,1.0298100660251522e-16,4.211834436557585e-15
3.22e+22,0.0005208901710983349,0.9994789790180122,7.134196074898615e-08,2.4186818409012098e-08,3.528211037871595e-08,7120.010102148394,7.363584760886103,0.9386765866066571,2.3612693179690597e+23,1.9979100063414846e+25,1.0622648078430304e-14,9.989871518980708e-25,7.748034196393253e-25,5.419217174767746e-29,-7.005808345607038e-28,7.605597920015961e-17,9.970800263358271e-17,4.0956387264444886e-15
3.22e+22,0.0001902805393044218,0.9998096932882706,1.205098649656008e-08,3.669709845477875e-09,1.0451728635647798e-08,6291.775903369964,12.196260257596826,0.9714813256884203,6.271256313666063e+23,1.9113997162130417e+25,1.1064129460943954e-14,4.8661416416395885e-25,3.6503942751750297e-25,1.706641106777701e-29,-2.274801727180725e-28,7.201836044684069e-17,9.519173290962137e-17,4.09697976500956e-15
3.22e+22,0.0004538195852698941,0.9995460770291291,5.153083794874938e-08,1.608051902789215e-08,3.5774244000752316e-08,6795.872028408009,8.257591338114244,0.9431277271933336,2.9529726072090726e+23,1.9834030297112597e+25,1.0678368144172874e-14,7.559822871845521e-25,5.789324497951225e-25,3.5397252861970955e-29,-4.326678857780274e-28,7.371000230502196e-17,9.692056121760495e-17,4.049131562910679e-15
3.22e+22,0.00048526969210125866,0.9995145366632031,7.51110693201509e-08,2.072396380694151e-08,9.780966265448319e-08,5968.343504099086,0.08547035469837119,0.9120685063329763,2.994151847929555e+19,2.0734620823203246e+25,1.0252901671984983e-14,3.293813581557218e-25,2.4406811022113734e-25,1.2261864357809406e-28,3.842239607702919e-27,6.4682578014087e-17,8.567774018398734e-17,3.728489843669151e-15
3.22e+22,0.0006174423888311562,0.9993823377636174,9.24751394833697e-08,2.571622785860558e-08,1.0165618414268442e-07,6371.738765512265,0.6312292882261945,0.9136051333261168,2.9607024359702495e+20,2.072188914524148e+25,1.0278807799324549e-14,4.940486329409406e-25,3.720880916000542e-25,9.942742943163759e-29,2.6219856402561886e-27,6.793288429458701e-17,8.963650047205209e-17,3.817746101477215e-15
3.22e+22,0.0005173207876688585,0.9994824786999597,7.924846365105654e-08,2.191275982733274e-08,9.935114811461802e-08,6066.620136006446,0.1826604567997892,0.91241195705303,6.068862873824255e+19,2.073278781423403e+25,1.0258801731316613e-14,3.645524311989504e-25,2.712083741795485e-25,1.1746881490670011e-28,3.582923449045313e-27,6.546357224245551e-17,8.662953678999651e-17,3.74997173970545e-15
3.22e+22,0.0006759961847877416,0.9993237618561553,1.0402485341109881e-07,2.8996402461847937e-08,1.0893780096510739e-07,6480.77924527707,0.6339247715317916,0.9139750353975085,3.170813264890012e+20,2.0720238838261084e+25,1.0285202837337367e-14,5.483311120285764e-25,4.148187182981895e-25,9.788626980388971e-29,2.4129539169327487e-27,6.880917357537864e-17,9.07015673425444e-17,3.8414978500337705e-15
3.22e+22,0.0005090876677663014,0.9994907116029138,1.2440408943927903e-07,5.400371057726483e-08,2.232152003513018e-08,7641.643323030849,11.78315906455193,0.9726590623324175,6.258253408631736e+23,1.9173909034998154e+25,1.109707887306035e-14,1.5765799111403858e-24,1.2474139137056486e-24,9.802336120784197e-29,-1.8460509312334567e-27,8.363683032646119e-17,1.0923513684931272e-16,4.394514493502753e-15
3.22e+22,0.0003635210894448348,0.9996363756627743,6.28127512890711e-08,2.5378861673835456e-08,1.5056167880087594e-08,7284.130597117385,12.23301163126091,0.975293286712077,6.590559553181503e+23,1.9091403102461815e+25,1.1129639069823399e-14,1.187153907940623e-24,9.273499213350075e-25,6.790967753294188e-29,-1.004105086413898e-27,8.077199313664257e-17,1.0581812727493253e-16,4.3324055215011145e-15
3.22e+22,0.00047439664203949246,0.9995253909032715,8.025222654658175e-08,2.2056474220190765e-08,1.1014598829804901e-07,5828.6425354335,2.968614623836785,0.9154306937215781,2.2484311265373267e+22,2.0584933087660727e+25,1.0294737359430026e-14,2.8500720191325877e-25,2.101242657856191e-25,1.4018548565339098e-28,4.549640492835109e-27,6.380140466997337e-17,8.463476234825067e-17,3.713660026271451e-15
3.22e+22,0.0014193482865320346,0.9985800130523058,3.63068485849962e-07,1.2754305371765068e-07,1.480496224454737e-07,7879.2991542756845,0.7454037173867466,0.9187887510038344,3.0123768947296875e+20,2.06980882811971e+25,1.0368799426280143e-14,1.794489306267183e-24,1.4293709928123331e-24,5.992346360298484e-29,-4.4631516220732894e-27,8.066638585016601e-17,1.0505767740123274e-16,4.155732136052104e-15
3.22e+22,0.0005055077025865708,0.9994942954598598,7.736862649778022e-08,2.1381565644113515e-08,9.808736132472551e-08,6036.655882292778,0.06014846777433588,0.9122981664800152,1.981886423850188e+19,2.0733745030240813e+25,1.0256886737399519e-14,3.5353102786415958e-25,2.6268098694806836e-25,1.1820353981071142e-28,3.6339539842433936e-27,6.522595703393616e-17,8.633997228337196e-17,3.7434211563869226e-15
3.22e+22,0.00015489377551958724,0.9998450871514195,9.235831759186768e-09,2.939129617970872e-09,6.898099476728641e-09,6294.966279162447,13.053447268172183,0.9791300068675304,7.031096489697543e+23,1.8944770076559273e+25,1.1172024133211407e-14,4.923260707184797e-25,3.694805981139887e-25,1.8085154462211737e-29,-2.059113186145673e-28,7.274495408662373e-17,9.616475093501445e-17,4.1424158044447736e-15
3.22e+22,0.00019551105221112913,0.9998044584347031,1.269119637853732e-08,3.631538041279837e-09,1.4190351260094145e-08,6065.080632391578,7.999099573175875,0.9389555060077407,2.7573170858424817e+23,1.988909289985793e+25,1.0612204096255423e-14,3.7513664328146177e-25,2.783043516271665e-25,2.193465155646275e-29,2.201554131100507e-28,6.750299370902057e-17,8.93589784999988e-17,3.876356276643534e-15
3.22e+22,0.0007837825340390825,0.9992159643995361,1.2105966810098622e-07,3.520285207740647e-08,9.680390452498111e-08,6909.276357098345,2.07438358213966,0.9171539811948447,8.454091134822542e+21,2.064474948303439e+25,1.033305094471162e-14,8.141457924224007e-25,6.262325560887538e-25,7.023623503798915e-29,5.649988730183199e-28,7.251984756974102e-17,9.5221668549771e-17,3.9455005826541255e-15
3.22e+22,0.001148434757513101,0.9988511291776706,2.2788295857344401e-07,7.021673280363414e-08,1.379651249536566e-07,7399.910158531712,1.3897320259288473,0.9177550183614654,1.597832584348181e+21,2.068006785108696e+25,1.034810964818149e-14,1.2313977807734336e-24,9.646407953390815e-25,6.000835186052885e-29,-1.538726820990811e-27,7.654011170650743e-17,1.000788896506442e-16,4.049382169340021e-15
3.22e+22,0.0012406517857388743,0.998758856333602,2.594395495313965e-07,8.053720247610299e-08,1.5190390698473455e-07,7476.873111959101,0.4378304492344613,0.9172501719170458,1.8673216305804946e+18,2.0710424084843912e+25,1.0342620462412914e-14,1.308894157691931e-24,1.028145398634559e-24,5.649005199728505e-29,-2.0304073564580417e-27,7.711714349277681e-17,1.007691656927266e-16,4.062627700844992e-15
3.22e+22,0.00044935242891436017,0.9995505425055136,4.8266766269588024e-08,1.4040026813715224e-08,4.275877911041847e-08,6593.5466428128675,4.983375562320191,0.9248524209824489,8.876304214251247e+22,2.034109499318093e+25,1.043024150108484e-14,6.178742941864342e-25,4.691718014869538e-25,4.694322208774759e-29,4.248077961566918e-28,7.06257785292506e-17,9.300531668611757e-17,3.917482879465636e-15
3.22e+22,0.0024241389460550504,0.9975742798411491,9.239408812173558e-07,3.56086777848074e-07,3.011851368822456e-07,8512.837382881738,5.069639730057142,0.9316100578320466,8.385126684393929e+22,2.030372152787202e+25,1.054692697127064e-14,2.8313389753947558e-24,2.2998542193924447e-24,-1.844362808458159e-28,-1.985927343442339e-26,8.6834259242077e-17,1.1259067612284844e-16,4.343819743293963e-15
3.22e+22,0.0007856101819202781,0.9992141494353332,1.2206332947975933e-07,3.7224871663897727e-08,8.10945453037318e-08,7114.070735095846,3.6841002464339523,0.9218378558762709,3.7215777367879307e+22,2.0493860115143724e+25,1.039772381788462e-14,9.770994033751738e-25,7.574516013405556e-25,6.069116150500142e-29,-3.9674296899599548e-28,7.458769364867936e-17,9.776455540261034e-17,4.010778324016435e-15
3.22e+22,0.0006751331737922126,0.9993246777441763,9.887780815433033e-08,3.141234774102855e-08,5.8791875639075994e-08,7131.857367256941,5.1829856937117285,0.9275210520678452,9.717558530515228e+22,2.0306837540596126e+25,1.0473322990235454e-14,9.980721352761927e-25,7.742759217757845e-25,5.693958212158708e-29,-6.085423537605859e-28,7.521773840351331e-17,9.858150617763482e-17,4.042383713992371e-15
3.22e+22,0.0025778274926625136,0.9974204760666758,9.829893514302144e-07,3.691375174190582e-07,3.443137926604093e-07,8507.67966813764,4.559004674692185,0.9294909064681526,5.864471066143041e+22,2.037116033975744e+25,1.0518530847007658e-14,2.8081922956041063e-24,2.2801578725200123e-24,-2.36358456078374e-28,-2.1539774669952212e-26,8.649133408279705e-17,1.121553172850099e-16,4.3294240074809456e-15
3.22e+22,0.00043177987753828425,0.9995680423535257,6.714646405840025e-08,1.8438176105898153e-08,9.218429593758525e-08,5819.374251398427,0.8269794980335509,0.9118632844361357,7.185589437415547e+20,2.0724286496185408e+25,1.0248086233789526e-14,2.8155290039107747e-25,2.073304560724325e-25,1.255587267539649e-28,4.04495205927675e-27,6.353477765950076e-17,8.428066150693975e-17,3.697559509334205e-15
3.22e+22,0.0019872096963167094,0.9980115885203867,7.097917070574721e-07,2.806136442388399e-07,2.1137794540220313e-07,8401.210075592651,5.446272654595637,0.9329526273231065,1.0714655652776504e+23,2.0252658439083135e+25,1.0563474543319778e-14,2.6397984998584177e-24,2.1379676599148565e-24,-4.844919181625041e-29,-1.3663921359046514e-26,8.62054931861202e-17,1.1185378005121016e-16,4.332090218355777e-15
3.22e+22,0.0017248319752053642,0.9982742905037695,5.027626456502147e-07,1.79955615638686e-07,1.9480276401926944e-07,8068.518128626374,3.0005274556904937,0.9230758836083636,1.823555875624297e+22,2.0551678070711843e+25,1.0427718339460192e-14,2.0667208415908232e-24,1.6562285852470115e-24,7.580501260148625e-30,-7.923374819990882e-27,8.251898343815815e-17,1.0732528646496951e-16,4.2133487641226975e-15
3.22e+22,0.0004642189772808207,0.9995355920272244,7.24302681775413e-08,1.994881689445049e-08,9.661640967965591e-08,5902.241429290025,0.02220442803539646,0.9118423684471698,8.208037923813393e+18,2.0735656972821557e+25,1.0248999493658742e-14,3.073365244414442e-25,2.271226988360455e-25,1.2586223870797269e-28,4.002871400127898e-27,6.41606246901948e-17,8.504137331223945e-17,3.7141050522154165e-15
3.22e+22,0.0004588261558814005,0.9995409956090179,6.881353232182668e-08,1.896922249383737e-08,9.045234590344452e-08,5938.67280330982,1.0019258194163312,0.9124081162309011,1.0953293055404453e+21,2.0716823908115145e+25,1.0256921354671196e-14,3.195849623429074e-25,2.364391265140142e-25,1.1532883713359727e-28,3.60853402050521e-27,6.449042460694034e-17,8.544748150241161e-17,3.724281087231349e-15
3.22e+22,0.0009053079520317924,0.9990943913639388,1.608913376349046e-07,5.177256581506583e-08,8.80201257956514e-08,7357.059864560974,3.7610447308231536,0.9229403793479234,4.209897486796249e+22,2.0480811494347715e+25,1.0415685707435745e-14,1.19774077764329e-24,9.369152316700224e-25,6.315764750745145e-29,-1.2622806176620533e-27,7.668559257782246e-17,1.0030597631527833e-16,4.066887276507094e-15
3.22e+22,0.0002887328510714829,0.9997111920791362,2.9008107368021924e-08,7.999343856980096e-09,3.8062341067298256e-08,5888.501620108234,4.058185293640372,0.9189372345056712,5.2150430367666825e+22,2.0467540120128136e+25,1.0342014837813693e-14,3.059115334345906e-25,2.252304085773512e-25,5.100888343016786e-29,1.3883983308796652e-27,6.464004460395816e-17,8.568939794273161e-17,3.745222643819072e-15
3.22e+22,0.000547372682845359,0.9994523927936347,9.16379452118829e-08,2.5327227619172318e-08,1.175583471505425e-07,6018.066461134036,1.7900940277359145,0.9136320581220146,5.764232836445984e+21,2.0676257489050765e+25,1.0273917559533845e-14,3.468502225247296e-25,2.5771854487153904e-25,1.3774512054983589e-28,4.33240826785801e-27,6.512942449051885e-17,8.623320708332572e-17,3.744201622716361e-15
3.22e+22,0.001289450642258294,0.9987098303796677,4.3599028957462087e-07,1.8705102198214195e-07,9.593676252806071e-08,8236.5517915008,8.77038897648084,0.9514195891502196,3.528474515646394e+23,1.9726139678082998e+25,1.0810892718775923e-14,2.402765477292796e-24,1.93752863047074e-24,6.895118513202639e-29,-7.836739298344763e-27,8.670692795206562e-17,1.1266564986584778e-16,4.400009415197318e-15
3.22e+22,0.000582398286981341,0.9994174511974673,7.643155874825018e-08,2.3796003749240725e-08,5.028798885993491e-08,6971.03543077982,6.784293460704453,0.934889892590463,1.8847105056841635e+23,2.007269725969294e+25,1.0569411348913429e-14,8.75155860922268e-25,6.747817970799946e-25,4.4644062044561546e-29,-5.48623343065063e-28,7.447120037474752e-17,9.775419465523795e-17,4.0442342371066285e-15
3.22e+22,0.0005220926488732821,0.9994777075051472,7.935416657389448e-08,2.195032277186305e-08,9.854149034546972e-08,6090.599786378795,0.03129213317882535,0.9124795704171191,9.787838414502195e+18,2.073304859841182e+25,1.0260034844642283e-14,3.7360701583212438e-25,2.7820298380423895e-25,1.1501841905946147e-28,3.476088634036139e-27,6.565622331244046e-17,8.686415001467724e-17,3.755219827559305e-15
3.22e+22,0.0014520795818271453,0.9985472864209166,3.4624999523854714e-07,1.1246334959281104e-07,1.7528391128928337e-07,7711.3905263936595,1.1681407979691074,0.9185503961635967,7.35083108377977e+20,2.068593300748815e+25,1.0363055040804793e-14,1.5746990868836142e-24,1.247012271718403e-24,3.881018437837216e-29,-3.99904086761485e-27,7.914557618164408e-17,1.0322399868693732e-16,4.117058495655788e-15
3.22e+22,0.000705333664201807,0.9992944501494946,1.0212587535768696e-07,2.9624276697933274e-08,8.443615147099439e-08,6827.210498076818,3.5166988218928736,0.9203717926117033,3.533308770195075e+22,2.0515160994445664e+25,1.037410918034958e-14,7.59588072821418e-25,5.823669782057043e-25,6.296439960469131e-29,5.090237925336496e-28,7.2107818609805e-17,9.475394386115339e-17,3.943424591497865e-15
3.22e+22,0.0018502900200729191,0.9981485654144956,6.837890855406799e-07,2.826240167299832e-07,1.7815232905266993e-07,8437.207869430773,6.989325600332229,0.9409478104364678,2.0505332472877802e+23,2.002104582182248e+25,1.0671329606579355e-14,2.729693932164481e-24,2.2137435433844342e-24,-2.7864763264881865e-29,-1.3543953196032745e-26,8.731659111940213e-17,1.1327520203434827e-16,4.382839734201188e-15
3.22e+22,0.0004466350766866027,0.9995531769699144,7.109574957215779e-08,1.9535810143841212e-08,9.732183934904738e-08,5831.065041613732,0.12040462200031074,0.9116071492584858,4.7424722445344285e+19,2.073638424985061e+25,1.0244901229650174e-14,2.8494080882398483e-25,2.099912317686673e-25,1.3181090868446613e-28,4.256848924998167e-27,6.359760861883645e-17,8.435464049361127e-17,3.698571977275267e-15
3.22e+22,0.001686403052100994,0.9983125530993359,6.284632939321341e-07,2.6745167005445405e-07,1.479335991172499e-07,8426.077164598371,8.11075287884641,0.947675699916179,2.9357967254783977e+23,1.9837324579370766e+25,1.0762347210001442e-14,2.728655234233104e-24,2.212654114670381e-24,1.1500795711032658e-30,-1.2487411252480436e-26,8.791303671312847e-17,1.1406788122582372e-16,4.4179462718386034e-15
3.22e+22,0.001113802557686205,0.9988857370334776,2.668654010950244e-07,9.828650339029592e-08,9.52569316130832e-08,7801.303019401988,5.95016465832531,0.9333160954133266,1.3629129425948941e+23,2.0189175919747625e+25,1.0560100929638057e-14,1.7162875280521995e-24,1.3638707658425371e-24,6.251021095340286e-29,-3.9021527985687584e-27,8.129016000098947e-17,1.0595639515132022e-16,4.211457436462716e-15
3.22e+22,0.0012434483559781767,0.9987560578584054,2.6334471050866945e-07,8.301053637720566e-08,1.4743036958563552e-07,7520.831086921034,1.5580675218026954,0.9183787896852521,2.2218174185104427e+21,2.066961640891501e+25,1.0358046011311408e-14,1.3574861513189991e-24,1.067978578530929e-24,5.411688372475161e-29,-2.34739001878215e-27,7.758289893774519e-17,1.013413301724552e-16,4.077334858717537e-15
3.22e+22,0.0019919514937529487,0.9980069050375299,6.658625923048057e-07,2.504129536610448e-07,2.2719317114927722e-07,8292.848566639392,4.237872997150169,0.9276491506984451,5.122737571414665e+22,2.041332008129878e+25,1.0491341097405054e-14,2.4333899208700455e-24,1.9638940644522832e-24,-4.8176147643178793e-29,-1.2251007273678069e-26,8.476284424945199e-17,1.100659180180907e-16,4.28152935201702e-15
3.22e+22,0.0006073319409868569,0.9993924793901677,8.304079627733822e-08,2.3350530116678978e-08,8.227751904122487e-08,6544.803145190175,2.217593132287627,0.9161754513445356,8.976737615282448e+21,2.063979649979606e+25,1.0314989917111097e-14,5.845378724570074e-25,4.431538050233949e-25,7.503479538939898e-29,1.5068255853434178e-27,6.952941217618462e-17,9.159513251370036e-17,3.865911078786965e-15
3.22e+22,0.0006802580125470185,0.999319504276845,1.0328825137801829e-07,2.8849924134301937e-08,1.0557243241385216e-07,6524.105394959652,0.10842905496251379,0.9139515910096034,1.9984733989544616e+19,2.072686576421559e+25,1.0285552097026112e-14,5.713515479689399e-25,4.329535902069995e-25,9.352395100151487e-29,2.1920576100161556e-27,6.91606805385145e-17,9.112741481340487e-17,3.850578257272781e-15
3.22e+22,0.0005855235782240957,0.9994142630606954,8.799651898826467e-08,2.44241719340412e-08,1.0094038959788256e-07,6277.541208330476,0.0428278940754322,0.9131125906698037,1.0953320051154295e+19,2.0730452065930055e+25,1.0271008248426765e-14,4.505398808248235e-25,3.3803966235115634e-25,1.0503236240276036e-28,2.935284926204698e-27,6.715718829005195e-17,8.869143047674675e-17,3.796224282687804e-15
3.22e+22,0.001000671905633335,0.9989989766998757,1.8790561138106835e-07,6.010425167034242e-08,1.0338462800086578e-07,7409.419483101866,2.207004896598177,0.9191043488231819,9.765780416443711e+21,2.062808626525332e+25,1.0365989199692212e-14,1.2450359804069715e-24,9.757228162045207e-25,6.725234922073139e-29,-1.341552100472081e-27,7.680063001948052e-17,1.0040721838337796e-16,4.059519559448321e-15
3.22e+22,0.0027599133483356283,0.997238261750564,1.0415932588810765e-06,3.7400213160043856e-07,4.093057096845376e-07,8463.034598037368,0.6195477968158982,0.9205530457980521,-8.092506074627246e+19,2.0693558339345645e+25,1.0399759300087118e-14,2.6924155535134726e-24,2.1827217681500665e-24,-2.410446274923717e-28,-2.0921670813895102e-26,8.518523420540607e-17,1.104945000592381e-16,4.2727480963136934e-15
3.22e+22,0.0008097424393228406,0.9991899783761707,1.291411797225974e-07,3.665396673939945e-08,1.1338936007801504e-07,6811.779756391792,0.09545276899470784,0.9149244356549103,9.192394650294322e+18,2.072294194714298e+25,1.0302465485462177e-14,7.443818052721579e-25,5.704855772873806e-25,8.211668608657486e-29,1.2289317996513514e-27,7.153040053415785e-17,9.400421665542031e-17,3.914306486947768e-15
3.22e+22,0.0018096518194106422,0.9981893001851,6.20430010722266e-07,2.460021344204643e-07,1.815633441414249e-07,8330.003228070564,6.600006680081843,0.9383998182835788,1.7314758503039518e+23,2.008447207472432e+25,1.063556247277992e-14,2.5269106156037735e-24,2.0423010810165575e-24,-3.175150797040368e-29,-1.2268348061101885e-26,8.61327069799869e-17,1.1182641417888293e-16,4.346204214456991e-15
3.22e+22,0.0005487297321380224,0.9994510880523937,7.612220698477258e-08,2.1186212855825146e-08,8.490704829871351e-08,6316.806428986675,1.7110367563005395,0.9145336681062756,4.360121049056638e+21,2.067729185086175e+25,1.0290179843026336e-14,4.692495734103691e-25,3.524898482352035e-25,8.739820565536887e-29,2.2694058626882282e-27,6.759603585856455e-17,8.923705836821281e-17,3.811358551436523e-15
3.22e+22,0.0006070180908278755,0.9993927380602502,9.875049052766162e-08,2.7366760930166355e-08,1.1773167043652425e-07,6202.654423582841,0.6038436451720051,0.9130094846952712,2.9136354927049454e+20,2.0724785431590696e+25,1.0268508135704407e-14,4.178939063765334e-25,3.1276114722721835e-25,1.2511964807853158e-28,3.721333344016976e-27,6.652703108524493e-17,8.792502931933657e-17,3.779413499112145e-15
3.22e+22,0.0023002173875874984,0.997698301696064,8.69441286463222e-07,3.3990998470847363e-07,2.7156507715413683e-07,8498.003284123946,5.981512008499845,0.935738391137426,1.3064865330195407e+23,2.0175604901318478e+25,1.0601963867339084e-14,2.81733181464759e-24,2.2877515083080147e-24,-1.6477257438316043e-28,-1.9040232321186933e-26,8.714316194984833e-17,1.130066237981257e-16,4.363309536590155e-15
3.22e+22,0.00046631475665710845,0.9995335635651067,5.3078115266981305e-08,1.501180429194468e-08,5.358831660479162e-08,6444.488069875206,6.308736799923613,0.9305484873476886,1.551085881565125e+23,2.0153498313809813e+25,1.050390178252888e-14,5.395251197642902e-25,4.0718024665341763e-25,4.3924960727677256e-29,5.556729283060117e-28,6.982079872963327e-17,9.208462187865431e-17,3.9123973034684825e-15
3.22e+22,0.0020675845760538226,0.9979312731192477,6.48509733451165e-07,2.2677115254471266e-07,2.670238124803382e-07,8162.538175765952,2.189854253374265,0.9215304812536061,5.376195983104467e+21,2.061999408670211e+25,1.0408552718106026e-14,2.1999948900303622e-24,1.7678270007646873e-24,-6.018191622313283e-29,-1.1165321010401482e-26,8.30260646953562e-17,1.0791645227836801e-16,4.22179341932544e-15
3.22e+22,0.0005716688161189239,0.9994281217711181,8.577416361195047e-08,2.379208681911087e-08,9.98465124842784e-08,6242.968404708242,0.641503070771653,0.9131748344641396,3.326263394752716e+20,2.072342783525651e+25,1.0271317508211458e-14,4.354975669810368e-25,3.262894978272471e-25,1.059234367044335e-28,3.0055537419762914e-27,6.689161255186131e-17,8.836981543426222e-17,3.7894305050288475e-15
3.22e+22,0.0007924125670385313,0.999207325333469,1.2338344829354202e-07,3.5421915210797364e-08,1.0329412885268476e-07,6864.046424004666,0.6725760762191582,0.9153040021924836,3.4439235076456304e+20,2.071399378123592e+25,1.0308220054014388e-14,7.80677312317758e-25,5.994700535889839e-25,7.650272819347257e-29,9.04793661436793e-28,7.200480407368302e-17,9.45818319899002e-17,3.927489652155024e-15
3.22e+22,0.0006062374108582635,0.9993935681332966,1.1451152757382147e-07,4.382924695143305e-08,3.611507076773458e-08,7456.923502283211,8.856683791727354,0.9493960016737963,3.574073025943567e+23,1.9720908138049278e+25,1.0772711622250307e-14,1.3324728314914595e-24,1.0467053892710514e-24,7.11384474478557e-29,-1.5862534553025028e-27,7.982820241016847e-17,1.0437273092600032e-16,4.223078529223885e-15
3.22e+22,0.0006394513808653485,0.9993603070142048,1.0066414155215529e-07,2.7953605848810426e-08,1.1298718254272875e-07,6338.221320120211,0.6186830621278218,0.9134801923878477,3.0434142087835006e+20,2.0722569077663083e+25,1.0276643915748044e-14,4.778620677105838e-25,3.5950708728880084e-25,1.104974407294605e-28,3.0531914005812933e-27,6.763539201827339e-17,8.927408696731654e-17,3.809638553074982e-15
3.22e+22,0.0015691122383582072,0.9984301164183811,4.4478994154893135e-07,1.622202592725708e-07,1.6433305990891376e-07,8029.82539880127,3.730996081287972,0.9250763489481572,3.719181395514815e+22,2.047581695163914e+25,1.0453622489928215e-14,2.0157382293229162e-24,1.613555275787305e-24,2.9731474615695045e-29,-6.821614486199146e-27,8.242093038835893e-17,1.0722867811729754e-16,4.216368640339335e-15
3.22e+22,0.0020956449774059147,0.9979030133929795,7.958358319161988e-07,3.2237195748200034e-07,2.2342182530881381e-07,8496.701023785345,6.661035458339052,0.9392937806512067,1.7878841785007207e+23,2.007224458815388e+25,1.0649789129267827e-14,2.8319247484590928e-24,2.300204352619964e-24,-1.0004280382558749e-28,-1.6841428416786677e-26,8.757593152517446e-17,1.1356639228738357e-16,4.3843345750776625e-15
3.22e+22,0.0009999330944017654,0.9989997081607491,1.982828462056264e-07,6.666468487551611e-08,9.379731817091535e-08,7530.21331234837,3.826034233218292,0.9237393603092563,4.393434553270561e+22,2.047105062083473e+25,1.0428756005817942e-14,1.378196428112994e-24,1.084815594371113e-24,6.62617064252853e-29,-2.009051669528998e-27,7.819748088145524e-17,1.021358008117227e-16,4.107156550218721e-15
3.22e+22,0.0007174847976361906,0.9992822693442468,1.0937186646797466e-07,3.070288959123622e-08,1.0578336088539753e-07,6629.796022669218,0.6494191886190036,0.9144920729517596,3.291327407058759e+20,2.0717805212157948e+25,1.029415225002105e-14,6.308259123822422e-25,4.800155687719324e-25,8.752174559209573e-29,1.7980084639850823e-27,7.004495746160314e-17,9.220314196339825e-17,3.874878304690171e-15
3.22e+22,0.0011132459793003608,0.998886222537698,3.194514618213166e-07,1.3030152939968177e-07,8.17300104421242e-08,8020.686604667821,7.373953663324428,0.9418331113035866,2.3706226987493187e+23,1.9963902418086096e+25,1.0677586117612011e-14,2.0395174000685102e-24,1.6330632326367356e-24,8.59308986890841e-29,-4.944406219231387e-27,8.396178226319843e-17,1.0926034941989699e-16,4.302737734288302e-15
3.22e+22,0.0008643699967005454,0.999135277058889,2.1140628940517948e-07,8.433547230308976e-08,5.720264873463187e-08,7797.666276969301,8.313569204674534,0.9468876782612007,3.1396234596885035e+23,1.9811199933885743e+25,1.0743190636964815e-14,1.734773454600466e-24,1.3789499762929643e-24,8.458263200556526e-29,-3.2061205198288258e-27,8.251716344405784e-17,1.0758091314938978e-16,4.28239971259182e-15
3.22e+22,0.0026096416082118314,0.9973886875061201,9.54248355868843e-07,3.421999227911634e-07,3.7443738948910357e-07,8410.881885245706,0.5971103154115487,0.92038401838361,-7.391672395597003e+19,2.069473170533696e+25,1.0396889242086615e-14,2.6027840027647645e-24,2.107000221706513e-24,-1.9038540472798608e-28,-1.8489905593626967e-26,8.481041876412475e-17,1.1004419756035331e-16,4.263002892877862e-15
3.22e+22,0.0006453163286974624,0.999354465476795,9.460236723277734e-08,2.6449113927188248e-08,9.714302650074509e-08,6502.159816889665,2.416086215926807,0.9164369446153248,1.2984990160836415e+22,2.062431572886086e+25,1.0317682071422388e-14,5.611465305530489e-25,4.247750299721073e-25,8.442794856130341e-29,1.9051006770082563e-27,6.917389275332398e-17,9.116601421370357e-17,3.857318326619031e-15
3.22e+22,0.000886594510161558,0.9991129339420086,2.90656240702261e-07,1.3093131084224825e-07,4.996027825697326e-08,8075.836012937114,10.340183335428161,0.962387409318628,4.981338948807143e+23,1.944303449832109e+25,1.0959580548107532e-14,2.1649030652529512e-24,1.737560162732326e-24,1.1740832645290255e-28,-4.569964358594641e-27,8.642909742378927e-17,1.124639872159619e-16,4.4285694782651105e-15
3.22e+22,0.002337221988852121,0.9976613486437038,8.237090555660321e-07,3.017955962352568e-07,3.038627920511346e-07,8367.499088336985,0.7170910175112921,0.9203480337445619,8.283803394974243e+19,2.069232103677775e+25,1.039602478597598e-14,2.5376480523249787e-24,2.0521990134146152e-24,-1.0095139105599134e-28,-1.4864383228634553e-26,8.461665241795691e-17,1.0981393300816414e-16,4.258055873331586e-15
3.22e+22,0.0006815079626209625,0.999318259305274,1.0206612927776057e-07,2.8572592167896958e-08,1.0209338355189126e-07,6561.2326452082425,0.9989238652330844,0.9145106374562116,8.407662884969717e+20,2.0708370082534242e+25,1.0293402578338298e-14,5.920176467161867e-25,4.4924699509477e-25,8.853634198169613e-29,1.9550312531764737e-27,6.950367044911894e-17,9.15480307989481e-17,3.860914726798958e-15
3.22e+22,0.0009437418949196168,0.9990557961304104,2.8203231570111604e-07,1.211491228158037e-07,5.879323132342394e-08,8015.347444547764,9.055741477516582,0.9526983193844585,3.780168095088027e+23,1.96775716388211e+25,1.0825340564158197e-14,2.05265006625031e-24,1.6438009743539988e-24,1.0396291210781388e-28,-4.368458951307014e-27,8.495138697737715e-17,1.1057319461559011e-16,4.360724943089883e-15
3.22e+22,0.0012757423044483854,0.9987237278141581,2.968475496035062e-07,1.0136078004982863e-07,1.3167306398051508e-07,7738.537750864162,0.7401988628656613,0.9183135572818616,3.262054139634972e+20,2.0700157204399233e+25,1.0360518725401972e-14,1.6124724551757781e-24,1.2783244690234298e-24,6.669354287584099e-29,-3.213520695669795e-27,7.946451842414496e-17,1.0360756990550377e-16,4.124429317593183e-15
3.22e+22,0.0008173832341069276,0.9991823527471012,1.2866358947838752e-07,3.774862197564205e-08,9.760658040487655e-08,6994.605613779532,2.378488139749496,0.9180165508270166,1.0133775090702715e+22,2.0621200863670535e+25,1.0345658455848494e-14,8.77904920221817e-25,6.774864107510312e-25,6.738563929080457e-29,2.2605705217517364e-28,7.32814419774017e-17,9.615006933712766e-17,3.967274933648869e-15
3.22e+22,0.0022561089361530034,0.9977424812135282,8.239538769866942e-07,3.159987748302481e-07,2.6989766703655006e-07,8439.376540699415,5.510358089133372,0.9332982362059291,1.0295425005925885e+23,2.024447456137725e+25,1.0568504375616726e-14,2.7007309195218957e-24,2.189120413921849e-24,-1.4532205891968977e-28,-1.752136179828632e-26,8.641740370098489e-17,1.1210964928296126e-16,4.338392762249867e-15
3.22e+22,0.000511441598042129,0.9994883605168792,7.808560672687481e-08,2.15864106513299e-08,9.821306131860108e-08,6055.8558715829795,0.5656622936639985,0.912501333547579,2.9045575739833106e+20,2.072768283449771e+25,1.0259813654989393e-14,3.6061845025139267e-25,2.6815276287193026e-25,1.167636287490769e-28,3.56736682193119e-27,6.538811087854112e-17,8.653870578760124e-17,3.748211294164301e-15
3.22e+22,0.0005339562075894393,0.9994658812508884,6.980006306724031e-08,1.9620482642043693e-08,7.312097641806226e-08,6407.442466513792,4.749788022625058,0.9232719481194747,7.645008140793324e+22,2.037385260520951e+25,1.0406429745977122e-14,5.166573956245217e-25,3.894184093657003e-25,6.25495159750425e-29,1.2708133598547778e-27,6.8949687175297e-17,9.095837200585882e-17,3.869659981601278e-15
3.22e+22,0.00031090894150993993,0.9996890036905706,3.361276024892313e-08,9.255764167940292e-09,4.4499394982228604e-08,5878.576062615244,7.202472180638158,0.9334957525158504,2.0803718030991056e+23,2.002264561519875e+25,1.053581986365793e-14,3.070177039598803e-25,2.259794864036224e-25,4.433451145168141e-29,1.1532455635379711e-27,6.55711611897924e-17,8.695656885505786e-17,3.809702089309531e-15
3.22e+22,0.001102473616409742,0.9988971112721196,2.2841042123841633e-07,7.59165509494782e-08,1.1078449860149202e-07,7571.906686543613,2.241307622757702,0.9197216074635898,1.005620480747466e+22,2.0623252157715214e+25,1.0376480399809162e-14,1.418648913099558e-24,1.1182321748673528e-24,6.807405393570787e-29,-2.152790641878087e-27,7.820289365983446e-17,1.0210266295979572e-16,4.096485019976236e-15
3.22e+22,0.0005221352116629698,0.9994776242567722,9.182937774507321e-08,2.5312717123420908e-08,1.2338946990583593e-07,5894.796542398276,1.747202155045562,0.9131444983933104,5.400930683558722e+21,2.068064120432133e+25,1.0265751942019558e-14,3.0482549124715492e-25,2.2550313951124835e-25,1.558400567739245e-28,5.056526057735729e-27,6.413369017743493e-17,8.501839389080481e-17,3.7166083670321e-15
3.22e+22,0.002218877128532261,0.9977797895744229,7.718053182862512e-07,2.863323212646504e-07,2.7515940531630184e-07,8352.080520401665,3.660452129775838,0.9258819062088708,3.2229956588127824e+22,2.047970342083169e+25,1.0468662230144978e-14,2.5256514495524294e-24,2.041671352203354e-24,-1.020854871217862e-28,-1.4795817623511633e-26,8.500832784596414e-17,1.1034069152455547e-16,4.2827201242673055e-15
3.22e+22,0.0015713547620162217,0.9984277970480808,5.032605313085472e-07,1.9952371033123458e-07,1.4540566117473052e-07,8217.40582747613,5.607173907254402,0.9331156466941158,1.1855900703500064e+23,2.0231878964883767e+25,1.0563163709396687e-14,2.3281110160431444e-24,1.8752905001310473e-24,3.821190768643672e-29,-8.477277660615985e-27,8.477343727537318e-17,1.1013881635635684e-16,4.297196701177099e-15
3.22e+22,0.0021043707876442688,0.9978944009922804,7.118828316446822e-07,2.641639404759679e-07,2.5217330315092113e-07,8310.260682145876,2.242859379529538,0.9221612533748234,8.40691772421825e+21,2.061336672174046e+25,1.0419092107256975e-14,2.4493122213374496e-24,1.9776573794348533e-24,-4.8494751593596324e-29,-1.2391814530880724e-26,8.43990982210282e-17,1.0957259999855214e-16,4.257484117191557e-15
3.22e+22,0.0003462891050076297,0.9996536446565404,3.2231358772132935e-08,9.923941046001264e-09,2.4083152175569767e-08,6645.845084475102,9.71580325438314,0.9527274883016474,4.1528967066492615e+23,1.9578781058203038e+25,1.0807671915864499e-14,6.6638927858517785e-25,5.073002692483924e-25,2.821529148811569e-29,-3.7809807799274414e-28,7.328724886565684e-17,9.65133686736313e-17,4.067885247066125e-15
3.22e+22,0.00019878746097155693,0.9998011753198038,1.4449181384022177e-08,4.011056811336653e-09,1.875898641512957e-08,5851.954636361188,10.120107468915204,0.9529944685049793,4.359272921110616e+23,1.9516955681367218e+25,1.0801367819494822e-14,3.05133064990766e-25,2.241822911573741e-25,1.6743945170389588e-29,1.9366476605276422e-28,6.68969533280646e-17,8.876766284895027e-17,3.903017431885504e-15
3.22e+22,0.0006444667787992775,0.9993553048523586,9.72647287807264e-08,2.7082481368547802e-08,1.0402163204671709e-07,6432.586089204499,0.24954529603307996,0.9136635676204261,5.912384408522686e+19,2.0727204336825405e+25,1.0280455242707692e-14,5.237587466936383e-25,3.9544149914841044e-25,9.780252479663894e-29,2.481457075919642e-27,6.841474755524048e-17,9.022105092415831e-17,3.830450275076352e-15
3.22e+22,0.00021766701018409998,0.9997822975102393,1.955674943514604e-08,6.8689692564889915e-09,9.053857918618625e-09,6699.931573717306,12.627927117846694,0.9767247714622859,6.796317105925444e+23,1.9022698098049555e+25,1.11427811638695e-14,7.178830540673456e-25,5.48137473266219e-25,3.2731189249832006e-29,-3.8299338324027713e-28,7.590603057250112e-17,9.996161703110584e-17,4.214766360977715e-15
3.22e+22,0.0003279040533037721,0.9996720351077166,3.04653715843263e-08,9.62985137471267e-09,2.0743756781978804e-08,6686.970388692381,8.18513915727052,0.9422720801675531,2.9711575711062996e+23,1.9848540066314383e+25,1.0665443139370254e-14,6.8505397106305985e-25,5.223016928558562e-25,3.627342992645728e-29,-1.5955714747109238e-28,7.277390720884655e-17,9.578041864725424e-17,4.0226917648221564e-15
3.22e+22,0.00030334201616411064,0.9996965994902932,3.229879343306733e-08,1.1283423222651385e-08,1.4911325829028658e-08,6872.64995878272,10.38324144080568,0.958560286650074,4.880502595709968e+23,1.94526482451e+25,1.089113115466155e-14,8.222523304937557e-25,6.319123132086684e-25,4.1659531856235097e-29,-4.437330079608854e-28,7.570168601074477e-17,9.949870904694397e-17,4.148183057077869e-15
3.22e+22,0.0019120982209118614,0.9980868743039015,5.875983794365506e-07,2.0972598266217195e-07,2.301508244427511e-07,8140.952381361107,2.4213005341994442,0.9219463959593872,9.043660832065329e+21,2.0602046980815924e+25,1.0413820180332088e-14,2.17197203049469e-24,1.744401518540882e-24,-2.3099832792811888e-29,-9.672066459770381e-27,8.296629239417654e-17,1.0785023442411442e-16,4.221412957949969e-15
3.22e+22,0.001784007455961333,0.9982148887059158,6.616373010978165e-07,2.768012155017936e-07,1.6539960632530804e-07,8434.53832570067,7.773912663700805,0.9455658616398882,2.6413350053009158e+23,1.9894071938380467e+25,1.073379198861215e-14,2.737009964769088e-24,2.219707720529247e-24,-2.4774144092563538e-29,-1.3470060387113244e-26,8.77478408276411e-17,1.1384499652368637e-16,4.407426139592679e-15
3.22e+22,0.00020445200031821877,0.9997955172024642,1.3679359933159236e-08,4.054623339620816e-09,1.3063234252922664e-08,6232.932782613806,10.490428430028867,0.9571749087130338,4.801518628275089e+23,1.944218913104369e+25,1.0863890401989424e-14,4.523067477060708e-25,3.382773139902787e-25,1.8844265796627261e-29,-7.649439196686619e-29,7.029907173413344e-17,9.294362213376253e-17,4.005078005706515e-15
3.22e+22,0.0012403861941317528,0.9987589053651467,4.3164322392587246e-07,1.892408848000585e-07,8.75566128262681e-08,8254.499335152352,8.85157762071135,0.9520732005156815,3.610955095494495e+23,1.971077170242503e+25,1.0820020627964246e-14,2.4361488830714744e-24,1.965736479869184e-24,8.743081388931166e-29,-7.406130878817461e-27,8.694734149984731e-17,1.1296199065435588e-16,4.407916708479449e-15
3.22e+22,0.001431141368252944,0.9985680297970784,5.010082962519678e-07,2.1405524720922457e-07,1.1377112522516862e-07,8304.911995286035,7.966051575935557,0.9463881209779699,2.8411669280132182e+23,1.986260470604667e+25,1.0743212590365108e-14,2.509179693814248e-24,2.0274105347130066e-24,5.828688461496968e-29,-8.942927580536826e-27,8.680260456235564e-17,1.1272186794074477e-16,4.386656740042488e-15
3.22e+22,0.0004926756488640275,0.9995072092598749,5.858086542282821e-08,1.8404015614768544e-08,3.8106380174527134e-08,6907.3043870995225,6.297432358736316,0.9320547065766318,1.6140763997026952e+23,2.0149305436586833e+25,1.0530683216517219e-14,8.261023045198338e-25,6.35358326075805e-25,4.806256064196457e-29,-2.448580344505458e-28,7.374779823607216e-17,9.685229128335457e-17,4.0177460399251704e-15
3.22e+22,0.0004890502194851236,0.9995107708301141,7.089017564318092e-08,1.9602253014829628e-08,8.845797221271963e-08,6069.330352197832,1.223089650103514,0.9130671234546154,1.7825842235504198e+21,2.070613607184434e+25,1.0267418902111867e-14,3.6601481385212948e-25,2.7220497150518617e-25,1.0476224489593035e-28,3.1352696202895683e-27,6.554996197890397e-17,8.674069742235389e-17,3.753931944232071e-15
3.22e+22,0.0008315051360810735,0.9991682081204789,1.3405308230673225e-07,3.8215633117085836e-08,1.1447472455295502e-07,6858.693934218137,0.4568357677565735,0.9151706858965141,8.872934266754243e+19,2.071863643340286e+25,1.030637007184949e-14,7.763313328108523e-25,5.960474361871354e-25,8.007990209049005e-29,1.0445436495920874e-27,7.192724593370252e-17,9.448631912372238e-17,3.925142241009446e-15
3.22e+22,0.0002786004134203225,0.9997213393216368,3.5514980032414235e-08,1.3528897263899698e-08,1.122106563931363e-08,7000.927830677806,12.70944294810967,0.9785171788328353,6.932033687306888e+23,1.9001827690165892e+25,1.1171634193366688e-14,9.382873521306634e-25,7.251589163034169e-25,4.837195177587457e-29,-6.401579784364196e-28,7.864009831624302e-17,1.032870583240393e-16,4.2902924510924636e-15
3.22e+22,0.000499336889769262,0.9995004156091407,9.255850376654596e-08,2.541746397216364e-08,1.2952512239026787e-07,5779.155397954728,1.7062922802165639,0.9126874671324376,5.066443839996746e+21,2.068474145898254e+25,1.025810055464685e-14,2.693066677483508e-25,1.984706604830839e-25,1.7520232981913825e-28,5.805330790427413e-27,6.320561073041065e-17,8.388526331257692e-17,3.690782032399332e-15
3.22e+22,0.0006397471310721966,0.9993600393223575,9.278219286230315e-08,2.5957289609506706e-08,9.480708774881608e-08,6507.855991892904,1.4205362164631357,0.9147792805502243,2.388465936646033e+21,2.0690774496153034e+25,1.0296149708943733e-14,5.634511861643577e-25,4.266156719697891e-25,8.59993002781532e-29,1.953107762049347e-27,6.911048552063873e-17,9.107450734851237e-17,3.851414820182526e-15
3.22e+22,0.0004519650537107005,0.9995478840433686,6.013435694971902e-08,1.6640593494509888e-08,7.412797030987767e-08,6086.035145082925,1.9872767671617548,0.9142030834305666,7.049311675191318e+21,2.066264008243269e+25,1.0282541900296856e-14,3.7299253024896808e-25,2.774302174978518e-25,8.770875981033896e-29,2.5227722151411173e-27,6.578440993597159e-17,8.703607001524338e-17,3.763031789272065e-15
3.22e+22,0.00019567661910928046,0.9998042953422283,1.4470154207389023e-08,4.796946463714644e-09,8.7715617372516e-09,6521.09330053818,12.723078603490027,0.9769444360781636,6.810565752683963e+23,1.900667015514885e+25,1.1143763991252116e-14,6.091406097988505e-25,4.6163235373969075e-25,2.471472906573057e-29,-3.128623985989324e-28,7.442215627099506e-17,9.816914533776877e-17,4.1776971544810145e-15
3.22e+22,0.0004326264903682847,0.9995671866549825,6.998399312330785e-08,1.9187803822409944e-08,9.768285247936757e-08,5774.981694805661,0.3884765796782561,0.9114767473236731,1.863507577055159e+20,2.073465649864978e+25,1.0242389942197288e-14,2.682738002706254e-25,1.9728129402374674e-25,1.362745354462093e-28,4.445788107999025e-27,6.315969794436938e-17,8.382076033130327e-17,3.686598218890393e-15
3.22e+22,0.0026428258356807396,0.9973554600122383,9.815961150867684e-07,3.551148180158145e-07,3.7744114791841813e-07,8443.601019690142,1.8772039931680913,0.921878009365112,3.5697240050690283e+21,2.063787085211401e+25,1.041693245075546e-14,2.665087744083246e-24,2.159546121207957e-24,-2.10712644924383e-28,-1.9642522967175126e-26,8.52079647844379e-17,1.1053609595889661e-16,4.276821802546876e-15
3.22e+22,0.0004709222376595032,0.9995289692946757,5.242629917914724e-08,1.5768405124231844e-08,4.027296044941459e-08,6751.556722512469,5.619962311806386,0.9282009762876084,1.2109660256339744e+23,2.025094549970774e+25,1.0477015587576724e-14,7.1638357685596365e-25,5.475192890097361e-25,4.634563664280601e-29,8.283790774625562e-29,7.216606088936848e-17,9.490167525126197e-17,3.9663898526512686e-15
3.22e+22,0.0021549647385194597,0.9978438064654727,7.000356510503045e-07,2.476050319477754e-07,2.8115532478978447e-07,8219.35950153105,0.8031469901954456,0.9199115443410099,8.390474487701484e+19,2.069199824820254e+25,1.038815189597057e-14,2.287021807073421e-24,1.8410398841999182e-24,-6.680217084700303e-29,-1.1969180715314144e-26,8.335344809931096e-17,1.082933828305502e-16,4.225600450106683e-15
3.22e+22,0.00040399894270907056,0.9995958435062187,5.944989772791673e-08,1.631176063226189e-08,8.17894138621386e-08,5808.019205975761,1.3274662615019417,0.912302845877485,2.3861471395481586e+21,2.070493499582797e+25,1.0253686024350943e-14,2.7842351859955984e-25,2.0479596081382472e-25,1.1225785523136777e-28,3.585970166193303e-27,6.349676035923529e-17,8.423870407338954e-17,3.6976824320087666e-15
3.22e+22,0.00035599213725315694,0.9996439224722787,3.555640731646346e-08,9.985672236020598e-09,3.984838852670421e-08,6213.969981113843,7.607925202965298,0.9370476029468608,2.394546702031248e+23,1.9951692934099636e+25,1.058820593601154e-14,4.34291678980551e-25,3.244787880843233e-25,3.398357869876053e-29,4.96048416090323e-28,6.849089860237143e-17,9.053727935921188e-17,3.896475621790818e-15
3.22e+22,0.0006636789028800455,0.9993361211599042,9.247869813460369e-08,2.6500734784319036e-08,8.09577829002386e-08,6742.980687161205,2.701113216474252,0.9178800769473647,1.5625658520533998e+22,2.0597411502654486e+25,1.0340233801320106e-14,7.027999382798357e-25,5.370387688321462e-25,6.74330839816914e-29,8.612700283286334e-28,7.12512345068575e-17,9.369503646979281e-17,3.914850733188444e-15
3.22e+22,0.0022743774705417464,0.9977242732556043,7.718949079086353e-07,2.767581656652058e-07,3.0062078045075226e-07,8292.714875425998,1.9619517524108525,0.9215493239251242,4.260708700525566e+21,2.063424703905519e+25,1.0410633002780564e-14,2.4096630600349144e-24,1.944084511923231e-24,-1.0282111296583042e-28,-1.4051584797723517e-26,8.407008109728549e-17,1.0916953034057487e-16,4.247742468035574e-15
3.22e+22,0.0019870582277891004,0.9980118626221787,6.133276048092923e-07,2.1550626831040432e-07,2.503161590892189e-07,8136.760006920556,0.7586121213472644,0.9196169044804574,7.733331206081482e+19,2.0694366070076075e+25,1.0383160054275623e-14,2.1585899354640835e-24,1.7332880194746883e-24,-3.092504245854043e-29,-9.872902942448694e-27,8.269386397522239e-17,1.0749921237356859e-16,4.208434190653379e-15
3.22e+22,0.0026396500432944543,0.9973586239728284,9.922447285535179e-07,3.6349299628366995e-07,3.7024615237538726e-07,8470.818303506896,3.160594762233195,0.9247665417379048,1.8941308097673396e+22,2.053091789467359e+25,1.0455358552277861e-14,2.7230023564640653e-24,2.2083074675151374e-24,-2.2987154855717072e-28,-2.071918695222501e-26,8.570145449144515e-17,1.1115773771391758e-16,4.296841410922864e-15
3.22e+22,0.0013544805941576397,0.9986449533218387,3.0601303573702435e-07,9.800887891962064e-08,1.62062088896348e-07,7625.393725581595,1.365296398824218,0.9184818879248037,1.3330537529712404e+21,2.067818188529112e+25,1.0360912044942087e-14,1.4735643194936329e-24,1.1635092605448713e-24,4.670682361719735e-29,-3.1914332623795285e-27,7.844116383498882e-17,1.0237565515059519e-16,4.0991973308671314e-15
3.22e+22,0.0024569093345491273,0.997541561156455,8.768034983675092e-07,3.169875617889685e-07,3.3571793580941396e-07,8378.797932220881,2.4499560852179423,0.9227549271797362,8.336527494978269e+21,2.0596679350110956e+25,1.0427627396812911e-14,2.556533306606192e-24,2.06779204688079e-24,-1.595649285891962e-28,-1.7060897647529913e-26,8.482494420873765e-17,1.1008660738496806e-16,4.2696891499801565e-15
3.22e+22,0.0004929955680082474,0.9995068077527517,7.652421088846327e-08,2.1123676236930865e-08,9.90313529799835e-08,5984.706290095723,0.34503124192939816,0.912171996189559,1.3838237644599534e+20,2.0732348023804308e+25,1.0254484064210128e-14,3.3503067460358492e-25,2.4842924262494163e-25,1.2276451637193924e-28,3.834934874686918e-27,6.481334775556151e-17,8.583749348698046e-17,3.732205400406606e-15
3.22e+22,0.0007167490222285467,0.9992830291460273,1.2471152692980033e-07,4.373152291225442e-08,5.33886944300267e-08,7389.548454640236,7.105588746995397,0.9381282840686342,2.135905559043891e+23,2.0015847707284368e+25,1.0618800795307875e-14,1.2482511451052262e-24,9.778526473595178e-25,6.065102099973294e-29,-1.5670708522290303e-27,7.825000492263575e-17,1.0234747909617779e-16,4.149300220476626e-15
3.22e+22,0.0012224289253418385,0.9987770109768179,3.297764162961034e-07,1.26711064383782e-07,1.0361035961597364e-07,7950.458330279699,5.618654127346181,0.9322888014010563,1.2037965094120093e+23,2.023358372932691e+25,1.0548360700762797e-14,1.9183839447239034e-24,1.5321215945672222e-24,6.944556374230671e-29,-4.818001528341134e-27,8.247452010071741e-17,1.0736945207634644e-16,4.237891953564309e-15
3.22e+22,0.000913270310959015,0.9990863625967304,2.1753616631048746e-07,8.457874130131897e-08,6.497740284719689e-08,7772.825712742362,7.314735076751559,0.9406482440685785,2.3146796970195236e+23,1.9976818176067316e+25,1.0658129326743224e-14,1.6923479913671148e-24,1.3438888273717636e-24,8.062963741350061e-29,-3.1195520704587708e-27,8.173363512412488e-17,1.0656896542482158e-16,4.243907662022462e-15
3.22e+22,0.0005911297887562508,0.999408641799164,9.292623985231354e-08,2.576162081010859e-08,1.0972421918428146e-07,6218.319855449738,1.8580047601654284,0.9144243559956692,6.365088678602338e+21,2.0669128989835175e+25,1.0287195632923562e-14,4.251975251256987e-25,3.1833068278910917e-25,1.1358893464765047e-28,3.2998276200554885e-27,6.676080691496058e-17,8.822150708085987e-17,3.78915685650097e-15
3.22e+22,0.0004026788557720663,0.9995972138463454,4.444408704290525e-08,1.2414299247530622e-08,5.0439496338772024e-08,6224.723663096946,3.623665312854302,0.918647634679166,3.8080040484880475e+22,2.051251998972553e+25,1.0342933432225894e-14,4.310661963116825e-25,3.2228068609882995e-25,5.769434741294196e-29,1.3316077795079134e-27,6.722138505225853e-17,8.88211819776912e-17,3.812331623774178e-15
3.22e+22,0.0002522689390722255,0.999747684978547,2.59858402970426e-08,9.322468948472606e-09,1.0774071432025612e-08,6827.4776411531675,11.821489254747787,0.9701326145674704,6.1506434690076e+23,1.9178915947969915e+25,1.1051675272740977e-14,7.993389860448762e-25,6.1339510751269995e-25,3.9474879026018505e-29,-4.328188390653532e-28,7.636932134036791e-17,1.0044130456704869e-16,4.203667603927457e-15
3.22e+22,0.0018158699857652304,0.9981831453909067,5.723020048867413e-07,2.1335590333206086e-07,1.989654198413794e-07,8199.007166406958,4.073695261658519,0.9267694509768567,4.658702893239206e+22,2.043416321206256e+25,1.0478399858576247e-14,2.278281756950944e-24,1.8334801459025373e-24,-9.836910427911143e-30,-9.869593194911793e-27,8.394305349156464e-17,1.0907345279185912e-16,4.258794660987746e-15
3.22e+22,0.0011536646826821805,0.9988458951074812,2.2806079670145588e-07,6.951125963777496e-08,1.4263778024622833e-07,7370.188483439788,0.3902713903339303,0.9168739834378414,4.976212146352073e+18,2.0712613588349194e+25,1.0336138424593808e-14,1.2006546109099358e-24,9.395523441944138e-25,6.185963484433422e-29,-1.3336339283736796e-27,7.621472110383058e-17,9.967805190403381e-17,4.0388449801071856e-15
3.22e+22,0.00015294317333931214,0.9998470380678577,8.528931959719487e-09,2.5919015040944218e-09,7.63796963849722e-09,6178.420974971298,11.181695591712941,0.9625139788677565,5.4319844187996386e+23,1.9312327854452534e+25,1.0937383165295891e-14,4.310871114552013e-25,3.2166456316145594e-25,1.7476526263541758e-29,-6.909615634056593e-29,7.031679651277462e-17,9.302512325442146e-17,4.022904791570355e-15
3.22e+22,0.0003804419601845993,0.9996194454089677,4.458936399511596e-08,1.2336544710245133e-08,5.570493903876624e-08,6033.037433373817,2.9599315009684717,0.9161195446804729,2.200987621867926e+22,2.058325899421674e+25,1.0306939877558158e-14,3.5431313318408855e-25,2.6275232997213117e-25,6.877304768780792e-29,1.9039690734422105e-27,6.553675123983875e-17,8.675308305951841e-17,3.761486457666073e-15
3.22e+22,0.0008162729069647293,0.9991833440999494,2.347878218657978e-07,1.0158139932458216e-07,4.6623864788365286e-08,7931.255002407549,10.01505154617751,0.9593790353173489,4.680475497628072e+23,1.9505889100313083e+25,1.0916152751342017e-14,1.9408282701671594e-24,1.550206939357671e-24,1.0432750583715133e-28,-3.6735961696643856e-27,8.486349591582796e-17,1.1054691955630366e-16,4.380132823120917e-15
3.22e+22,0.0017639058124122602,0.9982351743030962,5.30346956727844e-07,1.9287437394515048e-07,1.9666316086752394e-07,8121.719612524843,0.7453907453460903,0.9195895106252512,2.2803077584235296e+20,2.0694802097118155e+25,1.0382767807962809e-14,2.142907476115084e-24,1.7202940000732247e-24,2.317383667344211e-29,-7.85740558234743e-27,8.269854149341393e-17,1.0750674005152644e-16,4.208450295021748e-15
3.22e+22,0.002717255574490173,0.9972809407761818,1.0359317697766634e-06,3.790179402989645e-07,3.8869961784769074e-07,8493.612640657182,3.181556604844103,0.9248890635335502,1.895571686780375e+22,2.052858513534782e+25,1.0457245914202673e-14,2.7627501270352308e-24,2.241901912751947e-24,-2.5902060419266644e-28,-2.203891917834092e-26,8.58614561754856e-17,1.1135031345867514e-16,4.3011416217999605e-15
3.22e+22,0.002516865517688319,0.9974815126463389,9.374797896234776e-07,3.485650351407863e-07,3.357911478822514e-07,8463.20856603317,3.8365688154712094,0.9267830723595708,3.549657620564021e+22,2.045868008730857e+25,1.0482007963271478e-14,2.7194876253047432e-24,2.205278199855388e-24,-1.978510061606739e-28,-1.954787871913964e-26,8.589497587304781e-17,1.114119121533065e-16,4.307145482560404e-15
3.22e+22,0.0004428315633469604,0.9995569798080053,7.109441471652645e-08,1.9521356182079093e-08,9.801287682592641e-08,5810.652997583689,0.1966480460902868,0.9115482280172319,8.034717119533772e+19,2.0736223909294645e+25,1.0243835958027999e-14,2.7876723921442057e-25,2.0528665651760243e-25,1.3416819147874046e-28,4.3515897187178644e-27,6.34361998144154e-17,8.415775812431959e-17,3.6941325324301044e-15
3.22e+22,0.002321640811411588,0.9976769900557468,7.76206541466198e-07,2.711982156181581e-07,3.2172808459298865e-07,8253.171062780575,0.4581185950135143,0.919812148556919,-1.0077654001778137e+20,2.0699544705258952e+25,1.0387215873908689e-14,2.3362291565034488e-24,1.8823211966414842e-24,-1.1153453446836993e-28,-1.3878700169356072e-26,8.35334327337656e-17,1.0850702272409167e-16,4.229824767192389e-15
3.22e+22,0.000565924875291337,0.9994338658371633,8.528439256349443e-08,2.3643957443437417e-08,1.0035919536570631e-07,6220.154643379315,0.08240554571351752,0.9129203783385896,2.2644347510893814e+19,2.0731153928569334e+25,1.0267665109357963e-14,4.2565446819726535e-25,3.186294769928483e-25,1.081976380916111e-28,3.1102178519557724e-27,6.669438880151686e-17,8.81282399142109e-17,3.7836135782483865e-15
3.22e+22,0.0009013563902298226,0.9990983286527892,1.7742687363010917e-07,6.196223406897298e-08,7.556787313143714e-08,7535.612119887501,5.489258731282584,0.9302925907097545,1.1325784375398259e+23,2.025753652686369e+25,1.0515815377249657e-14,1.3930501850068558e-24,1.096849164707691e-24,6.586272063932093e-29,-2.0877292991330053e-27,7.88040713599329e-17,1.0293288797738675e-16,4.140595048166209e-15
3.22e+22,0.0010080744550502512,0.9989915622606572,1.810537104421597e-07,5.3455641537764695e-08,1.287749406799209e-07,7163.800980712248,0.3078813442022408,0.9161525346275347,1.2188093615621968e+19,2.0716512330423396e+25,1.0323678031187965e-14,1.0114589019808423e-24,7.855729375838354e-25,6.992367165176166e-29,-2.232253040664873e-28,7.447373060256825e-17,9.757131066159516e-17,3.992787889091589e-15
3.22e+22,0.00015101037127176426,0.9998489660520635,9.066855289530484e-09,2.5204202271105116e-09,1.1989389100168473e-08,5767.47731582472,11.388557844717058,0.9627775313673419,5.4367867735025436e+23,1.9279101270312165e+25,1.0936077728740763e-14,2.820264308797847e-25,2.063799900574485e-25,1.1267640112505227e-29,4.942612900497114e-29,6.703406011025156e-17,8.904118304373845e-17,3.9380348305514845e-15
3.22e+22,0.001031966629099492,0.9989676635246807,1.9817326659162795e-07,6.353420249438803e-08,1.0813875082735848e-07,7430.427126642436,3.4036313861296477,0.9220482476305394,2.805777415089143e+22,2.0519991746759608e+25,1.0405041668886264e-14,1.2690868720269585e-24,9.95313513702516e-25,5.911988412213137e-29,-1.7379678234905607e-27,7.719038147363001e-17,1.009051931908338e-16,4.077254066577706e-15
3.22e+22,0.0004976712944979361,0.9995021318546171,7.686608407597154e-08,2.1226907441629716e-08,9.875789355255309e-08,6003.735947262669,0.16409300108823416,0.9121964099055171,5.711744575562814e+19,2.073377378915482e+25,1.0255079666788531e-14,3.4170438820989465e-25,2.5356722963876835e-25,1.211965596002217e-28,3.765288764388143e-27,6.496276046142653e-17,8.601928022447717e-17,3.736215074463036e-15
3.22e+22,0.0005173810696345837,0.9994824702525592,6.434303438632286e-08,1.8087874112888242e-08,6.624689773957175e-08,6441.454192731615,2.9679626740053657,0.9175181063844021,2.139845943167533e+22,2.0576951268345763e+25,1.0331146655646441e-14,5.312272220429735e-25,4.0094384970023e-25,6.626283281370596e-29,1.3587349113514204e-27,6.882989573574033e-17,9.076059604847315e-17,3.851280912125953e-15
3.22e+22,0.0005323499233137338,0.9994674471097882,8.100324149185016e-08,2.2418240333195143e-08,9.954541620563798e-08,6116.017383006852,0.1528722566749624,0.9125749241905399,4.783004932522958e+19,2.0732288549154443e+25,1.0261644790945668e-14,3.833712508456205e-25,2.857749978237796e-25,1.1430847436757153e-28,3.428108660980794e-27,6.585850268985237e-17,8.711057167031076e-17,3.760783773341438e-15
3.22e+22,0.0006942615768229832,0.9993054968471072,1.0577207786150368e-07,2.9586240253255408e-08,1.0621775175234392e-07,6558.7223681047035,0.4058372112705476,0.914135634040903,1.0473870621830812e+20,2.072358478607837e+25,1.028845987935905e-14,5.902851132618892e-25,4.479159663940533e-25,9.181591521220014e-29,2.0748083922016925e-27,6.944893334373621e-17,9.147818755793588e-17,3.858527684355244e-15
3.22e+22,0.0008250471280993612,0.9991746523790769,1.7585861446398222e-07,6.625273340450849e-08,5.8381475729892745e-08,7641.096906770699,7.367657228432137,0.940464582373988,2.367432844996677e+23,1.9971395401433977e+25,1.0653974705493479e-14,1.528522311001295e-24,1.2082836702141306e-24,7.455280040328613e-29,-2.457070697487186e-27,8.059534587195099e-17,1.0519770482643631e-16,4.215079566108019e-15
3.22e+22,0.0004642099216112866,0.9995355999614793,7.277286636456928e-08,2.0039989960723313e-08,9.730405305665004e-08,5896.286351183374,0.0921992228462484,0.9118253094593983,3.4366864040459588e+19,2.073559348005586e+25,1.0248688639472181e-14,3.053986616869532e-25,2.2564568273685163e-25,1.2710810671330139e-28,4.050498017755301e-27,6.411232981656785e-17,8.498247200282171e-17,3.712780439771571e-15
3.22e+22,0.0004722400947024588,0.9995275676158075,7.391276214119554e-08,2.0368101098635494e-08,9.800862668650179e-08,5919.537340343025,0.40902727179604426,0.9119729719185344,1.839031099474529e+20,2.0732360760236096e+25,1.0250947682850402e-14,3.1298488109778034e-25,2.314711749655886e-25,1.261664276130289e-28,4.00160192506509e-27,6.429944903681964e-17,8.521120130493642e-17,3.718109113951213e-15
3.22e+22,0.0006279775321519741,0.9993717986281259,9.453483559112778e-08,2.6300172770644855e-08,1.0300471385632316e-07,6391.4151216191985,0.10554275615083583,0.9135020250089869,2.36867476323554e+19,2.072870950274126e+25,1.027774773789011e-14,5.034296090432944e-25,3.7946331974415746e-25,9.959795430273367e-29,2.6017991613749384e-27,6.807903195302388e-17,8.981271686042306e-17,3.821292560577987e-15
3.22e+22,0.0008699117247619365,0.9991297941720269,1.428588601939387e-07,4.169342634609235e-08,1.0955092468934993e-07,7005.393423129389,1.6730040900854635,0.9168039500839816,3.356666103441115e+21,2.067014132695606e+25,1.0329896590882082e-14,8.846118225857767e-25,6.829676677161574e-25,7.103467894362564e-29,3.2631896050955237e-28,7.325586243626086e-17,9.610737863425034e-17,3.96343295313644e-15
3.22e+22,0.0012926783790630349,0.9987067900252953,2.927244967864333e-07,9.68317472094639e-08,1.4203939764358157e-07,7672.973286168228,2.9908597606657135,0.9217221462356656,1.7799859597307252e+22,2.055823608734461e+25,1.040421242237085e-14,1.535448836858552e-24,1.214448016406755e-24,4.759895786152016e-29,-3.4733127126060425e-27,7.914247366493559e-17,1.032522950620212e-16,4.125444303437148e-15
3.22e+22,0.0011131040572570816,0.9988864591555497,2.473907029677701e-07,8.65976971997677e-08,1.0279879314779623e-07,7696.351697257802,3.8780522701954716,0.9244727549311897,4.533674542635852e+22,2.046282277317272e+25,1.0440860552387523e-14,1.570925160973317e-24,1.2437294787209382e-24,6.831370776748666e-29,-2.9224609691765922e-27,7.964997734101364e-17,1.0389187427311052e-16,4.1455910189852845e-15
3.22e+22,0.0007691055194415006,0.999230661592438,1.2402656164545282e-07,4.000164920704492e-08,6.88599096582035e-08,7255.001770363192,5.3400783493053074,0.9286641736865721,1.0504981939888388e+23,2.0282337279619434e+25,1.0490112911057143e-14,1.1073929165823916e-24,8.630595283194242e-25,5.688019879113506e-29,-1.073750981303123e-27,7.631386245816734e-17,9.991486175346435e-17,4.0732730652830404e-15
3.22e+22,0.0005252764898986458,0.9994745276531264,7.838754515040404e-08,2.169929025779849e-08,9.57701395587395e-08,6126.192464074931,0.8440725992706112,0.9129127940993105,6.640929041958843e+20,2.0719544073342775e+25,1.0266209886195154e-14,3.875398619783624e-25,2.8895910997075217e-25,1.0929687550228249e-28,3.242912742353583e-27,6.596794730046838e-17,8.724659042423746e-17,3.7645272655689424e-15
3.22e+22,0.0006789777356638961,0.9993207121188022,1.9157514316856965e-07,8.445448287121591e-08,3.411590776015374e-08,7849.743815708708,10.860213030010001,0.9657256017985026,5.442779558603522e+23,1.9348287759565167e+25,1.1002956155078713e-14,1.8369146655838173e-24,1.4635065832360255e-24,1.096986558407116e-28,-2.8715412856308676e-27,8.477652838918983e-17,1.1051948427483887e-16,4.398999559114244e-15
3.22e+22,0.000500714119833736,0.9994990985425246,7.438167863114128e-08,2.0566594641880983e-08,9.238936843735168e-08,6067.265171244297,3.6433064048830253,0.9181670160263108,3.8433573425410065e+22,2.0512092611200587e+25,1.0334134454503202e-14,3.668631049291732e-25,2.7279959548453086e-25,9.960765311565682e-29,2.9531718322015852e-27,6.586684946475604e-17,8.717029466351479e-17,3.775402486393611e-15
3.22e+22,0.00042639278274110765,0.9995734530955159,5.959740483504384e-08,1.64255393941178e-08,7.80987987913782e-08,5938.488254644742,1.6197573828357905,0.9131229952779418,4.033877949452021e+21,2.0687816844303457e+25,1.0266284634274214e-14,3.199570935330022e-25,2.365634611291644e-25,9.996737627770977e-29,3.0705602562998116e-27,6.456041316012862e-17,8.553935045060154e-17,3.72797229445536e-15
3.22e+22,0.002087655278006287,0.9979111650605711,6.756791617922813e-07,2.421153937700465e-07,2.618668671889518e-07,8223.908944468723,3.3477306716328323,0.9245019238756341,2.214261667534978e+22,2.0515408140885406e+25,1.0448598439317465e-14,2.30549949884726e-24,1.8562602440361027e-24,-7.455396234477996e-29,-1.2345809419778465e-26,8.381184948323996e-17,1.088903655888868e-16,4.2493379737734744e-15
3.22e+22,0.0012268805456869417,0.9987725508749415,3.3615791020196384e-07,1.3039131885418872e-07,1.0203014246543132e-07,7984.996697565923,6.760872117598542,0.9381492797667089,1.8901934462083e+23,2.006378550243213e+25,1.0627518098900643e-14,1.9780668651672484e-24,1.5816937581159932e-24,6.033556837453843e-29,-5.4830051047554386e-27,8.328097829745081e-17,1.0840147122914263e-16,4.275005861762457e-15
3.22e+22,0.0002800318333672644,0.9997199110469979,2.355713896360177e-08,6.634042932537093e-09,2.6928453049795704e-08,6133.000951274199,9.043484620871366,0.9461250953775739,3.4999463623718474e+23,1.9707441581288875e+25,1.0710549236162038e-14,4.0454380880855054e-25,3.011413535964036e-25,2.3290688551576975e-29,1.975853662937241e-28,6.857170143533335e-17,9.072874207238968e-17,3.925609277137242e-15
3.22e+22,0.0008261020802378316,0.9991736385446988,1.3343684292423295e-07,4.11355037877271e-08,8.480271687867722e-08,7179.996631371924,3.6861527286087536,0.9220987882233095,3.997748095467511e+22,2.0491663142818395e+25,1.0402003004735214e-14,1.0332468214255893e-24,8.029664167062057e-25,6.087046592125184e-29,-6.22672580622127e-28,7.514612835063022e-17,9.844081792590519e-17,4.025623165971359e-15
3.22e+22,0.0018507103076016173,0.9981483445273306,5.298490345380008e-07,1.7990423336854215e-07,2.3541179999841775e-07,8003.309959449218,0.7299054724894682,0.9191501761152783,2.2523040536175985e+19,2.0697000282489136e+25,1.037509084195525e-14,1.9582829083079575e-24,1.5657079081021114e-24,-1.1735287972377487e-29,-7.959889912740966e-27,8.154338345634651e-17,1.0611228533307922e-16,4.178575119015198e-15
3.22e+22,0.0003430270385630532,0.9996569055798579,3.573249297008322e-08,1.1909871760836865e-08,1.9739214431557133e-08,6837.635495690198,9.541729661615076,0.952110502395854,4.102488959911543e+23,1.9607772533959175e+25,1.0801741328160685e-14,7.920207365965367e-25,6.07708472998859e-25,3.886530518938845e-29,-4.347239578098121e-28,7.484006354763921e-17,9.83846799114984e-17,4.105653330358188e-15
3.22e+22,0.0010024024851552223,0.9989972382466092,1.7942509813991292e-07,5.308904456392296e-08,1.267540927584497e-07,7168.945800241205,0.8585884574057565,0.9164518926059445,3.6804228442015636e+20,2.0704719206035058e+25,1.03276689613294e-14,1.0162495884427473e-24,7.894405699567265e-25,6.90437366337028e-29,-2.735721997301017e-28,7.454270106404835e-17,9.765742942861273e-17,3.9953226328215235e-15
3.22e+22,0.0017244201416284127,0.9982747403821588,4.669904061204446e-07,1.5612598890125278e-07,2.1635981764215557e-07,7912.588123507655,0.33093709022409534,0.9186659870726317,-5.6951240503723704e+19,2.0705969230109426e+25,1.0367460048431912e-14,1.8316017051270232e-24,1.4601444881249535e-24,8.130368600039398e-30,-6.511600404125094e-27,8.077380032907125e-17,1.0518284395122933e-16,4.158101219323133e-15
3.22e+22,0.0008548761085681384,0.9991448277736087,1.3960691829570636e-07,3.992170755950476e-08,1.1658919724029945e-07,6899.948739471853,0.10762165281749245,0.915223896295726,7.662177540596564e+18,2.0721679517163512e+25,1.0307670075822286e-14,8.05172031692369e-25,6.191735350751244e-25,7.900800904340668e-29,9.024914612312597e-28,7.226302887164943e-17,9.489268281736777e-17,3.9338979223444345e-15
3.22e+22,0.0015528500723691744,0.9984464428007651,3.892045808194586e-07,1.2785219753965313e-07,1.9007008745240594e-07,7789.691606857461,0.9077699768525874,0.9185734651837275,2.4081030854914995e+20,2.0694615939157816e+25,1.0364485398366567e-14,1.6711540672455885e-24,1.3268703852692925e-24,2.894368196749373e-29,-4.869917280699801e-27,7.977923717206156e-17,1.039863668897398e-16,4.132994096970701e-15
3.22e+22,0.002749862361944248,0.9972483150087902,1.0426361897513232e-06,3.769349440963666e-07,4.0305813181544794e-07,8475.788002367251,1.8984150689932695,0.9220066864582191,3.540646807554926e+21,2.0636100069265607e+25,1.041900915690251e-14,2.7203732445916666e-24,2.2062592471079044e-24,-2.4873532764989687e-28,-2.1385956938148778e-26,8.543052930618266e-17,1.108035659513192e-16,4.282689311250732e-15
3.22e+22,0.00043103678341389255,0.9995687797273083,6.886251121084803e-08,1.8887579314170276e-08,9.573918742649173e-08,5785.150058966376,0.017510345321256105,0.9114464949368564,7.074116317088596e+18,2.073727593662912e+25,1.0242149017785565e-14,2.7124881419602434e-25,1.995229158168344e-25,1.3309332407659186e-28,4.328750059606323e-27,6.323925151313087e-17,8.391739966762049e-17,3.68864408095771e-15
3.22e+22,0.000733714991174408,0.9992660324162772,1.1296184207106458e-07,3.1739805618447705e-08,1.078909006780319e-07,6655.884654627604,0.5873720480574665,0.9145437972181973,2.0038015289675688e+20,2.071894400906129e+25,1.0295211315947327e-14,6.461295350290604e-25,4.921750618104454e-25,8.729335366286487e-29,1.7408524202456123e-27,7.025410072714208e-17,9.245670634920292e-17,3.880419496053025e-15
3.22e+22,0.0021556158868819473,0.9978430641624952,7.724282175593716e-07,2.971678878320678e-07,2.503545173130013e-07,8404.382606012647,5.150611392402286,0.9316107247168823,8.78222541151186e+22,2.029430279391224e+25,1.054553997759272e-14,2.6358558149347335e-24,2.134477701685787e-24,-1.0319723567487055e-28,-1.557841004672512e-26,8.60150892386018e-17,1.1160964727048542e-16,4.323623573536073e-15
3.22e+22,0.0005633793661270941,0.9994364108133628,8.526013120892032e-08,2.363197496479525e-08,1.0092840398982809e-07,6206.5630155449135,0.3063800702487956,0.9129119332743186,9.849311715589441e+19,2.0729746878635915e+25,1.0267354505734323e-14,4.199245197087191e-25,3.1417389198769713e-25,1.095325541624493e-28,3.171381160357406e-27,6.658602760842424e-17,8.79966303229379e-17,3.78074909502567e-15
3.22e+22,0.00010598356434389997,0.9998940045944779,4.756859087784718e-09,1.3613710958394786e-09,5.722948138935208e-09,5799.72875545095,12.738211195708866,0.9745307842061925,6.628760328284237e+23,1.9015282999773732e+25,1.110137038024519e-14,2.960029705149342e-25,2.1702428936940978e-25,9.269211671530846e-30,-4.738906068870909e-29,6.829971836322464e-17,9.071459937367963e-17,4.010917581458208e-15
3.22e+22,0.00045039645092676353,0.9995494146126531,7.161380402196599e-08,1.968653854539386e-08,9.763607758902003e-08,5842.341214764358,0.4369143312365155,0.9117221671962137,2.127741197296531e+20,2.073299365832368e+25,1.0246562105816875e-14,2.8841017431982927e-25,2.1264485368026646e-25,1.3124650220198312e-28,4.230130569227273e-27,6.369079199780052e-17,8.446894710788565e-17,3.701335784413804e-15
3.22e+22,0.00013918053205062142,0.9998608032161842,7.328186565961322e-09,2.2228181627874304e-09,6.700760490292898e-09,6126.648574383704,11.698035190414274,0.9666278891807166,5.865516488823535e+23,1.921377244432327e+25,1.0994174625325086e-14,4.1122182723845374e-25,3.0615327907091282e-25,1.5862233753934674e-29,-7.562591327528586e-29,7.025043582623612e-17,9.299156026206617e-17,4.034836483196279e-15
3.22e+22,0.00048131929406114204,0.9995185321803842,6.136567299064285e-08,1.7067802693964373e-08,7.009207911650168e-08,6250.913432214622,2.426310327748675,0.9156063205625496,1.2245582158807913e+22,2.062742914024347e+25,1.0303303476836429e-14,4.406702594543304e-25,3.2999672938772544e-25,7.627912779484938e-29,1.956253573472903e-27,6.717938654462834e-17,8.874191644775795e-17,3.8032558908611325e-15
3.22e+22,0.0014628107752177827,0.9985364933151405,4.028244984706144e-07,1.4781854716644029e-07,1.4526659600563358e-07,7995.36121803381,5.0797159622417105,0.9299619058825502,8.573649744946969e+22,2.0309647294776957e+25,1.0518008161854247e-14,1.9749516681804602e-24,1.5792610407883425e-24,3.0920704084721305e-29,-6.520601258934692e-27,8.25709427763477e-17,1.0745969267878434e-16,4.2337411388947465e-15
3.22e+22,0.000739502967703928,0.9992602416483396,1.1433766992749206e-07,3.213055327536752e-08,1.0891573333084904e-07,6662.503708221347,0.16347229280791087,0.9144267396339955,2.44954513600923e+19,2.0724680210608043e+25,1.0293779068489148e-14,6.499677794534762e-25,4.952334488959509e-25,8.775002091998664e-29,1.744339119086995e-27,7.029711028161483e-17,9.250767145584068e-17,3.881229422545643e-15
3.22e+22,0.0007313896544582567,0.9992683910605373,1.0710444433658245e-07,3.165518279625814e-08,8.052537729041677e-08,6959.510509709646,3.2604836622762,0.9200530185171615,2.6481598415936187e+22,2.0541101936822484e+25,1.0371954140687309e-14,8.538028820568501e-25,6.579711279827271e-25,6.235972723131444e-29,1.4421325713585265e-28,7.317902759602423e-17,9.604617365620766e-17,3.9700668281860215e-15
3.22e+22,0.0009171579864626611,0.9990825240937952,1.5512405152470865e-07,4.523854831603046e-08,1.1755714224040596e-07,7048.381825179814,1.1772203341779377,0.9163293837411213,1.084909595694414e+21,2.0694661646296696e+25,1.0324303862409792e-14,9.173026307080504e-25,7.093729114491865e-25,7.195280090502364e-29,2.3015524728901085e-28,7.35578299795947e-17,9.64674256227022e-17,3.96990373959391e-15
3.22e+22,0.0007687391286887512,0.9992309959615288,1.2030845400844746e-07,3.3949481168030756e-08,1.1065184725462659e-07,6726.683996962192,0.08472800467059935,0.9146355520474729,1.0248839098885353e+19,2.072415221810257e+25,1.0297445869112502e-14,6.892901518461498e-25,5.265178816459505e-25,8.524836566764183e-29,1.5272377167604039e-27,7.082607733754783e-17,9.314966313652698e-17,3.895422348155659e-15
3.22e+22,0.00043213777117728503,0.9995677200307941,8.727932200207412e-08,3.6280827367498823e-08,1.8637879241960582e-08,7447.100430276541,11.777431276417708,0.9719271815923137,6.231093954914635e+23,1.9178032438302462e+25,1.10844198982279e-14,1.3508744113961607e-24,1.0614558477731512e-24,8.066221705567135e-29,-1.3204780942216776e-27,8.186154494593164e-17,1.0708888129569039e-16,4.347881366975922e-15
3.22e+22,0.0005071947113105616,0.9994926778909885,5.8870108776968246e-08,1.707939907839809e-08,5.144819330695569e-08,6652.70787451993,6.504691132656851,0.9322875905860167,1.6832307301053205e+23,2.0120638175198433e+25,1.0530075612278796e-14,6.566921648465952e-25,4.999113210979155e-25,4.143308237252469e-29,1.0927321715202573e-28,7.164409525524234e-17,9.4309680650291e-17,3.9644011431744205e-15
3.22e+22,0.0007172669755749088,0.9992825014552219,1.0610881867347112e-07,3.0151073314130596e-08,9.53093112827704e-08,6735.988546957729,1.8434069760179959,0.9161563930419068,4.917467823464812e+21,2.066334083704213e+25,1.0317498585080104e-14,6.96713032438237e-25,5.323035397341201e-25,7.566593935997527e-29,1.1684433657171634e-27,7.104131070585606e-17,9.342458951803102e-17,3.9049211084991954e-15
3.22e+22,0.0009149274389230647,0.9990847678110979,1.5741597956137483e-07,4.8458739160021475e-08,9.887526036073891e-08,7242.798441035301,2.1668588860800826,0.9184615056150025,9.384061846003007e+21,2.0633388185247073e+25,1.0355102380332627e-14,1.084996939655748e-24,8.451442759335199e-25,6.655972492855287e-29,-6.472896500762724e-28,7.536711025386118e-17,9.867236170201579e-17,4.021537436092906e-15
3.22e+22,0.001247599453190437,0.998751862920426,3.096443794346917e-07,1.1214635555961264e-07,1.1583564858486417e-07,7852.227878669629,3.9140082936187626,0.925116745659101,4.61504379543566e+22,2.04565776060235e+25,1.0451631030184204e-14,1.7702484432763267e-24,1.408985984032837e-24,6.669872410068694e-29,-4.0718212364615166e-27,8.100853958410933e-17,1.0553259016254988e-16,4.1812926890620965e-15
3.22e+22,0.00032575328789170724,0.9996741861280856,2.8901896549378856e-08,8.784091676605104e-09,2.2898034539070444e-08,6572.9697741842265,7.410333766722086,0.9370897068175232,2.3668603911500832e+23,1.9979183720180894e+25,1.0593766625166838e-14,6.136636296778248e-25,4.656049256220517e-25,3.473261852541794e-29,1.4304857939960625e-29,7.142523396561147e-17,9.409470388801867e-17,3.972714791068261e-15
3.22e+22,0.0015864773428473956,0.9984127711939977,4.227842722513174e-07,1.4560125006076235e-07,1.8307763267718146e-07,7909.388569831724,0.506378441830814,0.9187390972106725,2.136358102036878e+19,2.07032476201597e+25,1.0368484826713294e-14,1.8313594106465373e-24,1.4599986787602944e-24,3.357911389239752e-29,-5.6083865420231134e-27,8.083414122695229e-17,1.0525754088223498e-16,4.159797613372027e-15
3.22e+22,0.0011344493688633332,0.9988651224658576,2.2829449270637503e-07,7.231752838187822e-08,1.275532578544869e-07,7465.449319482147,2.540009175809923,0.9199473819942958,1.112387834381424e+22,2.0601589714538413e+25,1.0377852549507138e-14,1.3017296874397532e-24,1.022146332566039e-24,5.720593244190366e-29,-1.9646822696404123e-27,7.72805153605055e-17,1.009927357709193e-16,4.073880206429349e-15
3.22e+22,0.00245245323953794,0.9975460479681991,8.518040662868356e-07,3.0007454950178115e-07,3.46913647086975e-07,8318.89451824225,0.9913519962619509,0.9203598185515458,1.7071152128626033e+20,2.0684606811569888e+25,1.0395278500640164e-14,2.4446270082425255e-24,1.973516081741984e-24,-1.4898619039898408e-28,-1.5929897363953797e-26,8.408150691327206e-17,1.0916971123300516e-16,4.244876517916831e-15
3.22e+22,0.0004205852395068334,0.9995792313310096,6.827767518873736e-08,1.8688209320570722e-08,9.646359897162197e-08,5739.0254189573625,0.08569316392460834,0.9112931261591061,3.560791808707755e+19,2.073778465684076e+25,1.0239482137444205e-14,2.580132396118846e-25,1.8945789607096354e-25,1.3740552381541687e-28,4.5049565668393334e-27,6.287624535524211e-17,8.347432621842859e-17,3.678590434435092e-15
3.22e+22,0.0003336891845158355,0.9996662380851233,4.158317146475401e-08,1.521911200945725e-08,1.5928077382958654e-08,7009.3415904855165,11.655043361875741,0.9693633753883526,5.972597263994206e+23,1.9208127374105948e+25,1.1043075982969338e-14,9.362625871083332e-25,7.236128643818553e-25,4.5416797651873827e-29,-7.403114659150913e-28,7.78343724703241e-17,1.022011778865758e-16,4.2380588465314964e-15
3.22e+22,0.00031634317933636023,0.9996835948699039,2.7394902780859206e-08,7.93996935085952e-09,2.6615887540507895e-08,6370.561586678255,6.282470833361642,0.9301552920548055,1.592839476598006e+23,2.0159034805097516e+25,1.0497823388589578e-14,5.03154761156107e-25,3.7843276458510028e-25,3.48794359323942e-29,3.4362230343671886e-28,6.925396326811978e-17,9.139543351381689e-17,3.896699204764917e-15
3.22e+22,0.0006101450316585779,0.999389635752563,9.16750691948086e-08,2.5475990003351246e-08,1.0206471930091571e-07,6345.302806883302,0.04775343228145694,0.9133421331143611,1.1227480517946102e+19,2.0729508345688364e+25,1.0274989732030497e-14,4.814341258539372e-25,3.6220978613874197e-25,1.0171016590127847e-28,2.7364376982032318e-27,6.77050327192759e-17,8.935787579429998e-17,3.811127910263923e-15
3.22e+22,0.0008450645617657698,0.9991545682733654,2.2264084897140562e-07,9.230025882276219e-08,5.222376108984853e-08,7863.720022641431,8.972014813111457,0.9515809182596237,3.7099344980517225e+23,1.969494713528943e+25,1.0808054613281336e-14,1.831815521224435e-24,1.4595417870735091e-24,9.449904300161352e-29,-3.398045793619065e-27,8.352841883043535e-17,1.0885030557727075e-16,4.3220532649420095e-15
3.22e+22,0.0005178370945348304,0.9994819921499027,1.0325551875682625e-07,4.16235669462821e-08,2.587647663056878e-08,7487.821372887777,10.452266416693156,0.9612318203448229,5.028953174196449e+23,1.9430582844416197e+25,1.0935967002458416e-14,1.3813211982014958e-24,1.0866401338561013e-24,7.92461233670202e-29,-1.5274501374093926e-27,8.118752691863354e-17,1.0614695625277618e-16,4.2949751515741565e-15
3.22e+22,0.0010136247861739528,0.9989860135540422,1.8385884741033614e-07,5.533210885269583e-08,1.224688275139289e-07,7235.9211765077935,1.6532519482413166,0.9175538189436853,3.011566301869246e+21,2.0668132931487543e+25,1.0343084434457995e-14,1.0763816461867576e-24,8.382121075468012e-25,6.532369176917299e-29,-6.573110726964778e-28,7.518958126279689e-17,9.844863170358318e-17,4.014648306312191e-15
3.22e+22,0.00014797600844362673,0.9998520050285656,8.090486801495273e-09,2.3701761021982624e-09,8.502327697008072e-09,6045.946346942307,11.977346868323712,0.9687237833006321,6.048075692135802e+23,1.916072967407981e+25,1.1022546499007147e-14,3.798869800490887e-25,2.817800447549414e-25,1.3277824300901495e-29,-9.079312127978349e-29,6.977363347986803e-17,9.243697219647087e-17,4.029483502250638e-15
3.22e+22,0.0026840005525918093,0.9973142662801999,9.86275741570899e-07,3.5003633919086086e-07,3.968551276119953e-07,8414.553811119647,0.5510029910575218,0.9203596534903147,-1.1203319591549154e+20,2.0695689571832073e+25,1.0396541872368695e-14,2.605221457722523e-24,2.1089835264701836e-24,-2.176754437905829e-28,-1.9475134315773447e-26,8.478130960497556e-17,1.1000812155429904e-16,4.262233414663909e-15
3.22e+22,0.0005650267397105309,0.9994347223884475,9.787007948644452e-08,2.705151801023026e-08,1.259502444865381e-07,6013.9468811284,0.5826183309987012,0.9123539825395766,2.722254404631911e+20,2.072787051438583e+25,1.0257187443164364e-14,3.448094076403979e-25,2.5627488816007358e-25,1.5030381830370186e-28,4.776143155230603e-27,6.499678040652314e-17,8.606058894879316e-17,3.737450166753251e-15
3.22e+22,0.0004597334613497193,0.9995400751724659,7.289335005114754e-08,2.005782214611112e-08,9.841501229424687e-08,5870.405908413433,0.21877535463375197,0.9117542334216281,8.658691695937408e+19,2.073523098416097e+25,1.0247383838052032e-14,2.97126479763455e-25,2.193232531132358e-25,1.3029680452570256e-28,4.17915779654117e-27,6.390661880179734e-17,8.473166578232125e-17,3.707143504946398e-15
3.22e+22,0.0017171451660911174,0.9982819069431024,5.587680653151487e-07,2.1763059974925792e-07,1.714921414036381e-07,8246.529473825185,5.803309691081309,0.9340884993032599,1.2517473200586918e+23,2.0204449782088593e+25,1.0576578426254654e-14,2.374999785305994e-24,1.9145343384124137e-24,-2.432792367561193e-30,-1.0220381773620475e-26,8.504686911610847e-17,1.1047663104353957e-16,4.306815414493906e-15
3.22e+22,0.0016100135262794772,0.9983892292423084,4.2279700062355963e-07,1.4264517747695946e-07,1.9178923410303997e-07,7881.732561321205,2.1329699870426033,0.9205084299076606,5.542950722004373e+21,2.0627922019847956e+25,1.0391199036287725e-14,1.7949552722761004e-24,1.4295769729952094e-24,1.902925092522968e-29,-5.909574006922551e-27,8.071275789108642e-17,1.0512823673060835e-16,4.1614631865367324e-15
3.22e+22,0.0012299043526458261,0.9987695913658835,2.8348503050826877e-07,9.765656360488768e-08,1.2313987642966257e-07,7726.795978460024,4.213130584626249,0.9256742132542467,5.111083831078448e+22,2.0424319358830976e+25,1.0457243908769052e-14,1.6079948982367102e-24,1.2743041180789426e-24,5.105896944732153e-29,-3.7281600894791505e-27,7.995872489057827e-17,1.0427480955386849e-16,4.156671998511436e-15
3.22e+22,0.0002849870347851396,0.999714958348868,3.060517927944e-08,1.0885250510127093e-08,1.3125917184979495e-08,6876.329918040807,11.01676178669063,0.9636042194488509,5.447952510944574e+23,1.9333096611135411e+25,1.0961148883017505e-14,8.29097547888306e-25,6.373570766406466e-25,4.1830933746445843e-29,-4.608498930092107e-28,7.618426889655149e-17,1.0014016174883489e-16,4.176978766381166e-15
3.22e+22,0.00037084869572181437,0.9996290254369449,4.806909515088629e-08,1.3214852904438068e-08,6.45833853673253e-08,5862.160450646377,5.727212735275138,0.9256772350062435,1.1987834011244114e+23,2.024776238842916e+25,1.0430821094713076e-14,2.99045568005494e-25,2.2015482463770535e-25,7.102858139779552e-29,2.1028313613016288e-27,6.484606885079126e-17,8.599985287344074e-17,3.7686679883641345e-15
3.22e+22,0.0005914966879264499,0.9994082983675758,8.601341768285777e-08,2.392355363743631e-08,9.500752643251161e-08,6353.807137405462,1.1647818170332098,0.9139671173182531,1.4157281445354854e+21,2.070473881425108e+25,1.028328908572703e-14,4.859018978100969e-25,3.6563401611286063e-25,9.456596830366787e-29,2.474616255963228e-27,6.782930372634e-17,8.951442926863763e-17,3.815979585437964e-15
3.22e+22,0.001404914675717628,0.9985944225116735,3.856684453616351e-07,1.433847631873926e-07,1.3375940033978808e-07,7994.841851089383,3.93118540654589,0.9256497913517253,4.623393012206941e+22,2.0452711278230496e+25,1.0460731667747956e-14,1.9689377832268715e-24,1.5745218839832432e-24,5.827947695524371e-29,-5.527776598081234e-27,8.224000478349802e-17,1.0701811031167862e-16,4.213413876311966e-15
3.22e+22,0.001445555176929425,0.9985538054990017,3.5616534810203995e-07,1.199473262083808e-07,1.6321139438205637e-07,7797.148941555028,2.8275195995912585,0.9217249423087049,1.44757340470652e+22,2.0571851527032956e+25,1.0406018666787672e-14,1.6878468413718533e-24,1.3405838168941701e-24,3.5350474264177556e-29,-4.726961529379232e-27,8.015262941030852e-17,1.044673663448346e-16,4.1507361895181274e-15
3.22e+22,0.0009344027286930112,0.9990652683119632,1.6009777267949886e-07,4.655939900589867e-08,1.2230217215987254e-07,7046.101815736069,0.35656930529964953,0.9157690805580735,3.360185628795004e+19,2.071754198490738e+25,1.0316939106047781e-14,9.148005390337934e-25,7.073889526395235e-25,7.385654241733882e-29,3.0589066232847886e-28,7.348811051231797e-17,9.637784216127376e-17,3.966665295118631e-15
3.22e+22,0.00018738803552553716,0.9998125853962404,1.1608229487143832e-08,3.4168884572531097e-09,1.1543116229929635e-08,6171.572917449415,9.173839688289128,0.9471722238430261,3.7080338635246694e+23,1.968392759096823e+25,1.0725476930275146e-14,4.212164568815444e-25,3.140730897627633e-25,2.0502629323703386e-29,5.95872281375387e-29,6.89939881885601e-17,9.125304360596007e-17,3.939881547952842e-15
3.22e+22,0.000563223693823754,0.9994365755334005,8.255812447922444e-08,2.2909455948507378e-08,9.530519549165395e-08,6258.845438783833,1.022360664205271,0.9135084811434246,1.0251664118841356e+21,2.0711673061134676e+25,1.0275915630422662e-14,4.426323171538691e-25,3.318038939239989e-25,1.0045714056006258e-28,2.7960584874559184e-27,6.704823531119159e-17,8.856299978392967e-17,3.7943906134078945e-15
