n0,ne/n0,(Ar)/n0,(Ar*(1))/n0,(Ar*(2))/n0,(Ar*(3))/n0,Tg,E,energy,mobility,diffusion,C0,C1,C2,C3,C4,C5,C6,C7
3.22e+22,0.0008810652654320017,0.9991186287560155,1.4604915797881973e-07,4.203192544297021e-08,1.1789746890460909e-07,6954.243930858731,0.5166793037044161,0.9154582327758933,-1.0291041091239815e+19,2.0725182335576317e+25,1.0312876976402507e-14,6.6016980720635956e-24,8.433862692315365e-24,8.264675977093133e-26,1.4125279194359353e-25,7.381994056465697e-17,9.676727580133626e-17,3.971753931734261e-15
3.22e+22,0.000529714248495989,0.9994700823109914,8.097759681640949e-08,2.240608480684271e-08,1.0005683112510752e-07,6102.208712058329,0.3238709326726397,0.912473479984088,-5.4581029670184436e+19,2.0764959963361804e+25,1.0267419955069767e-14,5.794548795967092e-24,7.251281045918412e-24,6.240872615057838e-26,8.759612642722749e-26,7.202507818604473e-17,9.449400643142268e-17,3.901926471668636e-15
3.22e+22,0.0009119886161777132,0.9990877072807264,1.5548216893375418e-07,4.7330925876604444e-08,1.01290001067999e-07,7206.7700488505725,2.8549692329004857,0.9185219346239304,7.49642109544895e+20,2.0684475434787494e+25,1.0359558833597458e-14,7.065688337518043e-24,9.049207793607436e-24,8.979892412639281e-26,1.4720480435725084e-25,7.567349534492183e-17,9.911541280743544e-17,4.043869111881213e-15
3.22e+22,0.0007636066445841249,0.9992361325255978,1.1866663131043409e-07,3.351378341537872e-08,1.0864940345729821e-07,6731.794358597187,0.8075076708736821,0.9148006478561668,-5.357445369103183e+19,2.073393286691712e+25,1.0302859013434849e-14,6.405307697473862e-24,8.14050974988919e-24,7.721665276130292e-26,1.2376322543012452e-25,7.34222529909399e-17,9.626368510097385e-17,3.956309094701654e-15
3.22e+22,0.00043090290086022793,0.99956891232536,6.924878770309475e-08,1.8988093316730637e-08,9.653689886707396e-08,5778.015211810376,0.08258724371009382,0.9113276439560252,-1.3078542072151912e+19,2.0780260895830144e+25,1.0249974378184267e-14,5.459337747048826e-24,6.764216483863379e-24,5.462033510651777e-26,7.185048875824432e-26,7.133830572283256e-17,9.362437795705387e-17,3.875222228384598e-15
3.22e+22,0.0022598175948930713,0.9977387197214335,8.619326890917569e-07,3.415194903040694e-07,2.5923149409736934e-07,8513.25340886199,6.2733914096721,0.93073020023023,8.421438293968907e+21,2.052396378895071e+25,1.0546016540165671e-14,9.70198944979774e-24,1.2780384052448123e-23,1.4952930023125818e-25,3.347189256913852e-25,8.340318146305086e-17,1.0888813414293642e-16,4.3398469420185265e-15
3.22e+22,0.0009933526556628175,0.9990062850174187,2.0348330374395498e-07,7.033100843722192e-08,8.851260632026826e-08,7587.8464515272435,5.14829228620498,0.9248553194693311,5.49246003069498e+21,2.060086133845779e+25,1.0456198202011808e-14,8.12004872051845e-24,1.0456548854688916e-23,1.0671759764443012e-25,1.6246365342090046e-25,7.96112227373184e-17,1.0409800618994368e-16,4.1956302463659425e-15
3.22e+22,0.001099910133523508,0.9988996793852818,2.2250381911718894e-07,7.232444342911337e-08,1.1565293221340508e-07,7509.244604468834,0.7266184704220262,0.9174590665562797,1.8547667008832088e+20,2.0698592748863073e+25,1.0343365253289348e-14,7.043791368376904e-24,9.069436042699854e-24,9.321057680989886e-26,1.7354241234692293e-25,7.503337389503127e-17,9.83039890825607e-17,4.018878247248781e-15
3.22e+22,0.0008599267512877023,0.9991397785982927,1.403447780219838e-07,4.0379265657590755e-08,1.1392637597771663e-07,6937.9667321461575,1.0389879917454774,0.9156294317105691,-1.8023957294285662e+19,2.0722901619761283e+25,1.0315483737583357e-14,6.6080802118291115e-24,8.435823424989932e-24,8.226139992336865e-26,1.3802453461167652e-25,7.39219310070478e-17,9.689660364782313e-17,3.975748433321347e-15
3.22e+22,0.0016874383382418138,0.9983117499617825,4.514303480911514e-07,1.5095522966911958e-07,2.0931439779799718e-07,7895.502748110693,1.0010715507808887,0.9188670504753501,1.0184636096309946e+20,2.0679917690828152e+25,1.0364827510599413e-14,7.488190065359288e-24,9.754794715098429e-24,1.0783079653552022e-25,2.523131747898404e-25,7.589221921471631e-17,9.939154704198079e-17,4.052190149212964e-15
3.22e+22,0.0005895649332075965,0.9994102199456366,8.882810082147659e-08,2.4656190393189597e-08,1.016368645775673e-07,6284.132436671365,0.19808638202529721,0.9130824681376498,-1.8470011254132265e+19,2.075683470988218e+25,1.0276693079342475e-14,5.9670354631787995e-24,7.502989059276299e-24,6.656853613870744e-26,9.70130353092809e-26,7.239057161324181e-17,9.495686257119093e-17,3.916142033192203e-15
3.22e+22,0.00107582537141315,0.9989237774344256,2.0216482949207328e-07,6.067969629900391e-08,1.3434963540538193e-07,7270.06083606609,0.5539498877403531,0.9165556171550323,1.6385172212619624e+19,2.071059066350244e+25,1.0329596745849872e-14,6.891869958845722e-24,8.863983477206342e-24,9.055932034609944e-26,1.6960385733797025e-25,7.448409084394739e-17,9.760841473766312e-17,3.997561790598993e-15
3.22e+22,0.0004433278286296485,0.9995564863748652,7.024866423980394e-08,1.930022846782528e-08,9.624761258165705e-08,5827.702243725642,0.04055607979135999,0.9114977217277568,-4.988074807929163e+18,2.0777988832543623e+25,1.0252563718185378e-14,5.507833765460294e-24,6.834104762593887e-24,5.569617913418417e-26,7.378241399702469e-26,7.144022074730536e-17,9.375341643447105e-17,3.8791835060619324e-15
3.22e+22,0.0013487892603743664,0.9986506460819335,3.080388213915037e-07,1.0015096265267037e-07,1.564679081715446e-07,7660.23455389404,2.114814635981745,0.9190059978190699,3.976092368239398e+20,2.0678072803461666e+25,1.0366944279849134e-14,7.39233563641885e-24,9.577610066823078e-24,1.0223542850443498e-25,2.0809861541289033e-25,7.59754909417557e-17,9.949718072742694e-17,4.0554536025958385e-15
3.22e+22,0.000742746011007288,0.9992570246409647,1.2727946380356528e-07,4.362508318482235e-08,5.844348109745255e-08,7368.084775814285,6.098434408141741,0.9273150208960603,9.91318766165709e+21,2.0568558070308325e+25,1.0493771123945061e-14,8.271254147982615e-24,1.0560422333421266e-23,1.0186516301150216e-25,1.2614605598061674e-25,8.117055252184715e-17,1.0606979827842637e-16,4.255370598786048e-15
3.22e+22,0.0010984920430797517,0.9989008951796235,3.7503118845769914e-07,1.6645884522033788e-07,7.128726323395032e-08,8191.969432646783,9.51836849786824,0.9440828919675571,3.757355748084174e+22,2.035138489407915e+25,1.0750740140927173e-14,1.2028326909224062e-23,1.5666926342165312e-23,1.686729623984347e-25,1.9453689708319685e-25,9.248363285832744e-17,1.203333765855508e-16,4.679039804284075e-15
3.22e+22,0.001293704017616125,0.9987057434436503,3.133562318337401e-07,1.0975222638868855e-07,1.2943027526626026e-07,7800.275080833563,2.2762993465601737,0.9197113734070322,1.3070345350943502e+21,2.066873405266136e+25,1.0377701243507581e-14,7.482333236641313e-24,9.687129647199728e-24,1.0283638317441789e-25,2.017446316898735e-25,7.64096513445353e-17,1.0004671561776123e-16,4.072235209899816e-15
3.22e+22,0.00019816314186172428,0.9998017997794728,1.440382257946237e-08,3.998690469325783e-09,1.86761526381552e-08,5852.28497790111,6.43588089875599,0.9250426515789608,1.28111643839574e+22,2.0597965133234676e+25,1.0458898045729572e-14,6.096765500271192e-24,7.271856757940635e-24,4.483832374267577e-26,3.4541896251663164e-26,7.956910289672179e-17,1.0405978497829002e-16,4.1970004492824845e-15
3.22e+22,0.0006489669163741559,0.9993508061372555,9.728988313413444e-08,2.712151287371889e-08,1.0253497445885087e-07,6459.967410794829,0.71583641513706,0.9138253662504774,-1.0001917628838435e+20,2.0746925630100474e+25,1.028800480409759e-14,6.1448863884538195e-24,7.758919499991504e-24,7.066054530716197e-26,1.0623768213804311e-25,7.283526500235625e-17,9.552023101551867e-17,3.933474652263399e-15
3.22e+22,0.000311120244842039,0.99968882042062,2.6451887730779764e-08,7.704252260530685e-09,2.517839801146794e-08,6390.1071898179,9.390255724890379,0.9404149909194612,4.709715343899267e+22,2.0398112748411538e+25,1.0694282702853297e-14,9.219181564375157e-24,1.1374015049456073e-23,8.712202194936666e-26,5.667530765422798e-26,8.978470509071753e-17,1.1694720123933013e-16,4.5814774547133036e-15
3.22e+22,0.0005178569621126124,0.9994818789110594,9.885038541662608e-08,2.7159057319893385e-08,1.3811738510347975e-07,5786.8545731605955,0.556359099137983,0.9114217965007619,-5.27641278775396e+20,2.077901289999744e+25,1.0251412315382835e-14,5.631694562412905e-24,7.03603932540769e-24,6.000344278358167e-26,8.572538866023284e-26,7.139962205458825e-17,9.370146024059882e-17,3.877501377842346e-15
3.22e+22,0.000921307766601156,0.9990783815026065,1.5790007626042003e-07,4.779507216240095e-08,1.0503564378991303e-07,7187.341730752625,0.7019670140986329,0.9163382852125806,5.338834610719173e+19,2.0713478596069395e+25,1.0326284950081054e-14,6.762256612282247e-24,8.65548196011659e-24,8.57690789916567e-26,1.4774636843817458e-25,7.435211439051658e-17,9.74413076821558e-17,3.9924407595890434e-15
3.22e+22,0.0008090931429761601,0.9991906308839255,1.2840318367118996e-07,3.6553711183071105e-08,1.1101620350382305e-07,6832.504071837484,0.916128164215021,0.9151998369244061,-3.975824062247327e+19,2.0728618296213716e+25,1.0308939515198805e-14,6.5037477052487164e-24,8.283887515574149e-24,7.965941440298289e-26,1.3052119533987792e-25,7.366274870568315e-17,9.656831255152058e-17,3.965666737883765e-15
3.22e+22,0.001838174261379171,0.9981607009899923,6.713094554952083e-07,2.759354962748174e-07,1.7750367669467447e-07,8420.518508938016,7.40531159008148,0.9346034783089265,1.4507165412911445e+22,2.0473586506647807e+25,1.0605316574394371e-14,1.0366556893131945e-23,1.3620533436275998e-23,1.5612108370901852e-25,2.869798246905787e-25,8.596846784912175e-17,1.1212524429978357e-16,4.4365624578768274e-15
3.22e+22,0.0025014906993972193,0.9974969275909257,9.093026329886345e-07,3.3162776633652535e-07,3.407792779286292e-07,8417.050597994003,0.7005920712751199,0.9204699257738489,2.557173693342727e+20,2.0658700245996745e+25,1.0389271185601066e-14,7.910962431202212e-24,1.0398119173197884e-23,1.2150338927653586e-25,3.5195497509504293e-25,7.687798419856746e-17,1.0063943148267057e-16,4.090321741510096e-15
3.22e+22,0.0017515759687811603,0.9982475567853629,4.864556653852148e-07,1.654061843891855e-07,2.1538400627223982e-07,7965.8708131921,1.8456884135487388,0.9197320599608567,2.975226155607331e+20,2.0668460451314235e+25,1.0378016763560268e-14,7.641353195788034e-24,9.966383130326431e-24,1.1090731662510645e-25,2.609301891781559e-25,7.642243136422928e-17,1.000628789187894e-16,4.0727283572519996e-15
3.22e+22,0.0005959691277327728,0.9994038696176022,7.725495122735252e-08,2.2840342256873608e-08,6.115937160116281e-08,6810.034584981895,4.099315107556449,0.9197616115164716,2.2841178326401957e+21,2.066801630379037e+25,1.0378445401275927e-14,6.883554601452246e-24,8.686050114719084e-24,7.829386037787655e-26,9.974483491071072e-26,7.641769695673922e-17,1.0005922367055712e-16,4.072999403705712e-15
3.22e+22,0.0005739505862423394,0.9994257999308448,1.5486428973012805e-07,6.855787237734276e-08,2.6060750765546052e-08,7758.045231174975,11.594688147762689,0.956483284755936,7.727706693376932e+22,2.0193761645144465e+25,1.0941584982682274e-14,1.4127057750477502e-23,1.8084971366995668e-23,1.7341307816595066e-25,1.1509421972928872e-25,1.0150576172301224e-16,1.3167220215180737e-16,5.008289059311397e-15
3.22e+22,0.0015269156888066894,0.9984723490401066,4.2383954042761176e-07,1.5384912325699516e-07,1.5758242300604696e-07,8006.107876912932,2.292954719400064,0.9204117954265179,1.425196350214658e+21,2.0659468793512806e+25,1.0388384452146108e-14,7.684710714918841e-24,9.994014091060868e-24,1.0908426879187773e-25,2.3283543046528794e-25,7.684200120949954e-17,1.0059391258071035e-16,4.088934045263249e-15
3.22e+22,0.0018458224349310003,0.9981530727499552,6.567404385706744e-07,2.6517790192349906e-07,1.828967731132473e-07,8385.31583295734,7.012067613953529,0.9330164770335744,1.206574312296765e+22,2.0494194521841546e+25,1.0581010538002172e-14,1.0044928625587605e-23,1.3190190206610033e-23,1.508875320511504e-25,2.862406863602469e-25,8.491008136874493e-17,1.1079009388995125e-16,4.396757844100436e-15
3.22e+22,0.0007867923315039338,0.9992129369187032,1.24027435878704e-07,3.508564487875924e-08,1.1163671215226412e-07,6766.7866001473485,0.40399765006881877,0.9147830960440438,-1.8838222253862355e+19,2.0734168974247477e+25,1.0302592713225027e-14,6.4257562615920925e-24,8.175048018174017e-24,7.80663212089609e-26,1.270769027151397e-25,7.341278738789462e-17,9.625157822717689e-17,3.955918082660507e-15
3.22e+22,0.0025705628808975756,0.9974278155027679,9.236250918064459e-07,3.281111104853404e-07,3.698801321361118e-07,8377.773429540717,1.5897933365086478,0.9208271623204378,2.2772476599886804e+20,2.0653976037169933e+25,1.0394719810947025e-14,7.97780954531561e-24,1.0492685512922425e-23,1.2306064261659367e-25,3.5992881830646145e-25,7.709805922413756e-17,1.00918053598425e-16,4.098836220748918e-15
3.22e+22,0.000741913552679522,0.9992578372628588,1.1322183791421064e-07,3.200109188096296e-08,1.0396153182031354e-07,6716.683538839222,1.2138801489691813,0.9149828916032052,-8.824576470885502e+19,2.0731502419294694e+25,1.0305633226989138e-14,6.407872846834819e-24,8.136059308299473e-24,7.669199074308333e-26,1.2064920874046972e-25,7.353022437744114e-17,9.64006388040041e-17,3.960547215415956e-15
3.22e+22,0.00042910538355446634,0.9995707901932203,4.580842393736659e-08,1.3030621966112135e-08,4.55841794310155e-08,6439.082652922221,4.396152776271782,0.919408307598499,2.577735478787782e+21,2.0672644790235027e+25,1.0373038167462769e-14,6.4855255691296366e-24,8.065093757311525e-24,6.61532639552007e-26,7.287969238857918e-26,7.618050584318326e-17,9.976094930767514e-17,4.064214415845078e-15
3.22e+22,0.0016566915020873492,0.9983423228754773,5.912786262243947e-07,2.465715141388464e-07,1.4777229485922796e-07,8366.703512583945,7.154535001960565,0.9336282546806405,1.5601837955307838e+22,2.048624421679421e+25,1.0590378754313372e-14,1.010230695875567e-23,1.3237460959960817e-23,1.4933681033964159e-25,2.6241399444309757e-25,8.531682887313333e-17,1.1130325932785549e-16,4.4120698750728655e-15
3.22e+22,0.00030414932153471176,0.9996957849061957,2.7162950391989746e-08,7.631970705293493e-09,3.097734848420706e-08,6155.689346881037,5.232978280014773,0.9211440536890124,5.250844574146319e+21,2.064958665755676e+25,1.039947475134451e-14,6.277723242811439e-24,7.674617958916908e-24,5.614973519729016e-26,5.231346050372564e-26,7.72133938492623e-17,1.0107196543775197e-16,4.104849489571977e-15
3.22e+22,0.0003524217379200204,0.9996474538080102,4.6755433702868767e-08,1.2804234229788283e-08,6.489440166696421e-08,5773.505407915913,2.1131718009797447,0.9126926885086414,-1.109197867309038e+21,2.0761966549813066e+25,1.0270728766137781e-14,5.416515678018733e-24,6.648684804822417e-24,5.038589094137172e-26,5.932310960435085e-26,7.212616416676562e-17,9.462519471950326e-17,3.9064778401334965e-15
3.22e+22,0.0002522100848559165,0.9997477320562732,2.2397404093025574e-08,6.188384373547008e-09,2.9273082369897925e-08,5878.416115898301,8.685715087207036,0.9353327601181075,3.668744841845997e+22,2.0463631338081633e+25,1.0616303452504813e-14,7.90612900602996e-24,9.611926782108296e-24,6.704139772901074e-26,4.474125594359174e-26,8.627222239274259e-17,1.1252482436347602e-16,4.451236002163369e-15
3.22e+22,0.00012377114416774312,0.9998762149371048,5.9798528421252595e-09,1.7689095114578917e-09,6.169965204194961e-09,5994.163947300298,12.686009393791924,0.9658255928948859,1.4366683649095996e+23,2.00748804696045e+25,1.1085210662158973e-14,1.1246495603608334e-23,1.3165014595382309e-23,6.928956778527248e-26,2.314862894818809e-26,1.0809129253889174e-16,1.399767346814265e-16,5.253389781693116e-15
3.22e+22,0.001381519159932696,0.9986178967191258,3.1496739775411725e-07,1.0042110003768766e-07,1.6873244367431025e-07,7625.221614117502,0.41686770008273394,0.9177344543470313,2.8324490442130026e+19,2.069493716431875e+25,1.0347562310589121e-14,7.212835670828098e-24,9.345764899658368e-24,9.995915970436893e-26,2.11587201081521e-25,7.520079015283634e-17,9.85160091887713e-17,4.025378818306315e-15
3.22e+22,0.00036812496278901236,0.9996317579023268,4.528473232667009e-08,1.2476837445931408e-08,5.937331423072194e-08,5920.963478147436,2.5854117232146328,0.9138724710506858,-8.776785212124352e+20,2.0746219113428525e+25,1.0288688910596425e-14,5.6058660850879525e-24,6.900665309493569e-24,5.322313077845788e-26,6.186649582260843e-26,7.282875298864939e-17,9.551561052700251e-17,3.933928883906576e-15
3.22e+22,0.00041477997454830885,0.9995850988028758,4.915666127714602e-08,1.365658180082662e-08,5.840933274936661e-08,6144.955666413787,6.0139950315489425,0.923419289806488,9.288752032479601e+21,2.061960693620019e+25,1.043420996776845e-14,6.961161709355488e-24,8.654477163971361e-24,7.06514139785687e-26,7.108784103995948e-26,7.864430061361442e-17,1.0288121574855917e-16,4.159720415251564e-15
3.22e+22,0.0005442475250367145,0.9994555478848887,8.232538275664946e-08,2.280189583308987e-08,9.946279604967007e-08,6156.313220551813,0.07403984085602064,0.9126319880129934,-5.857097310998141e+18,2.076284513862486e+25,1.0269833694889846e-14,5.839482521135406e-24,7.316611552807886e-24,6.347137427168129e-26,8.994634279748523e-26,7.212038239952421e-17,9.461467502030797e-17,3.9056289196231656e-15
3.22e+22,0.0023827895276306004,0.9976157199210725,8.623993593351857e-07,3.206233717482671e-07,3.075285659612801e-07,8415.775291729058,3.756106037244645,0.9239388485760143,2.1750974372863182e+21,2.0612934696652713e+25,1.0442210038476677e-14,8.474627752024408e-24,1.1143904185048293e-23,1.299941961800457e-25,3.4148917889818377e-25,7.904017692618485e-17,1.033751671664887e-16,4.173594065002291e-15
3.22e+22,0.0008822735053675482,0.9991174362625902,1.5589344497423207e-07,5.056022677117466e-08,8.377837042759096e-08,7352.7433849605295,4.388337163341467,0.9221221889596668,3.291392816912829e+21,2.0636851186682467e+25,1.0414469383816675e-14,7.585873998502323e-24,9.720439304294527e-24,9.64141372441462e-26,1.4467144183988866e-25,7.789217465439078e-17,1.0192397747932959e-16,4.12965387132398e-15
3.22e+22,0.0015544095623285816,0.9984446395750874,5.750151260309582e-07,2.4836223060070314e-07,1.2748522739010008e-07,8393.836531887924,8.407898292565495,0.9388667287478372,2.3682027365439126e+22,2.0418441245203985e+25,1.0670668919870918e-14,1.1162437484176886e-23,1.4637979686781505e-23,1.6507984656402597e-25,2.5470330361427437e-25,8.885812707571508e-17,1.1576796243694504e-16,4.5446265840646654e-15
3.22e+22,0.001277452115110682,0.9987218787403902,4.030704577849477e-07,1.673068185463587e-07,9.876722282905854e-08,8158.221280212768,7.349038909840894,0.933990300991105,1.8647336691735927e+22,2.0481534927846827e+25,1.0595920807340186e-14,9.986291070434784e-24,1.300418875268947e-23,1.41068585066046e-25,2.1079999069005467e-25,8.555539081982178e-17,1.1160443245779882e-16,4.421089847629984e-15
3.22e+22,0.0006022453810345885,0.9993975363781337,9.075759452487569e-08,2.520739375520896e-08,1.0227584350632991e-07,6318.345109751739,0.36023154621786396,0.9132264126164632,-4.471159855951276e+19,2.0754914140643004e+25,1.0278884744417069e-14,6.00370248869285e-24,7.556123568659409e-24,6.743436433198781e-26,9.900638540446089e-26,7.247668727968429e-17,9.506595656757718e-17,3.919498380412196e-15
3.22e+22,0.0002802437642803023,0.9997197083796011,2.4344933859637796e-08,7.871636956041049e-09,1.563954766679805e-08,6654.495715001164,11.281040453619397,0.9534626209019114,8.476765977900793e+22,2.0231484485323428e+25,1.089487104160067e-14,1.1574318419264432e-23,1.4273028547132075e-23,1.0803829568198799e-25,5.375832872454748e-26,9.909601774603613e-17,1.2865962353874788e-16,4.92360776213615e-15
3.22e+22,0.0013027662082093316,0.9986965708693721,3.967602740054877e-07,1.6083125719761514e-07,1.0533088726180197e-07,8120.727066056786,7.553437842926027,0.9346167800707571,1.6903831793750925e+22,2.047340351340856e+25,1.0605516395920962e-14,1.0124399760624561e-23,1.3194078967124121e-23,1.437256734346027e-25,2.1479323968390357e-25,8.597345569397472e-17,1.1213185167214498e-16,4.436815679566196e-15
3.22e+22,0.0006713414760985513,0.9993284687306093,9.411122238212814e-08,2.8379510328813207e-08,6.730255926803311e-08,6965.647576855278,5.1544619842856205,0.9230199570272878,6.764949324924049e+21,2.062498199596522e+25,1.0428159191526936e-14,7.473934270227664e-24,9.488160487311832e-24,8.862799237383873e-26,1.1281333808660926e-25,7.844016210551304e-17,1.0261850310302653e-16,4.15098855560457e-15
3.22e+22,0.0004946279491003918,0.9995052388559821,7.652070807023957e-08,2.802054095106733e-08,2.8653668407273895e-08,7251.5047087149915,9.803327329049383,0.9443944198603279,5.064230904266007e+22,2.034724537199487e+25,1.075547091254105e-14,1.0938933280766841e-23,1.384113096779627e-23,1.243993287409498e-25,9.245370546572016e-26,9.264864225749655e-17,1.2054552334013176e-16,4.686031415330853e-15
3.22e+22,0.0005208901710983349,0.9994789790180122,7.134196074898615e-08,2.4186818409012098e-08,3.528211037871595e-08,7120.010102148394,7.363584760886103,0.9317811926876467,1.9369331001123395e+22,2.0510160772046336e+25,1.0562060123118368e-14,8.617037765359547e-24,1.0869812967602452e-23,9.672825037576395e-26,9.185004331273403e-26,8.405372990679406e-17,1.0971282382425534e-16,4.365145006429713e-15
3.22e+22,0.0001902805393044218,0.9998096932882706,1.205098649656008e-08,3.669709845477875e-09,1.0451728635647798e-08,6291.775903369964,12.196260257596826,0.9605880681376948,1.1569628527353349e+23,2.0141251499413028e+25,1.1004597182633318e-14,1.186505088429565e-23,1.431276328799942e-23,9.312836958687618e-26,3.6404325303553344e-26,1.043115606303281e-16,1.352170374907067e-16,5.1140931452914814e-15
3.22e+22,0.0004538195852698941,0.9995460770291291,5.153083794874938e-08,1.608051902789215e-08,3.5774244000752316e-08,6795.872028408009,8.257591338114244,0.9349603261344024,3.0232745309000604e+22,2.0468784322775725e+25,1.0610717408957109e-14,8.946722349388718e-24,1.1229047917141905e-23,9.653357861115037e-26,8.122013922063857e-26,8.614160246684069e-17,1.1234939211229442e-16,4.44422080511112e-15
3.22e+22,0.00048526969210125866,0.9995145366632031,7.51110693201509e-08,2.072396380694151e-08,9.780966265448319e-08,5968.343504099086,0.08547035469837119,0.9119839734867411,-1.0156548631069542e+19,2.077149519636825e+25,1.0259967055966003e-14,5.65337613479308e-24,7.04568097762682e-24,5.907152048389665e-26,8.051669180323011e-26,7.173183210112889e-17,9.412263845751645e-17,3.890516968025751e-15
3.22e+22,0.0006174423888311562,0.9993823377636174,9.24751394833697e-08,2.571622785860558e-08,1.0165618414268442e-07,6371.738765512265,0.6312292882261945,0.9134884703312391,-9.98060781364857e+19,2.0751417484129296e+25,1.0282874514678724e-14,6.058953926695128e-24,7.634231507911502e-24,6.86073470647901e-26,1.0135636187270586e-25,7.263311506314394e-17,9.526417204896968e-17,3.9256037862346066e-15
3.22e+22,0.0005173207876688585,0.9994824786999597,7.924846365105654e-08,2.191275982733274e-08,9.935114811461802e-08,6066.620136006446,0.1826604567997892,0.9123301395818469,-2.2615960979523465e+19,2.0766873728337524e+25,1.0265237665046827e-14,5.755311831954018e-24,7.194303171152886e-24,6.148831073664166e-26,8.562235740747107e-26,7.193936272687671e-17,9.438543547846162e-17,3.8985877083444016e-15
3.22e+22,0.0006759961847877416,0.9993237618561553,1.0402485341109881e-07,2.8996402461847937e-08,1.0893780096510739e-07,6480.77924527707,0.6339247715317916,0.9138625073861496,-2.5454216136406568e+20,2.074643203408035e+25,1.028857108690511e-14,6.181710187798201e-24,7.817657826093907e-24,7.191653553184566e-26,1.1032321277460046e-25,7.285828436100148e-17,9.554930910071778e-17,3.934355719232116e-15
3.22e+22,0.0005090876677663014,0.9994907116029138,1.2440408943927903e-07,5.400371057726483e-08,2.232152003513018e-08,7641.643323030849,11.78315906455193,0.9577899901954209,8.366074627718632e+22,2.01772711583911e+25,1.0961726741174142e-14,1.4208431352283744e-23,1.8105494191226142e-23,1.6855566558747492e-25,1.0303900859904439e-25,1.0248111963176939e-16,1.328968950688625e-16,5.043600550801053e-15
3.22e+22,0.0003635210894448348,0.9996363756627743,6.28127512890711e-08,2.5378861673835456e-08,1.5056167880087594e-08,7284.130597117385,12.23301163126091,0.9611127396604735,1.0050259488082714e+23,2.0135394425437223e+25,1.1012955287138894e-14,1.4204200018230468e-23,1.7831640320248063e-23,1.5075789406126747e-25,7.402831999475654e-26,1.0496746236170039e-16,1.3601910429995303e-16,5.133614322035969e-15
3.22e+22,0.00047439664203949246,0.9995253909032715,8.025222654658175e-08,2.2056474220190765e-08,1.1014598829804901e-07,5828.6425354335,2.968614623836785,0.9140984319976703,-1.1470042484053821e+21,2.0743217859111706e+25,1.0292134460100646e-14,5.872617258807198e-24,7.316976257705896e-24,6.112219832245889e-26,7.908824700893563e-26,7.296908531307615e-17,9.569284662426161e-17,3.939295454189146e-15
3.22e+22,0.0014193482865320346,0.9985800130523058,3.63068485849962e-07,1.2754305371765068e-07,1.480496224454737e-07,7879.2991542756845,0.7454037173867466,0.9187331199961126,3.0622159460587104e+20,2.0681695245247e+25,1.0362786787743122e-14,7.384752969113091e-24,9.579843007130108e-24,1.0310999067056792e-25,2.1782417014972335e-25,7.581149574200243e-17,9.928921579244969e-17,4.049037361505658e-15
3.22e+22,0.0005055077025865708,0.9994942954598598,7.736862649778022e-08,2.1381565644113515e-08,9.808736132472551e-08,6036.655882292778,0.06014846777433588,0.9122187053059924,-5.358674611616846e+18,2.0768361277157283e+25,1.02635409791018e-14,5.720570718468268e-24,7.143256413909811e-24,6.063578646963705e-26,8.369744220382866e-26,7.187254551440326e-17,9.430082410564373e-17,3.8959891988931175e-15
3.22e+22,0.00015489377551958724,0.9998450871514195,9.235831759186768e-09,2.939129617970872e-09,6.898099476728641e-09,6294.966279162447,13.053447268172183,0.9685391251145288,1.4793090581939401e+23,2.0041673879719957e+25,1.1127369828828785e-14,1.2851872911542258e-23,1.532519731795806e-23,9.170379882734242e-26,2.994061463187999e-26,1.1042255998919107e-16,1.4288188800767594e-16,5.3332595740762615e-15
3.22e+22,0.00019551105221112913,0.9998044584347031,1.269119637853732e-08,3.631538041279837e-09,1.4190351260094145e-08,6065.080632391578,7.999099573175875,0.9330327780367262,2.9783200310872366e+22,2.0493406730527385e+25,1.0581053153330745e-14,7.125587628888147e-24,8.520035722226503e-24,5.311050227751623e-26,3.4691607658665785e-26,8.471787311196172e-17,1.1056535143158364e-16,4.393068685267102e-15
3.22e+22,0.0007837825340390825,0.9992159643995361,1.2105966810098622e-07,3.520285207740647e-08,9.680390452498111e-08,6909.276357098345,2.07438358213966,0.9164516776913118,2.0628647923797174e+20,2.0711956856064893e+25,1.0328006375790461e-14,6.654228188101147e-24,8.471108170270624e-24,8.107500571180014e-26,1.2734539384675246e-25,7.441411025955666e-17,9.75205281127053e-17,3.99498616622288e-15
3.22e+22,0.001148434757513101,0.9988511291776706,2.2788295857344401e-07,7.021673280363414e-08,1.379651249536566e-07,7399.910158531712,1.3897320259288473,0.9174427318113328,1.2379132885197513e+20,2.069880550554639e+25,1.0343114494063638e-14,7.062144390955377e-24,9.103678840822377e-24,9.426864616533966e-26,1.798981207600233e-25,7.502153187597383e-17,9.828918639158255e-17,4.018457248509365e-15
3.22e+22,0.0012406517857388743,0.998758856333602,2.594395495313965e-07,8.053720247610299e-08,1.5190390698473455e-07,7476.873111959101,0.4378304492344613,0.9172330371401382,2.272209013489099e+19,2.0701592795934456e+25,1.0339920122873178e-14,7.077602838644534e-24,9.142519851273571e-24,9.595493224592864e-26,1.9277150828169411e-25,7.489558610657492e-17,9.812951934183924e-17,4.0135360275302785e-15
3.22e+22,0.00044935242891436017,0.9995505425055136,4.8266766269588024e-08,1.4040026813715224e-08,4.275877911041847e-08,6593.5466428128675,4.983375562320191,0.921546615067254,4.709421158725329e+21,2.0644370021217527e+25,1.0405655413640329e-14,6.83420815606198e-24,8.52538012690194e-24,7.123127613364474e-26,7.664363401913518e-26,7.75023264452971e-17,1.0143379721617747e-16,4.115242663507938e-15
3.22e+22,0.0024241389460550504,0.9975742798411491,9.239408812173558e-07,3.56086777848074e-07,3.011851368822456e-07,8512.837382881738,5.069639730057142,0.9272096547334344,4.960394629089559e+21,2.056998242226193e+25,1.0492177644522262e-14,9.066629388718883e-24,1.1942197336625847e-23,1.402205427614171e-25,3.5005817230002647e-25,8.112006192809427e-17,1.060044317441363e-16,4.253133615740909e-15
3.22e+22,0.0007856101819202781,0.9992141494353332,1.2206332947975933e-07,3.7224871663897727e-08,8.10945453037318e-08,7114.070735095846,3.6841002464339523,0.9197650404709482,1.731689564148041e+21,2.066799666416266e+25,1.0378508186182175e-14,7.132894454071125e-24,9.0947273336777e-24,8.761514161668398e-26,1.2906566752535955e-25,7.64306324854588e-17,1.0007451288071588e-16,4.073287088260084e-15
3.22e+22,0.0006751331737922126,0.9993246777441763,9.887780815433033e-08,3.141234774102855e-08,5.8791875639075994e-08,7131.857367256941,5.1829856937117285,0.9236726736127014,5.77916417332892e+21,2.0616391559478465e+25,1.043812713718476e-14,7.588894935653011e-24,9.639731443466881e-24,9.031507490540378e-26,1.1381646241291132e-25,7.885341866016958e-17,1.0314083308089794e-16,4.1667914417606355e-15
3.22e+22,0.0025778274926625136,0.9974204760666758,9.829893514302144e-07,3.691375174190582e-07,3.443137926604093e-07,8507.67966813764,4.559004674692185,0.9258919450462711,3.05846846878644e+21,2.0587263164332626e+25,1.0472040965549659e-14,8.851438115801101e-24,1.1665840429176235e-23,1.377384391752947e-25,3.661377667687003e-25,8.027716113083743e-17,1.0493917396740332e-16,4.220967446847774e-15
3.22e+22,0.00043177987753828425,0.9995680423535257,6.714646405840025e-08,1.8438176105898153e-08,9.218429593758525e-08,5819.374251398427,0.8269794980335509,0.9116747118581479,-3.754632717711467e+20,2.077561540179175e+25,1.0255254318035573e-14,5.5032217472923014e-24,6.820435435921902e-24,5.515065492572506e-26,7.200508295316989e-26,7.154205290431123e-17,9.388279609137733e-17,3.883228476898583e-15
3.22e+22,0.0019872096963167094,0.9980115885203867,7.097917070574721e-07,2.806136442388399e-07,2.1137794540220313e-07,8401.210075592651,5.446272654595637,0.9280032126810864,7.300840349565301e+21,2.0559589960177976e+25,1.05043082512908e-14,9.120531400402276e-24,1.196983209590779e-23,1.3721562352385564e-25,2.9823827238110204e-25,8.163067743322659e-17,1.066495778966721e-16,4.272578681146522e-15
3.22e+22,0.0017248319752053642,0.9982742905037695,5.027626456502147e-07,1.79955615638686e-07,1.9480276401926944e-07,8068.518128626374,3.0005274556904937,0.9215634316335778,1.3969339595293728e+21,2.0644248712214654e+25,1.0405952360427348e-14,7.929381013120955e-24,1.0346521183852788e-23,1.1519675619989954e-25,2.5927133322129335e-25,7.755414372575973e-17,1.0149529006455185e-16,4.116440415916359e-15
3.22e+22,0.0004642189772808207,0.9995355920272244,7.24302681775413e-08,1.994881689445049e-08,9.661640967965591e-08,5902.241429290025,0.02220442803539646,0.9117544415668071,-2.113344600470043e+18,2.07745600841242e+25,1.0256472287220148e-14,5.583461395159588e-24,6.943732896881901e-24,5.742531042700452e-26,7.718641183283901e-26,7.159414165234837e-17,9.394830145325244e-17,3.8851656870423064e-15
3.22e+22,0.0004588261558814005,0.9995409956090179,6.881353232182668e-08,1.896922249383737e-08,9.045234590344452e-08,5938.67280330982,1.0019258194163312,0.9121810402897383,-4.122763015762912e+20,2.0768851527695445e+25,1.0262962080858696e-14,5.624635185554658e-24,6.992635445350179e-24,5.767698452539672e-26,7.633424549052291e-26,7.184425254200245e-17,9.426559570379393e-17,3.895005700390592e-15
3.22e+22,0.0009053079520317924,0.9990943913639388,1.608913376349046e-07,5.177256581506583e-08,8.80201257956514e-08,7357.059864560974,3.7610447308231536,0.9207218609175399,3.1068268721786554e+21,2.065534966387498e+25,1.039310579950243e-14,7.392041126463812e-24,9.474317822085496e-24,9.424654353795098e-26,1.4726362613538813e-25,7.702487470943042e-17,1.0082626843115332e-16,4.096170573327536e-15
3.22e+22,0.0002887328510714829,0.9997111920791362,2.9008107368021924e-08,7.999343856980096e-09,3.8062341067298256e-08,5888.501620108234,4.058185293640372,0.916877291924712,7.347610653289014e+20,2.0706131487896885e+25,1.033442291250761e-14,5.675608084948297e-24,6.904700620942759e-24,4.9077660520910213e-26,4.9180276538687e-26,7.460112936525179e-17,9.77645886427908e-17,4.003664425535429e-15
3.22e+22,0.000547372682845359,0.9994523927936347,9.16379452118829e-08,2.5327227619172318e-08,1.175583471505425e-07,6018.066461134036,1.7900940277359145,0.9130764433822307,-1.0508144236913931e+21,2.075689320738158e+25,1.0276592055508164e-14,5.8889645056492116e-24,7.380970086691415e-24,6.414392568817743e-26,9.048241357199651e-26,7.237725465464685e-17,9.494098790955268e-17,3.915819849392231e-15
3.22e+22,0.001289450642258294,0.9987098303796677,4.3599028957462087e-07,1.8705102198214195e-07,9.593676252806071e-08,8236.5517915008,8.77038897648084,0.9402766982665263,2.707596464792213e+22,2.0400265215462e+25,1.0692298590415358e-14,1.1316984113662396e-23,1.4780786681246877e-23,1.6237220216113e-25,2.191307212885943e-25,8.982620527450638e-17,1.1698771548111278e-16,4.580678170080887e-15
3.22e+22,0.000582398286981341,0.9994174511974673,7.643155874825018e-08,2.3796003749240725e-08,5.028798885993491e-08,6971.03543077982,6.784293460704453,0.9287383148153524,1.6188423727205587e+22,2.0549883145828423e+25,1.0515512658731605e-14,8.228885868935393e-24,1.0413981969917342e-23,9.487010543027092e-26,1.0079236549011232e-25,8.207003410391789e-17,1.0720788345432966e-16,4.2899405301169545e-15
3.22e+22,0.0005220926488732821,0.9994777075051472,7.935416657389448e-08,2.195032277186305e-08,9.854149034546972e-08,6090.599786378795,0.03129213317882535,0.9124040719462553,-2.221855999720378e+18,2.076588689178968e+25,1.026636335627588e-14,5.773376121500783e-24,7.220059321454304e-24,6.187950369625802e-26,8.635087789173592e-26,7.198368333151385e-17,9.444156339173604e-17,3.900311896030967e-15
3.22e+22,0.0014520795818271453,0.9985472864209166,3.4624999523854714e-07,1.1246334959281104e-07,1.7528391128928337e-07,7711.3905263936595,1.1681407979691074,0.9183446631555809,1.238325189715029e+20,2.0686841568789855e+25,1.0356863246331577e-14,7.3319318892213e-24,9.514627475209074e-24,1.0269038169550756e-25,2.2150461328120697e-25,7.557242017477838e-17,9.89866612784117e-17,4.0398037608868556e-15
3.22e+22,0.000705333664201807,0.9992944501494946,1.0212587535768696e-07,2.9624276697933274e-08,8.443615147099439e-08,6827.210498076818,3.5166988218928736,0.9184755040522165,1.6854627178272703e+21,2.0685068583883007e+25,1.0358841534000498e-14,6.84870201115508e-24,8.69307997427732e-24,8.148159799383896e-26,1.162347599120449e-25,7.563521433866728e-17,9.906795808762671e-17,4.042583758890264e-15
3.22e+22,0.0018502900200729191,0.9981485654144956,6.837890855406799e-07,2.826240167299832e-07,1.7815232905266993e-07,8437.207869430773,6.989325600332229,0.9331291219615937,1.3761460792112296e+22,2.0492731397595648e+25,1.0582735889527694e-14,1.0070708514432215e-23,1.3225483517854976e-23,1.5137206084834346e-25,2.867478925408071e-25,8.498543668414333e-17,1.1088511551101324e-16,4.399585276348112e-15
3.22e+22,0.0004466350766866027,0.9995531769699144,7.109574957215779e-08,1.9535810143841212e-08,9.732183934904738e-08,5831.065041613732,0.12040462200031074,0.9115124761011296,-1.8871571419174478e+19,2.0777792007011254e+25,1.0252788470358866e-14,5.516425783516635e-24,6.847159974013874e-24,5.592935402638506e-26,7.421916351205409e-26,7.14491963400522e-17,9.376476564389438e-17,3.879529529099277e-15
3.22e+22,0.001686403052100994,0.9983125530993359,6.284632939321341e-07,2.6745167005445405e-07,1.479335991172499e-07,8426.077164598371,8.11075287884641,0.937572061508445,2.038477068510595e+22,2.043515525758024e+25,1.065081395858563e-14,1.093903810807546e-23,1.4363837684081324e-23,1.6351310190778074e-25,2.7066065250385798e-25,8.797358477297335e-17,1.1465328610077177e-16,4.511638322511354e-15
3.22e+22,0.001113802557686205,0.9988857370334776,2.668654010950244e-07,9.828650339029592e-08,9.52569316130832e-08,7801.303019401988,5.95016465832531,0.9279154787948126,8.442609642874876e+21,2.056072263629308e+25,1.0502960770191499e-14,8.733440535829725e-24,1.129969764646181e-23,1.1844202048258901e-25,1.8210461850228855e-25,8.156781580119728e-17,1.0657073332826686e-16,4.270300855399582e-15
3.22e+22,0.0012434483559781767,0.9987560578584054,2.6334471050866945e-07,8.301053637720566e-08,1.4743036958563552e-07,7520.831086921034,1.5580675218026954,0.9179871080929292,1.8502788214539583e+20,2.069158158562836e+25,1.0351411846089889e-14,7.190985801562095e-24,9.292482321270119e-24,9.767317489836068e-26,1.9310398355861491e-25,7.535315250983642e-17,9.870912513357274e-17,4.0313228901139104e-15
3.22e+22,0.0019919514937529487,0.9980069050375299,6.658625923048057e-07,2.504129536610448e-07,2.2719317114927722e-07,8292.848566639392,4.237872997150169,0.9246032403822518,3.3464817204122605e+21,2.060419401442979e+25,1.0452355686671898e-14,8.511373007093836e-24,1.1155035322843824e-23,1.2727518557677097e-25,2.953408318895004e-25,7.945936029602057e-17,1.039052581867452e-16,4.18966874705352e-15
3.22e+22,0.0006073319409868569,0.9993924793901677,8.304079627733822e-08,2.3350530116678978e-08,8.227751904122487e-08,6544.803145190175,2.217593132287627,0.9154005140133071,-1.380657911962682e+20,2.0725922970605636e+25,1.031198588512283e-14,6.298203860456378e-24,7.937639824161327e-24,7.129657336589999e-26,1.0013081103501904e-25,7.377264048852126e-17,9.67086802936155e-17,3.97016914719103e-15
3.22e+22,0.0006802580125470185,0.999319504276845,1.0328825137801829e-07,2.8849924134301937e-08,1.0557243241385216e-07,6524.105394959652,0.10842905496251379,0.9139030780327937,-6.03187367582401e+18,2.0745893127609305e+25,1.0289189733320357e-14,6.1939433988919875e-24,7.83525340014258e-24,7.219669231398231e-26,1.1076424197948407e-25,7.288348487447712e-17,9.558114501110686e-17,3.935319883163394e-15
3.22e+22,0.0005855235782240957,0.9994142630606954,8.799651898826467e-08,2.44241719340412e-08,1.0094038959788256e-07,6277.541208330476,0.0428278940754322,0.9130493412481074,-2.5604047325573345e+18,2.075727676583716e+25,1.0276188711174306e-14,5.957078697427932e-24,7.48826583708975e-24,6.631368479751851e-26,9.638611689182172e-26,7.237076252503957e-17,9.493176791000486e-17,3.9153699108164264e-15
3.22e+22,0.001000671905633335,0.9989989766998757,1.8790561138106835e-07,6.010425167034242e-08,1.0338462800086578e-07,7409.419483101866,2.207004896598177,0.9183139083274559,8.964437875248698e+20,2.068724305266828e+25,1.0356391655518785e-14,7.105903390816415e-24,9.126889138939249e-24,9.225452298854762e-26,1.5992219924159292e-25,7.55507001152307e-17,9.895948027783494e-17,4.039021979543641e-15
3.22e+22,0.0027599133483356283,0.997238261750564,1.0415932588810765e-06,3.7400213160043856e-07,4.093057096845376e-07,8463.034598037368,0.6195477968158982,0.9205605273370068,1.2873543497975747e+20,2.06575012198095e+25,1.0390652701363986e-14,7.959508111020275e-24,1.0481414223046223e-23,1.2395453722412328e-25,3.81038381149084e-25,7.693344543882888e-17,1.0070967875643223e-16,4.092474228139137e-15
3.22e+22,0.0008097424393228406,0.9991899783761707,1.291411797225974e-07,3.665396673939945e-08,1.1338936007801504e-07,6811.779756391792,0.09545276899470784,0.9148951690658035,-2.876112936781915e+18,2.0732677472458854e+25,1.0304300137630613e-14,6.462678677237119e-24,8.230693814478215e-24,7.912101273361994e-26,1.3059302823888318e-25,7.348066351818865e-17,9.633751326190851e-17,3.958551332767884e-15
3.22e+22,0.0018096518194106422,0.9981893001851,6.20430010722266e-07,2.460021344204643e-07,1.815633441414249e-07,8330.003228070564,6.600006680081843,0.9314011893541719,9.964818485481254e+21,2.051521525559733e+25,1.0556283408425366e-14,9.712672017996511e-24,1.2739602882583503e-23,1.449620113081534e-25,2.795679406730201e-25,8.38425768991102e-17,1.0944290525994492e-16,4.356482468968502e-15
3.22e+22,0.0005487297321380224,0.9994510880523937,7.612220698477258e-08,2.1186212855825146e-08,8.490704829871351e-08,6316.806428986675,1.7110367563005395,0.9140455443861348,-3.793400022803153e+20,2.0743971450682014e+25,1.029134950541945e-14,6.028586166446332e-24,7.561336906744706e-24,6.592979550586154e-26,9.07823873753825e-26,7.295865552370746e-17,9.567745938192143e-17,3.938459361614553e-15
3.22e+22,0.0006070180908278755,0.9993927380602502,9.875049052766162e-08,2.7366760930166355e-08,1.1773167043652425e-07,6202.654423582841,0.6038436451720051,0.9128850868642672,-3.698850468022966e+20,2.075946858877985e+25,1.0273687915588348e-14,5.9611210019272594e-24,7.503264820435402e-24,6.703708609564917e-26,9.970965498603807e-26,7.22726101289416e-17,9.480740330917462e-17,3.911541428237654e-15
3.22e+22,0.0023002173875874984,0.997698301696064,8.69441286463222e-07,3.3990998470847363e-07,2.7156507715413683e-07,8498.003284123946,5.981512008499845,0.9297482755516506,6.981957352923527e+21,2.0536776537228438e+25,1.0530994201715737e-14,9.519908749040183e-24,1.2539654742244643e-23,1.468159157713617e-25,3.3817640537964574e-25,8.276158290216654e-17,1.0807803400308346e-16,4.315543832815462e-15
3.22e+22,0.00046631475665710845,0.9995335635651067,5.3078115266981305e-08,1.501180429194468e-08,5.358831660479162e-08,6444.488069875206,6.308736799923613,0.9253924874986281,1.1904709154716116e+22,2.0593684190724944e+25,1.0464356163017784e-14,7.410109357884843e-24,9.272790765843195e-24,7.882413697919648e-26,8.030355425958113e-26,7.990382036383524e-17,1.044725403387843e-16,4.207739925286997e-15
3.22e+22,0.0020675845760538226,0.9979312731192477,6.48509733451165e-07,2.2677115254471266e-07,2.670238124803382e-07,8162.538175765952,2.189854253374265,0.9207303249892962,4.064529836477122e+20,2.0655255757727455e+25,1.0393242463986933e-14,7.876008050397593e-24,1.0313815074989382e-23,1.176255389915123e-25,3.0098493305073364e-25,7.703800908253649e-17,1.0084207486998358e-16,4.096521088896536e-15
3.22e+22,0.0005716688161189239,0.9994281217711181,8.577416361195047e-08,2.379208681911087e-08,9.98465124842784e-08,6242.968404708242,0.641503070771653,0.9130486489241867,-1.288462204468487e+20,2.0757282770825304e+25,1.0276176776134564e-14,5.935566441732005e-24,7.453806815420383e-24,6.558487308367809e-26,9.420613781478878e-26,7.236888052298394e-17,9.492953769334041e-17,3.915326637150528e-15
3.22e+22,0.0007924125670385313,0.999207325333469,1.2338344829354202e-07,3.5421915210797364e-08,1.0329412885268476e-07,6864.046424004666,0.6725760762191582,0.9152071013272925,-8.787926303268033e+19,2.072852290192826e+25,1.0309050722892428e-14,6.491857393892501e-24,8.263078792224058e-24,7.910937839991943e-26,1.282820719045884e-25,7.366769916851561e-17,9.657452784652093e-17,3.9658480034760666e-15
3.22e+22,0.0006062374108582635,0.9993935681332966,1.1451152757382147e-07,4.382924695143305e-08,3.611507076773458e-08,7456.923502283211,8.856683791727354,0.9395660826634691,3.51377806418621e+22,2.0409329378180386e+25,1.068136205026891e-14,1.0280045670949986e-23,1.3093854638190286e-23,1.2314051482367227e-25,1.1007765848583639e-25,8.930361524752126e-17,1.163320867546402e-16,4.561793544835734e-15
3.22e+22,0.0006394513808653485,0.9993603070142048,1.0066414155215529e-07,2.7953605848810426e-08,1.1298718254272875e-07,6338.221320120211,0.6186830621278218,0.9133616441239869,-3.1446437338121614e+20,2.0753110539172047e+25,1.0280944035864455e-14,6.068412448990647e-24,7.655973040112203e-24,6.938847975119797e-26,1.0462162319191922e-25,7.255789124321225e-17,9.516879194665306e-17,3.922656877255916e-15
3.22e+22,0.0015691122383582072,0.9984301164183811,4.4478994154893135e-07,1.622202592725708e-07,1.6433305990891376e-07,8029.82539880127,3.730996081287972,0.9227605787465208,2.7153155222255813e+21,2.062845309008779e+25,1.0424221399117601e-14,8.077281364479505e-24,1.0521634125631088e-23,1.1572345724319488e-25,2.401886404756266e-25,7.829989711372758e-17,1.0243889141202679e-16,4.145168107079755e-15
3.22e+22,0.0020956449774059147,0.9979030133929795,7.958358319161988e-07,3.2237195748200034e-07,2.2342182530881381e-07,8496.701023785345,6.661035458339052,0.9320362105828964,1.0949479171053557e+22,2.0506948302726666e+25,1.0566003949533901e-14,9.92160627373481e-24,1.305739825571687e-23,1.5163946752270034e-25,3.164037419077463e-25,8.426206809670923e-17,1.0997228101655263e-16,4.372307229625384e-15
3.22e+22,0.0009999330944017654,0.9989997081607491,1.982828462056264e-07,6.666468487551611e-08,9.379731817091535e-08,7530.21331234837,3.826034233218292,0.9214191482091336,3.484486369441354e+21,2.064614198910465e+25,1.0403745909420923e-14,7.575814345467363e-24,9.743340930744745e-24,9.898796544440336e-26,1.6141485799778925e-25,7.745933776513634e-17,1.0137584960782583e-16,4.112886894517345e-15
3.22e+22,0.0007174847976361906,0.9992822693442468,1.0937186646797466e-07,3.070288959123622e-08,1.0578336088539753e-07,6629.796022669218,0.6494191886190036,0.9143857057476925,-1.904735488640058e+20,2.0739459942430486e+25,1.0296539197004302e-14,6.3009860895352885e-24,7.988369677450248e-24,7.462716872240813e-26,1.166813871068562e-25,7.317270975169571e-17,9.594758258349357e-17,3.946594673632139e-15
3.22e+22,0.0011132459793003608,0.998886222537698,3.194514618213166e-07,1.3030152939968177e-07,8.17300104421242e-08,8020.686604667821,7.373953663324428,0.933802548413077,1.9602017087391906e+22,2.0483965971417473e+25,1.0593042630504262e-14,9.833572555250669e-24,1.275590783314852e-23,1.351083678577112e-25,1.8685973530674431e-25,8.542759516353062e-17,1.114434322798183e-16,4.416327500600319e-15
3.22e+22,0.0008643699967005454,0.999135277058889,2.1140628940517948e-07,8.433547230308976e-08,5.720264873463187e-08,7797.666276969301,8.313569204674534,0.9374175390409466,2.540986313704988e+22,2.04371115062452e+25,1.0648429538044645e-14,1.0301253460525562e-23,1.327961425925322e-23,1.3487983901545776e-25,1.5171404570191131e-25,8.785340088165114e-17,1.145030253422507e-16,4.50740123131755e-15
3.22e+22,0.0026096416082118314,0.9973886875061201,9.54248355868843e-07,3.421999227911634e-07,3.7443738948910357e-07,8410.881885245706,0.5971103154115487,0.9203935323007053,1.3291287257221979e+20,2.065970977812949e+25,1.0388105632781586e-14,7.912824848927832e-24,1.0408489114597406e-23,1.2224231140169683e-25,3.6412702604963243e-25,7.683048689633782e-17,1.0057934560215106e-16,4.088493398298675e-15
3.22e+22,0.0006453163286974624,0.999354465476795,9.460236723277734e-08,2.6449113927188248e-08,9.714302650074509e-08,6502.159816889665,2.416086215926807,0.9155029168237272,-1.9719586429620132e+20,2.072455818961888e+25,1.0313544923550928e-14,6.3579635670223396e-24,8.032006385634663e-24,7.325886780736245e-26,1.0619771210957494e-25,7.383346991249737e-17,9.678582018360066e-17,3.9725541998647895e-15
3.22e+22,0.000886594510161558,0.9991129339420086,2.90656240702261e-07,1.3093131084224825e-07,4.996027825697326e-08,8075.836012937114,10.340183335428161,0.948596195383495,5.0533885685678624e+22,2.029373483153747e+25,1.082012381012296e-14,1.2851425455181831e-23,1.6662201704073424e-23,1.737652753757573e-25,1.6517464688802143e-25,9.570413719281718e-17,1.2438416182043462e-16,4.797351421242338e-15
3.22e+22,0.002337221988852121,0.9976613486437038,8.237090555660321e-07,3.017955962352568e-07,3.038627920511346e-07,8367.499088336985,0.7170910175112921,0.9203260811577888,2.914698109403891e+20,2.066060307902721e+25,1.0387077376294288e-14,7.862497115544331e-24,1.0320262581668984e-23,1.195491311100509e-25,3.327697392130268e-25,7.67894533273765e-17,1.0052734871451415e-16,4.086895918269699e-15
3.22e+22,0.0006815079626209625,0.999318259305274,1.0206612927776057e-07,2.8572592167896958e-08,1.0209338355189126e-07,6561.2326452082425,0.9989238652330844,0.9143135562060916,-1.2151892169795479e+20,2.074041758784566e+25,1.0295438782048502e-14,6.2498449843003284e-24,7.908034992740041e-24,7.29577936006672e-26,1.1113973995954438e-25,7.312767452380281e-17,9.589071250265506e-17,3.944875716268845e-15
3.22e+22,0.0009437418949196168,0.9990557961304104,2.8203231570111604e-07,1.211491228158037e-07,5.879323132342394e-08,8015.347444547764,9.055741477516582,0.9415121988574814,3.526087913947427e+22,2.0384352094684243e+25,1.0711254411178335e-14,1.1272963889085099e-23,1.459979474330199e-23,1.5209012000617323e-25,1.6762406802588146e-25,9.06758604844418e-17,1.1805827600469232e-16,4.612315373308615e-15
3.22e+22,0.0012757423044483854,0.9987237278141581,2.968475496035062e-07,1.0136078004982863e-07,1.3167306398051508e-07,7738.537750864162,0.7401988628656613,0.9182515722005419,2.6667263709783146e+20,2.068807894772077e+25,1.0355445465172375e-14,7.252007349710284e-24,9.379525071230709e-24,9.90991648899336e-26,1.9790060143771847e-25,7.551694937757975e-17,9.891628497624725e-17,4.037625337385114e-15
3.22e+22,0.0008173832341069276,0.9991823527471012,1.2866358947838752e-07,3.774862197564205e-08,9.760658040487655e-08,6994.605613779532,2.378488139749496,0.9171153497045808,2.893827305836366e+20,2.0703138100373114e+25,1.0338118967999308e-14,6.77987601291871e-24,8.646181122569023e-24,8.362250835987401e-26,1.3264207275113646e-25,7.481600237359762e-17,9.802959091497935e-17,4.010611258737081e-15
3.22e+22,0.0022561089361530034,0.9977424812135282,8.239538769866942e-07,3.159987748302481e-07,2.6989766703655006e-07,8439.376540699415,5.510358089133372,0.9281838305170467,5.245192946291447e+21,2.0557225676377523e+25,1.0507069320770258e-14,9.214091893902354e-24,1.2124435300418342e-23,1.4130049549673265e-25,3.313735883047017e-25,8.174682960121423e-17,1.0679636468665885e-16,4.277006881558915e-15
3.22e+22,0.000511441598042129,0.9994883605168792,7.808560672687481e-08,2.15864106513299e-08,9.821306131860108e-08,6055.8558715829795,0.5656622936639985,0.9123773769364231,-1.503264540288496e+20,2.076624032412156e+25,1.0265955662578423e-14,5.750485420336244e-24,7.18483585476302e-24,6.121459159285588e-26,8.480024539570373e-26,7.196638181812303e-17,9.441978758291868e-17,3.8996652595825125e-15
3.22e+22,0.0005339562075894393,0.9994658812508884,6.980006306724031e-08,1.9620482642043693e-08,7.312097641806226e-08,6407.442466513792,4.749788022625058,0.9200936153883743,3.9296863030598503e+21,2.0663585444845828e+25,1.0383493161270616e-14,6.797868766475772e-24,8.538212497764763e-24,7.46925608288535e-26,8.98898411058486e-26,7.660593022760021e-17,1.0029912617959534e-16,4.080598211657181e-15
3.22e+22,0.00031090894150993993,0.9996890036905706,3.361276024892313e-08,9.255764167940292e-09,4.4499394982228604e-08,5878.576062615244,7.202472180638158,0.9276426691485413,1.811436329885141e+22,2.0564000293886637e+25,1.0498676523716686e-14,7.135466671420009e-24,8.753425888976982e-24,6.522052387054979e-26,5.401309114457038e-26,8.127714596313528e-17,1.0621428458860243e-16,4.261367219238508e-15
3.22e+22,0.001102473616409742,0.9988971112721196,2.2841042123841633e-07,7.59165509494782e-08,1.1078449860149202e-07,7571.906686543613,2.241307622757702,0.9189045167855681,1.0900797155315602e+21,2.067941682415526e+25,1.0365396821535166e-14,7.259620885079734e-24,9.353764932521374e-24,9.639737168382586e-26,1.7454456831167535e-25,7.591311081602813e-17,9.941822942833576e-17,4.053041735746977e-15
3.22e+22,0.0005221352116629698,0.9994776242567722,9.182937774507321e-08,2.5312717123420908e-08,1.2338946990583593e-07,5894.796542398276,1.747202155045562,0.9126071882328807,-1.2102088622451214e+21,2.0763154962689153e+25,1.0269447190222083e-14,5.784746020475903e-24,7.233849446263455e-24,6.197534071112454e-26,8.643075741206962e-26,7.209625189219892e-17,9.458505073923401e-17,3.904876120268478e-15
3.22e+22,0.002218877128532261,0.9977797895744229,7.718053182862512e-07,2.863323212646504e-07,2.7515940531630184e-07,8352.080520401665,3.660452129775838,0.9235770024636109,2.1993939304981804e+21,2.061769834093126e+25,1.043668529902353e-14,8.382559640936058e-24,1.1005854645684297e-23,1.2717759728766013e-25,3.2189538232859234e-25,7.881256107853169e-17,1.0308729040421639e-16,4.164855965915696e-15
3.22e+22,0.0015713547620162217,0.9984277970480808,5.032605313085472e-07,1.9952371033123458e-07,1.4540566117473052e-07,8217.40582747613,5.607173907254402,0.9280243947695812,8.858521871429861e+21,2.0559310259264724e+25,1.0504631203549078e-14,8.994101719041437e-24,1.1742706852915026e-23,1.302638058246612e-25,2.4529246369902433e-25,8.16434751069387e-17,1.0666581478672171e-16,4.273079973648167e-15
3.22e+22,0.0021043707876442688,0.9978944009922804,7.118828316446822e-07,2.641639404759679e-07,2.5217330315092113e-07,8310.260682145876,2.242859379529538,0.9213195197293452,1.293401702452083e+21,2.06474721833798e+25,1.0402231882615447e-14,7.98255764477672e-24,1.0459916357881289e-23,1.1967786376286723e-25,3.0585207033757224e-25,7.740382543445839e-17,1.0130494963537244e-16,4.110621180194014e-15
3.22e+22,0.0003462891050076297,0.9996536446565404,3.2231358772132935e-08,9.923941046001264e-09,2.4083152175569767e-08,6645.845084475102,9.71580325438314,0.942845430721505,5.188068325092954e+22,2.0366936782221113e+25,1.073161647321731e-14,9.907298360006729e-24,1.2308498545872751e-23,9.849717004935983e-26,6.390755609376986e-26,9.149873080498437e-17,1.1910343333994993e-16,4.644599346273794e-15
3.22e+22,0.00019878746097155693,0.9998011753198038,1.4449181384022177e-08,4.011056811336653e-09,1.875898641512957e-08,5851.954636361188,10.120107468915204,0.9443909612320975,6.383407342999498e+22,2.03466296716398e+25,1.0755179109257292e-14,8.82415539352381e-24,1.060411333369827e-23,6.792935572266275e-26,3.5899555320752337e-26,9.24111286514943e-17,1.2026675115087184e-16,4.68123647630036e-15
3.22e+22,0.0006444667787992775,0.9993553048523586,9.72647287807264e-08,2.7082481368547802e-08,1.0402163204671709e-07,6432.586089204499,0.24954529603307996,0.9136013773026216,-2.0329397066408505e+19,2.074991455557725e+25,1.0284594988720285e-14,6.109795916060064e-24,7.711727102819727e-24,7.007926126003876e-26,1.0552981667758133e-25,7.270205713756445e-17,9.535137105541121e-17,3.928263265526016e-15
3.22e+22,0.00021766701018409998,0.9997822975102393,1.955674943514604e-08,6.8689692564889915e-09,9.053857918618625e-09,6699.931573717306,12.627927117846694,0.9646017078161517,1.2392644513156264e+23,2.0091284134353825e+25,1.1066686149821723e-14,1.3354989618695253e-23,1.628747633211687e-23,1.137927404409633e-25,4.3082508774893013e-26,1.075126506948024e-16,1.3922173483683912e-16,5.22695172291379e-15
3.22e+22,0.0003279040533037721,0.9996720351077166,3.04653715843263e-08,9.62985137471267e-09,2.0743756781978804e-08,6686.970388692381,8.18513915727052,0.9349438321534934,2.961540613564414e+22,2.0468904423017283e+25,1.061043306162917e-14,8.428189903893118e-24,1.0408481329220482e-23,8.053506783664541e-26,5.885893125355617e-26,8.610036900010071e-17,1.1229984816614836e-16,4.44317342118775e-15
3.22e+22,0.00030334201616411064,0.9996965994902932,3.229879343306733e-08,1.1283423222651385e-08,1.4911325829028658e-08,6872.64995878272,10.38324144080568,0.948088526587217,6.385076193796689e+22,2.0299831769775203e+25,1.0812182162745533e-14,1.0690969775483117e-23,1.321842506777853e-23,1.0212098638782748e-25,5.723589342118777e-26,9.520860478348087e-17,1.2377153645937143e-16,4.781296536353042e-15
3.22e+22,0.0019120982209118614,0.9980868743039015,5.875983794365506e-07,2.0972598266217195e-07,2.301508244427511e-07,8140.952381361107,2.4213005341994442,0.9209633006712089,8.669827428938528e+20,2.065217697682408e+25,1.0396796677796427e-14,7.880530566979242e-24,1.0303686123466273e-23,1.1630379529641431e-25,2.8200209029062556e-25,7.71823624666481e-17,1.0102475385447233e-16,4.102090101792541e-15
3.22e+22,0.001784007455961333,0.9982148887059158,6.616373010978165e-07,2.768012155017936e-07,1.6539960632530804e-07,8434.53832570067,7.773912663700805,0.9361347927528665,1.7293916152381854e+22,2.045374320129397e+25,1.0628780875657161e-14,1.066869601599487e-23,1.401770742896904e-23,1.6043508669148066e-25,2.821286813152962e-25,8.699869509858621e-17,1.134243744841741e-16,4.475189718480624e-15
3.22e+22,0.00020445200031821877,0.9997955172024642,1.3679359933159236e-08,4.054623339620816e-09,1.3063234252922664e-08,6232.932782613806,10.490428430028867,0.9480113292012445,7.210687937775339e+22,2.0300433757612055e+25,1.0810858686327026e-14,9.600348026992337e-24,1.1580835054270738e-23,7.592239070746617e-26,3.760522596199441e-26,9.5019709186955e-17,1.23545242626226e-16,4.776582927859159e-15
3.22e+22,0.0012403861941317528,0.9987589053651467,4.3164322392587246e-07,1.892408848000585e-07,8.75566128262681e-08,8254.499335152352,8.85157762071135,0.9408031728999062,3.022601513994239e+22,2.0393489720008467e+25,1.070037849805851e-14,1.1400919183186244e-23,1.4878690170213604e-23,1.6257488299869254e-25,2.1236233328884816e-25,9.019081184324091e-17,1.174468892248677e-16,4.594208902442675e-15
3.22e+22,0.001431141368252944,0.9985680297970784,5.010082962519678e-07,2.1405524720922457e-07,1.1377112522516862e-07,8304.911995286035,7.966051575935557,0.9368159761005126,2.1790472171238795e+22,2.044492419550775e+25,1.0639220346866691e-14,1.0655985148213397e-23,1.393365157846378e-23,1.546593472219259e-25,2.3526593803595802e-25,8.745808195039769e-17,1.1400363226177674e-16,4.492403661256517e-15
3.22e+22,0.0004926756488640275,0.9995072092598749,5.858086542282821e-08,1.8404015614768544e-08,3.8106380174527134e-08,6907.3043870995225,6.297432358736316,0.9268969213647195,1.1527681872634338e+22,2.0573978853004023e+25,1.0487358701483703e-14,7.741859535333829e-24,9.721234250936052e-24,8.434886995111791e-26,8.539730586663982e-26,8.088005346440338e-17,1.0570476834339187e-16,4.244704445101318e-15
3.22e+22,0.0004890502194851236,0.9995107708301141,7.089017564318092e-08,1.9602253014829628e-08,8.845797221271963e-08,6069.330352197832,1.223089650103514,0.9127764321660354,-4.360432732371116e+20,2.076090155245866e+25,1.02720261269119e-14,5.759788549421618e-24,7.183656093160772e-24,6.046925354247766e-26,8.128399315494937e-26,7.219967186453675e-17,9.471586253230657e-17,3.908864020702179e-15
3.22e+22,0.0008315051360810735,0.9991682081204789,1.3405308230673225e-07,3.8215633117085836e-08,1.1447472455295502e-07,6858.693934218137,0.4568357677565735,0.9151127437635783,-1.5608626624419903e+19,2.0729780235688304e+25,1.0307614012094436e-14,6.512029071557143e-24,8.301896959678918e-24,8.030187406176834e-26,1.3387245858636984e-25,7.361147560014798e-17,9.650323670819901e-17,3.963646723526814e-15
3.22e+22,0.0002786004134203225,0.9997213393216368,3.5514980032414235e-08,1.3528897263899698e-08,1.122106563931363e-08,7000.927830677806,12.70944294810967,0.9649442546116681,1.1940430428439744e+23,2.0087302797136994e+25,1.1072083393667917e-14,1.4350647380065004e-23,1.7776557635078006e-23,1.3759824417191656e-25,5.675983038574803e-26,1.0788084665647251e-16,1.3967523528019625e-16,5.238526523290718e-15
3.22e+22,0.000499336889769262,0.9995004156091407,9.255850376654596e-08,2.541746397216364e-08,1.2952512239026787e-07,5779.155397954728,1.7062922802165639,0.9121668119075765,-1.3546056921932704e+21,2.0769034400699942e+25,1.0262742684007917e-14,5.686688819890755e-24,7.0956125712306e-24,5.995845182050462e-26,8.285681790667442e-26,7.183295898256531e-17,9.425153832758209e-17,3.894618575777897e-15
3.22e+22,0.0006397471310721966,0.9993600393223575,9.278219286230315e-08,2.5957289609506706e-08,9.480708774881608e-08,6507.855991892904,1.4205362164631357,0.9144267864329589,-2.0533983183836427e+20,2.0738902393793624e+25,1.0297160416016482e-14,6.212844890847235e-24,7.842602066647325e-24,7.124995257339598e-26,1.0495072333327833e-25,7.31927095685901e-17,9.597341379931364e-17,3.947469658465802e-15
3.22e+22,0.0004519650537107005,0.9995478840433686,6.013435694971902e-08,1.6640593494509888e-08,7.412797030987767e-08,6086.035145082925,1.9872767671617548,0.9135757788711916,-6.550611351246733e+20,2.0750215132642272e+25,1.0284187704357379e-14,5.7843190337255645e-24,7.191162265945885e-24,5.922333588450326e-26,7.545424277620161e-26,7.266831809081572e-17,9.531056744019274e-17,3.927325622571411e-15
3.22e+22,0.00019567661910928046,0.9998042953422283,1.4470154207389023e-08,4.796946463714644e-09,8.7715617372516e-09,6521.09330053818,12.723078603490027,0.9653036523162103,1.3006854628918295e+23,2.008236201090844e+25,1.107747704514351e-14,1.3088378527046266e-23,1.5851362196121785e-23,1.0564873832035233e-25,3.8323121360808363e-26,1.0800468596648908e-16,1.3984284705597034e-16,5.245361802683493e-15
3.22e+22,0.0004326264903682847,0.9995671866549825,6.998399312330785e-08,1.9187803822409944e-08,9.768285247936757e-08,5774.981694805661,0.3884765796782561,0.9113593185557755,-1.3258420052838223e+20,2.077983649436427e+25,1.0250456090431618e-14,5.4662967820880014e-24,6.77417447363509e-24,5.477048056516235e-26,7.212228112477605e-26,7.135675461248449e-17,9.364778939107938e-17,3.875949840266443e-15
3.22e+22,0.0026428258356807396,0.9973554600122383,9.815961150867684e-07,3.551148180158145e-07,3.7744114791841813e-07,8443.601019690142,1.8772039931680913,0.9213026761693207,5.5215409510783274e+20,2.0647693258777426e+25,1.0401974258314349e-14,8.066933716669807e-24,1.0617481424205662e-23,1.250216548506069e-25,3.6877341013262867e-25,7.739270083802675e-17,1.0129093571626112e-16,4.110205605742497e-15
3.22e+22,0.0004709222376595032,0.9995289692946757,5.242629917914724e-08,1.5768405124231844e-08,4.027296044941459e-08,6751.556722512469,5.619962311806386,0.9240431704674088,7.644671586615029e+21,2.061146092910483e+25,1.04437634527922e-14,7.251084014291218e-24,9.075058052218166e-24,7.727803326546099e-26,8.089620714617834e-26,7.906576428685482e-17,1.0341136236024045e-16,4.1753326585408955e-15
3.22e+22,0.0021549647385194597,0.9978438064654727,7.000356510503045e-07,2.476050319477754e-07,2.8115532478978447e-07,8219.35950153105,0.8031469901954456,0.9198571830004537,1.6159731975534854e+20,2.066680613883545e+25,1.0379925715884716e-14,7.753560873576994e-24,1.0158655911646521e-23,1.163672981079357e-25,3.1072828657165018e-25,7.650027121099504e-17,1.0016131909665967e-16,4.075721194780443e-15
3.22e+22,0.00040399894270907056,0.9995958435062187,5.944989772791673e-08,1.631176063226189e-08,8.17894138621386e-08,5808.019205975761,1.3274662615019417,0.9119676526114613,-7.026670679348879e+20,2.077168627432993e+25,1.0259707019867002e-14,5.4732755081450726e-24,6.762604725326731e-24,5.35733628829918e-26,6.763248024085763e-26,7.170989225105741e-17,9.409613173293054e-17,3.889912362301853e-15
3.22e+22,0.00035599213725315694,0.9996439224722787,3.555640731646346e-08,9.985672236020598e-09,3.984838852670421e-08,6213.969981113843,7.607925202965298,0.9303763476482456,2.2720887454032623e+22,2.052832247934132e+25,1.0540503905064762e-14,7.7768975860206e-24,9.623178910041124e-24,7.573453413673604e-26,6.250248438374868e-26,8.307231655250894e-17,1.0847948465999826e-16,4.3291228477984445e-15
3.22e+22,0.0006636789028800455,0.9993361211599042,9.247869813460369e-08,2.6500734784319036e-08,8.09577829002386e-08,6742.980687161205,2.701113216474252,0.9167536874500298,2.777013936481367e+20,2.0707928457462682e+25,1.0332601852532858e-14,6.5596614352391375e-24,8.301136737725739e-24,7.644908330140717e-26,1.0933908537701722e-25,7.459041275612066e-17,9.774452110533707e-17,4.0019726382552915e-15
3.22e+22,0.0022743774705417464,0.9977242732556043,7.718949079086353e-07,2.767581656652058e-07,3.0062078045075226e-07,8292.714875425998,1.9619517524108525,0.9209161179541968,5.621076240565324e+20,2.0652800795433666e+25,1.039607701948377e-14,7.946471068020595e-24,1.0427163509170205e-23,1.2044754098112586e-25,3.2583052249320793e-25,7.715330008109748e-17,1.0098795188117698e-16,4.100965113129889e-15
3.22e+22,0.0019870582277891004,0.9980118626221787,6.133276048092923e-07,2.1550626831040432e-07,2.503161590892189e-07,8136.760006920556,0.7586121213472644,0.9195708249644827,1.6028908851024262e+20,2.0670596873265726e+25,1.0375558915695638e-14,7.674197080485007e-24,1.0036507820034477e-23,1.1367829068557467e-25,2.902270926544443e-25,7.632431660202454e-17,9.993855909540882e-17,4.068911388276251e-15
3.22e+22,0.0026396500432944543,0.9973586239728284,9.922447285535179e-07,3.6349299628366995e-07,3.7024615237538726e-07,8470.818303506896,3.160594762233195,0.9230273126949821,1.2862979139814896e+21,2.0624939108192802e+25,1.0428293513586158e-14,8.357122734862835e-24,1.1006597719115026e-23,1.2985041827237754e-25,3.700522293311007e-25,7.846750529775053e-17,1.0265084904183994e-16,4.151601340581536e-15
3.22e+22,0.0013544805941576397,0.9986449533218387,3.0601303573702435e-07,9.800887891962064e-08,1.62062088896348e-07,7625.393725581595,1.365296398824218,0.9181877468750156,1.4920433133802327e+20,2.0688921582957676e+25,1.0354470820046116e-14,7.270199202881731e-24,9.417147594237393e-24,1.0047002540428824e-25,2.085534128852055e-25,7.54761814150102e-17,9.886484630316387e-17,4.036081267662815e-15
3.22e+22,0.0024569093345491273,0.997541561156455,8.768034983675092e-07,3.169875617889685e-07,3.3571793580941396e-07,8378.797932220881,2.4499560852179423,0.9217330169327017,7.381675393968787e+20,2.064201047491659e+25,1.0408540272521795e-14,8.11139465913979e-24,1.0663097785068108e-23,1.2450630035687034e-25,3.479176397332776e-25,7.76598599818101e-17,1.0162902288379067e-16,4.120509247386871e-15
3.22e+22,0.0004929955680082474,0.9995068077527517,7.652421088846327e-08,2.1123676236930865e-08,9.90313529799835e-08,5984.706290095723,0.34503124192939816,0.9120724812050924,-7.715126723440581e+19,2.0770312708445827e+25,1.0261314318027973e-14,5.6784622001148026e-24,7.08223193816921e-24,5.966356665330184e-26,8.178799068213377e-26,7.178456983203388e-17,9.418945078301558e-17,3.892574081109351e-15
3.22e+22,0.0007167490222285467,0.9992830291460273,1.2471152692980033e-07,4.373152291225442e-08,5.33886944300267e-08,7389.548454640236,7.105588746995397,0.931168060308561,1.885643799168283e+22,2.0518197950952214e+25,1.0552694589110207e-14,8.895996384895885e-24,1.1362168098738128e-23,1.0947560773963655e-25,1.2392746449368937e-25,8.366822664490468e-17,1.0922467708582474e-16,4.350265602162291e-15
3.22e+22,0.0012224289253418385,0.9987770109768179,3.297764162961034e-07,1.26711064383782e-07,1.0361035961597364e-07,7950.458330279699,5.618654127346181,0.9273416474638646,9.500991545797887e+21,2.0568243876726737e+25,1.0494191675703445e-14,8.705024334987402e-24,1.1289751776215434e-23,1.2018381256346063e-25,1.9720505256657028e-25,8.120139485296215e-17,1.0610749884463297e-16,4.25629302710524e-15
3.22e+22,0.000913270310959015,0.9990863625967304,2.1753616631048746e-07,8.457874130131897e-08,6.497740284719689e-08,7772.825712742362,7.314735076751559,0.9329879333729384,1.999496672433141e+22,2.04945361112391e+25,1.0580562443093959e-14,9.490162284005363e-24,1.223237997264148e-23,1.2461620084327954e-25,1.5609430108193134e-25,8.488020320014848e-17,1.107533011125574e-16,4.3958187481980026e-15
3.22e+22,0.0005911297887562508,0.999408641799164,9.292623985231354e-08,2.576162081010859e-08,1.0972421918428146e-07,6218.319855449738,1.8580047601654284,0.9138378847313767,-7.81278220343894e+20,2.0746739805294653e+25,1.0288187343056119e-14,6.058429123518171e-24,7.620719967486528e-24,6.772717264610153e-26,9.733210779453358e-26,7.283428768329284e-17,9.551986970715226e-17,3.933609066158466e-15
3.22e+22,0.0004026788557720663,0.9995972138463454,4.444408704290525e-08,1.2414299247530622e-08,5.0439496338772024e-08,6224.723663096946,3.623665312854302,0.9168449577290172,5.5903975613687346e+20,2.0706646584304866e+25,1.0333964206597456e-14,6.075898190362237e-24,7.523641937140096e-24,6.016231802433901e-26,6.804590513558544e-26,7.461632090825481e-17,9.778033760079844e-17,4.003567094406201e-15
3.22e+22,0.0002522689390722255,0.999747684978547,2.59858402970426e-08,9.322468948472606e-09,1.0774071432025612e-08,6827.4776411531675,11.821489254747787,0.9583110923157879,9.832679563229205e+22,2.0170254153389687e+25,1.0969602867605367e-14,1.2392272032483864e-23,1.5218947799835374e-23,1.1175893566244553e-25,4.926947545752242e-26,1.0271759135763869e-16,1.3320598328948956e-16,5.054571607531882e-15
3.22e+22,0.0018158699857652304,0.9981831453909067,5.723020048867413e-07,2.1335590333206086e-07,1.989654198413794e-07,8199.007166406958,4.073695261658519,0.923976334532317,3.191586316045245e+21,2.0612440636978802e+25,1.0442782182455557e-14,8.358270064887848e-24,1.0929762769652808e-23,1.230233400078067e-25,2.7289189433360396e-25,7.90635543151958e-17,1.034047542034683e-16,4.174494951306997e-15
3.22e+22,0.0011536646826821805,0.9988458951074812,2.2806079670145588e-07,6.951125963777496e-08,1.4263778024622833e-07,7370.188483439788,0.3902713903339303,0.9168569198941735,1.4621361212200905e+19,2.0706587948617567e+25,1.033418828584521e-14,6.979055599238157e-24,8.995505523230387e-24,9.314421960030331e-26,1.806514503602386e-25,7.466709793714708e-17,9.784016022494741e-17,4.004665025888704e-15
3.22e+22,0.00015294317333931214,0.9998470380678577,8.528931959719487e-09,2.5919015040944218e-09,7.63796963849722e-09,6178.420974971298,11.181695591712941,0.9537988334217669,9.379023530236731e+22,2.022651060241692e+25,1.089980769858133e-14,9.802172346120104e-24,1.1613790589953834e-23,6.701093560499054e-26,2.827488514234163e-26,9.911264450938719e-17,1.2869887957426282e-16,4.927858519023865e-15
3.22e+22,0.0003804419601845993,0.9996194454089677,4.458936399511596e-08,1.2336544710245133e-08,5.570493903876624e-08,6033.037433373817,2.9599315009684717,0.9148827844893577,-5.154233122281275e+20,2.0732751877911484e+25,1.0304073371020035e-14,5.765739896605198e-24,7.112845996432992e-24,5.559563319991658e-26,6.411346795961958e-26,7.343334737919329e-17,9.628172481969586e-17,3.9575184104668936e-15
3.22e+22,0.0008162729069647293,0.9991833440999494,2.347878218657978e-07,1.0158139932458216e-07,4.6623864788365286e-08,7931.255002407549,10.01505154617751,0.9465235720186842,4.54355910146072e+22,2.032014311919354e+25,1.0788240497892634e-14,1.2231541056973806e-23,1.5800298115041656e-23,1.6134404190189473e-25,1.5113892524649739e-25,9.420676850289389e-17,1.225019794313987e-16,4.742608172449146e-15
3.22e+22,0.0017639058124122602,0.9982351743030962,5.30346956727844e-07,1.9287437394515048e-07,1.9666316086752394e-07,8121.719612524843,0.7453907453460903,0.9195468925058261,3.4234763131668916e+20,2.067091545935613e+25,1.0375194745911655e-14,7.619829675905399e-24,9.939557617044e-24,1.107158357279554e-25,2.6251967279388648e-25,7.631043721761896e-17,9.9920906561449e-17,4.0683576481658835e-15
3.22e+22,0.002717255574490173,0.9972809407761818,1.0359317697766634e-06,3.790179402989645e-07,3.8869961784769074e-07,8493.612640657182,3.181556604844103,0.9231227181098098,1.2256421527410382e+21,2.0623681836177014e+25,1.042974983181595e-14,8.384049474492204e-24,1.104838800698194e-23,1.3081285405967928e-25,3.7914832329794105e-25,7.852723142210991e-17,1.0272640547928526e-16,4.153898377304115e-15
3.22e+22,0.002516865517688319,0.9974815126463389,9.374797896234776e-07,3.485650351407863e-07,3.357911478822514e-07,8463.20856603317,3.8365688154712094,0.924224984243679,2.152017839696857e+21,2.0609169384064674e+25,1.0446579226701016e-14,8.546292562829976e-24,1.1251209202866893e-23,1.321850388204298e-25,3.577017807712997e-25,7.922048432366599e-17,1.0360319447499264e-16,4.180511924644318e-15
3.22e+22,0.0004428315633469604,0.9995569798080053,7.109441471652645e-08,1.9521356182079093e-08,9.801287682592641e-08,5810.652997583689,0.1966480460902868,0.9114487835931049,-4.150565808936354e+19,2.0778642821230496e+25,1.0251818786095809e-14,5.5000718938207835e-24,6.823893095243257e-24,5.558611919006948e-26,7.373246072579662e-26,7.141103802149287e-17,9.371644946416298e-17,3.878046013971171e-15
3.22e+22,0.002321640811411588,0.9976769900557468,7.76206541466198e-07,2.711982156181581e-07,3.2172808459298865e-07,8253.171062780575,0.4581185950135143,0.9198391550092526,4.078400892591704e+19,2.0667044156045296e+25,1.0379650525558863e-14,7.779229583331113e-24,1.0207416979623317e-23,1.1805674875602832e-25,3.3034780399220304e-25,7.648891163388566e-17,1.0014696363839663e-16,4.075287089615131e-15
3.22e+22,0.000565924875291337,0.9994338658371633,8.528439256349443e-08,2.3643957443437417e-08,1.0035919536570631e-07,6220.154643379315,0.08240554571351752,0.9128525951287193,-6.182049132979346e+18,2.075990149826236e+25,1.0273192822250967e-14,5.902122284016243e-24,7.408053055445002e-24,6.498278563696055e-26,9.334196864105739e-26,7.225271137517609e-17,9.478226035966439e-17,3.9107769686242745e-15
3.22e+22,0.0009013563902298226,0.9990983286527892,1.7742687363010917e-07,6.196223406897298e-08,7.556787313143714e-08,7535.612119887501,5.489258731282584,0.9257635027138198,9.023887342599735e+21,2.058892483499592e+25,1.0470069029414309e-14,8.192049375104253e-24,1.052135886205256e-23,1.055038901375307e-25,1.4943271175916106e-25,8.01856346007831e-17,1.0482438441611732e-16,4.2176483050799405e-15
3.22e+22,0.0010080744550502512,0.9989915622606572,1.810537104421597e-07,5.3455641537764695e-08,1.287749406799209e-07,7163.800980712248,0.3078813442022408,0.9161320858764805,2.6773136682066463e+18,2.0716220637530308e+25,1.0323143588479255e-14,6.788945648932215e-24,8.712877186046058e-24,8.784592842983472e-26,1.5968661958214566e-25,7.422771920873421e-17,9.728370085009438e-17,3.987596857851387e-15
3.22e+22,0.00015101037127176426,0.9998489660520635,9.066855289530484e-09,2.5204202271105116e-09,1.1989389100168473e-08,5767.47731582472,11.388557844717058,0.9539051870203507,9.837033736618973e+22,2.022502904669881e+25,1.0901387869501336e-14,9.658939004414078e-24,1.1424850148835504e-23,6.519257761377939e-26,2.765808037881712e-26,9.912993401149333e-17,1.2872650402705065e-16,4.929591317413697e-15
3.22e+22,0.001031966629099492,0.9989676635246807,1.9817326659162795e-07,6.353420249438803e-08,1.0813875082735848e-07,7430.427126642436,3.4036313861296477,0.9202054400304649,1.449737062013418e+21,2.066218373050876e+25,1.0385230785166349e-14,7.407101729322554e-24,9.5300560042484e-24,9.71888050521274e-26,1.6516538521431628e-25,7.670812417047692e-17,1.0042513840720558e-16,4.0838924720146456e-15
3.22e+22,0.0004976712944979361,0.9995021318546171,7.686608407597154e-08,2.1226907441629716e-08,9.875789355255309e-08,6003.735947262669,0.16409300108823416,0.9121113813613392,-2.145477110625855e+19,2.0769794116926394e+25,1.026190692031412e-14,5.6924214356024686e-24,7.102811708665967e-24,6.000933278879293e-26,8.259306557730474e-26,7.180822971903411e-17,9.421937649605033e-17,3.89348731166475e-15
3.22e+22,0.0005173810696345837,0.9994824702525592,6.434303438632286e-08,1.8087874112888242e-08,6.624689773957175e-08,6441.454192731615,2.9679626740053657,0.9162158986926885,1.2717560228147136e+20,2.071505231717968e+25,1.0324397594441135e-14,6.257633729967057e-24,7.836870038319403e-24,6.751701608320817e-26,8.633618096718275e-26,7.425432860789485e-17,9.731992218900973e-17,3.989120258964877e-15
3.22e+22,0.0005323499233137338,0.9994674471097882,8.100324149185016e-08,2.2418240333195143e-08,9.954541620563798e-08,6116.017383006852,0.1528722566749624,0.912497822315799,-1.6566584705033193e+19,2.0764635617404043e+25,1.0267790823632051e-14,5.802488203349163e-24,7.262885410274276e-24,6.259988496280639e-26,8.800222983101291e-26,7.203991076318252e-17,9.451276646619483e-17,3.902498719354338e-15
3.22e+22,0.0006942615768229832,0.9993054968471072,1.0577207786150368e-07,2.9586240253255408e-08,1.0621775175234392e-07,6558.7223681047035,0.4058372112705476,0.9140658625797163,-3.4309688025369805e+19,2.074372284378148e+25,1.0291668514927765e-14,6.2317912542948765e-24,7.889826172852131e-24,7.308772596348759e-26,1.132102838392299e-25,7.298096338629239e-17,9.570464927727841e-17,3.939120676445473e-15
3.22e+22,0.0008250471280993612,0.9991746523790769,1.7585861446398222e-07,6.625273340450849e-08,5.8381475729892745e-08,7641.096906770699,7.367657228432137,0.9328787866046392,1.7711666660537499e+22,2.049594477320688e+25,1.057888726311708e-14,9.364538713952628e-24,1.202944273205115e-23,1.1997988926108868e-25,1.4235031837962389e-25,8.48037896645303e-17,1.1065723667745923e-16,4.393010451739053e-15
3.22e+22,0.0004642099216112866,0.9995355999614793,7.277286636456928e-08,2.0039989960723313e-08,9.730405305665004e-08,5896.286351183374,0.0921992228462484,0.9117358249180314,-1.1812454036922864e+19,2.077480886940215e+25,1.0256188922537131e-14,5.58089465314345e-24,6.940448683394332e-24,5.739465145174019e-26,7.718202913475524e-26,7.158306404156453e-17,9.393426561805359e-17,3.8847332903258135e-15
3.22e+22,0.0004722400947024588,0.9995275676158075,7.391276214119554e-08,2.0368101098635494e-08,9.800862668650179e-08,5919.537340343025,0.40902727179604426,0.9118624349416723,-1.1841598632236063e+20,2.077311660697777e+25,1.0258115959163177e-14,5.612184863900224e-24,6.985263973957145e-24,5.807898518376139e-26,7.85317962974591e-26,7.165831253294807e-17,9.40296123092726e-17,3.8876717829292275e-15
3.22e+22,0.0006279775321519741,0.9993717986281259,9.453483559112778e-08,2.6300172770644855e-08,1.0300471385632316e-07,6391.4151216191985,0.10554275615083583,0.9134448851130718,-6.792926466179285e+18,2.0752001401854105e+25,1.0282211975795713e-14,6.067857944280384e-24,7.650433201276458e-24,6.904472360646976e-26,1.0286561899999812e-25,7.260819770110095e-17,9.523248132493538e-17,3.924608499852627e-15
3.22e+22,0.0008699117247619365,0.9991297941720269,1.428588601939387e-07,4.169342634609235e-08,1.0955092468934993e-07,7005.393423129389,1.6730040900854635,0.9163426345813884,5.8802151866672054e+19,2.0713412705152627e+25,1.0326347697173174e-14,6.71661888874329e-24,8.58051477880855e-24,8.399239882218649e-26,1.401594398033863e-25,7.435102937671727e-17,9.744032036285122e-17,3.992474343487626e-15
3.22e+22,0.0012926783790630349,0.9987067900252953,2.927244967864333e-07,9.68317472094639e-08,1.4203939764358157e-07,7672.973286168228,2.9908597606657135,0.9202579891062561,1.00705953713762e+21,2.0661495953371405e+25,1.0386035374977466e-14,7.56135117582553e-24,9.790966714109776e-24,1.0398440507903411e-25,2.0167431020429983e-25,7.674377966074183e-17,1.0046993546313281e-16,4.085205810037041e-15
3.22e+22,0.0011131040572570816,0.9988864591555497,2.473907029677701e-07,8.65976971997677e-08,1.0279879314779623e-07,7696.351697257802,3.8780522701954716,0.9220608165473424,3.7752199195631414e+21,2.063767591599264e+25,1.0413539039767286e-14,7.75404818462829e-24,1.0007212732105877e-23,1.038544497534753e-25,1.7795460879534222e-25,7.786041121032991e-17,1.018831407855687e-16,4.1283037803922585e-15
3.22e+22,0.0007691055194415006,0.999230661592438,1.2402656164545282e-07,4.000164920704492e-08,6.88599096582035e-08,7255.001770363192,5.3400783493053074,0.9244685948331721,8.062924675294838e+21,2.06059267066627e+25,1.0450284085170663e-14,7.835567845413505e-24,1.0003779194328958e-23,9.673289134113763e-26,1.2875592102224612e-25,7.935856828956135e-17,1.037793206408221e-16,4.186103323282854e-15
3.22e+22,0.0005252764898986458,0.9994745276531264,7.838754515040404e-08,2.169929025779849e-08,9.57701395587395e-08,6126.192464074931,0.8440725992706112,0.9127362119943894,-2.411849039512518e+20,2.0761447533456354e+25,1.0271417723942508e-14,5.8203371880118896e-24,7.281837591833638e-24,6.255592447732021e-26,8.684037884088126e-26,7.217978532921718e-17,9.469023067416288e-17,3.908003488238456e-15
3.22e+22,0.0006789777356638961,0.9993207121188022,1.9157514316856965e-07,8.445448287121591e-08,3.411590776015374e-08,7849.743815708708,10.860213030010001,0.9516299580835349,6.1943471801048945e+22,2.0255144908892537e+25,1.086680445712082e-14,1.319179809886762e-23,1.696562470011848e-23,1.6794704150846936e-25,1.3132835581615958e-25,9.790211556881929e-17,1.2714723016979394e-16,4.877707263662429e-15
3.22e+22,0.000500714119833736,0.9994990985425246,7.438167863114128e-08,2.0566594641880983e-08,9.238936843735168e-08,6067.265171244297,3.6433064048830253,0.9162283326296189,2.2304298416450614e+20,2.0714855330575633e+25,1.0324573712395083e-14,6.202378106871357e-24,7.754522775125687e-24,6.610014248978069e-26,8.365531753341653e-26,7.424797579468449e-17,9.731328083049162e-17,3.989151613631008e-15
3.22e+22,0.00042639278274110765,0.9995734530955159,5.959740483504384e-08,1.64255393941178e-08,7.80987987913782e-08,5938.488254644742,1.6197573828357905,0.9126747012107492,-7.222426719651221e+20,2.076224163950705e+25,1.0270469673586154e-14,5.614220778997861e-24,6.95742524472679e-24,5.616360879159921e-26,7.124120357231889e-26,7.213084655492819e-17,9.462951785412571e-17,3.906345831497641e-15
3.22e+22,0.002087655278006287,0.9979111650605711,6.756791617922813e-07,2.421153937700465e-07,2.618668671889518e-07,8223.908944468723,3.3477306716328323,0.9225872263449868,1.1777502650029033e+21,2.0630739562177492e+25,1.0421575808658362e-14,8.186794275510484e-24,1.0731026523875836e-23,1.2284436624843925e-25,3.0486219794358515e-25,7.81918445886423e-17,1.0230216436412517e-16,4.141005673030939e-15
3.22e+22,0.0012268805456869417,0.9987725508749415,3.3615791020196384e-07,1.3039131885418872e-07,1.0203014246543132e-07,7984.996697565923,6.760872117598542,0.931212773954856,1.2206488579687437e+22,2.051765945708245e+25,1.055339581752442e-14,9.41175530813077e-24,1.222771405344607e-23,1.3110170814590085e-25,2.0099956149595517e-25,8.3714621940664e-17,1.0928173279340793e-16,4.35171657349793e-15
3.22e+22,0.0002800318333672644,0.9997199110469979,2.355713896360177e-08,6.634042932537093e-09,2.6928453049795704e-08,6133.000951274199,9.043484620871366,0.937883323216913,4.1944563897504545e+22,2.043069553594214e+25,1.0655423420846002e-14,8.547525468840701e-24,1.0469617311674794e-23,7.66098982871527e-26,5.0288344039967895e-26,8.802325660290176e-17,1.147300574090257e-16,4.516309606798769e-15
3.22e+22,0.0008261020802378316,0.9991736385446988,1.3343684292423295e-07,4.11355037877271e-08,8.480271687867722e-08,7179.996631371924,3.6861527286087536,0.9199872072278841,2.6660097694849774e+21,2.066505958917278e+25,1.0381897643736291e-14,7.206922886982633e-24,9.205911673286768e-24,8.970198954288144e-26,1.3511751689691888e-25,7.656870339652765e-17,1.0024915919384734e-16,4.078600460561483e-15
3.22e+22,0.0018507103076016173,0.9981483445273306,5.298490345380008e-07,1.7990423336854215e-07,2.3541179999841775e-07,8003.309959449218,0.7299054724894682,0.9191041191261882,7.2219672834239226e+19,2.0676777058184414e+25,1.036844221662433e-14,7.568193644464024e-24,9.880615805771682e-24,1.10732289708245e-25,2.730155735606e-25,7.603763628015176e-17,9.957563961785316e-17,4.057818763495046e-15
3.22e+22,0.0003430270385630532,0.9996569055798579,3.573249297008322e-08,1.1909871760836865e-08,1.9739214431557133e-08,6837.635495690198,9.541729661615076,0.9425536485259737,4.852913927022702e+22,2.0370702470650877e+25,1.0727145580429095e-14,9.862888380965925e-24,1.2248242807263596e-23,9.774956349633342e-26,6.337826381367139e-26,9.130519676674339e-17,1.1885870967120784e-16,4.637236795201697e-15
3.22e+22,0.0010024024851552223,0.9989972382466092,1.7942509813991292e-07,5.308904456392296e-08,1.267540927584497e-07,7168.945800241205,0.8585884574057565,0.9163264481419908,1.795857459352415e+19,2.0713635061903455e+25,1.032610422220927e-14,6.812895923917498e-24,8.742848524150195e-24,8.80793906602119e-26,1.5896971221167728e-25,7.434457325479007e-17,9.743178666803716e-17,3.99215474583651e-15
3.22e+22,0.0017244201416284127,0.9982747403821588,4.669904061204446e-07,1.5612598890125278e-07,2.1635981764215557e-07,7912.588123507655,0.33093709022409534,0.9186900651472425,2.7178825127858643e+19,2.068226388272534e+25,1.036212949315246e-14,7.471105466284784e-24,9.736647764557355e-24,1.0794391331248077e-25,2.5665695303616304e-25,7.578422150403726e-17,9.92547691768223e-17,4.047999046754225e-15
3.22e+22,0.0008548761085681384,0.9991448277736087,1.3960691829570636e-07,3.992170755950476e-08,1.1658919724029945e-07,6899.948739471853,0.10762165281749245,0.915199986446374,-2.3862892623359585e+18,2.0728619867914457e+25,1.0308943354804425e-14,6.544310315496322e-24,8.351216193503685e-24,8.127880221766596e-26,1.3741398614443816e-25,7.36644953003109e-17,9.657034843853784e-17,3.965700591324772e-15
3.22e+22,0.0015528500723691744,0.9984464428007651,3.892045808194586e-07,1.2785219753965313e-07,1.9007008745240594e-07,7789.691606857461,0.9077699768525874,0.918464858375097,8.463010391923317e+19,2.0685248593936126e+25,1.0358695874766474e-14,7.38513422549826e-24,9.600025074020188e-24,1.0473237538212148e-25,2.348311141553689e-25,7.564619163245059e-17,9.90800347300306e-17,4.042656489011523e-15
3.22e+22,0.002749862361944248,0.9972483150087902,1.0426361897513232e-06,3.769349440963666e-07,4.0305813181544794e-07,8475.788002367251,1.8984150689932695,0.9214163464958962,5.110840202658218e+20,2.064619170437382e+25,1.040370844425792e-14,8.099690137804823e-24,1.0668809578501614e-23,1.2623621630294914e-25,3.8063768748353106e-25,7.746312214063227e-17,1.0138006336408775e-16,4.112924011240134e-15
3.22e+22,0.00043103678341389255,0.9995687797273083,6.886251121084803e-08,1.8887579314170276e-08,9.573918742649173e-08,5785.150058966376,0.017510345321256105,0.9113508089479986,-2.1873931900860306e+18,2.077995118472525e+25,1.0250326943129605e-14,5.4627373095633895e-24,6.768627590870116e-24,5.466450051229248e-26,7.184927104660835e-26,7.135207087840935e-17,9.364181925760999e-17,3.875759674922689e-15
3.22e+22,0.000733714991174408,0.9992660324162772,1.1296184207106458e-07,3.1739805618447705e-08,1.078909006780319e-07,6655.884654627604,0.5873720480574665,0.9144521304456984,-4.49337960391419e+19,2.073857569371226e+25,1.0297551160397889e-14,6.3272206041713375e-24,8.028431119878126e-24,7.540603534791318e-26,1.1918035281220373e-25,7.32129660416989e-17,9.599854065780583e-17,3.948155103110612e-15
3.22e+22,0.0021556158868819473,0.9978430641624952,7.724282175593716e-07,2.971678878320678e-07,2.503545173130013e-07,8404.382606012647,5.150611392402286,0.9271318600619671,5.074554170113928e+21,2.0571001203383457e+25,1.049098837862789e-14,8.999050798946627e-24,1.1825693307143382e-23,1.3682525874106077e-25,3.180836988599182e-25,8.106990493417101e-17,1.0594107197355862e-16,4.251225638156466e-15
3.22e+22,0.0005633793661270941,0.9994364108133628,8.526013120892032e-08,2.363197496479525e-08,1.0092840398982809e-07,6206.5630155449135,0.3063800702487956,0.9128303804992788,-4.255468069034921e+19,2.0760197359341843e+25,1.0272854338396612e-14,5.8949074164917005e-24,7.397458397585087e-24,6.480263148571851e-26,9.277865166894237e-26,7.22391522946353e-17,9.476511190335266e-17,3.910254112388083e-15
3.22e+22,0.00010598356434389997,0.9998940045944779,4.756859087784718e-09,1.3613710958394786e-09,5.722948138935208e-09,5799.72875545095,12.738211195708866,0.9665147926173382,1.5085259496113832e+23,2.0065803134381894e+25,1.1095698313979102e-14,1.0658084364511033e-23,1.2319200880646256e-23,5.917812884744291e-26,1.9617884241232056e-26,1.084717677265409e-16,1.4046617211253932e-16,5.269399875080581e-15
3.22e+22,0.00045039645092676353,0.9995494146126531,7.161380402196599e-08,1.968653854539386e-08,9.763607758902003e-08,5842.341214764358,0.4369143312365155,0.911603421557393,-1.4318660422152258e+20,2.0776575379699108e+25,1.0254172305953914e-14,5.5350800046479184e-24,6.873333887573542e-24,5.630281581221969e-26,7.505469931203137e-26,7.150288245631356e-17,9.3832825018028e-17,3.881632932260847e-15
3.22e+22,0.00013918053205062142,0.9998608032161842,7.328186565961322e-09,2.2228181627874304e-09,6.700760490292898e-09,6126.648574383704,11.698035190414274,0.9578695072497339,1.0995173446957994e+23,2.0174913964958154e+25,1.0962483373739642e-14,1.0216763952356064e-23,1.2037402896157282e-23,6.661681254742796e-26,2.5822487430811598e-26,1.0208688996494179e-16,1.3243823485764027e-16,5.036501266232529e-15
3.22e+22,0.00048131929406114204,0.9995185321803842,6.136567299064285e-08,1.7067802693964373e-08,7.009207911650168e-08,6250.913432214622,2.426310327748675,0.9147121917565525,-4.190191096936454e+20,2.0735065560677936e+25,1.030149237594108e-14,5.9907058814134554e-24,7.473324438987018e-24,6.28657384840778e-26,8.025086200561677e-26,7.334870033557433e-17,9.617264691047129e-17,3.953860660560586e-15
3.22e+22,0.0014628107752177827,0.9985364933151405,4.028244984706144e-07,1.4781854716644029e-07,1.4526659600563358e-07,7995.36121803381,5.0797159622417105,0.9257990621603214,4.75547162135215e+21,2.0588476948907323e+25,1.0470619730613431e-14,8.550609905047624e-24,1.1133490579552353e-23,1.2171529784370808e-25,2.2888141633689773e-25,8.021580697771714e-17,1.0486182355078313e-16,4.218662477598993e-15
3.22e+22,0.000739502967703928,0.9992602416483396,1.1433766992749206e-07,3.213055327536752e-08,1.0891573333084904e-07,6662.503708221347,0.16347229280791087,0.9143849682397762,-7.834027679203793e+18,2.073947201521451e+25,1.0296528947591203e-14,6.324485771326271e-24,8.027029731407584e-24,7.552373310011854e-26,1.200881183203194e-25,7.31733080003482e-17,9.594822938224417e-17,3.946596497639876e-15
3.22e+22,0.0007313896544582567,0.9992683910605373,1.0710444433658245e-07,3.165518279625814e-08,8.052537729041677e-08,6959.510509709646,3.2604836622762,0.9184261364257008,1.0034089286226772e+21,2.068573154673223e+25,1.0358092540496486e-14,6.878037704362288e-24,8.742256340240488e-24,8.266147147729394e-26,1.203874802008064e-25,7.560881648249204e-17,9.90341473240355e-17,4.041484834786729e-15
3.22e+22,0.0009171579864626611,0.9990825240937952,1.5512405152470865e-07,4.523854831603046e-08,1.1755714224040596e-07,7048.381825179814,1.1772203341779377,0.9160933533565676,1.3914055825487479e+19,2.071673136856865e+25,1.0322551583492414e-14,6.719142739823616e-24,8.597605746753982e-24,8.505428561298623e-26,1.468287620666347e-25,7.420228955714182e-17,9.72517065358018e-17,3.986649536493193e-15
3.22e+22,0.0007687391286887512,0.9992309959615288,1.2030845400844746e-07,3.3949481168030756e-08,1.1065184725462659e-07,6726.683996962192,0.08472800467059935,0.9146010280455218,-3.1165402886921016e+18,2.0736594258399994e+25,1.0299819821345218e-14,6.3835420313213435e-24,8.114079080353776e-24,7.705890720674935e-26,1.245859518559969e-25,7.330343678957595e-17,9.611304251812933e-17,3.95165777280772e-15
3.22e+22,0.00043213777117728503,0.9995677200307941,8.727932200207412e-08,3.6280827367498823e-08,1.8637879241960582e-08,7447.100430276541,11.777431276417708,0.9577559978487565,8.613283063510276e+22,2.0177626162923727e+25,1.096117613169454e-14,1.3800635785140802e-23,1.745252658339184e-23,1.5490129188197288e-25,8.711167726970946e-26,1.024296317431186e-16,1.328343006656331e-16,5.04214711578365e-15
3.22e+22,0.0005071947113105616,0.9994926778909885,5.8870108776968246e-08,1.707939907839809e-08,5.144819330695569e-08,6652.70787451993,6.504691132656851,0.9267431421573238,1.3677771236715887e+22,2.0575978818095737e+25,1.0485001093971112e-14,7.729574128304073e-24,9.715529943769635e-24,8.487661020144091e-26,8.753138143523248e-26,8.077353573769406e-17,1.0557099729421929e-16,4.240802959137965e-15
3.22e+22,0.0007172669755749088,0.9992825014552219,1.0610881867347112e-07,3.0151073314130596e-08,9.53093112827704e-08,6735.988546957729,1.8434069760179959,0.9156009804173515,-5.690801054587599e+19,2.072326837963923e+25,1.0315045203330045e-14,6.465681692030406e-24,8.201705707040202e-24,7.679074859863343e-26,1.1710177840001862e-25,7.389936023075211e-17,9.686858644516227e-17,3.974981122731395e-15
3.22e+22,0.0009149274389230647,0.9990847678110979,1.5741597956137483e-07,4.8458739160021475e-08,9.887526036073891e-08,7242.798441035301,2.1668588860800826,0.9176998477533492,6.779334624337759e+20,2.0695386028499683e+25,1.034703029630155e-14,6.951681233745441e-24,8.901213316844943e-24,8.827878743497514e-26,1.4728670479586558e-25,7.517487572700682e-17,9.848371652081567e-17,4.02447271705965e-15
3.22e+22,0.001247599453190437,0.998751862920426,3.096443794346917e-07,1.1214635555961264e-07,1.1583564858486417e-07,7852.227878669629,3.9140082936187626,0.92262858796618,3.9576148143707977e+21,2.063019047606467e+25,1.0422205708610349e-14,7.921770373342144e-24,1.0258826793810174e-23,1.087377278076827e-25,1.9723008974252602e-25,7.821627857443099e-17,1.0233321431668418e-16,4.141971812105132e-15
3.22e+22,0.00032575328789170724,0.9996741861280856,2.8901896549378856e-08,8.784091676605104e-09,2.2898034539070444e-08,6572.9697741842265,7.410333766722086,0.9309086278057577,2.11820952437473e+22,2.052139370462236e+25,1.0548656695687388e-14,7.768506781811144e-24,9.57388340262643e-24,7.32967371175202e-26,5.765997350389523e-26,8.343089802540051e-17,1.089310248705667e-16,4.342477471684267e-15
3.22e+22,0.0015864773428473956,0.9984127711939977,4.227842722513174e-07,1.4560125006076235e-07,1.8307763267718146e-07,7909.388569831724,0.506378441830814,0.9187372335076538,1.5759712725439165e+20,2.068163973504142e+25,1.0362849060158179e-14,7.440364307923814e-24,9.67815356301286e-24,1.0598781090556551e-25,2.3940419092115207e-25,7.581355307103774e-17,9.929186304168255e-17,4.049126188353631e-15
3.22e+22,0.0011344493688633332,0.9988651224658576,2.2829449270637503e-07,7.231752838187822e-08,1.275532578544869e-07,7465.449319482147,2.540009175809923,0.9188993499274405,6.036117225502567e+20,2.0679481379990056e+25,1.036531629816594e-14,7.271682529132382e-24,9.376463176485338e-24,9.71091235613181e-26,1.787999099586331e-25,7.590809318009858e-17,9.941206747184877e-17,4.0528850759086324e-15
3.22e+22,0.00245245323953794,0.9975460479681991,8.518040662868356e-07,3.0007454950178115e-07,3.46913647086975e-07,8318.89451824225,0.9913519962619509,0.920248029179925,1.1382741642480135e+20,2.066163396446567e+25,1.038588621877665e-14,7.865989702815405e-24,1.0334000075229703e-23,1.2041402279633657e-25,3.4593184566155695e-25,7.674058729266631e-17,1.0046556860696972e-16,4.085022055065583e-15
3.22e+22,0.0004205852395068334,0.9995792313310096,6.827767518873736e-08,1.8688209320570722e-08,9.646359897162197e-08,5739.0254189573625,0.08569316392460834,0.9111933536803277,-1.694036845108943e+19,2.0782054974203337e+25,1.0247929853657624e-14,5.419293027077629e-24,6.706329259540703e-24,5.37236029303234e-26,7.02189846363342e-26,7.125777509545298e-17,9.352242553528863e-17,3.872093927269389e-15
3.22e+22,0.0003336891845158355,0.9996662380851233,4.158317146475401e-08,1.521911200945725e-08,1.5928077382958654e-08,7009.3415904855165,11.655043361875741,0.9565026053081609,9.001201386695962e+22,2.0193241445415197e+25,1.0941782261533892e-14,1.277996499259248e-23,1.593843615187977e-23,1.2956307503571304e-25,6.58710410848476e-26,1.0142112196692852e-16,1.3157390382833788e-16,5.006803757024793e-15
3.22e+22,0.00031634317933636023,0.9996835948699039,2.7394902780859206e-08,7.93996935085952e-09,2.6615887540507895e-08,6370.561586678255,6.282470833361642,0.9255532048885367,1.160119895215728e+22,2.0591493489934114e+25,1.0466783364559995e-14,6.930454195580533e-24,8.507632096270383e-24,6.373815981171385e-26,5.501095064369469e-26,7.997879446394878e-17,1.045697362711909e-16,4.211092586897491e-15
3.22e+22,0.0006101450316585779,0.999389635752563,9.16750691948086e-08,2.5475990003351246e-08,1.0206471930091571e-07,6345.302806883302,0.04775343228145694,0.9132832911083765,-2.712463810389306e+18,2.0754156350455827e+25,1.02797512178366e-14,6.022610626934226e-24,7.584158447631802e-24,6.792585662354414e-26,1.0033341203225846e-25,7.251118426800605e-17,9.51096110219515e-17,3.920833496460326e-15
3.22e+22,0.0008450645617657698,0.9991545682733654,2.2264084897140562e-07,9.230025882276219e-08,5.222376108984853e-08,7863.720022641431,8.972014813111457,0.9408098968392792,3.389331860316302e+22,2.0393368892907805e+25,1.0700468876245157e-14,1.09866409985949e-23,1.4173591879205072e-23,1.4421228560554107e-25,1.5120337876683633e-25,9.018279300251832e-17,1.174378095519195e-16,4.594120751113071e-15
3.22e+22,0.0005178370945348304,0.9994819921499027,1.0325551875682625e-07,4.16235669462821e-08,2.587647663056878e-08,7487.821372887777,10.452266416693156,0.9488247944066177,5.82464468109792e+22,2.0290706780787214e+25,1.0823597834241646e-14,1.2015687981184137e-23,1.5264462013808126e-23,1.4024680257946397e-25,9.928458696172874e-26,9.582729014976867e-17,1.2454230535067624e-16,4.802529354017305e-15
3.22e+22,0.0010136247861739528,0.9989860135540422,1.8385884741033614e-07,5.533210885269583e-08,1.224688275139289e-07,7235.9211765077935,1.6532519482413166,0.9171066864460267,1.4109535700492373e+20,2.070326434656547e+25,1.0337991784681967e-14,6.932781022988896e-24,8.902836247715154e-24,9.00083348278401e-26,1.6108553686151914e-25,7.481584964814092e-17,9.802885820390355e-17,4.0105012366531146e-15
3.22e+22,0.00014797600844362673,0.9998520050285656,8.090486801495273e-09,2.3701761021982624e-09,8.502327697008072e-09,6045.946346942307,11.977346868323712,0.9593859627183524,1.1602349384508748e+23,2.0155908460733043e+25,1.0985895683299377e-14,1.068357869769843e-23,1.2649649081509011e-23,7.243113515233853e-26,2.7551473937859934e-26,1.0325088929824534e-16,1.338979535561483e-16,5.078229177904571e-15
3.22e+22,0.0026840005525918093,0.9973142662801999,9.86275741570899e-07,3.5003633919086086e-07,3.968551276119953e-07,8414.553811119647,0.5510029910575218,0.9203791636091018,6.79387805888158e+19,2.065989942085293e+25,1.038788629633796e-14,7.919882699581583e-24,1.0423134917818407e-23,1.2282872611207898e-25,3.7250105816721605e-25,7.682143614625011e-17,1.0056790762777344e-16,4.088147355229768e-15
3.22e+22,0.0005650267397105309,0.9994347223884475,9.787007948644452e-08,2.705151801023026e-08,1.259502444865381e-07,6013.9468811284,0.5826183309987012,0.9122212254995476,-4.4393321085567225e+20,2.0768331420766655e+25,1.026358114974988e-14,5.8121045506989734e-24,7.291644878783202e-24,6.382103008004158e-26,9.301095686010152e-26,7.187603288854521e-17,9.430500759317073e-17,3.896081959947784e-15
3.22e+22,0.0004597334613497193,0.9995400751724659,7.289335005114754e-08,2.005782214611112e-08,9.841501229424687e-08,5870.405908413433,0.21877535463375197,0.9116574235499644,-4.393030315389504e+19,2.077585596166669e+25,1.025499527394949e-14,5.561522166642189e-24,6.912943732535367e-24,5.698782166592603e-26,7.644032167993904e-26,7.15360862083241e-17,9.387477955070828e-17,3.8829065841157655e-15
3.22e+22,0.0017171451660911174,0.9982819069431024,5.587680653151487e-07,2.1763059974925792e-07,1.714921414036381e-07,8246.529473825185,5.803309691081309,0.9286144541101011,7.627909818295174e+21,2.055159030633886e+25,1.0513652844094513e-14,9.152823686725171e-24,1.1977189890606617e-23,1.347006585790352e-25,2.647013374949788e-25,8.202445111817978e-17,1.0714712085020672e-16,4.287574751493503e-15
3.22e+22,0.0016100135262794772,0.9983892292423084,4.2279700062355963e-07,1.4264517747695946e-07,1.9178923410303997e-07,7881.732561321205,2.1329699870426033,0.9197584442463707,4.274696372130527e+20,2.0668110323240096e+25,1.037841872259358e-14,7.604199921760275e-24,9.89869618290117e-24,1.0879253193525574e-25,2.4297756328592365e-25,7.643822571303544e-17,1.0008292175742807e-16,4.073348295001133e-15
3.22e+22,0.0012299043526458261,0.9987695913658835,2.8348503050826877e-07,9.765656360488768e-08,1.2313987642966257e-07,7726.795978460024,4.213130584626249,0.9228290802261816,2.817830727816289e+21,2.0627543049422447e+25,1.0425264017033986e-14,7.940436181126068e-24,1.0279450824705756e-23,1.08701416618869e-25,1.9477836493131384e-25,7.833964581195153e-17,1.024894880104402e-16,4.14675766161672e-15
3.22e+22,0.0002849870347851396,0.999714958348868,3.060517927944e-08,1.0885250510127093e-08,1.3125917184979495e-08,6876.329918040807,11.01676178669063,0.9524080730510718,7.745518573561262e+22,2.0244886253235785e+25,1.0878647387164276e-14,1.1436796883414709e-23,1.411493754255162e-23,1.0745897969756395e-25,5.467163754600961e-26,9.833816606840092e-17,1.2770579215462913e-16,4.895719323581295e-15
3.22e+22,0.00037084869572181437,0.9996290254369449,4.806909515088629e-08,1.3214852904438068e-08,6.45833853673253e-08,5862.160450646377,5.727212735275138,0.9215546293189327,6.847166572107109e+21,2.06441639838688e+25,1.040573694765729e-14,6.547146058642444e-24,8.086787684357472e-24,6.336398539693176e-26,6.335417129048058e-26,7.746533429917414e-17,1.0139114865277221e-16,4.114636181756524e-15
3.22e+22,0.0005914966879264499,0.9994082983675758,8.601341768285777e-08,2.392355363743631e-08,9.500752643251161e-08,6353.807137405462,1.1647818170332098,0.9137072033294633,-2.432620233790753e+20,2.0748493778079624e+25,1.0286202272674004e-14,6.050942411203498e-24,7.611776048315287e-24,6.767437706700322e-26,9.735459764546451e-26,7.276107117206337e-17,9.542659752423322e-17,3.9306531619726424e-15
3.22e+22,0.001404914675717628,0.9985944225116735,3.856684453616351e-07,1.433847631873926e-07,1.3375940033978808e-07,7994.841851089383,3.93118540654589,0.9231067330462509,4.016919955981912e+21,2.0623890699099127e+25,1.042950524105594e-14,8.073733907045195e-24,1.0490294685276328e-23,1.134862398847586e-25,2.1901280227315536e-25,7.851665272240888e-17,1.0271307909814015e-16,4.153501038225127e-15
3.22e+22,0.001445555176929425,0.9985538054990017,3.5616534810203995e-07,1.199473262083808e-07,1.6321139438205637e-07,7797.148941555028,2.8275195995912585,0.9204026827360771,8.753223066822676e+20,2.065958450378114e+25,1.0388243301419935e-14,7.648586447799864e-24,9.933055511169696e-24,1.0745983074619514e-25,2.2178078741398615e-25,7.683407947797202e-17,1.0058412635961264e-16,4.088674719586853e-15
3.22e+22,0.0009344027286930112,0.9990652683119632,1.6009777267949886e-07,4.655939900589867e-08,1.2230217215987254e-07,7046.101815736069,0.35656930529964953,0.9157359179773693,-2.644243265899295e+18,2.072148877890725e+25,1.0317107637119914e-14,6.681756672477293e-24,8.55352181359389e-24,8.489000749585599e-26,1.4918594181550664e-25,7.398798831793236e-17,9.698008628240767e-17,3.978281324712698e-15
3.22e+22,0.00018738803552553716,0.9998125853962404,1.1608229487143832e-08,3.4168884572531097e-09,1.1543116229929635e-08,6171.572917449415,9.173839688289128,0.9399462512469258,4.792933005700467e+22,2.040380546285286e+25,1.0686975325998489e-14,8.053077600331378e-24,9.628465009676738e-24,5.969843070764567e-26,3.364061481055824e-26,8.935212114812681e-17,1.1641120377916084e-16,4.567190516472404e-15
3.22e+22,0.000563223693823754,0.9994365755334005,8.255812447922444e-08,2.2909455948507378e-08,9.530519549165395e-08,6258.845438783833,1.022360664205271,0.9132901337350023,-2.488073966927942e+20,2.0754056282231282e+25,1.0279851600769928e-14,5.953861456251584e-24,7.473056240605668e-24,6.552431940155212e-26,9.296064494675308e-26,7.251126462178535e-17,9.511013735553883e-17,3.920919178724395e-15
